0.5867077742425464	0.474455606790142	0.36709086980788835	0.2733079462150486	0.20018948658621813
0.5420950602169324	0.41235162958762905	0.29030336142730717	0.18554743243456379	0.10361945258179026
0.6697239197399484	0.5671152906278341	0.47338237279461354	0.39707244302047706	0.3417796837142651
0.7509524232273511	0.6732989760549695	0.5952899441297572	0.5215142166884815	0.45921403634120705
0.7195059190193754	0.6376357380411775	0.5505287310872272	0.4584142570516015	0.3605445842540685
0.6953005241101736	0.6219634153542172	0.5609102852550097	0.5116222462062608	0.46811919721885953
0.7180184958221614	0.6168018082991424	0.5080805473217095	0.3999978068153267	0.30205800440791053
0.6687557477879573	0.5672401099090616	0.46585774485206854	0.36587345902160295	0.26754798340506014
0.7096838388104486	0.6385152313689896	0.5693806470451527	0.5006413738823484	0.4282701970083
0.7020533644609839	0.5993786088034025	0.4863444116179291	0.36459055479478963	0.23648078748468637
0.7764172575500096	0.7111327528934677	0.6555397752831655	0.6131720675098036	0.5806886182545373
0.6551491304361308	0.5488275279791577	0.4460912440040917	0.3514028237903917	0.2667609218348448
0.5998439210667734	0.4881033924851748	0.3746978705189509	0.26014641955806095	0.14354770696667263
0.6529467514557898	0.5555430815518686	0.4584492976382602	0.3613568066218177	0.2636114763814442
0.7421697707884433	0.6370920068495489	0.5270694659679624	0.4223008485738907	0.3331878068289644
0.6870992419914922	0.5992041187042259	0.5139264214288768	0.42962843856788124	0.33845919282571946
0.772612151256503	0.6769492182950523	0.5695776466037736	0.45484677031005943	0.33858673717272003
0.5926208835976806	0.466019737001945	0.3346294564804919	0.20346071036800484	0.07598255557068703
0.560087781985249	0.4670158848665101	0.38640144203543547	0.3164554944265888	0.2517804941544501
0.6270738880816007	0.5238652496321706	0.42011957727123667	0.31696545058419795	0.21650961956164771
0.6546483448734522	0.5618767911823033	0.46224368160419804	0.35331647272798744	0.23497871903539905
0.6081135825457801	0.5256928462574599	0.4490399020472772	0.3757350836767706	0.3008397807221638
0.6850063130289223	0.577622920679354	0.46890215719516737	0.3607729640769146	0.25385276113376953
0.7013469625848522	0.6119127819872991	0.5158994120153363	0.4123748150462575	0.30346624501541797
0.6863253471278599	0.574115353634016	0.44878676245672355	0.31153909825598874	0.1658918327494017
0.6862367281939288	0.5650367874441304	0.43602136783420636	0.31199012129495507	0.20429825508452554
0.7883260466147678	0.6939027073310052	0.5954952550650522	0.49870777674952477	0.4090850634108552
0.6689131180199109	0.5727615658021923	0.4689270787972524	0.3584381407213125	0.24496659970677537
0.6935711445260188	0.6043300193872532	0.5160299603858223	0.43113165253125174	0.3522639478246939
0.650243539171443	0.5311626164262052	0.40672307129063745	0.2836059562361737	0.16457131058350605
0.6594786373087369	0.5754948773614115	0.4949956328790863	0.41794678087007237	0.34195279910573234
0.7007736397724678	0.6130670350782265	0.5282297817450093	0.4473218833754612	0.37083773905164885
0.6817665946576322	0.5643401578365147	0.4448168557697175	0.3302447742188993	0.22403217271134385
0.6220120861329558	0.5293423236088917	0.4466001308016857	0.3797536886800701	0.3309180383156888
0.7244239548606128	0.6428616701639466	0.5627541239649667	0.4866913619935525	0.41656938171124785
0.7137567833262435	0.6060357055869342	0.48549222386276614	0.3550424496871219	0.2195860804581502
0.6147118682836775	0.5107351673584466	0.4089015111479849	0.31328060457799595	0.22851273540993122
0.739742475642346	0.6542055484778274	0.5728715279732075	0.49763599139560943	0.4278572004354129
0.6200603412400087	0.5153899932833116	0.42157137396974853	0.34251807919292193	0.2773459736035211
0.6971284120384351	0.6035008478450546	0.5062324686115935	0.41016290048576903	0.3179971685141527
0.6346209465411936	0.5253079143216014	0.4180703636956947	0.3163241237636167	0.2196465822572735
0.6350102495732421	0.5292611001263215	0.43000708700540935	0.3424763514136385	0.2685005250256504
0.6857816096919215	0.5850612464489061	0.4827650146873445	0.38154611293578344	0.28150562612267416
0.6386662206033509	0.5411471547912818	0.45524141622384134	0.3808016675456444	0.3089546047961366
0.6550146223488515	0.5760725989062051	0.501897971083821	0.43085814736423106	0.35975340049471116
0.674521591511038	0.5745565094743167	0.46986649694078386	0.36154402676829017	0.2505813062588913
0.644712398853462	0.5412572650982383	0.43068577650814865	0.31450102102822897	0.19280567837676738
0.7037951415534409	0.6034541204107132	0.5026921397667838	0.41365560741100754	0.3492640922623688
0.7470740521724112	0.6675866664222228	0.5864361013938779	0.5063250940632095	0.42971000859158787
0.7113092401209439	0.6284461480503448	0.5473817173164636	0.47247656041917496	0.403327576311313
0.5918297375898569	0.49710015041741756	0.41964616399593413	0.36510510341039315	0.330522750595729
0.652618558324447	0.5541450690680755	0.4564701871679024	0.36305332755041536	0.274336368621891
0.6277727995741599	0.5015167735731858	0.3643329876549546	0.21706076740272773	0.06146512236838275
0.698578235142969	0.6249675547759896	0.5566341659738302	0.49145812871469796	0.4231402392277704
0.6780079754425119	0.5707400613703588	0.45620712671560015	0.3366027474788546	0.21441843633320032
0.7678981168385732	0.7083063904863793	0.64237063777837	0.5646940946192102	0.47054238373090557
0.7161116899169558	0.6244163462153031	0.5288324189363514	0.4288277828494984	0.32234945888055444
0.6335956499096956	0.5224460504842829	0.409539907541691	0.2904117666502811	0.15807048019318776
0.7118529775394884	0.6268144079170044	0.5393601201761762	0.44566809505827515	0.3394859187498696
0.6889775176400793	0.5944055604809824	0.4963457045211884	0.3912323613811766	0.2743671512525113
0.7095120499238969	0.6120650523743496	0.5063948585073463	0.3921744261734065	0.2689791769742447
0.5593474157152182	0.45305399884019426	0.35582096686540166	0.2728026813797314	0.2055726658159146
0.7124433191326233	0.6273272184140447	0.5393157406123531	0.4502912435197451	0.3617235742495169
0.771652854069708	0.6754610946513394	0.5648899066237827	0.437371086688264	0.2920871917507986
0.6568073222570633	0.5651945811517193	0.4734256051369796	0.38426088194046404	0.29777879218622705
0.6824875013886982	0.5797891637409538	0.4774608729366383	0.3792622997435109	0.2874933213021715
0.5855532024931709	0.47751315656407317	0.3716777835170366	0.2702889932652382	0.17159371714829513
0.6644616913206441	0.5773629952904984	0.4929262787162377	0.4103130056624654	0.3262021516295754
0.7034252052711438	0.6102679276355877	0.5099043749256765	0.4072076508595963	0.3123555199256463
0.7385485440745677	0.6484317435885044	0.5497412001555969	0.44073983267881467	0.31855954174545936
0.6198905335089946	0.4913104275879959	0.3522122113256226	0.2075136818789875	0.06406748170881327
0.5624101887618119	0.46181705968659287	0.36494203579037815	0.2735039225477717	0.185638281558348
0.695985019352455	0.5928489333864149	0.475860559497973	0.34009053071659234	0.18237366943160999
0.6879682362125619	0.5909470815508704	0.4954135755956369	0.40725160502079744	0.3305560273280271
0.6642589484291486	0.5499365722322486	0.424090746640947	0.28711671565832925	0.14234205218379067
0.6999780240868962	0.6102344505926317	0.520411620277374	0.42704908663771235	0.32090865335947694
0.7609417760507844	0.6862046653703425	0.6105102295120081	0.5377425117584722	0.47136358223330754
0.6728370002247123	0.5681894490024947	0.4659358415275471	0.3738239556468353	0.29708239455184726
0.6745665206964997	0.5680262314962305	0.45581115326871346	0.3396252816432363	0.2175252002143772
0.5972527504847815	0.4764554246166536	0.36123636460542824	0.2553353153835839	0.15781568832382686
0.6908487378397774	0.585984456753136	0.4753750715558419	0.36649458528960477	0.2689310764148929
0.6394456213576266	0.5203761902763921	0.3914149054456077	0.25394830581198946	0.1091304156408687
0.705811896739795	0.6242492954607822	0.5335062403994674	0.4294582383733557	0.30929018177733725
0.6751721986996122	0.5922872283287121	0.5123287816118478	0.4327095431336953	0.3480581136939451
0.6269907912947718	0.5148239458361126	0.4074422286001892	0.3164899956591266	0.2513917713240152
0.7356171581105798	0.6606529928098849	0.5964579439722906	0.5461207833058017	0.5076601534909535
0.7146397676373376	0.6011680155021168	0.4852422158929425	0.3798828033293524	0.29606684763360613
0.6236637229541258	0.507560103284332	0.39667874778145384	0.2975595023745862	0.21010655506664605
0.7154036643755161	0.6434885843609173	0.5715652081290674	0.4977436536916236	0.41596869535648134
0.6814371206850881	0.5940956109564431	0.5110590698446043	0.43627040640721276	0.3748018149492427
0.76509509331162	0.6853417088652017	0.6046047667639166	0.5237248619530852	0.4433559657541415
0.680544586295397	0.5932072427698286	0.5021383080720653	0.4048829260371604	0.2978167698091512
0.666902121829867	0.5851840594606832	0.5062171399065393	0.4332284057321454	0.3660918363481846
0.8007812421160176	0.7301988027444095	0.6577187146810669	0.5869611426846826	0.5205779029601214
0.6000390085566021	0.5046088687685011	0.40666986962419677	0.30248354306405023	0.1886702383899515
0.6349564593227927	0.5094124571258466	0.37735954470668615	0.24621474787678335	0.12259513716766693
0.7019903741264024	0.5956420530522168	0.4881087991179052	0.38223901236909563	0.2767558538873973
0.6416015187180854	0.5283296725582719	0.41175363188124464	0.2945586322791466	0.1763698923338074
0.6994794975827402	0.5959853241733871	0.487083525364846	0.3723882250789606	0.24928239175029024
0.6196536492382395	0.5107644998111114	0.4036817041330523	0.2974350537367028	0.18833919948755598
0.6582514883394579	0.5680666808189898	0.4799624174459153	0.39128597709026675	0.29588682242369957
0.7015513318685436	0.6014710622614037	0.4892262358088696	0.3640911206626035	0.22777297903437818
0.6411901566524967	0.5173534870907788	0.3842372154264282	0.24372752235369244	0.09748819547428889
0.7273493259758197	0.6230232894090075	0.5113072397660953	0.39152225696994203	0.2607507607767068
0.7509998606321119	0.6469315277629939	0.5303938353801215	0.4068590162090021	0.28488175065004306
0.6116387956141716	0.49846268353506884	0.3877312624206285	0.28621368101968697	0.20005143836015202
0.7094850055122282	0.6305934099810802	0.5557323482628747	0.4843846176358973	0.4120731774511777
0.8318576397343576	0.7749946264227857	0.7094615576682847	0.6338711753593833	0.5485013548972816
0.7580369668825968	0.6470198416708993	0.5248852473196145	0.39527930501428615	0.2575584079953994
0.6724057553926174	0.5768288020300844	0.4860930655530299	0.40056643984650003	0.3183818536294104
0.7664013076178781	0.673890048263991	0.5777932706386713	0.48386482841252404	0.39558367726424937
0.7479669275532362	0.6589687578059835	0.5592036377703615	0.44644541592252174	0.31972520711604535
0.6938889867377045	0.6059104428613951	0.5198654018647936	0.4393817751911854	0.36745262054588024
0.7222031040142731	0.6313859876492983	0.5509331731407192	0.48530038990618857	0.4278410018983378
0.672638328756862	0.562139286041274	0.44572490109925245	0.329490980918152	0.21934893248736242
0.8539949642793714	0.7856283523479579	0.7036184631678594	0.607040411229312	0.4976583915841416
0.7544609516854305	0.6803255226845011	0.6139051512953595	0.5550227718897228	0.49804705869651544
0.7022375912353087	0.6077460071343305	0.5167267610737005	0.43208542003237405	0.3509066369438617
0.6732345440265884	0.5823287113959169	0.49115546817269823	0.40164450703979193	0.31175970700511807
0.7571331039453024	0.6540367161318423	0.5442007567087126	0.4255827966185893	0.28998664679462527
0.6443019160468405	0.5506679016653796	0.4516765463722663	0.34632996831002016	0.23457805535906998
0.698580165684679	0.6234727107285043	0.5518358600316752	0.4789025304513377	0.39545956938513327
0.7051571985344608	0.6033598913235876	0.49551695808292456	0.38465084978612274	0.27373657329722545
0.6143544530348221	0.5169319311306825	0.43033444454563313	0.35670011053128275	0.29323620593763094
0.6327182544441069	0.5195335102482467	0.3987078237084676	0.2720473692105156	0.14461025007116948
0.7790879560798816	0.7158572109903777	0.6571713238559361	0.6023273867154132	0.5468600141997069
0.6690183167281097	0.5781986104555833	0.4875349742646435	0.3976787674871515	0.3077751461317084
0.6455595577164777	0.5307073584173004	0.41342088277787614	0.29473844413335926	0.1742146975626157
0.6937470973218564	0.599256007689407	0.5038419741873138	0.41126311939769744	0.32338070459727736
0.5602281264976059	0.45411041960897397	0.3563579061606902	0.26745972413591673	0.18253200290100896
0.7045835384672712	0.5883940249227617	0.46684157307695606	0.348324039874199	0.24294251260802796
0.6586961721879789	0.5841795809232814	0.5137378909257795	0.44520298730977315	0.37357033157345676
0.7192164431655119	0.6273745348408954	0.5395254009904764	0.4587047001444289	0.38272514181072786
0.7012111512474138	0.60244950320432	0.49924033747517754	0.3901428643202688	0.27344421491340115
0.7066699378608433	0.6293977652103625	0.5572529263323179	0.49450337950855355	0.44371188985166465
0.6632974410789592	0.579640913379337	0.49915394838955984	0.4197122595387616	0.34125151334960696
0.7563013000278517	0.6894267863310533	0.6221777929418336	0.5560765216792856	0.4953573326592494
0.6917519234847787	0.6164544451902544	0.5423875931691112	0.46497043256284776	0.37634378142357094
0.5456667817031837	0.4345492662030249	0.3256659247032205	0.2183442000930691	0.10843129773930686
0.6883460459302151	0.5949852369759642	0.507608038391336	0.42960787609086754	0.36069727949866864
0.6898886327366863	0.5940095152344649	0.4848505943243395	0.3614799345606951	0.22671946803484705
0.7350377401972079	0.6403612990485453	0.5431458020187515	0.4439870731419585	0.34074543220528714
0.6644723418854072	0.5740884988576572	0.4875595516560053	0.4080955091447672	0.33622368728697327
0.7895113995394809	0.7153281148507036	0.6440648427949814	0.5731536017201408	0.4935379997957853
0.714304405731391	0.6043426351993094	0.48673849140244724	0.36823039816064923	0.25613788742798493
0.6977479177348889	0.6086571644931857	0.5217353049529182	0.4353300229885813	0.3460752223364122
0.7041129866575676	0.6196980246794198	0.5334344448834545	0.444565703913174	0.3508296413294819
0.7709049870328427	0.6900069133379502	0.6013763305979767	0.5005405152488317	0.38230523371691094
0.6938618736059912	0.6060061336811388	0.5170269193678011	0.4295272539635241	0.34618563892361404
0.6412655612445434	0.5145819767669519	0.3827894155374897	0.2525772756510624	0.13026577554501959
0.5776692119701563	0.4710100295588017	0.37370148233151756	0.28541050579016203	0.20199693559677434
0.6356246342719332	0.5234528672257522	0.40712645108130874	0.28648271710647405	0.15915604066683084
0.6698161185075475	0.5494255717639607	0.4217043335272425	0.2931157378372594	0.16682449040616731
0.6112632164087713	0.48816695875708543	0.3518719559158945	0.20099173082338267	0.03661891357893847
0.6864221733229452	0.595862894124588	0.5001245447623854	0.3985623106821706	0.2926441373560253
0.692370173849436	0.602892475504289	0.5135941529293601	0.4243028350811983	0.33250558100909455
0.6430168374761387	0.5383748223244614	0.42747054788680694	0.30904494270640237	0.1830866434916708
0.6725455809848824	0.591588492965844	0.5181164116623175	0.45501280613133716	0.4007184619416484
0.6598668144040662	0.5572922813426429	0.4414512838359792	0.31045308159498475	0.16604286439116994
0.6418436408259792	0.5320042708971193	0.4133210645438917	0.2881883872690228	0.1605885047568399
0.7468164216520291	0.6643920749466403	0.5812000749289731	0.4969272943250141	0.4088236314881186
0.6400260041312082	0.5557457787868048	0.48033267807584046	0.4151205836060935	0.3569754938728997
0.6734932612772369	0.5722535751820594	0.46493830921413937	0.35088285073315784	0.23046399519274924
0.5969690693307461	0.4755398684481481	0.3589933425372772	0.2577152791801471	0.17681609502989468
0.6047532205586124	0.4977045923476397	0.38426587119967387	0.26121229774247195	0.12564945029442448
0.7695327770262904	0.6802286223311348	0.5860422686516054	0.48589065851534496	0.37711579853543775
0.6365128049912889	0.5340149666649101	0.43117251415588354	0.3266561795159058	0.2144587354240501
0.719642001262465	0.6198519007871031	0.5123940358601068	0.3968731401512836	0.2725636623128426
0.669753559531761	0.5912189822331494	0.516626479490668	0.44396600730510966	0.36995010895742575
0.6347361770023703	0.4948540269089853	0.3503296586946748	0.21169244862361314	0.08616114141334591
0.6728544230186682	0.5824199689119526	0.49154222590390867	0.39802092964046787	0.29576189951047815
0.8323041681831129	0.7439363184898442	0.6404700187675851	0.5206787485479636	0.38257111853139397
0.6313658059940381	0.5250647617516441	0.41926957455746067	0.31763438428800017	0.21983847353926864
0.7930932858422833	0.7349406337107799	0.6821636618717701	0.6328888501891273	0.5808483880654906
0.7039743247653791	0.612004471866561	0.5208678013368065	0.43428434622521617	0.3535011586682147
0.6745031912002643	0.5674200028033397	0.45528785554335927	0.3406728730165048	0.2252992330317483
0.6459008626114042	0.5253980773469628	0.4011406677044184	0.2782358002900769	0.15993810510948875
0.6782411389546512	0.5874339217847695	0.5010441518413294	0.41919500870040455	0.33498311929506525
0.577169378991251	0.4614390160778695	0.35245729735737197	0.25367326387265227	0.1629435338593239
0.672031392094068	0.5846700732163328	0.49836558724266383	0.4109414877104804	0.3204193616933653
0.6445005509442517	0.5551651797241177	0.4787253160740881	0.41885762488938266	0.37196298149123747
0.6187957678844538	0.540544482273979	0.46733809056346703	0.3977703767839519	0.3294413409120639
0.7300887381933228	0.6445070918847946	0.556038320562151	0.4647636385561842	0.36903929554030657
0.662272434224336	0.5690151177211661	0.47757682333741897	0.3943232556425345	0.32584727031699795
0.6054475739787077	0.4982364815877113	0.39084332229367996	0.283749583905819	0.17453967235179713
0.7403987299105806	0.6726713551758817	0.608350805854371	0.5481043254442909	0.489345131584932
0.7182619478775868	0.6447472942268596	0.5723115599368878	0.49551617628516853	0.40702692592888534
0.7110646813706382	0.613378377919151	0.5132960054935152	0.4155107914690954	0.32362479455740223
0.6650133712680084	0.5662140397737723	0.46584427796046324	0.3645011160050622	0.2625144755549858
0.6577558143560246	0.5714075861198805	0.49246195623306976	0.4243848980704033	0.3677006059507414
0.7758868056739232	0.678134631669459	0.5638889975503671	0.43398213052043566	0.28916860442976333
0.7724882410777679	0.7024462862314653	0.6285129174393093	0.5501443208117315	0.4671694679395365
0.6932618401366369	0.599832751511802	0.5065971351284544	0.41911174027560816	0.3426325353319485
0.7428509629777316	0.6418175872943861	0.5337108068761065	0.4193450397551471	0.2998197037406033
0.6774790953194224	0.6052660229828993	0.5325123377737383	0.4545724855561959	0.367012694718696
0.6905469827326686	0.6244442136678157	0.5698222557372897	0.5294619728337829	0.5002518563970056
0.6288438999211067	0.5236640037868789	0.4163455632941812	0.3098672426130918	0.2051237785211872
0.6591658150873212	0.5805425747897845	0.5061876333489113	0.4335393143062708	0.35965808228110263
0.6077357035711579	0.4773101365038258	0.3423081435256159	0.21213620839512337	0.09429216820292045
0.6688553337017298	0.5599234511420288	0.45789849459313525	0.3709842446661605	0.2997289120474471
0.7122308402221393	0.626281142034783	0.5370950340127562	0.4479401932129367	0.3644641388793842
0.8177112935912212	0.7433933503471856	0.6671841652810194	0.5868519604544551	0.4980310128072101
0.7024199004982249	0.6274580595444251	0.5500909967522561	0.4685989234795129	0.3851470370074098
0.6917851619647463	0.5993166493915201	0.5060045170765641	0.4142034264009924	0.3259022088353263
0.6750362058919392	0.5710094575487394	0.4617329642788011	0.34835279662577073	0.23108215206136243
0.6512948635239251	0.566089950107173	0.48439408224136893	0.4093503471859607	0.34169138656890835
0.7151833535724208	0.6207638719550274	0.520209930805332	0.41711804416618187	0.3171916802797488
0.7948989109573876	0.7301729676043485	0.6578870138251564	0.5752338705813265	0.4790527268668009
0.7239738223667841	0.645242826318743	0.5776546944011575	0.522054485525414	0.47257840762697256
0.763872032582259	0.6877202785510829	0.611718394186961	0.5320093834126294	0.4403449294464172
0.7239767876119416	0.6388105538783614	0.5562401657345755	0.4843820142276981	0.43127112843800275
0.6852224806986444	0.6004242280409958	0.531077120341875	0.48129610143934415	0.44570953791924905
0.729866126870587	0.6447307137655948	0.5570081103829367	0.4658053121026373	0.36629882282674014
0.632919028034903	0.5154754616857995	0.3877953489734969	0.25525133604774647	0.12802835937612428
0.626083338125849	0.5139056372369345	0.4014274982702497	0.291035079240523	0.18295158118428692
0.6279799999202157	0.5364050464869989	0.4550921283407573	0.3829587997066329	0.31263842047182083
0.7713574780124219	0.7004381757609577	0.6293270673985674	0.554167718950872	0.471622215095988
0.6822182628665795	0.5888671576325778	0.5046256085843275	0.43982883004053097	0.4009837326272321
0.7184102777085046	0.6224144515712889	0.5249633038038647	0.4275877869881247	0.32613292678545985
0.6657964204752028	0.5480416405457871	0.4321347170601899	0.3307305233183362	0.25501112800528764
0.7174417719987943	0.6177158492100828	0.5135568309297258	0.41257414054937125	0.32228288278279926
0.7319705483159485	0.6530918670688212	0.5681760261298351	0.4734181961677213	0.3649868740890985
0.5382073030154249	0.42018417880180736	0.2991004193519805	0.1752549846768188	0.04968821912553618
0.7445565956330836	0.6738567748957514	0.5989322477034382	0.5214293599351546	0.44362182619895874
0.6334110474364988	0.5428041606441912	0.4572643963400209	0.3784702304185984	0.30450806690363574
0.6960862740817138	0.6327844837846609	0.5749818608844834	0.517810650117307	0.4541244818370588
0.6830945042421248	0.5891228250117545	0.4938484713306308	0.4053887591790887	0.3297407614927224
0.7272516674704913	0.6320757155768878	0.5386654348988005	0.45003446650795886	0.366959323005286
0.6599102579617795	0.5592813753025999	0.4588860566675741	0.3618376389859122	0.27015786848707024
0.7282077497533809	0.6287005697505406	0.5176145833272753	0.39709008977641114	0.2741866485017171
0.6548372719548947	0.5513738735899307	0.44843015005441583	0.3528318695487549	0.2723270145335363
0.6514661315485506	0.5362252483463831	0.40813952855403896	0.26171638041426193	0.09361212354561922
0.7012356166185248	0.621056206264914	0.5430696150278759	0.46710304020770665	0.392592889649977
0.6901299046647509	0.5929895396582916	0.49078757912835624	0.38767449372460017	0.29081487637115455
0.622230142237657	0.5179372216449241	0.4104515621006193	0.3001535499752072	0.18769074989398082
0.6783153846143738	0.584324195046407	0.4939300256076451	0.40743390606262603	0.3223186233413474
0.7064600314306759	0.616756557139462	0.5167528993908481	0.40186771114976094	0.26792265310499536
0.7245165252917194	0.6353565140511175	0.5415502751838028	0.4445209104492077	0.343540473319516
0.7154172730650847	0.6278796800330595	0.5438733403811602	0.46301062201969423	0.3804672599418369
0.6759335580824174	0.5678334937222426	0.4521377362178612	0.33165824333799837	0.2112553076535229
0.7721918315748619	0.7134132166016135	0.6498098166493527	0.5750706348824537	0.4840200461506725
0.6138388255906343	0.5024926392966514	0.3896178751966285	0.2805103699920256	0.18005464161971735
0.7519056986513756	0.6615756530250454	0.56116436952521	0.4526690454036356	0.3411941989495127
0.6847476708134334	0.6003122929175285	0.5182663905211713	0.44139882437303457	0.371430465690737
0.6887498104018159	0.5920441165178193	0.49624719049480787	0.4045498070561289	0.3173915311315888
0.7043227192190876	0.6268138526032688	0.5542276316199948	0.49011568663869065	0.43253838854162713
0.7975519781768908	0.7212477797863608	0.6363303042433823	0.5427162115587463	0.4396861461822047
0.750261195463966	0.6313720219740856	0.5000309924780224	0.3667373384731797	0.24224362363392804
0.704181591723256	0.6117004120523937	0.5264079512404488	0.4545303436630004	0.39738625346789724
0.6626253257384023	0.5444942115952074	0.4149364022016932	0.27723826891808945	0.1366993861008386
0.6603956629844213	0.5613311665711094	0.45380701844115107	0.34140305510604146	0.23013561543367722
0.684231879916356	0.5925821531650008	0.5070484547211429	0.42992822575384276	0.36029474286780494
0.6839343132084553	0.5757878701674206	0.4619253598741725	0.3486473511182541	0.2419593186106979
0.6596926467065132	0.565413508799324	0.472747931231384	0.3847572738659407	0.3013683771940834
0.7277735360437674	0.6142953646590021	0.4911738104236633	0.364148591076762	0.2368374879489726
0.6507756337384625	0.5476616444113871	0.4437168602745586	0.34148822046582217	0.23943912278260876
0.7316846139684431	0.648921771791203	0.5662607438530411	0.48464018903973083	0.4035230918632695
0.6325844450589753	0.5432910060004769	0.45757275419234544	0.3742656448742301	0.2905774089445729
0.5479526552775205	0.42852796054678255	0.30584292132788304	0.17932448402182405	0.0465897650659504
0.6959461309266722	0.6103839592613403	0.5286756827739176	0.4461157890351288	0.35353634754647234
0.7850378909639727	0.6831065080080736	0.5677964989175333	0.44666278341983945	0.3314752894502606
0.7241013633139437	0.6365526304922265	0.5519505625335502	0.4700078474429995	0.38390525403162035
0.6130113039289714	0.5034116946681999	0.3959013954665911	0.292180917436347	0.19111138713198583
0.6539256915568027	0.5735143416575977	0.5014932044441767	0.43468805108246544	0.3669127496748814
0.6465823827799472	0.5652837459222695	0.4858438140618117	0.40282629420032157	0.30644387480901225
0.6042262434845199	0.4923503780958856	0.3808969574376688	0.27850371969029664	0.19302626296591727
0.675407620421366	0.5886948508664782	0.5025220383208141	0.41674140793480724	0.33175494765763514
0.6935251499010431	0.5866015166314469	0.4694631976511011	0.34341292507205023	0.21105049138642173
0.7148177261045133	0.6449155514798608	0.5767060359976465	0.5056895712610993	0.42740372615990885
0.636839282593019	0.5458763916052206	0.46124401387784636	0.38415426465230174	0.31004891862991596
0.6725163065265799	0.5777410895517989	0.47847780074189356	0.37566993724114045	0.2696447750854996
0.7264210228882987	0.6385118809839136	0.5466525311917583	0.45163508304869565	0.3559144974942526
0.5891002370596025	0.4894292442629168	0.39879334547637907	0.31877655062547405	0.2436861085379793
0.6931270063327208	0.6080616627136473	0.5181147273805611	0.42360741040291355	0.32605709842252495
0.6627357197665205	0.5958741706278867	0.5285885082394205	0.45195112986528096	0.3555942903272733
0.6768183436633435	0.5801088390256371	0.48330992459574734	0.3889010229510887	0.29741008044582945
0.6738060467596275	0.555985151458054	0.4333953990899303	0.31161502055335344	0.19477890814581475
0.698874948227057	0.5973715791372787	0.4910669021813831	0.38251339026235115	0.27166173204660904
0.8121252075471898	0.745246788050559	0.6910131174826557	0.6559386246994412	0.6392028209269853
0.5988179161783872	0.48570588764645317	0.368667699558082	0.24938265301095114	0.12977891059137714
0.6436659678056409	0.5203482166656415	0.3972526278394295	0.2811668880443119	0.17417069888298475
0.6528956380514376	0.5629828786613853	0.47539014367782934	0.38841769551892763	0.2980217035027668
0.5965713595531451	0.4851327099929308	0.3736092816813833	0.2678513391524534	0.17258962898103747
0.6668600079589103	0.5727206164290092	0.4872497308014027	0.41562475633152046	0.3589338994009107
0.6772261829315388	0.5704788739176823	0.4570444304657868	0.34073129456561546	0.22507186246348534
0.6934140081896127	0.5857488873547455	0.46920531920473396	0.34861751103088984	0.23065729138819066
0.5836780796924526	0.45697296508219054	0.3213410080540363	0.18106584656622648	0.04151818101330716
0.6770139100452254	0.5823466837197702	0.4803461148047354	0.3748497138955728	0.2719407514471427
0.7912696511515891	0.7179467732771309	0.6438595501173604	0.5703062484823792	0.49704794028625
0.664227987992508	0.5588411713549774	0.44856002563963393	0.336238400759139	0.22306179995396835
0.7104730328109228	0.6383254368824179	0.5685753928107946	0.5033130753613281	0.44587649682827474
0.6794594052830151	0.596629395895814	0.5260225665811861	0.46911131597651406	0.42175042172425753
0.6031734719493558	0.494890772060231	0.3963853102732848	0.3125070121531882	0.24269653174584074
0.7136082013518334	0.6280151998164469	0.5405007939984527	0.4527810382948605	0.36667896000343997
0.7174391718415872	0.6443716375702921	0.5704200485407304	0.49528397923872036	0.41961447146296865
0.753642016568787	0.6727357357925674	0.591839852951124	0.5104975577425912	0.4235008333743413
0.6532859568519219	0.5682866741116582	0.48706208399341844	0.4120358957226199	0.3432152785095365
0.6852593838969393	0.5909138555179798	0.491089533305	0.3828002363421098	0.2635782231746574
0.6460169126607743	0.5545580472878623	0.46183601217440207	0.36989201691692475	0.27835484125743015
0.744667109054545	0.6523019729420446	0.5461094988955286	0.42286912380068153	0.28088386694644235
0.69246530200736	0.5878763202138787	0.4882813142060455	0.40250155687171163	0.33173922829669644
0.6615400670766545	0.5692063648661797	0.4736304718210498	0.3806293994180348	0.2984101765039096
0.6765308909894048	0.5870788142457269	0.49446107932184324	0.3978252959801064	0.2945366710039894
0.7543957084220948	0.6790520448708324	0.604605874070063	0.5293132049236976	0.4492357366415025
0.7153947565425124	0.624400981694207	0.5322610330334878	0.44019638307642706	0.3457389154968367
0.6614456608663912	0.5712683126658358	0.483770231098849	0.40223353321953625	0.32618858392650557
0.7986204834483667	0.715008950163749	0.6320003784428477	0.5596190229733199	0.5063397357682902
0.6451649505517658	0.5461777861126952	0.44176961111187657	0.3342212249030533	0.22628071457340454
0.7055502985795146	0.6163360183560278	0.5217306017128401	0.4205153883118429	0.312823097124616
0.673065994965098	0.5674505500549556	0.4526653792665126	0.32805510200379484	0.1938441993417951
0.7102312571013651	0.6129602553465474	0.5194868463177241	0.43286572850416694	0.3485802963355658
0.6886839596965806	0.5847355590235611	0.4737535881485093	0.35797080052047686	0.24046030372752153
0.6411440752154924	0.5141192569760908	0.3792688020503034	0.24380925150738372	0.11460515571019067
0.7333271803199575	0.667842401775832	0.6134937074953153	0.5666573370177564	0.5169270747056272
0.6582906188636823	0.551602115368865	0.44317012971987085	0.335116558917381	0.2285517766994813
0.6520198166449196	0.5494456543687168	0.45111535834563493	0.36135346934429496	0.278892742076939
0.6378212548137057	0.5430657343766243	0.4544139366145633	0.37666247820255183	0.30954634890658167
0.7655231983088286	0.7184487765680887	0.6812560064700292	0.6509941062132405	0.6225774119999699
0.6839550868384217	0.6014603503807395	0.5180056345982877	0.4339299111991496	0.3488477744877116
0.6249362734618632	0.5138766366828589	0.40269475730577986	0.29518343109787615	0.19161724517778084
0.6564828023930425	0.5702329273223586	0.4879197384866053	0.40474271291406855	0.3125262499420969
0.7365402631760454	0.6420164584422648	0.5358852602470173	0.4185193521624333	0.2905503247492118
0.6589115837732248	0.5551618200306693	0.4436250125304328	0.3221483311410843	0.18785416031216717
0.6990998042609234	0.6137201735176391	0.5266364807178947	0.44346585717590736	0.369913817295666
0.719820155458013	0.6277096651853256	0.5326034699507831	0.43724565824562	0.3436215431617601
0.6851661762946621	0.580339640000096	0.4641851980169499	0.3369208800343998	0.20019998522959276
0.7178449922677631	0.6253559052116195	0.5262642572604656	0.42347203582787313	0.3193364449095269
0.6744054056611294	0.5805707956844834	0.48124660740254616	0.36998426236487053	0.23666352989696077
0.7812252416189306	0.7008860972175778	0.6153993002050668	0.5272560371271918	0.43632865428927997
0.7099535703587612	0.6073288054790091	0.5020579802097467	0.39735635989710144	0.29417840610250245
0.6821507336462141	0.5788729175491869	0.47644230184754205	0.38045200759599285	0.2909450285146314
0.6419431757644917	0.5189817665373583	0.38913309788078315	0.254967711903489	0.11671410629083125
0.6475055886371033	0.5539757004054555	0.4696901474489169	0.401114247042964	0.3506091438741532
0.6363106958858664	0.5319101966544963	0.43058729846256305	0.3361638822549108	0.2500763765685143
0.6440151120691484	0.5278429731914752	0.41308949082243673	0.31160031630105617	0.23290799551962635
0.6292118150015145	0.5148359189162394	0.3985317369572805	0.283019521577728	0.1673846889557459
0.620493615881305	0.5058200606685129	0.39182316671811923	0.28193736695490146	0.17851879851072988
0.6137688536671804	0.4974386961086982	0.3754040366981495	0.2504449793401504	0.12506467826008924
0.6750851493603954	0.575068500663001	0.47659803191215333	0.38361578129515006	0.29659873856541485
0.6644040934887012	0.5626645924196254	0.4616790790580237	0.3640952765480467	0.2686279008844483
0.7627441878441704	0.6588268255321728	0.5427830101033353	0.42244748375064095	0.3058705671151053
0.6599025952565397	0.5608189175729718	0.4644721781222271	0.37371411915146496	0.286403923654426
0.7238672301782183	0.6237774563760061	0.5152472884871409	0.403108677177737	0.2928580851488957
0.6697067127067053	0.562948957486053	0.4566129597243662	0.35534931100543915	0.2605873639938212
0.6960978288097156	0.5612572138496301	0.4159010037956867	0.2656617444375089	0.11462379496783882
0.6684709023644506	0.5998698937772977	0.5420241133583564	0.49399463094593893	0.4506608654155134
0.6571409451362628	0.5837826539732046	0.5135201230930474	0.4477223359055519	0.3887924334576245
0.7704665101254787	0.6933119073512831	0.6155099405345295	0.5361939226945529	0.4518114754221062
0.6678931294956194	0.575892765034256	0.4872028202582054	0.406998248058901	0.3365720285559354
0.7564980481664453	0.6764979312973967	0.5910414822011554	0.4991550045786354	0.3978372753877859
0.6008792610424735	0.4881752129438641	0.3771655752190204	0.2723665644291082	0.17645953168407597
0.6372713594849564	0.5360665789087804	0.4344723948987511	0.3331479625299873	0.23333612672323703
0.695870876352922	0.5941692553759896	0.4865265083926858	0.37201940080135265	0.2486183281280823
0.6141289595429592	0.5088796654937396	0.40358995860519464	0.299372625243773	0.19561152324418893
0.5995178010093123	0.47927525875924315	0.36592417252669446	0.263222112681632	0.16781029772073178
0.6989121630739196	0.6132782765151543	0.5254863307737391	0.4328013027772543	0.3303043469542384
0.7971658166902814	0.6993236595086694	0.5984374390891561	0.5009200083636414	0.40965962380546783
0.6993921680075639	0.6070193466307083	0.5121043590729953	0.41303792877622	0.3058006386229445
0.6548413668969674	0.5646814429671778	0.4823537719965031	0.4097235449401102	0.34346325224050456
0.6989506988044054	0.612997954306867	0.5301285277188835	0.45175040726718974	0.37889878125560045
0.7268932685277656	0.6337306979202914	0.5361942478673188	0.4288134578362828	0.3031617439735281
0.6285533101881212	0.521342017256541	0.41630324737631696	0.3186934005880593	0.22923848830266363
0.7084685608518745	0.6256975815435721	0.547522806930885	0.47104851461778213	0.3895417856019696
0.7133491750390484	0.6057729886718326	0.4904652092152836	0.36808412664787354	0.23854801046099428
0.6398377932583146	0.5480503151124649	0.45409059746150565	0.3576685839973708	0.25748750257865
0.6988232342705742	0.6184217340452338	0.5397759365099496	0.4654941806136401	0.3978239999407908
0.7359719103998149	0.6310807466679731	0.5184020885585278	0.4038170738028331	0.293218908245543
0.7578701147323712	0.6931208049406425	0.6192757351710678	0.5305660496146115	0.4246104293654549
0.680079035931607	0.592757158600112	0.5033866546201432	0.41493359997699336	0.3306261879313706
0.6125447582780038	0.5142047410020507	0.420126698754397	0.3345634157783329	0.2578989645004219
0.6904611359095464	0.5813124010462968	0.46290405586238087	0.34280442333855754	0.226444060887078
0.7166962251840067	0.6324934386924574	0.5404910114559623	0.4425104236857203	0.3406748987783894
0.6502269891562772	0.5546852109216249	0.45277449175845663	0.34022228355970413	0.21415795141050606
0.6067060471483092	0.47624524015492553	0.33734356523201614	0.19774570356440643	0.06769554921337875
0.67816012954512	0.5760810710784892	0.4695356943173578	0.3623205378501747	0.255503436038297
0.6444303878419502	0.5333429334340869	0.42239193550072657	0.3177373511078072	0.22415558133116587
0.7487859289990281	0.6599553581991701	0.5646799600990696	0.466417280586508	0.36913386656763914
0.6670431203523366	0.5708136197758115	0.46817605936508533	0.3562454268716941	0.23333014415782005
0.6466154255983761	0.5587830485088409	0.48032775157504176	0.41556734427319675	0.36438830749598
0.6697503174874941	0.5764197015636656	0.47960349621926446	0.3785314696077817	0.2735095681645394
0.7541353251055279	0.6790699722983315	0.5985023313710979	0.5108067199353152	0.4154732413545071
0.6234495761794396	0.5307301386623945	0.44308602829334387	0.36689623054080367	0.30380880792937615
0.6851552909134779	0.5682841985234103	0.4457129066726221	0.32245061720128876	0.20111034819151688
0.731296107568746	0.6533747800521551	0.5840541352891349	0.5317059756372909	0.5008925805377885
0.6763986359315792	0.564627072843988	0.43832740831877687	0.29797942611603506	0.14637809617876707
0.706645820960656	0.6293618548446134	0.5526887892841709	0.47346005839098937	0.38663650507936287
0.6259005830669472	0.5434003331859736	0.4617032302779733	0.37465716836767804	0.27302586165883946
0.6195092609662664	0.5174971356018642	0.4206459308694136	0.33360152812418264	0.25868424821894875
0.7360223681761928	0.6544412810628654	0.5759450587022492	0.5066933288182176	0.4511664337005745
0.6892446842883633	0.6044383969799507	0.5227337908479456	0.44938120609528875	0.3883177559748245
0.7458593461122124	0.670239570900991	0.5979500728658058	0.5279590449560797	0.4562054585264733
0.7128440205400163	0.6308593824632007	0.5486748007498117	0.4638276850379862	0.37242148545120646
0.7565740594167918	0.6960539691518148	0.6333200220579109	0.5626080638936625	0.4759949507771974
0.6095078778006066	0.5064997071310388	0.41378081979290104	0.33876774100308776	0.2851413193429365
0.6559962201156025	0.5686728707800891	0.4915760706412039	0.4310105815467177	0.3900620559077623
0.7518585104996417	0.6658205493699403	0.5703164822740772	0.4652419471745277	0.35206458620739434
0.6985628264705919	0.6054868999338794	0.516334516856756	0.4361320709752044	0.3646341479882526
0.8132906509443154	0.7497705438585344	0.6739014928590845	0.5794766155323338	0.4653307484290108
0.664131190258478	0.5741562805016015	0.48051716373608444	0.38008845836165944	0.27083338682560043
0.7376804405559038	0.6688859656277586	0.6032386462424301	0.5409492453411017	0.4766110099106807
0.7602546182663734	0.6670993094440176	0.5601514250686714	0.4410238982367313	0.3126677381177846
0.7010500634516877	0.6181219276644441	0.5346682706294151	0.4482185515409093	0.35230749942290596
0.6709905236130813	0.5750315998363589	0.4752471948302169	0.36922426424693156	0.2535389704504499
0.6424971232460578	0.5211970004952655	0.4032091968076375	0.2934721630138514	0.192000565183884
0.6471098029852497	0.5531425278796381	0.46816654874482455	0.3944080082160041	0.3294842610422626
0.6544487261825933	0.5600156029449818	0.4755223793318784	0.40629947426798885	0.3501521026266787
0.7039942865330707	0.5960537247453632	0.4805447286498332	0.358245142303334	0.23032065089071382
0.6962145586953564	0.5941972182459182	0.4855019677441165	0.37049425632182764	0.24867583039994548
0.718210028390387	0.636352156229943	0.5602978027011059	0.48658892317761815	0.4060610443251005
0.6884158664292729	0.5987297731196731	0.5177002956722752	0.4526209155806956	0.4055369794988891
0.6830083028935221	0.5736298143731912	0.4534851388755753	0.32314155079605794	0.18205259470976334
0.6046036347316701	0.48617009898339497	0.3719381502127549	0.26802091198736827	0.1755778662360821
0.6886965320898466	0.5956227640128172	0.5055278774325298	0.4193083397598417	0.3320954735342595
0.674250588966234	0.5776865097733395	0.4856254420491363	0.40112657370478944	0.32169065190359586
0.6697524020905143	0.5767826639214576	0.47717773239304145	0.3729207951384524	0.26894728685273983
0.5922107483803408	0.483868470594622	0.38188712582641393	0.2957896835765357	0.23461356359308663
0.6538553009050814	0.5569917806416727	0.4649747078189723	0.3799876165787874	0.29922765908996024
0.6688096002815134	0.5921829169387078	0.5166799257823413	0.44317352953642397	0.3713203944552602
0.6855688296080755	0.5789220267610189	0.46540184097022613	0.3437087198140834	0.2128457620101488
0.6593034673235078	0.5387416394447946	0.417635444394698	0.2980745519137817	0.17712178391951414
0.6815697713459312	0.5826312594030139	0.47844440985506986	0.3684514469360204	0.2491327966521213
0.6165160178631435	0.5074479581980714	0.39971917927692047	0.29654402802467517	0.1986251647725876
0.6640124878064081	0.5633877467522403	0.46089718666572915	0.36020991047924955	0.264243019966013
0.5688196810547517	0.45922209369038103	0.3493850667072116	0.2387721902357588	0.12458501216559231
0.7586207451954492	0.6643585254687351	0.5525768556051064	0.42585555890013993	0.28970721618027073
0.6294334273451706	0.49865894880284484	0.3632512190950776	0.23000788294531732	0.10263182727648558
0.6831743204304244	0.5832705742034464	0.488291773634267	0.40638779595546476	0.3411381788173897
0.6868231448169816	0.581997203185078	0.47236632604420026	0.3601509814253278	0.24549253131765536
0.628803411099138	0.512660285229439	0.3873619781553417	0.25175000723416274	0.10538673805950623
0.6367425887256861	0.5281451949844814	0.42172878499430344	0.3208604630931429	0.225777295785929
0.7507707100805862	0.6813541840149804	0.6105646737876277	0.534632675965129	0.4468850069445665
0.6754314070108565	0.5530279874554086	0.4280958039495084	0.3123378558615864	0.21405779643137193
0.742478954229591	0.6595410846556644	0.5699669639167775	0.4719838575148978	0.3646283816648447
0.681748750770439	0.5954619662684123	0.518743029213123	0.45466832318847045	0.4034931690460609
0.6611599127166361	0.5615890800035501	0.4574156291902438	0.3486472616580365	0.23754468771207712
0.631758940434711	0.5388242337161512	0.44417191145233315	0.3464945463397201	0.24598898282767517
0.694394841626021	0.6010239155897057	0.504437147551389	0.406209934915858	0.3035414773582567
0.6763826191905625	0.5587006021895136	0.44554132246126765	0.3468068607784069	0.267088553321907
0.7465750573248869	0.6621996700789363	0.569339127153316	0.46455189097986216	0.34330696622762435
0.694837315405936	0.6131591364157689	0.5276263283546716	0.436965612310969	0.3412361803743884
0.7451460961066259	0.684164292176436	0.6219971817199558	0.5602923768633954	0.4988671082356542
0.6555153169094922	0.5629288484727909	0.47047458151349075	0.37780263936730635	0.28393840886982785
0.6661889162423721	0.5685250211180807	0.4661128654232516	0.3564842184227819	0.23543037739730754
0.6685941653431273	0.5694378580843226	0.47071555326146497	0.3727949406104156	0.2753721135931578
0.7281163502580976	0.6365656253350512	0.5388017990230394	0.438936121433502	0.34180400448683645
0.6236070423231334	0.5191193897654711	0.4193769019524929	0.3256553870837887	0.2339611202383874
0.6278683578345586	0.5315679306377312	0.43622984316093316	0.3444159389643707	0.25789318903646347
0.6577170975652649	0.541550598598918	0.4153429034619106	0.2743912503365418	0.11181221339425094
0.7371401048385893	0.6573653054399946	0.5887108079352502	0.5295091908157168	0.4707136587252707
0.6857300995358034	0.6076827324316112	0.5356003224307501	0.4714497897662902	0.41209421841461025
0.6664401095202231	0.5661422414174252	0.45674024904344224	0.3408444566642237	0.22464271159548088
0.7674968522457848	0.6853663685434563	0.5962234060255448	0.4942910441301192	0.3752805867705859
0.694823585498608	0.5881204756722681	0.47752536694426795	0.3627158634006184	0.2401885773574392
0.6565793212101906	0.5324751957934613	0.4060671566081859	0.2817545509774526	0.15986828771182082
0.7343843802226337	0.63312278353717	0.5302132677801646	0.42993561400173375	0.33209198218960756
0.6886028614879895	0.5847454962791956	0.4712486929921209	0.35148664586203016	0.23153146874461333
0.6680410220253359	0.58106189096756	0.495346911095604	0.41044028978779606	0.32405947825942216
0.7410378427562329	0.6520212196239612	0.5637428588502378	0.4804167353284933	0.40446221807936306
0.7598812810949753	0.6953263501934545	0.6342966853242584	0.5727954899596975	0.5036474430992023
0.7930787814640895	0.7191325679383086	0.6513041271670567	0.5940245715511733	0.5471072855443008
0.7316712475978129	0.6371078989654775	0.5318609534068359	0.41562826750807796	0.2880061664838462
0.6986598713874315	0.6114921797188944	0.5252135443502118	0.4463709636479588	0.38163309050533945
0.6969900157969493	0.5891395700010027	0.48066878271315727	0.37669430313716334	0.28224504597627076
0.6313082711922312	0.5222404536449262	0.4123049896061506	0.3040157475428766	0.19774909785640088
0.6249849867974093	0.5093378856957632	0.39140881743582834	0.27299323000006476	0.15475623717623338
0.6563546748449334	0.5587952741373554	0.45986473510580245	0.35740759150750234	0.24898257840784457
0.6949152860371731	0.6309410482774624	0.5752016880791785	0.5212666966115833	0.45871968956663994
0.713786859934925	0.6206661784346769	0.5278504753422769	0.4332637089374401	0.3312445978140826
0.6375707472662691	0.5208601234932213	0.41200442101831336	0.31780004872224693	0.23499733238635218
0.6775270173069459	0.5937583988747125	0.5178696257445907	0.4501090107107316	0.38714470720138294
0.7025595564522905	0.6219342171936821	0.5314636186862242	0.42484550804399535	0.29813260170809497
0.7090741712154702	0.6148695357994206	0.5229570759263281	0.4382847322912611	0.36295064231655216
0.6956892163259787	0.5882946043881891	0.483712282780507	0.389681193880851	0.3080910861419851
0.7482247183783578	0.6608574447836928	0.5661586524794828	0.46627146001598074	0.36190287506525715
0.6956589111077586	0.6202813768102282	0.5461881603805061	0.47145870239284515	0.3909857964659074
0.6988740293372715	0.6246688517428564	0.5486099212000295	0.46964284427320235	0.3869252150455645
0.7464496314552924	0.656044408217119	0.5694246715003344	0.4894639603264249	0.4141996935585276
0.6933143756798029	0.6096580174868786	0.516814779497356	0.4095598850581341	0.2856704814518397
0.7835656904159716	0.7087464482381698	0.6243832494301624	0.5316776320195817	0.4334992031671932
0.6832258305627146	0.5796402710801711	0.46997143319038065	0.3541940323863585	0.22918251384923471
0.6359563461948949	0.5392901424336604	0.4521265686971183	0.3763657902428197	0.309757318659623
0.647331522073749	0.5380485893154161	0.42881544090898105	0.32170372041205253	0.21568425324727417
0.7624559824546708	0.6691215509977708	0.567925975977698	0.4628363099403174	0.35789490247397987
0.6414385636574743	0.5474864961772903	0.4535086856158651	0.35945416213802533	0.2625628911682272
0.7079465204251755	0.6036901207917756	0.4853352689297782	0.35505004488401515	0.21779871157422093
0.7394903035273608	0.6324061856026261	0.5195841422192555	0.4098276416651684	0.3107951575536551
0.6890631313761665	0.6144423889850601	0.5479174420924434	0.4881447000556661	0.4288577726718624
0.6947717155962837	0.6260538736690132	0.5591627734020223	0.495308932712355	0.43384149948399586
0.6779289937944721	0.5812731452505145	0.48461404564918503	0.38757830905469237	0.2878855998174333
0.7264100974531701	0.6166138319475053	0.5014241890251088	0.38871173239366785	0.2834972383286886
0.6765257565733359	0.5848045087737166	0.49874640047524466	0.42028453387177345	0.3448260826627855
0.6731425206320034	0.5689493740702172	0.45619313510355197	0.33757619638460373	0.21784247563527953
0.6479235909385134	0.5627537352962987	0.47868617526509405	0.3949385484635978	0.31104015412932023
0.6362999931333254	0.5393662973648853	0.45143706319999666	0.37566760937772625	0.30985036510204483
0.7522749099891513	0.6526781939949959	0.5454127443385913	0.4351498292720806	0.3279666199881688
0.7054735674898867	0.6221003135684054	0.532609798687074	0.4328770936684297	0.31999129918951014
0.6904700119256082	0.5910244188148728	0.485560519230347	0.37587571374613105	0.2633917160356538
0.6451759681474538	0.5305484237990159	0.41883049807666933	0.3203611124733229	0.24399642134944588
0.6822219697791162	0.5747079074730963	0.46471606329357906	0.35128611317935887	0.22915613638660007
0.7007730381533795	0.6231786197885603	0.5463904907289253	0.46921649181587277	0.38912117714298755
0.687188947110396	0.5905732063276569	0.4990435269547978	0.41250083463954634	0.32357319619845465
0.6966580961918745	0.61182245698712	0.53241460746664	0.46022979430539546	0.393818568695828
0.6813011374003911	0.6018323053760312	0.5246526766455242	0.449509369849015	0.3733274740445325
0.6108128668102539	0.5137252548918211	0.4174151274037847	0.32433775312188956	0.23708425007926215
0.6340174556912879	0.5455213855748389	0.4590138012705701	0.3736594466511328	0.2870013244586306
0.7670245238165339	0.6959001936311471	0.623909858379216	0.5500274978829014	0.4689547734327245
0.6896934353047295	0.5864723440874204	0.4877120536531855	0.40778296591266916	0.35999984580720823
0.666707653948456	0.5763113812346876	0.4967159318644726	0.4335872626923997	0.3879758389694559
0.7371736099530972	0.630613388591406	0.5123299320757104	0.3855576318914061	0.2525121134263706
0.6553984670013433	0.5577475188045	0.4692238263194282	0.3913025610540683	0.31845579026430715
0.6795432968039353	0.6021132917016092	0.527998305937586	0.4541901950859261	0.37494405179628376
0.6936337427916209	0.5946975950267774	0.48981047817677076	0.3786266476085872	0.2618263903876827
0.6216742884177011	0.5150374460050502	0.4137565697525448	0.32479302704788166	0.2505784326849212
0.6801079687194648	0.59337087063218	0.5128580268336131	0.44113831454386915	0.37741594298544534
0.6484664717323294	0.5527334217298211	0.4576868242957315	0.3604990597840185	0.2572398975720218
0.633368502531786	0.5375927164422792	0.44549630969253545	0.3601455200855748	0.2808000189964648
0.6127482792489345	0.5095874090467886	0.40751217168539655	0.30015923308082676	0.1764867417087932
0.6936983114278364	0.600848080880964	0.4986048524314505	0.3870959386556624	0.27096759420586425
0.6969756400155246	0.605368740052686	0.5101633730563753	0.40923004539236585	0.2996778390040364
0.6781328809828108	0.5820168502434139	0.49021766588468835	0.4058099630686795	0.3278708491450672
0.71269273492817	0.6327757289199386	0.5558102244873591	0.4828053748063263	0.4139889189914783
0.6033681293673252	0.469553084914375	0.32535762356724884	0.17503641885686208	0.02424615723201315
0.7674200878033676	0.6778570923805245	0.5788497793829319	0.46857684571728075	0.3446671538076008
0.6600721321821866	0.5652546887301966	0.471783313906937	0.37878727725177613	0.2822906689869305
0.6685577480041743	0.5799976785634379	0.5000190956408233	0.4320726287746745	0.3746922234964721
0.7168977310828366	0.6279889234019007	0.5381428984630823	0.44230270856049814	0.3292282369719837
0.6849836108475647	0.5734183869893201	0.45220996275248776	0.32707827315259136	0.20804557251768246
0.7023640408543832	0.6212297208965887	0.5408680158140388	0.4624588101076417	0.3859921914982348
0.756388429354294	0.6867180068501189	0.6100508493425777	0.5261786038108309	0.43934690867023996
0.6554013968084955	0.5349432094019386	0.4143687239543555	0.3026736205949264	0.2061285762474011
0.667340675551412	0.5482223940033013	0.4280370208152679	0.31937527478371686	0.23398010180162798
0.6556999479926278	0.550160373067034	0.43428772036867486	0.30676840225917523	0.16606953231336757
0.595387693437458	0.49784463072552854	0.4070396659678578	0.3221889374442699	0.2384313045850549
0.7717916039332866	0.6891130629626865	0.5930166272798852	0.4759015633767188	0.3317896212301951
0.6143610307295404	0.5107488977113781	0.4075420905288418	0.30499257981681777	0.20221261234694604
0.7616877160827916	0.6890178227493338	0.6215744403739993	0.5563406152916199	0.4857073927564652
0.6386592965919365	0.5412234659198385	0.4530802730750153	0.38148671694750236	0.33118865556010824
0.6577693191848182	0.5341841779578022	0.40748238919246993	0.2846028177294436	0.1708778609645757
0.732719316086535	0.6417746132121158	0.5519045403010917	0.4701709050134685	0.4004027097600373
0.7044869965143264	0.613039696284433	0.5207436979918892	0.42873272062736845	0.33715413207279715
0.7283708335115661	0.6361096227314966	0.5434009640698623	0.4514742929570704	0.3583147273426158
0.6743453601800498	0.5749898677295452	0.46881372371609875	0.3534733168067922	0.228207350273979
0.7735907665721471	0.6974767390644188	0.6304951138097747	0.5769603819842996	0.5353100936001758
0.6150885205139192	0.5203153381131222	0.43039054687433337	0.3405951717176317	0.2420061395798389
0.6712946596110811	0.5764164769144646	0.48708421765234433	0.4101469139929512	0.35000686871080966
0.7890419908705314	0.7306022905675591	0.6712845793609359	0.6071756165433903	0.5315168795937159
0.7544535722855779	0.6535485192319567	0.5456277206518256	0.43723478410875577	0.33285299911719896
0.691122579525698	0.6043393639268443	0.5117273503483838	0.4114489422067814	0.30193211764698985
0.7346209203615862	0.6588306268103956	0.5826626972380115	0.5045976154910508	0.42126942393026945
0.7239108628528579	0.6395686319892753	0.5509239808561273	0.4603299931574934	0.3712121796066237
0.6292979216461473	0.5491147931577702	0.48064631779541944	0.4197893667269232	0.3550750276898229
0.776727417880025	0.6959643670572642	0.6115947987934415	0.5191851818108222	0.41459188399647945
0.6884054262783161	0.5797388092226136	0.4647685544003227	0.34854944432800755	0.23739420548029594
0.6687197629344587	0.569258601298541	0.47139925671450683	0.3772583960421063	0.285865793448839
0.715213234186994	0.6212174862517182	0.5219450281977662	0.42022475846785334	0.3200714892439168
0.6638048476686818	0.5518193022172219	0.4383303198290709	0.33691556647064447	0.2621399774912494
0.6654534600336723	0.5682891797722479	0.4775306829928914	0.397118814325441	0.3277208556411052
0.6642192633885194	0.5665291358880791	0.4807559990703419	0.4099902636042822	0.34607180994612957
0.7118971299487312	0.6216879476314969	0.5361906444356216	0.4581065308341698	0.38138488781710816
0.6773277237422655	0.5944448892378577	0.5126516839469483	0.43290827635416135	0.35520009435593564
0.6170474215517329	0.5244924304701782	0.44000335703475646	0.3638344813471655	0.29131603720869814
0.7014586437918329	0.6144471653034218	0.5268724128266722	0.4373780029723097	0.3430912613210229
0.7062825317129807	0.6060210345523861	0.5006854762182568	0.39134435793612316	0.27913010242143216
0.6186351469077372	0.5213159652925389	0.42476924192525073	0.3246506896861106	0.21357975093241865
0.7537308796198581	0.6850504563436238	0.6108478146029264	0.5287227630707251	0.4358421929039263
0.7496387360429042	0.6389753192547506	0.5179826250786245	0.39343036406790954	0.27153673799090233
0.7543106764713859	0.6810501857160322	0.5990797937507749	0.49858579510646994	0.3709737812039809
0.6627434348498742	0.554021942929982	0.4418933535379462	0.3295054317860035	0.21806416213692464
0.6666386835749631	0.5870320450698338	0.508318376361798	0.4332340044083342	0.3647826988481491
0.666662074474256	0.5749518387284066	0.48856130135771014	0.41105647906583803	0.34270162338845656
0.7529669409563335	0.6778358473534813	0.5916365438010355	0.487201279895009	0.36089899601641584
0.6039481043478976	0.505759379285463	0.41471739613583825	0.335566073481638	0.26992060015505126
0.5705742947742948	0.48423865764011775	0.40255353228363056	0.32076155584387595	0.23259649958158943
0.6442767369285459	0.5467736646480106	0.4539058000503937	0.3662416742301771	0.28138467660106253
0.7293001711024061	0.6325334075758748	0.5196676784619026	0.38872498406145056	0.23967722107057182
0.729994754749507	0.6484988149823053	0.5751389148732622	0.5161329811184239	0.47351163889594095
0.7086766478943548	0.615358236839715	0.5331129086382965	0.4685282796249705	0.4197994713523657
0.7761667792326302	0.7027520976606649	0.6276403686755854	0.5486831991113283	0.4558956998488912
0.6056688966802024	0.48566509237313926	0.36157908037722813	0.23845091800093535	0.12007968403932567
0.620289764320912	0.5024649238849268	0.38640738430151045	0.27969544450112843	0.1870055005038984
0.7497180065730066	0.6462994315438368	0.5243796930928926	0.38367340890804424	0.22510787841007004
0.6049089592874053	0.47781741007860296	0.35022359730258945	0.2283530493281241	0.11382064164172062
0.6657163444336935	0.577112970678161	0.4948294186957421	0.41737088170381786	0.3359643020060554
0.6684958626702354	0.5937423629469102	0.5276408630507101	0.46886892215216835	0.41074897269906874
0.7225772769024398	0.6385506076965731	0.5516885428309596	0.4613002235299779	0.36578543793300733
0.6793024139583087	0.5834283155549428	0.4914583183782945	0.4073794373244971	0.3298986907152433
0.7266112657977853	0.6363863772612461	0.5417913306184696	0.44205756567990306	0.336139571091953
0.5887257498431326	0.4475978002231078	0.29867231240731745	0.14613435123779067	-0.008214877890494465
0.6617567339929327	0.5471494344926263	0.4327400652013129	0.32556485307518573	0.22939102098512665
0.6784782906905313	0.5944827135283759	0.5155795678204714	0.44491647243738686	0.3855509995553027
0.6391737224845719	0.5478551462887582	0.46127196983271945	0.382005745326102	0.30980151998150096
0.7082453379780951	0.6265588753684557	0.5375241538103007	0.4399986727858809	0.33680835175794077
0.6504745257052797	0.5562792752291481	0.4684252837419991	0.3878016272647093	0.31102705166639755
0.7073252681382572	0.5774968180529102	0.4401274563133579	0.30532897788255864	0.18201504992426848
0.7554485810867527	0.6721506959905148	0.5797435987383226	0.4785444450658657	0.3717174913469723
0.6854146613776224	0.5814056295712688	0.46635107316124097	0.33392255381963853	0.17793387686567474
0.6651589689858285	0.5602805730978032	0.43926546312997566	0.29873959216610113	0.14146237271323853
0.6574220158957123	0.578114421167081	0.4972400616651613	0.40882741733588873	0.3051511462808267
0.6657541100633514	0.5551558556890116	0.44587552741976605	0.3370387480057669	0.22643995191519348
0.7072299221850713	0.6096072573550424	0.5045169247701853	0.3938328317795957	0.2813184760075502
0.6659066538783491	0.5726317294588704	0.4832082113950142	0.3946222143364146	0.30060674385951136
0.6536491585693912	0.550904923368283	0.4442570720953111	0.33898306675527445	0.24332821450348732
0.7138202069158048	0.6009542331675943	0.48077669110011445	0.358931894618623	0.23866864173532343
0.6280427499795438	0.5393866276873113	0.4561675112038356	0.37831693753191586	0.30345139503483726
0.7278904277870302	0.6541203618256062	0.5913046428060736	0.5385512798943095	0.4894619826027563
0.6734292507361772	0.5784703658770667	0.48512786221059895	0.39604016710290796	0.3129955406670489
0.6443062766394246	0.5536418210681017	0.46205905263179864	0.3675572152945351	0.2649978797218905
0.6564390065004778	0.5703421589006271	0.49037742804445117	0.42194636424080084	0.3674200961210176
0.6701707211528303	0.5912832614516604	0.5178247557339143	0.45124150991830886	0.3899796071142479
0.5944722862965706	0.47735329161549045	0.36491112102932766	0.26022184209905813	0.1622332984863113
0.7077275702612441	0.6335188173512523	0.5659352301322247	0.5026957120522181	0.43719682748765454
0.733219896226044	0.6504000451555759	0.5711310960130869	0.4968975283085308	0.4238814411986605
0.7013931626727304	0.6126689478965558	0.520445611440845	0.43117799348509955	0.35165817347063033
0.6896248263845371	0.6172414739540388	0.5474927005332356	0.47922835526513624	0.41040986247801237
0.6335970755714377	0.5153996118461533	0.38916278806821314	0.2539472492537781	0.1075936029906751
0.6838813386459693	0.5787916069160963	0.4791304817179922	0.39195322961614193	0.32140172183823396
0.7485676315509578	0.6582439667261755	0.558196456188095	0.4503871833831377	0.33808274403723226
0.734946658076927	0.666748271910508	0.601603896824788	0.5403116991176743	0.4830772630442258
0.712756556620009	0.6391335153485158	0.5646570170999404	0.4888133959323485	0.41071822698394694
0.7044650926725327	0.6100110985385079	0.5194705039369301	0.4369916595443404	0.36082345541073496
0.7386603902017371	0.664601716693886	0.584775810823712	0.4910151302417629	0.376621403256353
0.670792089291253	0.5833264985588867	0.5035984431175416	0.4360067260841284	0.3800163257200297
0.580276922017957	0.4643991796627712	0.34722578346278693	0.22855470434352293	0.1072291861701988
0.7298373962998214	0.6639217759661832	0.5958085110818094	0.5203967585387319	0.43222809757060143
0.7198738477659912	0.6036723711403073	0.47984771254206887	0.35674683829118975	0.2408354372720062
0.6587120832032234	0.5542726811561239	0.44695969706422645	0.3402070176915478	0.237973340109609
0.7291521093126774	0.6216323247409479	0.50988439028787	0.4026837358441098	0.3085292683960808
0.552235875289265	0.4635951202870876	0.383992952199265	0.3155438946914893	0.25909941874927744
0.7369352261092256	0.6646884592880238	0.595766208405924	0.5297936841095946	0.4621101736221627
0.6599869333641779	0.5671370627294108	0.47676721225090746	0.38906837306801545	0.3010315637679255
0.7171727027821386	0.6069407325606201	0.4895810442619938	0.37010643889144296	0.2513305310051546
0.6846829905350813	0.6002014146100321	0.5209413516437155	0.44681993312942125	0.37351327804082507
0.5883060792486018	0.46564594464371123	0.35040049417412955	0.25115988345962575	0.17137070089605838
0.7123252872366417	0.6133856536629241	0.5046204902807961	0.3820516782639104	0.2434170195273263
0.6750656302044863	0.5899261420444152	0.5037710147077843	0.41663161170125745	0.3241501761505416
0.6334889732070194	0.5417689709162786	0.4525969952120209	0.3660448158194876	0.27827519745573137
0.6814326066648718	0.5736647658485436	0.4654499250035432	0.36855759643234	0.2934760772284478
0.7826212823495567	0.7073585651634993	0.6324596780245081	0.5536451597633711	0.465529988556202
0.6730310477208488	0.5906627217099185	0.5120961670060499	0.44120071170863545	0.38130666468666236
0.7104101861053684	0.5862545452745563	0.45000898112450316	0.3097602705960842	0.17347676178051452
0.6528746495433665	0.5681887495745652	0.4827568415577189	0.39755361085548796	0.3154162595435006
0.6056081440302649	0.4740183334200273	0.3465229251706206	0.23643191581935527	0.15355961623608624
0.6841497544265699	0.6093826994681092	0.53729417469037	0.4631366571525695	0.38176127487714173
0.6566124489989397	0.5548329994412825	0.45886528494217244	0.3793779978865775	0.32457060690057027
0.6407730915475329	0.5201454780292291	0.3970804676237031	0.2777914095230056	0.16492404122828958
0.5994826262600981	0.4845383248962316	0.3827934958453225	0.3025628907907156	0.24409853146032764
0.755257256108083	0.6601998531542341	0.5723852984567551	0.4975741599695215	0.4353148892757121
0.7419924117571323	0.6586681170767812	0.5761616395068838	0.4930970750473318	0.4030159281790462
0.6423416411788475	0.5461879801313213	0.4555167409402724	0.3733036767365651	0.2966095691619772
0.7093921584214112	0.6325975061521107	0.5593945720559933	0.4867136294205922	0.4081753796580731
0.6647378352062335	0.5800793953453515	0.4990295827986429	0.419654757167412	0.33508417865817786
0.5866103595301363	0.4760872336943124	0.3640782064933844	0.2513521025438646	0.1386846315259158
0.6452369413588457	0.5390629256309484	0.44011415015166827	0.35735105487377333	0.29479635554334765
0.6751893896938705	0.5706764199319734	0.45976748197809225	0.34549202186908035	0.2311918336025038
0.6718868519533568	0.5672674009238642	0.4466425125466418	0.30916013681032484	0.15587379885849317
0.7061810556522955	0.6269602839893955	0.5548804542949153	0.4940316045160612	0.4457560736714079
0.6352426707716285	0.515672715693984	0.3895419852327217	0.2564899101681265	0.11415223216862348
0.7357719994467095	0.6252276352127006	0.5078171350751715	0.3905594891792437	0.28044980907534117
0.6487695693743755	0.567890270705393	0.4909421512991665	0.41382062396074326	0.3319258188553087
0.7235132838264361	0.6543042381424489	0.5868229848059444	0.5178734436306853	0.441982006780211
0.6593174872796214	0.5584391190748705	0.46497968637182246	0.38255235963679024	0.3127701169684467
0.6899239856632485	0.5806182839263462	0.46177009346509146	0.33710504642951056	0.21270170916308404
0.7200393102154139	0.6215412093043251	0.5298747777939394	0.45228191788981104	0.3922265914782931
0.7332864019709101	0.6546569329519667	0.5737495180083365	0.48905816358205423	0.39951285267285536
0.6538970075629806	0.5707235417087706	0.4908316758469856	0.4161631608160704	0.34750709289868476
0.5983415044215734	0.5247039612225518	0.46716482557871203	0.42353462730452857	0.38788226066735887
0.655359915861817	0.5582203424725312	0.46498161146853606	0.37643367671185024	0.2925330251641494
0.6232779938473442	0.5153614326517457	0.3990412355365991	0.2699205594341544	0.12571977516316307
0.6147182550065137	0.49256211745690226	0.36274784627887524	0.2299621611211388	0.0984592329574916
0.8041184175171251	0.7397678244475013	0.6751147517892698	0.609793828751505	0.5457762371289824
0.6885699630469341	0.6071129137988025	0.5171075190814605	0.41165265076877355	0.2855147393291535
0.7410638896427243	0.6423024891093422	0.528058401736937	0.4000892419053897	0.2607395228300178
0.7083493246967142	0.6210609123246605	0.5264748630731809	0.4245747857543698	0.31729531771181646
0.7321716466883711	0.6520344688289855	0.5595159158532952	0.4472405667818877	0.31058966697565216
0.5920996658026327	0.4865197491593141	0.3842249599761025	0.2845262483344187	0.18413364050508854
0.6597013078811087	0.5585854142761943	0.4587549568167907	0.3654590744812401	0.2809777742771257
0.6934606753157279	0.6127778358025686	0.532074063666119	0.4529084296202809	0.3768772452390845
0.6915576676342865	0.5988449274987707	0.5132685761318443	0.43644772660265646	0.3668876084062347
0.7016827088400338	0.6115067469330678	0.5203154675102577	0.43152286016295677	0.3510960783924071
0.6753072308204919	0.5873708172324739	0.5051943167491528	0.4288229548628229	0.35684930658333763
0.731067786660167	0.6663020768855931	0.6091313712415313	0.5584289666460321	0.5077978963719469
0.7134958428042971	0.6199551007077991	0.5307103813907458	0.4505278201214578	0.37847270496827295
0.656427811337625	0.5449040091462947	0.4381920081255996	0.3420290502429989	0.25488804871235216
0.669347388379283	0.5780933301323066	0.4890495052305431	0.4008474325147541	0.30898155601112953
0.7636354146810824	0.6679739413359904	0.5611701892761012	0.44414825812453196	0.3184448744649695
0.6335654675573074	0.5361700275035415	0.4420257586371559	0.35611131779531807	0.28036461849169103
0.6510840274518445	0.5656061154001154	0.48136855537058815	0.40049259819493455	0.3234695533277977
0.6516279001173628	0.546655193070037	0.43854626008003406	0.3311256833154545	0.22841428871385366
0.6286191853755372	0.5233514385925793	0.41963807517271895	0.3187470540845978	0.2163601739562025
0.7467430095175135	0.6793778873831088	0.6140159629038973	0.5494406427710543	0.48231371083809205
0.6553521195271708	0.5645402749837467	0.47123494517568276	0.372887534482916	0.2655728524862362
0.7006610406042363	0.6225386162160885	0.5403607415548523	0.4510918789981817	0.3502503904855542
0.7443242642760939	0.6674381088889841	0.593071936354539	0.5224940161859087	0.4537706578700306
0.7354710646040868	0.6562111316199053	0.5773669192391135	0.5018338918513353	0.42980061432248384
0.5803421731023588	0.48500731316133094	0.40087942865084797	0.33302133250337357	0.2815696748356884
0.7013607055989642	0.5968752548553072	0.49727623625940387	0.41132194999281957	0.3448564553879618
0.5783527041439074	0.4704005426796101	0.3648007738161594	0.26477897538144435	0.17227582931558028
0.7302657196665121	0.63800130023058	0.5432347151679369	0.4411008333331743	0.3234426293846301
0.688228059654693	0.5839795941252516	0.4791946091025501	0.37473025584672587	0.2668359216074018
0.6553639302260434	0.5640612510367179	0.4720335146794785	0.3784482741212311	0.28036145717708066
0.6152636909035383	0.5160505594629059	0.4211723981053398	0.32924700371542326	0.23599466184455536
0.6349308120204707	0.5224061293810455	0.4131549218932912	0.3145949034199998	0.23093878361673503
0.6905733423188184	0.5892054200710256	0.48569749780309723	0.38217738417763675	0.279235005262747
0.7102337828448608	0.6207680856795849	0.5364272860146051	0.4636773651580871	0.409771279033067
0.6330594417467876	0.5426243036587953	0.45370533860498713	0.36630572132942585	0.2796476353501709
0.7028679182381088	0.6041008171423065	0.5043392562592136	0.40871757307515205	0.32117842452883766
0.6478259732081563	0.5521818161048425	0.45585433988815244	0.3553682317801926	0.24442760743432612
0.7872864907223865	0.731559066909113	0.6750310017196866	0.6132906820091212	0.5396067634812572
0.6377585290968836	0.5285102809679167	0.4166810280753833	0.30187445236674304	0.17784954629652266
0.6797353647659277	0.5830314935257337	0.4880397241754215	0.39690263976332407	0.30812041516090766
0.7121873157142488	0.5979869944115684	0.4757222808074748	0.3491559235747161	0.2200109551117666
0.7176006400127771	0.6305540192095518	0.539514672965963	0.44896888592430867	0.3622127752528234
0.7655125401273263	0.6800075163979092	0.5747059501093337	0.4445571152471668	0.2883695590741917
0.5603512730403097	0.43978816783493124	0.32004197410443314	0.20571277594896514	0.09978777846271189
0.6713182169648344	0.5733627639166136	0.4781459100599317	0.38544435535685345	0.2907890460028955
0.67937012499974	0.600685431628206	0.5239473405973568	0.44780281597211774	0.37061589858820687
0.732043320531178	0.6216986856049677	0.5022658459194124	0.37918125605881325	0.2588151062788915
0.7248200883080166	0.6432034037894712	0.56333931505573	0.4851779813551106	0.40517686574442446
0.6328647779937147	0.520781127499467	0.4124062957666013	0.3128008694932865	0.22341772533971543
0.6496967011664843	0.5207511334123955	0.38173588062464914	0.23827252081782235	0.09722934506944242
0.5853764900524218	0.4356249855763221	0.277580084284314	0.12118459753898901	-0.02429165930478773
0.6284648685129662	0.5145175593002117	0.39021041853740246	0.25643433801068954	0.11657806223686352
0.6046692426145158	0.4852912327312465	0.3583062707466004	0.2258428533069866	0.09178771386384828
0.6899993591105299	0.6098899477524978	0.5304327493114246	0.45203783786803237	0.3731433464073064
0.6774334555685375	0.6072171682394952	0.539474968241947	0.4692598240219921	0.39172158644112637
0.6750032781580217	0.5740779000139961	0.47815224737789924	0.38934492938834253	0.3030241890143883
0.6525656000064286	0.5692086552933897	0.4887211431663452	0.4107899476779734	0.33232675824449975
0.6565183865897567	0.5551085024029081	0.4524051481140827	0.35002185860262947	0.24737685838084006
0.6707203177279455	0.5737838642214891	0.47661444798739344	0.3797923396019095	0.2805722774598818
0.6927207198156312	0.5953084312084359	0.49638736947190376	0.39827790053718204	0.3017812916091311
0.725063951314403	0.639473063394806	0.5533343541895378	0.4665508204282088	0.37712888931849264
0.634055894837013	0.5207113372663414	0.40822171918155603	0.300641441776123	0.19996955972997232
0.723609750606034	0.6233436930876152	0.5154914274374214	0.4000945418688156	0.2744972358385406
0.7686652604800438	0.6908152909766178	0.6091726679847543	0.5187267764346167	0.41401874425620044
0.730267067758544	0.6291306244268428	0.5215555884711472	0.4121603538723122	0.3037949660568604
0.7635667000872062	0.6767473521666292	0.5955260454599179	0.523754977094731	0.4570178528292718
0.7361170866921743	0.6569947830696168	0.5777134966455583	0.4960561964795185	0.40620659595287906
0.617139341827055	0.5296567014355728	0.45126258472137404	0.38096539808325036	0.31331620944723737
0.5846615496683545	0.46460325800570224	0.34445375745886125	0.22750102718500484	0.11204447731858783
0.7536079170246727	0.6800866428742199	0.6129889747442425	0.557087501917557	0.5143176213443859
0.6728644890597214	0.5682668914030522	0.4696873631950087	0.3835285317903056	0.31000620338381657
0.7411136563824877	0.6531082153826127	0.5570759747981439	0.4513444660962804	0.3353993891732738
0.647373638386667	0.5485688758164735	0.44779307078070835	0.3465366413677546	0.24466706177614422
0.6688038609569407	0.5509964566079134	0.4272755396459398	0.3031469188854409	0.18123129301762841
0.7238034351363902	0.6432120586292397	0.5672377341542048	0.4997371323495916	0.44228406415782445
0.6746512852790516	0.5742483955968741	0.47284675344920224	0.3677752804356722	0.25181839405318424
0.6418168516839727	0.5236583090779132	0.40071647283628653	0.281482581948954	0.17422572774580872
0.7197286769103929	0.6287912013328605	0.5394687110717764	0.45541712232170545	0.3736464126611205
0.5599861777758335	0.44953930333129244	0.34629244291838496	0.25274844051721895	0.1702857319531279
0.6112528579000021	0.4871635658083788	0.35879574627875477	0.23250621520271425	0.11251811434290271
0.694626567828464	0.6097378990897299	0.5255225333609036	0.4436370013924257	0.36391415497714696
0.7190760008752716	0.6256419105173375	0.5190088035647674	0.3985003147392057	0.26676545557566267
0.6652112953915151	0.5687134465769266	0.47438452031487116	0.3889166909672084	0.3171097815128466
0.7900322898754704	0.7293779873186624	0.6717871512291735	0.618508741877975	0.5715309519790661
0.6263723950666638	0.5173998600259176	0.4004658042417289	0.2740940559851244	0.13658383595489032
0.6227531724699006	0.5166246102112522	0.40751173047055583	0.29653729615109353	0.184383143394107
0.7467437530159698	0.6581879199805838	0.5620326885243296	0.46313279563173176	0.3693687788938023
0.7201162190417034	0.6128966444276729	0.49954704065182354	0.38258716610549415	0.25922063839589854
0.6719203577893015	0.5626594911952479	0.45184959466685287	0.3431085126956182	0.23706177634748504
0.6661017945764841	0.5604715843756236	0.45465014747786237	0.3507004570759457	0.24790798822737845
0.6701082938222971	0.5695156166021135	0.46871770384082456	0.3732056475819991	0.28810428222290124
0.6414902821049986	0.5279236336144821	0.4057730890998008	0.2810962148346265	0.1607135390006516
0.6475287896172629	0.553475957467028	0.4626741898606136	0.3774295804171961	0.29805023201811365
0.7088345705154231	0.6133165309499649	0.5149655674652398	0.41539400784815295	0.3176636074126345
0.6877004257132122	0.5955901378647732	0.5019484766085663	0.4029739272704856	0.2904267945048337
0.5945623235151445	0.4955995212659777	0.40538714222507943	0.32372268031811346	0.2440842464261262
0.640740103964429	0.5245496285458969	0.40037036381432745	0.27078844178767336	0.13728965999483322
0.7718514633808188	0.6912456253693893	0.6136352847205758	0.5451281006953566	0.4910942074659068
0.6784470856353166	0.5741811302545843	0.4645692266288963	0.35306343052012745	0.2428119875362992
0.7314684642687314	0.6427736286361646	0.5410326170914795	0.42529963911892027	0.29764860877305066
0.5878920721767168	0.4645905938177364	0.34528840330648325	0.23632572022503334	0.13958465039953843
0.6669666973607332	0.5553324461575111	0.4449663013652178	0.34602760742972877	0.26628981407780583
0.804429356205256	0.7144124422050594	0.6082375655669333	0.4866597456279993	0.3534099880803874
0.6706085911377693	0.5743877448624845	0.47474545788851563	0.3700480198564692	0.2581106885967089
0.7295806872107928	0.624142827000653	0.5108058980007087	0.3953133526158844	0.2841034481339768
0.7462909498903406	0.6729006728578761	0.6069682434390986	0.5482234360348672	0.49297672919691615
0.753006291238032	0.6758902481317093	0.6106003892805655	0.5670635827014581	0.5473328176509348
0.6426934973180238	0.522034148394671	0.3994969198587258	0.2849231551322972	0.18554326478761118
0.6132947149953176	0.5221615747727205	0.43776416720919087	0.3612303716314225	0.2887378074130355
0.6242866789034427	0.5189402820685791	0.4116586281975297	0.30349399089422735	0.19211801388758135
0.6922513765378616	0.6057382734390957	0.5186171493289933	0.4286667250933715	0.3362431032163732
0.6509583564882061	0.5552100209383977	0.4647928057792942	0.3788242935080423	0.2927753919316104
0.5656056319439402	0.4484100676494785	0.3336487049744874	0.22761339504871025	0.13504540658138106
0.5723306885155482	0.4691444176582467	0.3670608049913319	0.2674377858256144	0.1703179928733032
0.7360621638857598	0.653130079515029	0.5814130511687383	0.5258815619560523	0.48258089933052195
0.7495072085725432	0.6528110677975258	0.5526288369764065	0.4558974935355205	0.3661190526702993
0.6847061261710394	0.5961923988173243	0.5038611643100283	0.40471329170476994	0.29548967891799977
0.6298285348359237	0.5342912771873279	0.4406614451618142	0.3470238363620391	0.2486776160850536
0.6326869647147035	0.5248857678819233	0.4204708252219343	0.32854657309265545	0.2558687820099637
0.7461867978451235	0.6548704883183584	0.5611471374818896	0.46628312618956785	0.3674978991692148
0.6819653692396984	0.5791951397170451	0.4777561067204946	0.38111498761642737	0.28841787952910175
0.722760544992387	0.6258505422632376	0.5269843824499475	0.42650285207762917	0.32020365490088937
0.7245297886776879	0.6479589555878569	0.5694047314652656	0.492703076361455	0.42317803957402894
0.727543769239829	0.6343724098650891	0.5435565209864683	0.45365528154290374	0.359642224724792
0.7884296434149567	0.7149065523765272	0.6436109963858354	0.5735881760496007	0.5022518819408867
0.7156927944724055	0.6194978915920848	0.5091000528529008	0.38132738230333596	0.23591311396854264
0.7501789734906269	0.6756336283426362	0.6009218061798243	0.5232306857769986	0.4396458199208529
0.5783482637909797	0.4684520951551635	0.3579533611886645	0.24882860988554006	0.14134208238166235
0.7345735740997352	0.6645063183971754	0.5993077526259037	0.5373304857936836	0.47230840428403614
0.6281270017698316	0.5308271394578966	0.43429380288103364	0.339772862639965	0.249469308181471
0.7896206332489081	0.7166933148314527	0.6359129029650779	0.5487560007533837	0.45963073006658733
0.6643618113054204	0.5599091981451514	0.4556305811828251	0.3541710888940271	0.25497497666230917
0.6788143545714465	0.5760102694551689	0.4703862659372938	0.3641338371768995	0.25666962666575593
0.6511987575135963	0.537483898011899	0.41743440993824427	0.29519990846545485	0.17279940097189472
0.6965350312490418	0.6160301966690712	0.5405028260172093	0.4706326850488861	0.4007454545845979
0.7084071211624671	0.6104052043436147	0.5072765714313607	0.3985389998940946	0.28102068546091796
0.744434690600939	0.6650749638991382	0.5865134158973717	0.5123694769672258	0.4467104084735245
0.6651429936843155	0.5727749092538231	0.47880290955831334	0.37965945553433406	0.26862826767245124
0.6215999969540152	0.5108047166429778	0.3954935935327219	0.28444360897064935	0.18707324261469338
0.6993715518140292	0.6035245150702283	0.5075678306787076	0.4164663181173159	0.33193411370479053
0.6640778546158367	0.5761495625199226	0.48484346197017575	0.3894923706062693	0.29050340631758065
0.68942529165666	0.578179263107576	0.44834921945566114	0.3005246573277134	0.13907963155449707
0.7145372134920733	0.6226322691736844	0.5325833696112587	0.45121621822374514	0.38386794168230504
0.6891717517998303	0.5894601179266141	0.4863413409389429	0.3848732422677141	0.2888824698143545
0.6975384603298732	0.5998164514527938	0.5023123740706545	0.4068126676861926	0.31218156038778505
0.7030713526198302	0.6136612608633246	0.5332258398276797	0.46795781591807617	0.4203454736516187
0.5624927474435026	0.44212566406733866	0.319114790486371	0.1980780527898352	0.0817841126275783
0.6194470971592704	0.5102551172895992	0.40812683590529697	0.31531619760890245	0.23016577072144126
0.757799595850784	0.6992778798009295	0.6465094210158142	0.5971089892130146	0.5470360084028377
0.7602688926326107	0.6850883803077149	0.608405306039089	0.5342770727514896	0.46679128353851534
0.717520824513505	0.6100538725552733	0.4998025868878985	0.3942709300593131	0.30132399043231006
0.6954848749967306	0.5913899608935649	0.4766086763564894	0.35011430317791115	0.2095533419333125
0.6849224997821663	0.581132553951726	0.4678112812489831	0.34248662569017413	0.20336689091329507
0.7208152882842476	0.6426072012083567	0.5716648482737252	0.5104933907789063	0.45564186786827554
0.6311116147130885	0.5205494197953955	0.4107210727722047	0.30566004044671347	0.2068411159951109
0.7282347798491251	0.6650715090688673	0.6105520518333585	0.5643734719363158	0.5199670429046822
0.6350143907341368	0.5390982047606426	0.44989430700708294	0.3717991361187336	0.3048653611018939
0.7431120941418938	0.6623086413791871	0.5787016576764992	0.48847767508833634	0.386472320141774
0.6452970871855516	0.5540444851724772	0.46793672682285364	0.3891352532042053	0.31802822574045886
0.6602976074120213	0.5442259765172712	0.4267753996599327	0.3158672147977947	0.21578738214045617
0.7413806681029934	0.6390770820715148	0.5278031518669183	0.4067338851793946	0.27282963402999305
0.7849688275267555	0.7096607318716746	0.6291007086734322	0.5417661990867829	0.44635793875459573
0.6732062069452104	0.58881615539355	0.5111817727103863	0.4387584074489292	0.36273806906150047
0.6761463350695511	0.5677569003125597	0.46221270351458615	0.3646113779338337	0.27488938474353136
0.6702558084426969	0.5880291833347727	0.5118386138368918	0.43942895707660795	0.365203819787447
0.6500159841469859	0.5518340449374362	0.4563328970279248	0.367363122668697	0.28824962828956735
0.6376615625155811	0.5367758545201883	0.4311761411718403	0.31692011661274117	0.1909632305361512
0.6841757376936033	0.6027885239276793	0.5236405479189371	0.4501194670149719	0.3840389404050495
0.7020679436970974	0.6053088354012122	0.5051593146151652	0.39870981779626513	0.28135805436380806
0.7013102405377738	0.6087622821122848	0.5156662998504962	0.4240100936471342	0.3345073073131093
0.6692527272766415	0.5639268991783908	0.45928938638741795	0.3619585192867726	0.2745676581535552
0.7412782232281901	0.6369509068987764	0.5303560718705655	0.42687580545390563	0.32861326360019943
0.6952154691883152	0.5962637771514812	0.4943906120685334	0.3906760751282151	0.2845213535252055
0.7618663399396596	0.6639945401582391	0.5645451073263349	0.46456821224226064	0.36118786480259657
0.7180180891897221	0.6365458628806778	0.5547530760622601	0.47655638866817246	0.40474160462186637
0.6929722067845968	0.6050976618168838	0.5088144939295931	0.4023752129177772	0.2864812887004016
0.6980189859373623	0.6094379216257422	0.517700628306536	0.42220722491506346	0.32171336496534897
0.7476665433614905	0.6685567486731587	0.5861830996344649	0.49595365393245855	0.39027210096814224
0.6917883011539788	0.5839777199158076	0.4716745669829255	0.3608722116244111	0.2588279375349742
0.6101275434443291	0.49945563402706816	0.37977117902989144	0.250005488629791	0.10957304456972423
0.7734038405723958	0.6972748519648826	0.6171591152311366	0.5317025186789732	0.4342618948595221
0.7131362052816042	0.6139714416851227	0.5005542522081086	0.369919460421606	0.22139586156705035
0.6538657605740325	0.5516247928434946	0.4440259118296903	0.3344195134065919	0.2256783424279973
0.6466868884049463	0.548789338672171	0.4528974111494744	0.3600452056916046	0.26630340071585157
0.6446662989527577	0.528761840793489	0.40925243644122766	0.2926294490756724	0.18633076159159165
0.7710316815894417	0.7037917864273276	0.6341886021243522	0.5612957947199126	0.4831639676380295
0.6063791094354013	0.5008142909337523	0.40573202389058094	0.33215020646355914	0.2880485273184522
0.678272575147833	0.5983508362018372	0.521105765051476	0.445404590980647	0.36663604752145246
0.7051790970099242	0.6135620372416941	0.5239460229875268	0.44079379688358566	0.36570671185280057
0.7404614574568968	0.6868807988216421	0.6447612835211886	0.6148781440710425	0.5935352498960691
0.619375473817279	0.5389867907755976	0.47244568165222406	0.4179633663787393	0.3685919830550649
0.6410227874170011	0.5389596117048353	0.43889505465571677	0.34482068416070366	0.25896400704165934
0.733092501172481	0.6703096969683875	0.6042131309112426	0.5236605316135342	0.41764988027163774
0.734514885900803	0.66994466303702	0.609802247047587	0.5560324118088635	0.5096602007046453
0.6783162531121579	0.5744171355108744	0.4583154989193301	0.32932526837712056	0.1885123876679337
0.6876756121361657	0.5884735530230099	0.4793591609107999	0.36162077129571835	0.2394545005393955
0.6646013785952414	0.5679776360006125	0.47574803134612237	0.3932457676438331	0.32192531223169396
0.64898484501203	0.564356082527149	0.47888739999066043	0.39107451684417216	0.29700714580154386
0.7166115395924686	0.6261964720992478	0.5242897413035776	0.4106785036081884	0.2892500844094532
0.6815465630551603	0.5877415934027854	0.4941283705655347	0.4020682889417135	0.3125533291388359
0.7083519993985267	0.6288376908184691	0.5534790411619971	0.4826478620461421	0.41355398124268183
0.7208845497330714	0.6056071352630741	0.4807559759813794	0.35808608677265374	0.2507843830447795
0.681427408387755	0.5985244929354193	0.5227370853882335	0.45602044202176345	0.3946915910693177
0.7248452295513417	0.6321307779912037	0.5388090982906493	0.45184546381502316	0.37782734524931594
0.6756902259810582	0.5915661406363718	0.5140472458847781	0.4482331155015754	0.39858295122456866
0.5751005560847288	0.45523421408135384	0.32674828913798987	0.1898673605619517	0.04605429257263918
0.6783169026977657	0.6006273181141774	0.5311666361367353	0.46908918809504074	0.407328297010196
0.5831080974660938	0.4530781657814465	0.32642034632511263	0.20757570700310965	0.09649484737668156
0.71929250024726	0.6363074565503823	0.5453430843536183	0.4478592140126988	0.3476686465710213
0.6276844333561178	0.512939658659303	0.4003378038685533	0.29493557809393445	0.19660216769498393
0.6073312531612748	0.498422506987516	0.3901534537807203	0.2826893458943766	0.17121821173243842
0.6883234140044171	0.5916861648493771	0.48955899425155713	0.38333216228178724	0.27340405893688374
0.6965311256936043	0.5940379593229927	0.48696764453453506	0.37587519430046645	0.25907365196216803
0.6618922938088994	0.5697196669160061	0.4867527311299213	0.41671331666734585	0.3590780040948848
0.7381303765570943	0.6412681098757574	0.5455904679565076	0.4592466822957565	0.38787246825908483
0.703526000385369	0.616321176599949	0.5344215666626693	0.4644549061980856	0.4094561181787627
0.7353369707129034	0.6634369440464466	0.5910688499025266	0.5163399236497992	0.43675635012045116
0.6814775168321243	0.5721608759113281	0.4631395243007177	0.3576884295237249	0.2548727183893623
0.6771003985581355	0.5994698471203178	0.5269783951463115	0.461659023789068	0.4026139335647114
0.6092207005397322	0.5065565908929758	0.4108369295198484	0.32077070119924356	0.22659435575107467
0.7016292189630811	0.6250802418365248	0.5577843109528988	0.5012471212230768	0.45147819105669185
0.7360062635462804	0.640810931751496	0.5359470437988467	0.4233809387298918	0.3052132145674996
0.7052164244678287	0.6417731313625407	0.5783080542572415	0.5094425795742066	0.43065305260455383
0.6934360038345798	0.5807224486570978	0.46265208713141426	0.3458239945514096	0.23484674928863422
0.721395287478938	0.6582342765683593	0.6062872595195649	0.5634715228696924	0.5214526761416538
0.745594679513536	0.6602730179550425	0.5685374780936377	0.4665192068227792	0.35097039717685313
0.6729609664485023	0.5599492448394552	0.4470722215599145	0.3436594565723469	0.25749654387448423
0.7305048837471892	0.6178947278274056	0.4985757218113116	0.3772108521146116	0.2549575087012166
0.7381787207729605	0.6276978982810346	0.5045999745384269	0.3745188773606179	0.24588957450054438
0.6893630100969256	0.5940647429704423	0.49779034517245724	0.40133574742066985	0.3040179840338404
0.6826010750564337	0.5761100667918412	0.47367037694694625	0.3806783739062798	0.2944177452902366
0.7198832291631694	0.6481962044192936	0.5815706536968108	0.5201474538945017	0.4606912306411774
0.7194770125545732	0.6418583336113697	0.5789124229491845	0.5328209274285095	0.4942714643707907
0.7726707214038276	0.6979844074047031	0.619208907094631	0.5301057012292824	0.42188565512935805
0.6752564887878243	0.5900968699337158	0.507329428848849	0.4303795934948682	0.3615568486030656
0.6642650184889524	0.5820320938879538	0.5037255567902762	0.42759848517358384	0.3486868766302799
0.6638452188151207	0.5879058537408869	0.5118131434948023	0.4343230444254566	0.3540187740260505
0.705168861227788	0.6065344996205384	0.5054813272705325	0.40436845926805126	0.3053350537261726
0.732093727426952	0.6392367422640756	0.5473892792618542	0.46110627065125653	0.3811844518387995
0.7221224459450458	0.616199484629202	0.5013955796387944	0.38278729001499046	0.2656401087524144
0.692914412331944	0.6012581247927028	0.5021912287227969	0.3960792325171935	0.284685593974889
0.8100456179438507	0.745633121804183	0.6752153057716035	0.5953611198614797	0.5019661872500386
0.7054712789920345	0.634254267024625	0.5647550697814678	0.49539267555387023	0.421214463426908
0.6494317738738097	0.5789830966906898	0.5203980386520102	0.46892049098600025	0.41730935836038285
0.6594353715503624	0.5557442723161033	0.4546073221740387	0.3577350828914203	0.26228831613857306
0.7572087305606834	0.676923407891482	0.5906909182424254	0.5007049092111793	0.41229241975319314
0.7277894982956064	0.6516215912797203	0.5798475571321705	0.5145814398769364	0.45558472198880645
0.7271940259969751	0.6432148639964315	0.56551089308019	0.5018974883920744	0.45717030550601356
0.6208427504019663	0.5151003880697081	0.4068339712057646	0.30207716420822606	0.2076977359062923
0.6130891103407783	0.4971161582196882	0.39006218248799335	0.30044215490653287	0.23343588407579988
0.7003409386333188	0.6092892520850013	0.5205212175796284	0.43820957278435385	0.3616575630412269
0.6985410965037984	0.5979721044778613	0.491969086938771	0.3835507210233816	0.2747130382400702
0.731093663473306	0.65114887878303	0.5630894611549825	0.45827943181994135	0.32767437715175385
0.7480738348369893	0.6822457456214522	0.6179278390366223	0.555923629700447	0.4973816098615094
0.5995874357692897	0.48648612452759266	0.37100162723320984	0.2542099612753937	0.13509208722925284
0.5819745050332843	0.46218191778896833	0.3450213624186506	0.23689522834475205	0.1428427387548824
0.7254051437613799	0.6365261657740005	0.5545598627289516	0.4830935020454829	0.4202881612178979
0.6627439063818188	0.5626385136786645	0.46787303239838646	0.38538100876279874	0.3167039018733958
0.6971032010678524	0.5921230684828683	0.48090712902374316	0.3683857162184011	0.25934396592797404
0.6874337118892075	0.5956762142581075	0.5119538620776741	0.43826428081190993	0.3721647333184769
0.6568634663642746	0.5490689591366433	0.43736117485859843	0.32400824854352084	0.21272132249096015
0.7014634332009819	0.5970119675810966	0.49065080911694264	0.3874255630370974	0.2875420499192811
0.6546119331339542	0.5462615701145773	0.442377122917843	0.35342179932643325	0.2868214438718164
0.569138408358154	0.448834205956947	0.33620255251291253	0.2365014210278267	0.14902129909132583
0.7081959899244807	0.6075423779334435	0.5037218868018549	0.40157678770656136	0.30714520053287403
0.8192111494082379	0.729623967281862	0.6253262248800739	0.5073852334396589	0.3761716471040611
0.6312537097537243	0.5183364356057026	0.4064520015492287	0.29987826523805367	0.201645843488787
0.7168500092396031	0.6237234496032749	0.5260216513562604	0.42410875884638255	0.31512014695572943
0.6606789102780068	0.5488980757784864	0.44073661693501176	0.3405457594429302	0.24539095957826312
0.6775761611597645	0.5801867566691183	0.4882875489945025	0.40035019881826905	0.3096183504526691
0.6926674549059935	0.5975116051822791	0.5031950445276766	0.41312092837765135	0.32749295272125195
0.5891705860983548	0.4876047987062068	0.38487787239875126	0.28370862319511136	0.1891145339107747
0.6618463302897442	0.5733081163598442	0.4841596982916157	0.3969035571708298	0.3096958042673368
0.687279666045562	0.5859042042125024	0.480631821176397	0.37432793007773196	0.26753809392576494
0.6501474246842401	0.5240823968727859	0.39550343584547826	0.27235665304975465	0.16000989486765585
0.7515062893559505	0.6858816824386691	0.6243280817462337	0.5739124556911249	0.5407526104150948
0.7341989828265703	0.6579136609367453	0.5848109737980818	0.5160393686989728	0.45021887121211285
0.6727286504078209	0.5716840617120169	0.4676767535519587	0.36278761681719823	0.2531169424557988
0.6804105586901675	0.5799390100529551	0.48217329428553163	0.3903671426690631	0.30515624822720355
0.7246022930369156	0.6094949856569238	0.48820584440371706	0.36502191464818246	0.24490727240785953
0.6988417928672559	0.5888774466598259	0.47637679151273754	0.37377196557214687	0.2955235166735338
0.738795882514713	0.6730852334888606	0.6081128327691504	0.540753244366098	0.4660997994358879
0.6503497126089455	0.5358565809507102	0.4211404508918017	0.31062624705391806	0.20467660419882144
0.5866045756619161	0.488993042629922	0.3926335635105554	0.29748805716259913	0.2007564056751786
0.7705861483538503	0.6773301796778308	0.5710721225817927	0.45227544681975684	0.32296784973864756
0.6911036420786191	0.597096393156	0.49577447193384927	0.38606691430801293	0.2701269264418251
0.7453453067242488	0.6452272714076672	0.5327998127091498	0.4104441468034622	0.2803590352841603
0.7044445214443256	0.6081973921375187	0.5114620176464464	0.4136552668960106	0.3104344322101199
0.6256639948567613	0.5278172677043029	0.4311994326580474	0.33816297251302885	0.24883542775718798
0.7188677783102959	0.6233375642176084	0.5239248172312869	0.42157697648712317	0.315373809181971
0.6903853473487921	0.6117402092247523	0.5429868922133629	0.48616152782164285	0.43906705666921975
0.7222029663617942	0.6231017474580348	0.5136476173175699	0.393584058250482	0.26209659838951227
0.6775592520292316	0.5793635325482562	0.4834962232002198	0.39041187261823673	0.29935809642928835
0.6453231217163227	0.543731488991946	0.4357881787386784	0.31969115520089214	0.1939880824504806
0.6298573801260189	0.5370366990359816	0.4522051883449336	0.37724988127547876	0.3087522220479848
0.7053447938885005	0.6036039919002254	0.4889915866267515	0.3657796185309009	0.24128192142714547
0.5956178704909271	0.5107791584100724	0.4301429386607823	0.34883057583044835	0.2586933375238226
0.6672338627194414	0.564212672555479	0.4533210908146068	0.33693308777080394	0.21892212288878238
0.7411129190541713	0.6393226858688871	0.530948690744724	0.4214714525863588	0.31292514138575017
0.6909000739419913	0.5890806618597736	0.4883500081246078	0.38963617215354257	0.28961800228060836
0.711436180761664	0.6329601187057691	0.5616588048042992	0.4986112579769114	0.4424976525675523
0.6919721014704069	0.5820353895402324	0.4759764650551378	0.38225459726381716	0.3055924281660337
0.6031178608756854	0.5011017078581392	0.402214037611373	0.3118485139904981	0.2316130021333141
0.687892434133099	0.5982209504653568	0.5147524996172852	0.44328165025135025	0.38543457583058177
0.7176051818409438	0.616681999181873	0.5127274691868776	0.407038731017728	0.29926684497113176
0.6932356533617121	0.5666986938966654	0.4242202662353499	0.268961628837698	0.10539153306628697
0.6076306952449495	0.4991586316827217	0.3926539798229849	0.29277440541121985	0.2024517096993046
0.6852100744944756	0.6001732917649845	0.5140590394590706	0.42584361275215304	0.3346246776730431
0.6906893937089836	0.591411334154126	0.5008545610876198	0.4282954084721161	0.37990044176047016
0.6632065552332799	0.5745943332037496	0.49160879768878935	0.4163673255315776	0.34926484191143653
0.7013061897559828	0.5931237392371359	0.4858997888215348	0.3857437246848575	0.29431899937241673
0.6349967628718785	0.5339086631564455	0.4300274517449272	0.324520040379071	0.21866096640126986
0.7108157752351854	0.6213581478671186	0.5374694630939517	0.4639639857995981	0.4007268444163946
0.7210759078262459	0.6200279235022099	0.49895525778173755	0.35289012794708285	0.18107439078188228
0.6622864022582262	0.5648631899231625	0.4701428865384347	0.38194333065217606	0.2988383996297087
0.6403048129818562	0.5441213905892186	0.4487768991475969	0.35815868214533764	0.27747749663716154
0.6268515361595718	0.5317876097676074	0.4364530906364727	0.3380800075373812	0.22899931234012355
0.6621489849229952	0.5496580189280538	0.42758486525228573	0.29586986043373853	0.15790056597004817
0.7426912248117888	0.6679571420114296	0.5894515827895984	0.5067431562557214	0.4171120369873903
0.6820017403409481	0.6002160883443443	0.5182507515936684	0.4325787936755512	0.3368979802283057
0.7040635510071971	0.5922106114769994	0.4654156385752178	0.3297257736978241	0.1949905214432019
0.6835683525481332	0.5888059823192617	0.49195064338494293	0.3888054233970194	0.27103414260286945
0.6440137414414026	0.5446060047806955	0.4387580092951524	0.32354966483765013	0.19794115787777117
0.6453706087493811	0.5413042304622128	0.4374558753146101	0.3392157408055507	0.2520626975412752
0.7054705788088145	0.6151120540342006	0.5206906647299282	0.4225290525243665	0.32448083199917793
0.6558707126356796	0.5508120056598372	0.4447777206327106	0.3440225416510961	0.2546596101041274
0.6722308525890215	0.5647086134185709	0.44317256203709676	0.30678725205528834	0.15747531331633138
0.6087988501932767	0.502458070876433	0.39737301130560454	0.2959449900368966	0.19812781684344152
0.774749803406652	0.6940807775788265	0.6048156386911764	0.5040887110204533	0.3886583832687096
0.6294582011485985	0.5243315323990652	0.42142222891309833	0.32464027447986743	0.23350021443652497
0.7082300927361482	0.6052195209386554	0.49711173414438753	0.38743077634956596	0.279822390217619
0.6921851106757513	0.5959853954239384	0.49547765694782153	0.389322895095313	0.27535188084996143
0.7350840474157577	0.6592516463820253	0.5748594902818732	0.47639171969270283	0.36148107328689955
0.7233774324372735	0.6286584565597229	0.5261307133065237	0.41377627622026825	0.2921385779387819
0.7054665690055756	0.5900039093625942	0.46185946793610877	0.31841719081535047	0.15789515725087228
0.6404755925487134	0.5544013622381198	0.4694418348605081	0.3857351910324937	0.30508660657909065
0.6974076698130646	0.5904265504962363	0.47853413503761144	0.36276786768219904	0.2448052663517402
0.700616213777786	0.606692996032861	0.5128222790021847	0.42390606122786084	0.3446530447171391
0.6740002114290616	0.5862562893528556	0.5046551113067443	0.4293947378480186	0.35692461046676
0.6291436959922172	0.5334024145020758	0.44290835026608355	0.3531405036745692	0.25210294333946515
0.7126551307799649	0.6217691047122484	0.5336594395731802	0.4522939415170664	0.3770407184555639
0.7302974915939944	0.6423174230552429	0.5470233752336422	0.4484036510156675	0.3520187804744618
0.745598625559092	0.6614690355456365	0.5731959370067572	0.47803309761775364	0.37186669209643103
0.7279782856030373	0.624368346602914	0.5157849128456058	0.4066193087078479	0.29931614191265316
0.7068476469022352	0.6094127169843218	0.5132966949468163	0.41880787795934554	0.3227433283355302
0.7149847608178269	0.5917946520943215	0.4528020888432562	0.3023906845974702	0.14823622548171644
0.7368686192415481	0.6500543731616927	0.5542530799986731	0.44931331090317245	0.33757571330216707
0.7022922825310655	0.6200261868159778	0.5381805199810888	0.4547917517699009	0.36469354945995414
0.686461023200383	0.5922351937534293	0.5059450757007005	0.4265674900720488	0.3481865088171714
0.7336780488042716	0.6316961396449788	0.5242116153008315	0.4183519340561538	0.32356125971906086
0.6693580145054923	0.5531156991158682	0.4270197279715049	0.2962767124333	0.16578165543649226
0.672876655650475	0.5806214106448099	0.49125478701274483	0.4064295464075397	0.32513048130358346
0.658004757102884	0.5505762914237302	0.44332588803289824	0.34102804257863434	0.24721779726693002
0.6631976493172644	0.5469407222896207	0.41518094711790915	0.26711310422483103	0.10320124518270271
0.6417497272008809	0.5162534853969262	0.3882177987670892	0.26445855387315353	0.1495852824679639
0.6560527611805778	0.5569865311161395	0.46219314298987846	0.37166844931416565	0.28212282054410015
0.6522520807946746	0.5528897446580803	0.46069001319504665	0.3765376308222191	0.29671628524798355
0.669131432024273	0.567773419262192	0.47077415797547795	0.3824979855428463	0.30613975423503337
0.7738349896755478	0.6861777021996245	0.5903887800095237	0.48273711050971235	0.35680035293471724
0.6498729780522067	0.5506241537854271	0.44916332203427106	0.34859133286937016	0.2534157507936367
0.6198931317866254	0.49986296780689693	0.37648251840566904	0.25405984540680343	0.13464858831997736
0.6466861083492316	0.5432390662108083	0.44587262399593075	0.3595791580079626	0.284428050191239
0.692051554125556	0.6029975356568734	0.5145069866209729	0.43115495772031864	0.35481853555993276
0.6701232696392689	0.5605799782487563	0.44980327719507357	0.33704071879272796	0.21554446404199315
0.6606697541501269	0.5416936587294942	0.42212533532553137	0.3102437546409517	0.2116079608161074
0.773346989398927	0.694366848613147	0.610309688023573	0.5183094976948809	0.41403552732976556
0.713480656067171	0.6385388107627563	0.5695521401111301	0.5049047152882729	0.4419021033205061
0.664095313311901	0.5504322581357831	0.4273957104159103	0.2951485541997097	0.15446431214491133
0.7000922060509588	0.5918098617142442	0.46153631706516185	0.3106146763121325	0.14454555389845536
0.7356850821774822	0.6439868457422033	0.5416009313745971	0.43078976359946686	0.3156165295578636
0.7759938877095051	0.6971395780793812	0.6084775233188755	0.508729622326066	0.4000030729250715
0.6411833015579085	0.5584168034932065	0.4857623273383247	0.4283620205109276	0.38894220189337037
0.7205661914919936	0.6235627840135226	0.5159545068556297	0.3986298875959927	0.27102789544491845
0.7085898342139514	0.623267384745477	0.541452668050934	0.465843009932873	0.39510859877305454
0.6777267251308812	0.5829855499476888	0.4957794896706284	0.42205780563192524	0.36449032065820475
0.6628927454901838	0.5738027775178268	0.48071124857919834	0.38336459838673104	0.28161129248250777
0.6101571737619491	0.4809926796192824	0.3447373867731337	0.20399430512407538	0.06035253562949637
0.7571430300655988	0.6718793069181	0.5808094825978994	0.4824963650679786	0.37660776196710766
0.7460546894875523	0.6727458131116303	0.5932713394795963	0.5072097631127259	0.4157464078165721
0.683010071193624	0.6138926043084545	0.5584299722293908	0.5183065929686377	0.4898965415962113
0.6320589212153919	0.5243543687189652	0.4298967582707718	0.352043667725509	0.28522157201033066
0.697530090424853	0.5951545736127811	0.4896293090064584	0.38499421330851136	0.28463957623979075
0.6238576502809241	0.5225663984627424	0.4141638006827839	0.30052980908989485	0.1855991175511953
0.7037788777646459	0.5988186484795452	0.48168737014889385	0.3537105769328741	0.2188992270516868
0.7841392748913829	0.6808631364107347	0.5714279679150467	0.4705306476784427	0.3943268824877785
0.6633000245313498	0.5662970804285996	0.4774162356640324	0.3991510127161696	0.32861249202180975
0.6984802032340234	0.6031872371206656	0.5020549396616414	0.39832643533788203	0.295872217404734
0.6658442670281568	0.571055037737527	0.478072612998028	0.3923902008925915	0.3173985111139757
0.6631950628140296	0.5861633931268257	0.5122602083066045	0.4408701393435337	0.36984905694870673
0.7067022077158063	0.6040636085280422	0.49968699980076964	0.39788280932948117	0.3040713695478161
0.595969517101662	0.4907685233376482	0.382526999209941	0.26934091648031044	0.14781185821257292
0.6222198381120416	0.5221838431992348	0.43229652116423667	0.35639573953955184	0.29574512896726396
0.7258383587678883	0.6201327598172464	0.5071650310158788	0.39130686624405214	0.27757791553414096
0.6999605896742328	0.596597040376547	0.48844143104457155	0.3780199198790769	0.26592214842791445
0.7118296188746257	0.6181346529486382	0.517840368303406	0.4151106799761778	0.31422632694695435
0.6763645516860161	0.5800070940321711	0.4851756069572546	0.3941123912802907	0.30675983291434755
0.7313218345575855	0.6445563548817344	0.5579143267638702	0.4709824108665256	0.37774944270838123
0.631150858593865	0.5445431084974612	0.46194471374259893	0.38321929053488496	0.3054954328719718
0.6662883164967853	0.5828816052950396	0.499323889710467	0.41310612763169796	0.3205387889797748
0.6637787400641306	0.5596762318303456	0.45220317750261285	0.3442859128794856	0.23785504701113822
0.7405696096875777	0.6404025947102794	0.528753979890288	0.41210686038673966	0.3014931812137095
0.6577198852285187	0.5559887534802557	0.4605809017650644	0.37576742082737535	0.29805806932055234
0.7022241055443926	0.6177510569819018	0.5339942817416071	0.45393707452356724	0.3785257802987595
0.7694689914489035	0.687812339864142	0.6026215903210281	0.5149821777039375	0.42751898411846506
0.6140051810778212	0.48546397363709304	0.3571104684089758	0.2334787894571262	0.11307062516846712
0.6961958183544805	0.61575736223392	0.5351033412428932	0.4550474195530598	0.3762265963173127
0.7367160447814743	0.6555072201476693	0.5761877599214305	0.5016181082591742	0.4349010357355151
0.7183003095348103	0.6330591034996879	0.5445467631126104	0.45073412258288564	0.34777222146734904
0.7082321765720343	0.6260258541539134	0.5482610671056339	0.47523720125727004	0.4039657605043239
0.6505518509069286	0.5517003840423502	0.4509523526910957	0.3471038254057788	0.23681950103002636
0.715288017941033	0.6278718190466435	0.5431459590539831	0.46225178841207903	0.3831543543401346
0.7017585280383836	0.5847654860495033	0.4575385992753448	0.32629954658900917	0.19625937494905643
0.6218058095978022	0.5165763589217672	0.41364113778739264	0.3126809850655827	0.210005473513191
0.7160023863989233	0.6368293848063538	0.5596901710700665	0.48613051766707227	0.4188205175838692
0.6614611830891625	0.5535398326702399	0.4447863770970528	0.3388652071870536	0.23603323221646724
0.6998039924862797	0.6321062479223871	0.5694941779976932	0.5113804325659436	0.45647658380044953
0.7062491884483698	0.6161146278242666	0.5139713849471298	0.39673775418516793	0.2653110131276978
0.7545003736851664	0.6542581662119369	0.5457677138695178	0.43182535242682873	0.3110496526868205
0.748573718196262	0.6712728573597855	0.5955142688525042	0.5260451314662058	0.4671584599438402
0.7801023138874508	0.6941926145695227	0.5948800354231722	0.4849124842274204	0.36952834137484336
0.7047585978918329	0.6019496214665896	0.48914895983021894	0.3663881868037365	0.23513846857995258
0.6985351491507862	0.6100134727801743	0.5241760673113867	0.4437647934269582	0.3687535964234903
0.6829150723989686	0.6064974403499054	0.5338252730409413	0.4675631041811181	0.40901939509617324
0.7066534303989003	0.6221971161703366	0.5364884713835201	0.45317333803762416	0.37209526699512224
0.7084736976843636	0.6359560018628022	0.5667127819538208	0.4990028917778614	0.4288843406030043
0.7358062056481052	0.6619116871155155	0.5871108733641575	0.5110038509331282	0.43138039275488566
0.649378926039513	0.5683793300779689	0.5034367499869075	0.4561663963485869	0.41959509491927016
0.6333204153659954	0.5360325509939239	0.4441420146048477	0.3605353449322414	0.28354146330311486
0.5904840262727786	0.4753528934174472	0.3598685954052191	0.2479680677966128	0.14093162738445972
0.7077256835428283	0.6196335959907819	0.5330633251330751	0.45014618945957535	0.3703687868473168
0.5554670352628499	0.420183378174142	0.28254137458871464	0.15281191940275374	0.040496163722119366
0.5419319357959504	0.40814890556826355	0.2869997278146915	0.1904074827650491	0.12149871992110084
0.5968960580031137	0.4781896101231647	0.34610877947132546	0.1978271917748367	0.03373399594742077
0.6990419330230644	0.6167205320989543	0.525643510103727	0.43014283617035004	0.33868296452190205
0.7380274934149529	0.6433708723762255	0.5396373479282633	0.42972370713965036	0.31394157811374485
0.6668517556778029	0.5589032781095536	0.4524523727096872	0.3491761993420217	0.2464980824775884
0.6489082893912602	0.5386251535914123	0.43505427104562516	0.3444962156862347	0.26547790535479515
0.692587600233286	0.5918642153585142	0.4871574884795254	0.38490762891846286	0.2910846465912156
0.6901870730388514	0.6127494251273767	0.5367047369633661	0.46401712542442425	0.3953580787197693
0.6665985262383901	0.580202233466291	0.4989726346082466	0.4229085394428123	0.3484727627539095
0.6653038176815314	0.5648689792244886	0.4564335879624287	0.34203721369490014	0.22551622909050775
0.678819203407998	0.5871102981743314	0.49947998900838125	0.416668271844944	0.3360256348248988
0.669674209861743	0.5483229928066626	0.4203133584648574	0.29261710644340155	0.1720818265499596
0.6782401826265029	0.5890882357481759	0.49626742390252393	0.39450530103957426	0.27912689346135106
0.7024933063260471	0.608342431906821	0.5069934608419102	0.3977252296530094	0.2801508527907977
0.6900026192449811	0.5747768629721953	0.4553277062061434	0.33916072855639834	0.23206056258367244
0.6720628591425782	0.579761740085586	0.491636087135253	0.4122465041068644	0.3434897865206736
0.8179808378674108	0.7346047291545741	0.639418835332394	0.5348518547480638	0.4236579461656379
0.6957506066902615	0.6053178654768033	0.5199040495760504	0.44231768938089855	0.3706510288855641
0.7056917091570093	0.6271064746749757	0.5494452954658285	0.46993853007833564	0.3815983751546465
0.609775584876837	0.532609662179545	0.45800097963954955	0.37746126440048655	0.28027750532477946
0.6891407246390656	0.5895605171107556	0.4972118573180314	0.41572108169766764	0.34211278030490666
0.7116360314231698	0.6206340061352104	0.5299108303338294	0.4478020633488495	0.3809225745368843
0.7448489343281637	0.6777848313734864	0.614751969969526	0.5541291505324594	0.4884317084729155
0.7385351901928023	0.6677776027164738	0.5929907784857945	0.5100902249836002	0.4147808082904396
0.7368112191387556	0.6590518188562322	0.5841541987355575	0.5160663251772564	0.4566603372482261
0.6620264982922892	0.5322958729107657	0.39534049044568187	0.25832761572810575	0.12776489118225587
0.7390395613638443	0.650317291662812	0.5598654920343362	0.46725801888857327	0.36998163383434957
0.6164565749493018	0.48467060730835027	0.35151407730285616	0.2268163760853532	0.11450019974595735
0.6409919467678886	0.5180911610138182	0.3839492654194744	0.23973821094771056	0.08796973426807293
0.6850321118548728	0.5957446918621955	0.5007942052791903	0.40161509614857577	0.30456299964661804
0.6992670877551129	0.6125370845507495	0.5242772574225834	0.4402225388142107	0.3673885048404486
0.711202322762216	0.6157213953003271	0.5152410635591069	0.40646623195551146	0.28412807475217405
0.5939389741439582	0.47578929908955236	0.35067763700616733	0.225823251886815	0.1101982567979039
0.805351626108193	0.7276373311240704	0.6374125831472669	0.5327106615665375	0.4154654174807381
0.5979284571375204	0.49429017035790657	0.39856299683881713	0.31401993313153176	0.24123442168238135
0.7646950199288992	0.6906248941967176	0.620135841886002	0.5522187098140043	0.48166367262987103
0.6352653217573254	0.5096362811367386	0.38589099210899036	0.27356096108305394	0.17467367959381372
0.5799083493556935	0.46906389330395726	0.36922747405284473	0.2865876145938937	0.21991613096956591
0.7291664818904003	0.6439914273166363	0.5588883667744156	0.4761194287995656	0.39514013051767727
0.5805104838844455	0.44334434241078735	0.30013867973933817	0.15420016225904837	0.008090789726459574
0.6006441493608846	0.48010563375011545	0.35231426913734526	0.220451115532456	0.08825116729553248
0.5945354736196486	0.4805261894683305	0.3646504104034443	0.2496963781274344	0.13883130608008384
0.6828865305484636	0.5941000902185546	0.5083495275544381	0.42407168856547284	0.33656554770397623
0.6158583920228727	0.5325859862734674	0.46314102525168344	0.41111142036954057	0.3749220528680233
0.7275724839885293	0.6207523611477244	0.5067148990135234	0.389784221429297	0.27591970271243743
0.7548062545330932	0.6619913205150773	0.5620789019354673	0.4581521857218239	0.3550809045768081
0.7442704313356527	0.656561270900176	0.5724233047588956	0.4948285561894242	0.42453133193383574
0.6950634009425974	0.6007763921445607	0.5051666727725447	0.4108847888838842	0.3193325229796282
0.6410493690999414	0.5353327813468816	0.4318797400473639	0.33030340389952734	0.2262460770212642
0.7404851620005476	0.6662889836187369	0.5937064915419782	0.51991806153761	0.434928390858751
0.6981055171614021	0.6320058868414026	0.5743512862474521	0.5158244811277215	0.44165702877476504
0.6977093232188915	0.6066850317852641	0.5107537092309029	0.41145530697204546	0.3112110746672498
0.7494992254120323	0.6774981144868062	0.6056805204501345	0.5310308275281034	0.44947975542516994
0.6128544430823577	0.5173134938387293	0.4264778395642834	0.33961782476353786	0.25332125823185686
0.676239276592196	0.5785723251881518	0.4851373638415208	0.3950983452376096	0.3062812610143527
0.7371735619998583	0.6569067363572841	0.580981115005486	0.5116218360355553	0.4457515566542209
0.6751196453181292	0.5892408906280632	0.49310580461642295	0.38333438153021426	0.2619818798597123
0.6367702968795617	0.5132172034241549	0.3927119478752861	0.28553890075211424	0.1994693133134042
0.7001942442394551	0.6105269169881946	0.5150031618289806	0.41111754841394077	0.2937983052188287
0.5774022021112941	0.46545055675719205	0.3595405632824149	0.26529781958983434	0.18466414731364897
0.6181249216457076	0.49431129941788965	0.3674358293289116	0.24838358025728224	0.14745664153235097
0.7506005802643259	0.6497637220839988	0.5382702577359273	0.4179539111429641	0.290547060924357
0.6812555223970597	0.5790981470010854	0.46853455008363903	0.35278363761937714	0.2361614796075967
0.6831246454030813	0.5888372952769318	0.4864558400955127	0.3719634152824889	0.24032003638901217
0.7065153267327554	0.611142357718383	0.5127686943248491	0.4134173103199384	0.31244767972533277
0.6384085963601982	0.5403547276241348	0.44447591085125926	0.34943911619177515	0.25302802498847793
0.7398751774096277	0.6537467252892452	0.5658650209561361	0.4748014655129916	0.37790931594917615
0.7367986364071168	0.6570217008420082	0.5777117603821316	0.5003506176314314	0.4252327691321744
0.6746935832261886	0.5792516940803608	0.4887778960585678	0.4054834925061733	0.33019311058869755
0.7566269243028146	0.6690533594848993	0.5730367113738968	0.4684520228977174	0.35363116552128854
0.7247137914988891	0.6391021603745299	0.5514888493743064	0.4632567950873272	0.3776959982715211
0.6799079838615226	0.5964859601566891	0.51335916685794	0.4297614103749451	0.3430686193217545
0.5989070808687244	0.5053684995250409	0.42616719043304857	0.36480235238258346	0.3173232093976214
0.6276081486433243	0.5223939335661865	0.41878306354077166	0.31831417342421836	0.22123223568936187
0.7357241023594202	0.6284217640770889	0.5155149018808013	0.40151263518640523	0.2856662382121788
0.692565808308595	0.581385178848717	0.46456553905155584	0.348086360483689	0.23888352381050035
0.7720121868998767	0.6759458521542059	0.5714241864054551	0.45847878202753756	0.3322917591710222
0.7181665872352091	0.6186460780547108	0.5222130014390752	0.43840195270946963	0.37397672664337583
0.6008922794145528	0.5004773570868277	0.41065319794203703	0.33677370302519644	0.2788691864438707
0.6848052628365814	0.5839140863775307	0.4807011834676676	0.3795958129121832	0.2868846818204114
0.6791582376050409	0.5791216014563422	0.4680349775963274	0.3393971601298497	0.18810550065176385
0.6542593435944568	0.5483062890321146	0.4439594097345135	0.3450500803714369	0.25458326534379644
0.6165759186362365	0.5175696223327011	0.4225380150940283	0.33551004761827097	0.2576453092306789
0.7129580058165647	0.6248901873622277	0.5309103362137305	0.431454672458132	0.32943550522822607
0.7014102978549476	0.6227612099413304	0.5487634026672491	0.48303262380616285	0.4264400398427741
0.7747948797543721	0.6759405430401779	0.568494784953572	0.45447120853532486	0.3354264524314722
0.6356990325207772	0.5307888687855395	0.4256001819567831	0.32384933473100314	0.22599422857590992
0.6196066825420526	0.5077277973157007	0.39031678813350745	0.26889435399150485	0.1421121917225751
0.6582165488843453	0.5718621156182767	0.4909221275775955	0.41511819595593874	0.33873661271554695
0.631455961465523	0.5223796197407093	0.41850105753336675	0.32954389714886895	0.26160151368972817
0.6831844392132	0.5905145547464509	0.49546820278181836	0.4015869914017376	0.3141143631233797
0.6710227803344166	0.5613722542070267	0.4382135587830069	0.2996354640640338	0.14449028811702203
0.762151808764695	0.6721350302721032	0.577820611621814	0.4845267427940281	0.3969529222532626
0.6967400371763427	0.6229636237301225	0.5501046759605648	0.4719129051638544	0.3794734366242697
0.6772715920834164	0.5950054720657055	0.5193555301282105	0.454629584950314	0.402098592710827
0.694586464733368	0.597176759263921	0.4997858899853377	0.4087099397198058	0.32504806146784143
0.6990859946274727	0.5954914001835877	0.4829176802443278	0.3617567292333018	0.23118059851536812
0.6920375847674632	0.5863936785348187	0.4760158112585788	0.3628638137213465	0.2485896127983343
0.6446822988089638	0.5328888843029235	0.4244458118595589	0.3276561417672989	0.24770048070601924
0.7263866824535601	0.6454252567785637	0.5622863048757833	0.4778486066835018	0.3941271587863074
0.6804828938152728	0.5929989872331837	0.5110256931951893	0.4392126191362923	0.37954973586158547
0.7417009594069062	0.6488198041029397	0.5557261994017045	0.4693107069804422	0.39404444073907674
0.6105057322196105	0.5161060323730028	0.41828705323995174	0.31611776931461827	0.21105366088878252
0.7074248604644806	0.6249404412441283	0.5386039781526305	0.44673889270129835	0.3462007074414597
0.5623622493646889	0.45924652488504114	0.36849378998578175	0.2903344313162476	0.21823550284304416
0.628841012924858	0.5527151101161503	0.4746406756612972	0.39202094112544417	0.30227771895290123
0.7013675211354167	0.6100359593011992	0.5274489897620013	0.45736885874490935	0.39895168124635627
0.7315638502726913	0.659553324227933	0.5787395659617238	0.48621426498857834	0.38075750669764286
0.6981295927478633	0.6233785905227474	0.5543415849019434	0.49070559346742115	0.4306114831142528
0.6491517411820692	0.5409904951429433	0.4297104005173227	0.32043081555771563	0.21735761331317913
0.6320558555574598	0.5152848776854752	0.4062320899796023	0.31004784720566264	0.2249348956458011
0.5969395878186142	0.47435231627360464	0.35292157022333104	0.23437080495519536	0.11831715501146112
0.6345286419913009	0.5215250668402729	0.4111341079145765	0.30461432829617496	0.19735157706303952
0.724278930604707	0.6251038389393548	0.5176677884496138	0.403112273828233	0.2809650374688264
0.749507063586688	0.6753194098650438	0.6008504440346115	0.5260052900874645	0.451547901918649
0.8217361806683086	0.749877905216716	0.6692612024707553	0.5802957069731012	0.4842582201779449
0.5958733253065029	0.4676369605624488	0.3312386227835845	0.18883932056340566	0.04281444288994733
0.6552188497520262	0.5611255195086564	0.4739424443979437	0.39282083752821895	0.3112745710973307
0.6264759284601273	0.5096598543533569	0.39724722894298065	0.28968769226526475	0.18060839409288026
0.7106042705344753	0.63037006210702	0.5472561893438422	0.4544287664040876	0.343072575508418
0.74684490097436	0.6550837749550168	0.5568094140117741	0.45279564781033865	0.34486355433932375
0.6749781723676902	0.564156500565781	0.45827689074330064	0.36699177498218316	0.29507061163937054
0.7158521995230369	0.6048452745960587	0.48672966231969894	0.36862349236128034	0.2562082079678044
0.6430566938988855	0.5248960923079479	0.4072204434058406	0.29840040560623204	0.20453405968263516
0.7008058585250861	0.6187511878463129	0.538196897450401	0.45866407723220604	0.37665674729641746
0.5665154813467645	0.4248553167765706	0.28211354380894105	0.14625651404326873	0.020596956880216004
0.7076271175703278	0.6118297714398783	0.5029496602744754	0.3819777659352418	0.2537353006106573
0.5702088316388905	0.4696119355761151	0.3822141073138949	0.30822647196830505	0.2423617744290498
0.7721125133364257	0.6730648989954627	0.5632525686599373	0.4522437496504488	0.3543071195193709
0.6780087886214687	0.5946787366946518	0.5095481670872934	0.4190970691545563	0.3185930939707712
0.6626492303296746	0.5705578036895578	0.4691776425222773	0.35319369219788843	0.22144981636096744
0.6878031932100613	0.5991235396074737	0.505790626205239	0.4106684064183033	0.31794462753259073
0.6343920666847384	0.5218521394131223	0.4041854076614422	0.28425288917646885	0.16595617832839335
0.672500554711408	0.5609006687555271	0.44399198194926176	0.32928256714721393	0.22497160244159262
0.6988756767280238	0.6069045672922563	0.519483972264145	0.4388215012994195	0.3643900102989888
0.673741117592134	0.5649013297089976	0.45100121211933325	0.33868082632138624	0.23273690585157658
0.7518455302369897	0.6608467407527508	0.553488277100846	0.426629235188826	0.2791949085306307
0.6174711828730468	0.5045130128674588	0.39361348373117244	0.28615638832546686	0.18011475400678698
0.7105713260380709	0.6022101524749602	0.48326764314392245	0.35681536523700746	0.22767239304829384
0.6766960430911726	0.5676356902096444	0.4453825886186647	0.31472171333690835	0.18409016472817347
0.6451807697437795	0.566600959797103	0.4933037570864	0.42273493572791193	0.35130673302900967
0.704563693929535	0.6284189530561144	0.5552567723843214	0.4838566845211828	0.4117538583678545
0.6596306841746811	0.5475064591037644	0.4389346956338007	0.33709159332497274	0.2385933529475837
0.6800795983910846	0.5734813264631979	0.4572965778105552	0.33580602662080383	0.21494600609896244
0.6567603289402839	0.5359967026095898	0.39891914581793736	0.24661040457092348	0.08333989310166695
0.6535077247520721	0.5552242391140653	0.44787332554343107	0.3292912344656179	0.19834882498238673
0.72207535528745	0.6497510732468033	0.5760407125991839	0.4948299103721549	0.39735124997292137
0.7072541928572378	0.6208956281538928	0.5307962379431534	0.43948132677937507	0.3496310791911268
0.67260944703215	0.5592377765688704	0.4526388389077878	0.36252625740658656	0.2957214046273122
0.7575698275981725	0.6612112726043943	0.5589668791351333	0.4497798484071541	0.3315546758816118
0.6961304926951505	0.6183467731042036	0.5444847705491814	0.4727026817232131	0.40017155177394165
0.6441475264148014	0.5358595181946453	0.4265084892736132	0.3205511284066923	0.22145990514689626
0.7191790208355608	0.6530635618276034	0.5903157200564191	0.5310228666469007	0.4732644040478254
0.6771291754916084	0.5744231881613736	0.4670969530975028	0.3553204608247441	0.23776493604702847
0.612173763189016	0.5011777917932432	0.38849547316228866	0.2778913169030074	0.1721263806451446
0.737237377714611	0.6458411498925797	0.5492167291772692	0.44805326911716364	0.34284482752032636
0.6568467070756705	0.5502156663779568	0.43804736621695234	0.32251700786238424	0.20644184562902385
0.7268259747302207	0.6448312706183236	0.5664454606245395	0.48823018938414403	0.4049047498740426
0.8044407693812862	0.7249988464464062	0.6422827577822638	0.554133182700456	0.4542350346434704
0.6245249547425041	0.5296504401359013	0.44469098992539646	0.373549333697351	0.31594255349999856
0.6389013807592632	0.524454662230075	0.4005710550857402	0.2741538409887823	0.15397205377432366
0.7158654582937419	0.6110674246024407	0.514793525234145	0.44214719525534246	0.40330435155908884
0.6832916833519698	0.5974643698397034	0.5048996663268674	0.40821826285345353	0.31364517529659497
0.5211332975769165	0.3972397532798484	0.2772503281117412	0.16220086030963232	0.048492515654518224
0.6702991044630492	0.5805665242402395	0.499210585915588	0.4271055162351132	0.3608693075863092
0.6638045241755098	0.5472282091716855	0.4247687681410262	0.29451436144300847	0.15350470060952132
0.6971279150250007	0.5817949733017181	0.4575103076870102	0.3296143061615769	0.2049294715231011
0.6049845984254484	0.5063759174304736	0.411098275722281	0.32395706526232004	0.24893075425512104
0.6896096365224632	0.6133564211955634	0.53322926276882	0.4410390899509751	0.32714661470976925
0.7064660779945936	0.6199085903581062	0.535065416513222	0.44806790158607757	0.3515654183219556
0.7410733529729164	0.6596231390361366	0.5794938473412359	0.5035850128803321	0.4315274312589941
0.7032424080576024	0.6142230681550681	0.5231404007259055	0.4349647248016587	0.3538650071730336
0.7269976974135193	0.6434133161289455	0.5550622711465949	0.4611219002848965	0.36036700323297705
0.6728884141048957	0.5864630489406134	0.5026429495577489	0.4200819166504097	0.3374550963382544
0.6693661088543297	0.5578560897720132	0.44761848280493216	0.34573103560885393	0.2548506270575493
0.6165019065390993	0.4960907222767716	0.38732477159971107	0.29788592956868787	0.22606740261156516
0.7147281137854846	0.6354233154920709	0.5597355169061401	0.4877849395789052	0.41658145108666605
0.7030563534263596	0.5922024878089153	0.47416637196078665	0.35612281643345994	0.2451944453011034
0.6197574767034981	0.48316125540123533	0.33702855790785413	0.1854655945294333	0.03277916857317059
0.6968254891348269	0.6059269254126662	0.5174740445534862	0.432245279124548	0.3455243396207514
0.587006357302762	0.48457561766778884	0.39205080207771764	0.3114487958448633	0.23915671835192617
0.7000049480117669	0.6066407165759149	0.5191477216445225	0.4363886382406771	0.3500552683568787
0.7527840313603642	0.6760371781679728	0.6088285859191757	0.5517447889792138	0.5006448268299089
0.714041426200651	0.6221044407581884	0.5358337512201725	0.4569481522110278	0.3833916599065681
0.7387692154581054	0.6516195191050485	0.56340838837045	0.48096450724464107	0.4102614769548792
0.6898352504395878	0.5937623550630134	0.48761352483253567	0.3745839207386872	0.2599704604556497
0.7113565243723866	0.6067163249423464	0.5016209025936311	0.4034860545072881	0.3166074859505834
0.6796581776067294	0.5803900976760987	0.47695445057942976	0.37132154193906497	0.26882592718866355
0.6989736450376768	0.5810758693920832	0.45210059958018645	0.3169092692330937	0.18191142781863895
0.7656938488537047	0.6694678828571475	0.5600380121208867	0.4394005358066	0.3114099255925718
0.7038870074708634	0.6283786505431217	0.5553724154455575	0.47873265612624405	0.38792807613174823
0.7812011886720375	0.7167294620629924	0.6499643787934073	0.5748278918850649	0.48476428590078363
0.5995833393728283	0.48993957256313214	0.3791767382803133	0.267229846124364	0.15422813954536282
0.7524006032127452	0.6778926255132843	0.6050411932182688	0.535323721434706	0.46914516069946927
0.6889900034122108	0.6060190196252677	0.5333222078397966	0.4734936557789659	0.42307901702287626
0.72501435451877	0.6371451946998584	0.5480282894990682	0.4538754548065894	0.3457930303367594
0.635395321775853	0.5289473031479145	0.4280260172441949	0.3371732992424885	0.2574641497194946
0.6824137433185811	0.5717766022142068	0.45995670423102586	0.34970349481315566	0.24262631027217646
0.6461566892269973	0.5261146995038957	0.4054062825826036	0.2895408808337535	0.17940310910506865
0.7340372790961642	0.6483101735292262	0.557834080855851	0.46812296053023805	0.38477234819339723
0.7094454968083933	0.6003120685797901	0.49090703693297355	0.3917513745394231	0.31059899309048866
0.7021372888995573	0.6173536441892398	0.5271339086317556	0.4262523864133313	0.30579228475624165
0.727390977044571	0.6378456562456561	0.5422854162488802	0.43892245263249263	0.3247504848724659
0.5619840031085924	0.4360968670747354	0.3109008741543037	0.19497262953876818	0.09460257735736348
0.7332890158149907	0.6722472035245624	0.609838478025114	0.5407951094462219	0.4594231209463419
0.6564555644456636	0.5452461374720474	0.4324914735628953	0.31822521847066476	0.19995053639544222
0.7133949353832492	0.6257648847174546	0.5356309825494963	0.44563984241568344	0.35687293441083623
0.7044107067496814	0.6098072794261049	0.5085618653799716	0.40407032282042243	0.2988169646000756
0.6387195763268518	0.5264611027113089	0.4100355241973904	0.28886796055411224	0.16117612457423114
0.7022270897123135	0.6157533647430392	0.5311029139479151	0.44581545752948554	0.35114450486643073
0.6528525741255816	0.56344358423978	0.4763432913244542	0.39182560412691325	0.30773921247452696
0.697775780530884	0.5859396402897382	0.4659325736223377	0.34351792401725806	0.2250966501971533
0.7281945943199846	0.6392579889264418	0.5542524284585332	0.4750717262336675	0.39756098785412053
0.6596250881739341	0.553869944027396	0.45094033481054235	0.3539328316967544	0.26112741783257726
0.625069410260425	0.5218168010918202	0.4131720411536721	0.29877330149279596	0.17917666605775784
0.6929931971758109	0.5957645604404971	0.49662081126066776	0.3941759623064782	0.2843962757149688
0.7077012762937709	0.6204083599237824	0.5285222786669636	0.4323377932706356	0.33270366035853643
0.6240923595041823	0.5211559228548956	0.430691271514098	0.3567233431185711	0.2958366680109887
0.7128074913098964	0.6285156057251611	0.5389109362983031	0.4384723621280179	0.3234298062977383
0.7041698871566764	0.613830738302491	0.5373152240969132	0.48025531884722933	0.4417947170629142
0.5955214981503409	0.4651949674888961	0.3218318428841388	0.17110155997797227	0.02525905502890005
0.6426710967727389	0.5375512758927108	0.44232916529561783	0.36497244581914634	0.3069749593161832
0.7440370161476535	0.6635338589805603	0.5772387176751126	0.4785083441138739	0.3587932484287913
0.7240203625063385	0.6468115608977827	0.570363593530411	0.49460735399047623	0.41804722475917133
0.7245903128054616	0.645797075677408	0.5704076049255143	0.4992153734250917	0.4309934412436571
0.592412262086315	0.45885319107162065	0.3283919126139964	0.20424527865215242	0.08073595109178962
0.690796129073906	0.6039686804378087	0.5128630894947287	0.4196711879334472	0.3286628347455664
0.6675986502630057	0.5568736607579381	0.4361909009001234	0.31157116448293876	0.19215562122644564
0.6017888240396261	0.5004939092400869	0.40532902316808017	0.3227738171326397	0.2569706158360347
0.6010667539704792	0.4961071396341027	0.3922826287549761	0.28933084041747315	0.18502106251080724
0.6807575078489279	0.5839931141777334	0.4882322612260892	0.396043003231351	0.30899127933814474
0.6637676343256256	0.5762820466476549	0.4863993476174435	0.3877101757648358	0.2702255231954602
0.7364963836733598	0.6780863801725919	0.6203098153365149	0.5644039166655554	0.5107640074316551
0.5985707245723234	0.4546045535859807	0.3007653817661863	0.14370961159774243	-0.010477640123023442
0.6569721044431629	0.5416302490307955	0.41183198020104855	0.27195688109645005	0.12631386421776752
0.7458234911607184	0.6733316004514227	0.5981375455914083	0.51822404322345	0.43169011828139575
0.7498050999614282	0.6910996659685812	0.6428537084526845	0.6014941020529606	0.5576570727802781
0.5920614979510227	0.4790103024568076	0.3646257778840807	0.25653230967940277	0.16443149455284337
0.6073743700176532	0.4999418358025045	0.39025609523588906	0.27991105364497887	0.16863605152169528
0.7052858533956162	0.6094334597639837	0.5110187977499835	0.414179650224297	0.32149032163764646
0.7005123122533956	0.584305032248944	0.4657519071634213	0.35009372949307516	0.23943641685623096
0.6739740000237808	0.5631600484498078	0.4392029883022489	0.29807293313408234	0.13683685298449383
0.6754173278584501	0.5617366646062601	0.4473338019885238	0.3386594402857268	0.23975182469363862
0.6526835830247963	0.5447870584978806	0.4312598595269109	0.314151850167703	0.1961201758747218
0.6692010955392609	0.5771022922004719	0.477243573428645	0.37180497337749174	0.2641980477971692
0.7431751002976611	0.6568275841920086	0.5777816053208389	0.5131131684399199	0.46671910311693754
0.6761483417855123	0.5663304705905987	0.4512104129241735	0.33563140808049025	0.22078040165941124
0.7332933536096032	0.6531064122377406	0.5688827513645581	0.480273061566189	0.3829885674195916
0.7045808831498781	0.6121741525679969	0.5125808262655422	0.40445176918527126	0.2847040279552866
0.6251194474180914	0.5044254475607135	0.37965344467234147	0.2519334774731765	0.1223165897505408
0.6234965357453166	0.5406009396994939	0.46492068585947566	0.3953922395791697	0.32656816506219744
0.6043915600811383	0.5067181460674943	0.4134552864237737	0.32754567056830464	0.2493696986676443
0.7165593433490868	0.6178625033047228	0.5202466709154747	0.42822196676403096	0.3432992748906596
0.6754447833138097	0.5703366376007927	0.4618658331028608	0.35277249014869855	0.24356767500921886
0.6853572244042471	0.5802484183858516	0.4703347039304833	0.36262320186195707	0.26355868201350857
0.6652384834934101	0.5531882690867045	0.42994306331944215	0.29868037877378534	0.16489885794223053
0.7057020861577277	0.6123481962119858	0.5217515258002267	0.4373678695748996	0.35993355351361284
0.5788804411173301	0.46274105695050316	0.34964014695740797	0.24142724927695586	0.136134085812737
0.6846481987502364	0.5931376569862216	0.5077002395950482	0.42915057839948484	0.3532541445110047
0.6455947825997035	0.5624981502877945	0.4861713549046149	0.41546827193938063	0.34347562471832105
0.7853462609326199	0.7038423221590839	0.6087402894720497	0.49561324335856516	0.3590075847832087
0.7327582654792713	0.6529055425115113	0.5656026296220203	0.4714307450922869	0.37428510765336126
0.8322915821826087	0.7273471888938637	0.6067728955023007	0.4675328656984449	0.30584447756888666
0.7140167327839421	0.6343168223856979	0.560649421025792	0.4942146277562827	0.432248617124024
0.7086216503893726	0.6128121661932567	0.5101338296999427	0.40054488536456145	0.2835904645710701
0.7198255316234975	0.6164125044785392	0.5022777430049488	0.3795424367370879	0.25056537164476483
0.7202040770794658	0.6343088783911609	0.5463324375359108	0.4538691728934861	0.352508742165082
0.6741360609666514	0.5660978612584917	0.4545846715459535	0.34552790040316617	0.24206515816894292
0.5906918225450216	0.4795875882541094	0.3728928537952561	0.2678997559686164	0.1554866005462863
0.6976196956936291	0.6091874250867698	0.517605240565619	0.4240500428964566	0.3273561188173826
0.6585004668221879	0.569031219878935	0.4844970757187483	0.4060730768329352	0.3308296153701598
0.736209583649223	0.6376950344870994	0.5320380716505408	0.4210166062553287	0.30560720760241733
0.6506787536367561	0.5573980105042089	0.4653321971788671	0.374912886474199	0.28325628111201745
0.7616309453948591	0.6767272024429527	0.5974400870921508	0.5253510903532662	0.4541280534170035
0.6882873003572971	0.5923093852116894	0.4945932147299696	0.3927837561971332	0.280226148532064
0.6330304180299658	0.5237705965307421	0.41057592330628045	0.2961211760803745	0.18179024846384015
0.6850725193304843	0.6097785642604631	0.5419471304379173	0.48423833959202833	0.43759782423130644
0.6549744867680588	0.5581422302900941	0.4668079318849522	0.38163662738738496	0.297803935561625
0.7569768196894703	0.6842813169177948	0.6156797541072078	0.5560241289260902	0.5082506736602136
0.6409176373554457	0.5371702841660462	0.4434896215715883	0.36592343874620437	0.30470261613811306
0.6761541814431316	0.5568730490404284	0.42302632911307714	0.27868856651088214	0.12851783795194116
0.78239176859641	0.7060683247788327	0.6336383732229105	0.5699516751303926	0.5164873703259444
0.6274778331068889	0.5185783912929067	0.4135747420788446	0.31752288255926825	0.232299122374207
0.6459682973692048	0.5280237939073159	0.39895985993813105	0.26439933234865914	0.13307068367455532
0.6457624947707662	0.5506242359998484	0.46243800921130956	0.38807564629985736	0.32955295317536293
0.6521238493734434	0.540820977084443	0.4260686899080993	0.3150327749797434	0.2125120503862904
0.638419474132148	0.5294733786228579	0.42757504162972976	0.3354910945109713	0.2503703960611439
0.7295209772174773	0.6401870626051517	0.5489328902332326	0.4610170277223716	0.3799974186671063
0.637822161792475	0.5347174615164068	0.44329939785542505	0.3668123768509248	0.3004791564254141
0.715043951218921	0.5957187754105773	0.47794230961017864	0.37129530027186924	0.2786337327028126
0.6962516085059495	0.5965942044012464	0.49175461145048804	0.3865422609103228	0.28673666382757623
0.743683482627045	0.6306582570885896	0.5059916440002389	0.37699199389461285	0.25254570002391075
0.8121878257978953	0.7166359448165336	0.6113539117545884	0.4995298515797899	0.3812248775823686
0.6167381150049388	0.5106413251965841	0.4013434617169449	0.2930512418158935	0.18975581630590696
0.6606720123203293	0.5566293047857007	0.4492137171610322	0.3411362847641794	0.23526840786591685
0.6135765243726536	0.48924193602034466	0.3616100422898348	0.24319932309119932	0.1494171276676657
0.7178127274436179	0.6309365218341718	0.5491848645603913	0.47675209111160816	0.41543601271813535
0.6681425430463319	0.5636209295081858	0.4554566932856006	0.34355868392825345	0.22830449114653636
0.6735291051001349	0.562514757051734	0.44655220698935727	0.32749145526018114	0.20471084021098618
0.7190572359706603	0.631712634961591	0.5405278954190366	0.4466611524642126	0.3528242475164363
0.6360037354418647	0.5422363945616165	0.4452017433690578	0.344241418062315	0.2371675987159299
0.7586676474125088	0.6684656312586489	0.5705925106967127	0.46736649764740945	0.35869478299732815
0.653109556377787	0.5476496112445641	0.4400585266128333	0.33414465616757244	0.22886648202939625
0.7137414772104089	0.6106473072832418	0.4966323085790584	0.3757119057552505	0.2514062873269329
0.6520995035254775	0.543651593202099	0.4310907561369902	0.3215562414818382	0.22361294436270196
0.6569361529681456	0.5454432972106076	0.4297959834538316	0.3128991484440911	0.19436746782270606
0.6947239400518941	0.59157135486262	0.48115429046421687	0.36735447136540583	0.2548101079210794
0.7576067073545193	0.686026418454867	0.6039869740590941	0.5060977160076293	0.3925882975058024
0.787448292921385	0.7133391797627996	0.6315131263389366	0.5366173346866064	0.42345507982737185
0.7152945486273456	0.6120477170758057	0.5053418964541789	0.3994354820003039	0.29701360439442304
0.6457251104218552	0.5543545891573216	0.47478328174629403	0.4119817018788937	0.3649035541493673
0.7354093664595935	0.6631138242540997	0.5846029937524505	0.49040443381296495	0.37114705002824466
0.6549413761839424	0.5683918494628956	0.4865891974644321	0.4124380084754832	0.347553997416931
0.6953406578418316	0.6144929487388416	0.5372928011982054	0.4660824848436211	0.401491636727746
0.6193940809848992	0.5365467654439245	0.4603567483315922	0.38795753472173233	0.31297904067361615
0.685515364828581	0.5954150767806553	0.5042396315804685	0.41419562562684886	0.3251693091838452
0.616373782451169	0.5325094718130126	0.4561296632462091	0.3905137223950851	0.3383681892613268
0.717770939392053	0.6305558615486268	0.5369049544631793	0.43506143597203234	0.32361270545368936
0.6383847707511703	0.5461337817332946	0.45351018144661664	0.36056599123665783	0.2686579992747771
0.7108482314948861	0.6114218363224435	0.5146628964624368	0.4252660329270674	0.3443196058934029
0.5906557205618131	0.483596508665673	0.38088560454064313	0.2896747237767095	0.21625058564242497
0.661049840480242	0.5674060018950264	0.4812047603079059	0.40841101006099984	0.3507752767547945
0.6476686647024001	0.5391645584377207	0.4323623202455908	0.33592497796823045	0.2555156777323553
0.6366986841324654	0.5061158874373746	0.3620225582510538	0.21057682253945426	0.06176934966444812
0.7179418515599039	0.6134601357962736	0.5078936678541265	0.4086118400068992	0.3207325612008878
0.8336673078688692	0.7453008926407051	0.6488300739149078	0.5446128898952876	0.4313146377692113
0.6471437529558955	0.5563975131745401	0.4690068618329129	0.38241450386022274	0.2906855327252768
0.7616497068268343	0.6873975387379553	0.6144832978471053	0.542441325683805	0.46651972342735415
0.6704370242597892	0.5788441646673883	0.4963926401021033	0.4281910300551413	0.374108569497567
0.6278302649153453	0.5300250576567499	0.43650284845699416	0.3496059100412267	0.2687597115512495
0.7303945080958785	0.6455747160927546	0.5559419825178199	0.4629089246998543	0.3638989729493137
0.7275032777889265	0.6506596323536803	0.572911456568925	0.4929650144331543	0.4069483591753268
0.6436885268598402	0.5446700241507618	0.4482457908878499	0.36026017140808514	0.2825492034281566
0.7140250371837948	0.6120693951488618	0.5088906391738186	0.4124717872611866	0.32779041198910114
0.611832028389122	0.4874479516393027	0.3550364082378694	0.220677154017762	0.0925461041071631
0.7337906681728795	0.6517157715031414	0.5600118781789435	0.454148324572726	0.33229431715757357
0.6447836229094671	0.5440920210819619	0.44942552501725813	0.36645699511175994	0.2978340525627975
0.651370392760021	0.5493347933209836	0.44569969734335946	0.342070429211788	0.23783823800485127
0.7187305875220292	0.6129246695329844	0.49385401155518593	0.36267150237105084	0.2220599167440589
0.6607823555715212	0.5678866995023544	0.4860030886383622	0.4135439244338466	0.34085301750495944
0.7590082071735045	0.6709633933179379	0.5688010557529803	0.454364529331477	0.3346691899045918
0.7323801718578771	0.6609565083941467	0.593812791928402	0.5296856106780976	0.4648519754672595
0.684772289518874	0.6121297719048071	0.5441505180505457	0.47907074301301966	0.41284193342232406
0.7004256478033524	0.6189894450133886	0.5374294427813814	0.45206271222076067	0.3559232963034247
0.6994110568422428	0.5956958594607611	0.48343160586917366	0.3592359930614042	0.21576819260881472
0.7442079896230321	0.6421998381570833	0.5244770707408309	0.3914269897243929	0.24584665423001173
0.6298435002778562	0.5200489504956812	0.4096473269214074	0.30295130968110545	0.2013660374114985
0.650518880484299	0.5466288149434722	0.4400810297803004	0.33179297079574793	0.22104675239757854
0.5804126717986369	0.4425992744523691	0.29737815871211354	0.15418272098117453	0.020728166084653984
0.7588567163537424	0.6815847215235498	0.6070892103585352	0.5419660426896052	0.49241939494482945
0.667959004777126	0.5719078093003724	0.4704574207774343	0.3601460755746701	0.2383864471017502
0.6705559120490415	0.5741826855339065	0.47028019535654036	0.3609405627100655	0.249790553753712
0.6827247368892311	0.5726448823374733	0.45834791679927883	0.341261618674563	0.2199767021141045
0.6586731860938677	0.558426152271337	0.4546606836675764	0.35017611817943245	0.25009610869929344
0.7161326031014623	0.6207084862860482	0.5210104347402337	0.4166346110759374	0.3043943635918267
0.6248886366584977	0.5174920497012268	0.40820036830054934	0.29708086085506424	0.18040687323166893
0.7117893640728858	0.640054413456536	0.568436809912087	0.4911201692056837	0.4046607742091937
0.6845476089313269	0.6029318941290908	0.5199125267595183	0.43577809328963524	0.3484426836353492
0.5918351202915528	0.4519534406389778	0.30756975270408626	0.16039340464256654	0.007896495369284162
0.7476744771457421	0.6484946874325823	0.5458396363261305	0.4461983294579513	0.3539550209432456
0.7022754058391802	0.5998900598797101	0.4891729815821155	0.37459187881937106	0.25962261935816594
0.6614720486620771	0.5713118586836304	0.4910172369596913	0.4246824146699728	0.37021068470558655
0.7141308065831591	0.6223343854823867	0.5254063284970178	0.42405913363898595	0.3186676040592041
0.7503136408509069	0.6613482944905532	0.5605399202586876	0.44834876557285536	0.3269281170251679
0.6432056195916596	0.5434835301013019	0.43640599799080493	0.32188911401142944	0.2025959078657777
0.657855616868569	0.578391345338092	0.5034533115042794	0.43003320862996763	0.35088328641121747
0.7091860998178922	0.6066539487291273	0.5050721840254268	0.40868805826679555	0.3177205723396177
0.6689177839863194	0.5683997640642651	0.4653267838159182	0.35694621881048083	0.23796398249083672
0.7060102482441015	0.6256315589995916	0.5442415350592585	0.46384666336794317	0.3863286649196785
0.7368828896044275	0.6480226613437117	0.5514105586840345	0.4455800773363193	0.32993845957230356
0.7010120766290113	0.6332704897969109	0.5682892874433813	0.5015280753592173	0.4257350939484815
0.6848528795266441	0.5998525928639686	0.5131566926777994	0.4225660740772108	0.3245167332339657
0.7084408351614971	0.5979790403991412	0.47392884491945786	0.33837550133431904	0.1910600621946194
0.6815880361624104	0.577973273110682	0.47164100607299425	0.36398371317075345	0.25572563546380395
0.7194182015065781	0.6473522838464386	0.5801809430491095	0.5137971200397505	0.4413288837342598
0.6946393556926864	0.6125210395893592	0.5313716352162842	0.4530300644157944	0.38050659280355387
0.6626967123397531	0.5294516035942591	0.39195319083525193	0.2616352438442308	0.14678889298303577
0.6494449328006227	0.5579110212739673	0.47563042875384387	0.4059244927897505	0.34850327392849456
0.6916393707941815	0.5995987148289926	0.49791303382807317	0.3839393204539818	0.2565644427885341
0.7270945225317887	0.6468607005020409	0.5578530285651347	0.45897567835797654	0.35106594815219483
0.6550857089855964	0.5702744483331831	0.48059126811713254	0.38168916465397185	0.2703039330840834
0.7533070108063039	0.6719175749918724	0.5917406625000821	0.5147454650367775	0.4390629916432206
0.6947615735986299	0.575770608091982	0.44731029472132744	0.30794376694271686	0.15270143137355752
0.7065073898382552	0.6216338474541239	0.5362771217069909	0.45072316270043383	0.3639936645943269
0.7354587893011513	0.6515268124099081	0.5651484166367047	0.47586989907038935	0.38236069701751846
0.7055477487326227	0.5996440277813903	0.4912604466080195	0.38828668775109776	0.29597123594398955
0.7549457608166074	0.6865279607878483	0.6197329590362974	0.5561701915601727	0.4969448941869513
0.6777239997364232	0.5392066332794729	0.3927817296461499	0.24827656861668582	0.11264898007785626
0.7074462288192895	0.6063519423725421	0.5051492976586714	0.41003343712127194	0.3259687965034725
0.6597219493190744	0.5775258174652171	0.5017734092107935	0.43593352928593077	0.37996493171451995
0.6768689719451514	0.5928004629006991	0.5016065213130374	0.3963172805199964	0.2706023714614741
0.6168718801748746	0.4924046381565399	0.3671236685068455	0.246257859655428	0.13354605091179828
0.656148447646106	0.5479891995484042	0.4311396008100241	0.3095718780684895	0.1911071338703912
0.7422655318423637	0.6496654020467433	0.5491709774780968	0.4432640341510704	0.3353954011950373
0.727537775699915	0.6415529853456824	0.5531378258352309	0.46689298976040255	0.3868332210876603
0.6778274875566457	0.5609525625382719	0.43782765737360174	0.31769662845933117	0.20556642852502202
0.789228121818419	0.733522301299443	0.6837209384604446	0.6391945630306375	0.5955250676043645
0.6053205774562735	0.505802358026262	0.4088082272653643	0.3137220857829786	0.21223373032991774
0.6724707405071667	0.5922966230958021	0.5154132516920611	0.43770651638667324	0.35361519094632005
0.5700629592277442	0.4523363048465364	0.33955705709196543	0.23416906324671694	0.13444350305939842
0.689828958877156	0.5874847282730615	0.4757125044727828	0.3548757878447362	0.224971881439888
0.7178053701025982	0.6316313463875134	0.546216902889277	0.46434413378282285	0.3860107343210879
0.7596386615808436	0.672096315794037	0.5865647644692458	0.5079005783956206	0.4364106118554032
0.7810363596430385	0.7058529125059746	0.6209918054340461	0.5196548397315175	0.3974053214942946
0.676424770274612	0.5982484186342196	0.5288493328397066	0.4670056570566553	0.40592347550423485
0.5846441877541058	0.4857184378064887	0.3999399773255453	0.32896105765165023	0.2682692080184297
0.7519084050362389	0.649807267314609	0.540249491845672	0.42555841356660445	0.30627319610988407
0.6716780141480899	0.5775203856998008	0.4776699135181472	0.37179496346887525	0.25972306418844654
0.6556294240679343	0.5684169360666587	0.48031709869464106	0.39180195154068986	0.3053145547257088
0.653638861963019	0.5405617308114168	0.4228034505196069	0.30284359781081344	0.18137045777716065
0.7093992728331403	0.6088324232857165	0.5104780030368263	0.4191027217956925	0.3384122360854801
0.6105552881649982	0.49500196957109976	0.3816240407839677	0.2737939564949247	0.17216310257471296
0.6211976393740919	0.49702706384024403	0.3733470761831411	0.2594180898882963	0.1615612504147752
0.695884935478802	0.6098699593589917	0.5187315949271903	0.4219884609812906	0.31914108289954424
0.690364286744294	0.6155103190215769	0.5474628802516804	0.4843186168250998	0.4184829504547114
0.7692552609176166	0.7195543256666058	0.672472996151322	0.6185380667720737	0.545425371997181
0.6570261172473819	0.5539596115321956	0.45036997265108514	0.3528450763376872	0.2683651028190419
0.6496071139237127	0.5402528225663215	0.4284697334932469	0.3169869671976305	0.20430268764629764
0.8112432559136254	0.7380654212768551	0.6589405794454098	0.5735446645607195	0.4826620707761309
0.6395959020107818	0.525070454635999	0.40359056888334033	0.2811062723027927	0.15963313146490704
0.6856048452323458	0.5928915821070464	0.5090377566391403	0.437751193707984	0.3776881561257783
0.6686844407281592	0.5457050959021079	0.4209207036614006	0.30340832924951927	0.2014408983152427
0.6249870699754185	0.5098369053525609	0.388295089185237	0.2624509756343343	0.13378333869017536
0.6718824467260625	0.5875650387930911	0.5030214143735645	0.41854858715760995	0.3352391487815188
0.7587095664724801	0.6560979015541877	0.5490148799682416	0.43900642154752456	0.3218310467791235
0.5917732877190928	0.47971432658508284	0.3749188142541521	0.29085313800132423	0.2382365168163897
0.685899950470515	0.5882176996766408	0.47978635905471345	0.3576592698724616	0.21885774318812268
0.5915514768319314	0.48038715186947395	0.37238012715219515	0.2727327830254604	0.18469905925287097
0.6741679808123155	0.5535762130331727	0.42437321424545055	0.2960738444308624	0.17932682278221806
0.5598684566552561	0.43572169777428593	0.3207181495294768	0.22069491316659057	0.13500400752245129
0.7166893646070922	0.649919737435455	0.5839800535908212	0.515758406033766	0.4392063255626222
0.6962838551260752	0.6125479934860095	0.5331306397313207	0.4523970267546207	0.3600160325720208
0.7501599299999272	0.6875102906877282	0.6321676477797947	0.5858626114658645	0.5498135387038211
0.811351228149784	0.7204041134483016	0.6128395008889734	0.49777771283422867	0.390134051800582
0.7622602141553577	0.6768641291615771	0.5842003381611276	0.48695298819571825	0.39143261088678805
0.7536407648171287	0.6616537330533055	0.562498745808827	0.4597774835085207	0.35592205349653633
0.7006681954248883	0.6379941296504978	0.5795228215046512	0.5225553721190693	0.4639433915698095
0.6831554149114694	0.5943116622034951	0.5115744856570608	0.4390020486935055	0.37837666629563244
0.603845377555489	0.5062854288101185	0.4068350341457706	0.30688319554577836	0.20604485514456816
0.6644806634893256	0.5701447756943125	0.47883325366485935	0.3933759691295096	0.31641658631952163
0.7140465237583815	0.6253332887665327	0.5363859958572273	0.4475218623019491	0.35705112189598015
0.6384210382329422	0.5388785358924005	0.44306499328207444	0.3583795638322449	0.28833284897290157
0.6591217026303388	0.5731605477669244	0.49329603875512634	0.4213369602781226	0.35614571772443115
0.7579451071104221	0.671031329229896	0.5866388142720153	0.50246593551712	0.40673016107879173
0.6870901481216192	0.5903336984995303	0.48437717961268856	0.3734030687604902	0.26425906412478956
0.713053358410803	0.6296195333130045	0.5495068331197791	0.4687817995258168	0.3818034767861396
0.6775206037315189	0.5781132120932985	0.4766645670283719	0.37513038675100374	0.2748476918074747
0.6304795039706079	0.5318291010915974	0.4376904240868666	0.34512403436806527	0.24911736764053138
0.6027116120463594	0.49227476251813274	0.39158805278315023	0.3069516473863109	0.23903614844421073
0.6022536371675549	0.4862271352539481	0.37092739920298157	0.26010876678712175	0.15571923896253942
0.636177303371023	0.5504622841640451	0.46563280336660345	0.376617413877624	0.2783643787722154
0.697928704271814	0.5935617561184797	0.48372095939128906	0.37642484748124144	0.27897717887490914
0.6442599425568498	0.5499033197739239	0.4572713872742313	0.3689383523017166	0.2858684988827974
0.7341351631520834	0.6470478620899268	0.5532927424434652	0.44755855409696577	0.32383808477393244
0.6073419822095231	0.5180194394277924	0.4439326219816633	0.38686399268440996	0.3431092496017022
0.6154415033795525	0.4990360439093382	0.3890176205939576	0.29094147431847406	0.20586631998142424
0.7523527130752489	0.6726322493561682	0.5890974787101468	0.5036184188664393	0.41928841300764086
0.731536908956987	0.6507651816660991	0.5717597742488292	0.48805547272761984	0.3894257778300154
0.6709280243995146	0.5799924689937785	0.4971958479032935	0.4251226103369647	0.3616347488446692
0.6188582346806388	0.506912123421892	0.40118123526537397	0.3067116211407359	0.22219545972966226
0.797830601696251	0.7331910487945917	0.6665100305418574	0.5990130869056584	0.5300208133321819
0.5967012101307289	0.49275001804632534	0.3923205406884145	0.29730782428030533	0.21103135868589476
0.5678365924940384	0.441647132796894	0.3186045132530703	0.20837255716136593	0.11812029754150472
0.6810747485626859	0.5702489345561399	0.4579142448910604	0.34943255020317576	0.24624535846369594
0.5905224656422756	0.4911489467071569	0.39514388033459286	0.30343480394173544	0.21396287159940366
0.7714212209952959	0.6908670464850583	0.6052975755407547	0.5179417316767109	0.4330072928617871
0.6936124181203505	0.6076991067693898	0.5179217603516295	0.4231522406726433	0.3205645783278682
0.6931272829575035	0.6149922033225776	0.541947865062874	0.4719611387476234	0.39909769325054323
0.6884568631327435	0.6040539729948166	0.5224488267227682	0.4453000559357842	0.3745156989633287
0.7600136622046839	0.6593366858826432	0.5454203332735533	0.41682257708433457	0.2775134230345849
0.6721823912468161	0.5987711839372009	0.5325025713642582	0.4707587987499563	0.4074388794169516
0.6009916232414574	0.4624893577399918	0.3255664688373372	0.19820969905835512	0.08488403725123383
0.755987577361349	0.6601681542649749	0.5556910374945553	0.44835318455813045	0.34097038216551656
0.5928811946553066	0.48046198320969213	0.37074886191887385	0.2655820521283296	0.1603585319249081
0.7181303482546045	0.6245093162456163	0.5277128836282048	0.42808466642152115	0.32349841350691155
0.694268545860509	0.6105905525908267	0.527540929919526	0.4503447689704528	0.3829074050307445
0.6604001247764181	0.5455378809672137	0.42710245764676213	0.30766720765273314	0.18896023559168124
0.7797845814692201	0.6999050270851859	0.6177810808231682	0.5359854481419234	0.45354983056471987
0.6126818169244542	0.520075470694957	0.43502628052135434	0.35784750153026823	0.2831022429599377
0.8326749278257873	0.7770623429617547	0.7210672359592512	0.6580637997150789	0.5804420988104569
0.6421073650401868	0.549442290350993	0.4642339574062865	0.3866797679958674	0.3112490575621773
0.687979594080724	0.5773454181265938	0.45664845217570743	0.32751024989758126	0.19251182387458002
0.7738929158184127	0.69361426548413	0.6133503849019901	0.5378803540318531	0.4705648842054581
0.6896954948146168	0.5911015727890263	0.4961853253028779	0.41412773214715004	0.35196136518453436
0.7107294874892817	0.6429833935337784	0.5769738629203796	0.5092846283440667	0.4346912303151209
0.6202800764910766	0.5267369558810435	0.43394898798784093	0.33677333481775845	0.22763367793615658
0.7259746137474984	0.6523474316738938	0.57640245832638	0.4996707735951746	0.426810696381474
0.7949985251108157	0.7264179161382721	0.6590171669055589	0.598316280482962	0.546845863188718
0.7816404393637107	0.6743246764990483	0.5552411197326808	0.4319098154969718	0.31315099034199984
0.7326005374631197	0.636724541955355	0.5328030375795317	0.421753190913372	0.3031491561966693
0.7390594370836299	0.6291791769760013	0.5132416649832975	0.402485435886277	0.3084817537461726
0.6011813054675681	0.5019909767916021	0.41115814630598224	0.3363549869891944	0.280687381113552
0.6564673271410102	0.5556536676191178	0.44885348586593693	0.33738771931073847	0.22442857499776223
0.7252368014970558	0.6422866237707262	0.5650982020628602	0.49734597150336496	0.43901442689718195
0.6963093471994062	0.5888106236201311	0.47467983618016774	0.35738389652265123	0.2396194729327744
0.6662342788348052	0.5523128259530403	0.4317022156045719	0.3060413292873603	0.17776947705308566
0.7131582956376867	0.617568729285013	0.5200480034479703	0.42299735377405373	0.32673442679143366
0.65722239026958	0.546547318562663	0.4278434767489287	0.3062299642773739	0.1873244319734368
0.6158281034964942	0.5058913024793634	0.3964554259917289	0.2870166509752355	0.17495122513594885
0.6335642156530563	0.5469530079227596	0.4657729157406977	0.3892389807052428	0.3138447608079092
0.6787893741474793	0.5769517001335733	0.48406386967627596	0.40741593811799415	0.348267383959164
0.6652659888207664	0.5755380664319357	0.4884556177354906	0.40624021493802065	0.32937105684546825
0.6262302323027675	0.5143854104368865	0.4007107015109118	0.28426269957395955	0.1622176222414402
0.7245376135936108	0.6242447519219175	0.517705740948378	0.4073384094452867	0.29131414285069135
0.6497402791575858	0.5575082809265756	0.46863739662166953	0.38735755508544434	0.31637320671050784
0.6403174105504766	0.5531196598480694	0.4728192876838416	0.4022741217074177	0.3433983402599207
0.7297732680000351	0.666476691820413	0.6089481937364324	0.5533928518153977	0.4909070171760025
0.7150678659135685	0.6124955132125156	0.49747112846009495	0.3694833771323783	0.225441232200918
0.5518858917308571	0.4358862841207378	0.3299703166400153	0.23921563658257122	0.16405976856965584
0.6668445174035937	0.5793620215363783	0.4924304483400411	0.4089513976038919	0.33047272726405696
0.6466065889729556	0.5488817175242153	0.45886443781924163	0.3775146445320254	0.3003550732465192
0.7004231581841276	0.6221899303998504	0.5488966169241254	0.48326225325702726	0.42454602707775024
0.6678524159409587	0.5771525158942684	0.4886429680155817	0.3962398997259425	0.28864652013116954
0.6602175964878623	0.5587300605126955	0.45325946672806766	0.34367445954674336	0.22874484370122394
0.7301740624574823	0.6389545439250777	0.5430849379247132	0.44265927714883063	0.3374861042603692
0.7121151692832889	0.6274818637265392	0.5385377575152586	0.44503618218920327	0.34333511500228253
0.767810421987859	0.6905534686846929	0.6113601476626455	0.5281445705535842	0.4338835148105913
0.6918904398689446	0.5943170467290418	0.48971172130357793	0.38084893011961746	0.27188442552105735
0.6552507783081247	0.5509389589010473	0.44359332041949473	0.3340349906752725	0.22148306749990693
0.6650447883148375	0.5847602789916854	0.5147919445789744	0.4553345838868095	0.3998508756343584
0.6560833558797815	0.5739950235426096	0.49631132524129845	0.42309956111994496	0.35301411607989336
0.6726362188070151	0.572926905871265	0.47252179100174707	0.3787011384243447	0.2967206719354766
0.6211509396106634	0.5357662653967054	0.4587732993373622	0.388576769360161	0.3188785383197823
0.7025158560642464	0.5974330757858312	0.49172520356320565	0.38878971371227516	0.28604641455771185
0.5483394731868555	0.42466332403833046	0.3056921592913291	0.19812504504018344	0.10755702574780407
0.7243798741345172	0.6257967129779668	0.5230011609981104	0.4210567544437239	0.32202597264443084
0.6325296590804587	0.5166018120670299	0.3982861572886742	0.2790985994346987	0.15746770005082764
0.745223016724718	0.662295675519163	0.5701423705661425	0.4643538143389139	0.3396178515459959
0.8041915245126995	0.7166621496671114	0.6142981296206409	0.49900220832118763	0.3734313158490329
0.7144785251766135	0.6157615548722328	0.5102631040481375	0.40428780630656336	0.3035335087441945
0.6502276908565446	0.5434042878492746	0.4288185051189971	0.30499273433314755	0.16919873722101791
0.7442794555753384	0.6681873582610641	0.5916295541242124	0.5177368203432549	0.4497243763989718
0.7154964660909957	0.6226959694323534	0.5169412546908693	0.39666743811889593	0.2619274537407568
0.7197197104903197	0.6484813657779792	0.5761940966697515	0.4990332237256876	0.412007941916199
0.6667963893938873	0.5663961962297746	0.460093404451041	0.34743108292731995	0.22870247773271124
0.6898006581635814	0.6008039181684153	0.518995143035392	0.4462186368064267	0.3771958434373415
0.6771481668674945	0.5756272429598814	0.4726252720426031	0.371623456407119	0.2735792143413385
0.6522772052457798	0.5712656804161853	0.5064674835685958	0.4570015144822331	0.41587273039043665
0.6102178445579405	0.5091214671531779	0.4182934472311448	0.3389659141433797	0.270518722925541
0.7609203838054251	0.6808187962435746	0.5911911643040517	0.489996029053087	0.3758154915176635
0.6675372842708777	0.5640849636285489	0.458520408124668	0.3543209314065343	0.2526461371500219
0.6880113975561638	0.6034515448453327	0.5217184611899159	0.4431668532981085	0.366319622657947
0.7662917546087606	0.6589439794117063	0.5407743047555319	0.41343513112751046	0.2772051352262295
0.7886385083929174	0.7136703205358512	0.6293367302660757	0.5364955800972218	0.4360154296622297
0.6814863182961333	0.5778339528318914	0.47198199090932436	0.3695349303985349	0.27637725801483354
0.6531774925083916	0.5625399560012013	0.47530496059545285	0.38984482150588634	0.30171132553783947
0.6345458022000512	0.5270544079711531	0.4107957787900718	0.29020400568604265	0.1742800839862018
0.6800979242546812	0.6112738193030617	0.5536658755119246	0.5061272529652004	0.4615846658401598
0.7789245842039919	0.7142968720016318	0.6513091610219816	0.5878033030216379	0.5181834014505463
0.6551239119133581	0.5448473436352232	0.42976135050777764	0.31864076742125225	0.21678680713963416
0.7259926168446029	0.6169990087787601	0.4962830917982069	0.3678257021472651	0.2376537756258487
0.6848886615175142	0.5869243163880339	0.486493280657292	0.3882666329238911	0.29661532546230385
0.6815567258137071	0.5695098474104221	0.4463479189181028	0.31765535327197025	0.19187883661765054
0.6891018098946684	0.5835615274162671	0.4792450431398291	0.3837475582493037	0.3015147347857853
0.7435049728619995	0.648159304801585	0.541722095552203	0.4245693056028664	0.2996188461143856
0.7223073068968282	0.6240445380815755	0.52133004616624	0.41637956286217015	0.3105564094291915
0.6634301274315602	0.5752709592700828	0.4829567004878695	0.3887541437867333	0.2986571729357851
0.6082677450004932	0.4859236285025645	0.35927193027799076	0.22767009897328505	0.0885292217155997
0.6092967398556094	0.5045858753747052	0.39748088641919127	0.28859785652659015	0.17598824746364744
0.6487141312530742	0.5402822187417198	0.43296468903817303	0.33054458591484714	0.2339700375843674
0.7161407890301087	0.6159251083295468	0.5134562301410401	0.4122199250565763	0.31111074563660973
0.762862573585138	0.6649683886049786	0.5565965412966019	0.4406673671996335	0.3209003302187274
0.680082430878656	0.5753256061514128	0.4600763765336815	0.3335425259859884	0.19864354729672562
0.7368249293363187	0.6438013609274821	0.5457521416316365	0.4427360294945303	0.3345300168460367
0.7668145365379598	0.692786346495072	0.6128487183132112	0.5233850297609866	0.4217115140097857
0.6971162594484422	0.6093171828840598	0.522345032173923	0.4358192594093713	0.34790535431244846
0.7543254626655114	0.6523077412426291	0.545682105289065	0.4394156615498091	0.3377617841943256
0.6463880294433968	0.5137653847159426	0.3704299142456842	0.2257879814477394	0.08985868517476181
0.7033696961465139	0.6139601402075446	0.5238794377808864	0.42903586932957544	0.32294087397330895
0.6160759984340157	0.5024950465704084	0.3941351355437387	0.29639561380867635	0.21196609269934097
0.6426909092907338	0.5612990424984815	0.48285584692978467	0.4054252984030665	0.3215101894607898
0.753345029868709	0.6687916093473978	0.5921407932358516	0.5288809930494023	0.4770600764085149
0.6095101191145197	0.4963319881547945	0.37848408239220466	0.25895069004929755	0.14418637930030584
0.6176500126831549	0.5017184971594301	0.3862350331826571	0.2785119810052293	0.18433467307546283
0.7199998005795418	0.6210648326702337	0.5178791289996859	0.41356191630740036	0.3097174639742518
0.7415466512301494	0.6607584523453565	0.5824448739702035	0.505098021240411	0.42277602432690303
0.6776049163810262	0.574274773229033	0.4523614723167821	0.31053839711500647	0.15445015274346818
0.6637607445825174	0.5611646919801728	0.44832700038092665	0.3230977549107814	0.1852924261081645
0.7020796865240867	0.5880886807965048	0.47291621554420843	0.3635442171119987	0.2632429002881731
0.6236981374638757	0.5014515261709934	0.3745731155906518	0.2534679375661849	0.14962290715896795
0.7092736028739789	0.6074001314106168	0.4998353638235569	0.3869727872110501	0.2655404022365223
0.7145253794227149	0.614046544895089	0.5105161066068185	0.40883536660223946	0.31230909627572156
0.6765410707389503	0.579385768335289	0.47483866008511777	0.36141352818878614	0.2383404867758691
0.6023087363225695	0.5002757904539987	0.402632000730327	0.31169263547301074	0.22788691282529544
0.7617984002330443	0.6643321275434674	0.5493924382620046	0.41915241399035186	0.2775360673556693
0.7378043038572739	0.6672806788542973	0.5933032392849706	0.5168773020203403	0.44056636039022884
0.7541595014918897	0.661387978129417	0.5612931723856548	0.45317892701651485	0.33556917060021224
0.775727948013524	0.6866187950892557	0.5879712289716051	0.4811756799799611	0.3706086861483882
0.6025048632452493	0.49843479724755857	0.4014042377553491	0.31548188749905814	0.24078967019812142
0.7191497923111901	0.6129092994088325	0.4863306340511507	0.33943690133033655	0.1796993668567339
0.6794036675092953	0.5619403932673787	0.4296347445069222	0.28793378762689104	0.14233949433505205
0.6881519513863904	0.5995214287024201	0.5092145414065914	0.41491328806715566	0.31083583157448097
0.5872362472131737	0.4751789853866667	0.36545328344955136	0.2673370749185998	0.186840457892348
0.6615961080302236	0.5609113974058783	0.4598844152465631	0.35951214036474355	0.2597777060644898
0.6920154256490612	0.6129832140736227	0.5361849855836034	0.46076700205520055	0.3817723928330838
0.7103751596195027	0.6281623727082276	0.541502747274192	0.4460743820410677	0.3383060723651853
0.6997960695662653	0.615231483633608	0.5270482857960084	0.43232639830236735	0.32917215709539227
0.5696047137683362	0.47568726560064245	0.37969922236918907	0.2757980624979954	0.1578011864793774
0.7414723283477183	0.6465167737506236	0.5464384404949354	0.44321158190918686	0.34076916605068186
0.6660741128124383	0.5538962850006102	0.4264881057558734	0.28649743527476695	0.141926437716683
0.7429739688405443	0.6600908612392804	0.5669985746004316	0.46205425330245564	0.3447891279072497
0.6500799060262159	0.5611100706339507	0.4819059105511368	0.41316068793873517	0.35161162867621
0.6575787424486847	0.5286896648001711	0.3873105691474218	0.23850555125352474	0.0868026167535668
0.6773487240094074	0.5901842047516326	0.49900734259429713	0.40068355332390737	0.29470634447089655
0.7555781299347224	0.6844954304659338	0.6124783909867835	0.5362881040317424	0.44892617150865205
0.6666743184755517	0.5740950307027615	0.4837919882516344	0.3947998888666936	0.3067196214262602
0.6376133714527056	0.523350917764089	0.41125258629036815	0.308003007833898	0.21658195147164433
0.7663132217682053	0.6643468708416128	0.5485295245742582	0.42817880921422535	0.3162642178447844
0.6947530442819712	0.6000244823847707	0.5094463210418784	0.4287413575544572	0.36021481516620046
0.6672669859577178	0.5853684165778086	0.5078623988891512	0.43531473331172027	0.36670960624440985
0.6921151712814716	0.5988231429473492	0.49663834407039487	0.3844526195127106	0.2621173661785891
0.7270834138073816	0.64233791667782	0.5527303943457579	0.45995028965744555	0.36615250111651937
0.63882801414391	0.5296562413308061	0.41451335198694667	0.29407202435712054	0.17118232092841168
0.7214590803332853	0.6391548154781845	0.5636099456553443	0.4956774086849485	0.4312657818054129
0.7567919940671922	0.6561262391651109	0.542245079855304	0.41637870821890954	0.28434997413265783
0.7289970011417111	0.6464218863777568	0.5540456855372973	0.44629284937543034	0.318921725156487
0.6924281601096033	0.599616926437546	0.5100897465937178	0.42205486454204705	0.3296799154065598
0.6283709094672659	0.5241272501348767	0.4270125679245927	0.34394498987044	0.2784316549282362
0.639019835306291	0.5381666634422808	0.439744782964251	0.3455841127501607	0.253844489886725
0.6480065343096398	0.5597429028963357	0.47448729560582625	0.39390845885232695	0.3182261119423601
0.7520859144097356	0.6679869853428757	0.5784276068424672	0.4834649622729121	0.38158709437060356
0.7311694368239952	0.6485946452190501	0.5633654305170317	0.47776221713551154	0.39321301943578596
0.7561918024377153	0.6685115945595815	0.5766415960705572	0.48018278114475865	0.3784868521090935
0.7235403276526087	0.6164209110744947	0.506107498385962	0.3965683536858877	0.2900100701935957
0.6060434844753536	0.5037029002583798	0.4009569992797302	0.30098338968667704	0.20497433988752503
0.7019781841486332	0.6204758909481473	0.5467889239066464	0.48310598732197	0.42772248187978645
0.7433289646000585	0.6437383205681385	0.5496946738491105	0.47121317530871354	0.4112322951232615
0.6528219922891001	0.550058532388608	0.44885931533749884	0.3514390057994655	0.25831523299604764
0.6841505580774718	0.5963957065350994	0.5111978087125137	0.42756797494690346	0.34008384101839284
0.6923662897655587	0.6035533591438772	0.5227583903355115	0.4508420512664635	0.3809890496344143
0.6739697632094414	0.5612341202138825	0.4341119353152162	0.2957983644550043	0.15326510717350555
0.6912423109249348	0.5913522420517345	0.4927833753394574	0.3980140843718122	0.3061563429369119
0.6675108192016824	0.5704275017688771	0.47103057578585505	0.3724606212582418	0.2762096849438883
0.7110549095028117	0.6226825875991007	0.5421180236507587	0.48055038529916894	0.44672977520923207
0.6791435821565978	0.5552152881123033	0.4208181914847088	0.28420790233845244	0.15148228633012617
0.7630515536602717	0.6783383954803565	0.590690434637733	0.5001906353369099	0.405881989452984
0.7895568088089832	0.7138976154851201	0.6218967682867759	0.5096893116757205	0.3771564701542032
0.6438270887941416	0.542200968448436	0.4442124343880163	0.3503955328177694	0.25685120836414127
0.6518881712815554	0.5644251017476171	0.47807676529873966	0.3923019859561213	0.3060015523143163
0.6291347076707272	0.5411183425203691	0.4524994394248138	0.3573892306982772	0.24762519579768028
0.695602091626368	0.5887291297489914	0.47605505614643523	0.3612148128695889	0.2476371919991609
0.7468378727645291	0.6472790646263729	0.5380442858152151	0.42173910876245363	0.3014176683064061
0.7336720112630264	0.6492765319865554	0.551495926820735	0.4367381137651349	0.30461389297881647
0.8226426532643151	0.729467624494392	0.6236697228821686	0.5103492249671489	0.3951439077975115
0.6754101585061643	0.5881958915514829	0.5011838407105138	0.4149730612812475	0.3294663644307019
0.6060468672133561	0.47482293951090654	0.3340241987007162	0.1936323076234353	0.06668882841990367
0.6786825025558728	0.5710462960541106	0.4527198128273272	0.3241589716348112	0.1862984761237501
0.7094488260621539	0.6275528432165844	0.5409254562580458	0.4478316698598857	0.3454843162719826
0.7822527376789884	0.684450322247375	0.5746038116308452	0.4579242804856513	0.33889274969416827
0.6915924253629517	0.6317422371356917	0.579445077013171	0.5331302716370745	0.48986844142795627
0.696661455621392	0.5983640694327262	0.49369523348080335	0.38378423652557697	0.27185911178467903
0.7316726414724022	0.6331572280131192	0.5294456172167401	0.4266186656327515	0.3303402054253381
0.7555296501767227	0.6556522579324907	0.5373984838166997	0.4049582021333718	0.2687744391044925
0.656737904390965	0.5722814209051578	0.48842955774207136	0.40434304409055416	0.3190919375179375
0.7031380912915264	0.5853114237283036	0.4715207414305576	0.37533088424188854	0.3013057846602373
0.7028297213478426	0.6146885987220158	0.5273036729185591	0.4438108153879656	0.3635700963455695
0.6408246560175285	0.5340232170183178	0.4251315461064269	0.31302617446857484	0.19657695341149486
0.6492574821283342	0.5566784827924813	0.47175068600291853	0.39792225975081597	0.3368417851410756
0.6243061631167774	0.48951913899724814	0.35776727142202214	0.23861903709892887	0.13633502586039825
0.5797081351074275	0.45657638045360904	0.3394567369608117	0.23556346531654196	0.1474849463648314
0.6792434300984486	0.5897852568117316	0.5000564494575588	0.41104031098003624	0.31953030313184244
0.7409048867862481	0.6546341061031851	0.5618676889662534	0.4660301130000055	0.36930850157798456
0.6744140086937933	0.5725476749656949	0.4703335572649143	0.36970010337579046	0.2705720921131785
0.724561874946247	0.6387406523403111	0.5491235945893114	0.4552977616817002	0.35682735742151905
0.6961744239915121	0.6141479397079842	0.5356057724969612	0.45949230292921966	0.382360314290635
0.7507642987136344	0.6731219928933103	0.5987164856096211	0.5279170207375894	0.4581252758141604
0.6693183753838934	0.5508269841180311	0.42828783407042703	0.30749002973841466	0.19184743177221392
0.6559232508481571	0.5611584833040957	0.4658511085626137	0.37126164025297526	0.27581129628372647
0.6685081884375939	0.5413164546693143	0.4147070950092214	0.30110414042158584	0.20529411130391262
0.6765155033422946	0.5799738740962218	0.4813009534119956	0.3869374210353788	0.30404083471734983
0.7195489346236444	0.622042528378057	0.5166426162741431	0.4040128683905956	0.28468273229525076
0.6887007610261561	0.6104100230000512	0.5356016419221163	0.4610429554732297	0.38197445872373514
0.7105603776903358	0.607177362228275	0.49196938130158974	0.36599619033722924	0.2333382509679956
0.7114629734995261	0.6086457572637323	0.5017624290866824	0.39610783679459843	0.2935582122636164
0.6872887873162462	0.5996995399719591	0.5195773514796053	0.4477802789355261	0.3811802653587367
0.6754782273514498	0.5730221650021208	0.4659376085858876	0.3570487387609589	0.2494035480453134
0.6763638662408674	0.5639734440960712	0.4450594512054991	0.3217235347927055	0.193331434998677
0.661232394815171	0.539966769110915	0.4180967109257228	0.3022321848630848	0.19470196583350372
0.6787748823290551	0.5820455425083193	0.48963683456062634	0.4053225616395082	0.32681332460623186
0.7399167334152893	0.6442243935466608	0.5379952965948162	0.4259408758808802	0.3137820569787789
0.7347039620855748	0.6183582531190459	0.49030281193325576	0.3542165377605499	0.2161350019631243
0.650216961383362	0.5592651723953951	0.46984124569514396	0.3822146844771715	0.2967088066745153
0.7078723926368214	0.6041869158084499	0.4972617141453034	0.39133950910885945	0.2885272500189145
0.6466349052565232	0.5524397521451648	0.4718382379276466	0.4076810532136331	0.3573958212109792
0.7177534444265569	0.6334289041539126	0.5585597874037488	0.4951960444905177	0.4372038169253981
0.6605113581735192	0.542590371311584	0.41785435408940175	0.2907408562075311	0.16546138332351837
0.6726758487766795	0.5601845636403807	0.4428745792914618	0.32257537271626446	0.19957480433448918
0.7426502629396271	0.6740763303112842	0.6017245032455157	0.5206655576088034	0.4261216340723076
0.6823580813006238	0.5951262268064285	0.5085474768834368	0.4204851418179642	0.3265658438680924
0.7096381336635442	0.6045803847887102	0.48724886997217337	0.3602248400731436	0.22777249173293884
0.6662431109574106	0.5648983237710751	0.4604925341037456	0.3562892929932022	0.24985115800190077
0.6372640508616434	0.5349613935549121	0.4226892761202016	0.30018305481083635	0.17146935831260252
0.7064190752385517	0.6122368469272257	0.5171028693840666	0.42551525040709814	0.3408972449600325
0.6484197082502158	0.5381002335468732	0.4211333536198196	0.3005804034241857	0.18041789286524818
0.6927356903441233	0.5996557831055465	0.5041645588251431	0.40632003595281074	0.3036019452077506
0.7122740191719991	0.5702635924272328	0.40053878675376536	0.210061244187228	0.012930542935425546
0.7481430709139244	0.6764516778789362	0.6104721343325903	0.5539436957374433	0.5074625578730351
0.649610338193363	0.5531693216238789	0.46055732187650533	0.37286341839945514	0.2866723152542874
0.7434663476909442	0.6640839647490011	0.5771230109043426	0.4836855018295006	0.3855266253578695
0.6702318415553217	0.572429552158216	0.4767260336999682	0.38606145050275364	0.30172798521261485
0.6322974572359564	0.5374202950569447	0.44690453691767984	0.3651238358658335	0.2923988994528895
0.7640187363157128	0.697177557653323	0.6266170481640619	0.5513348265529773	0.4706996036691488
0.6565281759784878	0.5660113131386226	0.4707430690363549	0.3714952723509409	0.2703099068078233
0.6803602710694374	0.5794914481815147	0.4812797200763422	0.3919018903918615	0.31494543816715237
0.6878519383899682	0.5955751483673424	0.5098441745836083	0.43378613043392106	0.36496141342811794
0.6815421984559827	0.592833968105065	0.5103904668892991	0.43329304597803137	0.35531640560562505
0.686163414865071	0.5765169495351059	0.4590692791347037	0.3348824078376546	0.20490026570551803
0.6324928224639007	0.5370813111912572	0.4460614789211589	0.35859888242145854	0.27008535371852926
0.6328463336498358	0.5468984762872368	0.4670396324162626	0.39390005178718807	0.32727890615601823
0.6764621828673033	0.6032214014972854	0.5410015556804381	0.4873503366007387	0.43366493491932734
0.6880409032581026	0.5895219781659732	0.4902265021774408	0.39553647865483377	0.3099986862445887
0.7139228820759433	0.6187439300531233	0.5183111329421368	0.41242284754372793	0.3006723952938781
0.8450476510499646	0.768576538495458	0.6897730156534765	0.6083384366141493	0.5203990084893013
0.6708459851519962	0.5654404791217763	0.46128323751334765	0.3628801037356825	0.274671133935801
0.7560958811629254	0.678914685730198	0.5959006413475308	0.5075535808520478	0.41618173661993596
0.6932543322565897	0.6094261310697306	0.530249627894727	0.4579083362664977	0.3903644216111359
0.7246383792589672	0.6265522720774575	0.5221250732066487	0.4174246603509749	0.31831947725192217
0.6489809355128093	0.553901945241181	0.45506535073701937	0.35234142126970486	0.24388961564169365
0.7721726864896696	0.7003599479794187	0.6274517242471723	0.5490784777237514	0.4565917383719851
0.6696086619146329	0.5677488285088299	0.46771168177818173	0.37498757306932595	0.2916445236450296
0.7059135954270132	0.6015541352489462	0.48759895806599546	0.36437632741131415	0.23091207985525147
0.694107491823308	0.6198298498355946	0.5501581664412818	0.4879684798295597	0.43658528920929096
0.8007343636446694	0.7082870974832727	0.6084837182416271	0.5046780284511582	0.39986204440506434
0.6862037348896707	0.5931359167718078	0.5000920862403799	0.4076148067055708	0.3135348765160002
0.6344350369428428	0.5326780968202819	0.43012724778845385	0.3368033622238047	0.26492985251430906
0.7240720584667039	0.6399632787446311	0.5560577587664063	0.46892147904049536	0.370935449544639
0.6368983325943074	0.5410417002915033	0.4453949904592638	0.34901435672804976	0.24826052979563457
0.6919106416063451	0.5928030709310899	0.48815340910898075	0.3794941484572347	0.26688066075884337
0.7443042676792717	0.6567542880565427	0.5600429154540886	0.4509648128291261	0.3258090388050234
0.7408803636997745	0.6663197281098115	0.5951430695203626	0.5300862832762229	0.4714052481104607
0.7560231825884756	0.6675280515420265	0.5853029404136666	0.5127699213482063	0.44358075583754497
0.6996940059209802	0.6083443238499555	0.5083636301563996	0.3986757495102644	0.28034431052088243
0.6089540308867081	0.49304458422854297	0.3740934907390654	0.257534246594463	0.14781070609638888
0.702933517351615	0.6202708590474748	0.5400252681007784	0.4607769602957692	0.3796141521078
0.7882194933286665	0.6903518903706749	0.5839982353949813	0.47748830593456626	0.3795092199555457
0.6935773816637084	0.6096636216676621	0.5245165533440437	0.44017892381417345	0.35972255930588615
0.5613865151277365	0.4300697278379221	0.309319385954068	0.20512273928732477	0.11600834002506825
0.6922976168901336	0.6018579377256605	0.5172275588462837	0.4415080225857097	0.3727030989587871
0.6757674281588089	0.5690944824859823	0.46606723984382764	0.3772482359454804	0.3140018115978635
0.6855221109086483	0.60188247122244	0.5210347055769089	0.4384000336902872	0.3476309005177279
0.6870219579275362	0.5845602940588601	0.47501485879217176	0.3590724182119665	0.23825264686031003
0.6868667051268385	0.5823561820728144	0.47442689637222163	0.36290221134690154	0.2445465413878356
0.6848720676884262	0.576607366234297	0.46216362358837093	0.34584640249946225	0.23140063165775993
0.6667967959035664	0.5772921778099301	0.48972565790285016	0.4083913356363456	0.3355434568246654
0.7108512070420099	0.6032962560164669	0.48391078812502186	0.35078458976274496	0.20063074827657223
0.6639221614491742	0.5906476083350798	0.5220418782014271	0.4553366729754532	0.38445063505759114
0.7804003479662456	0.6756177866258463	0.5588855956203005	0.43458686318530715	0.3078267342560579
0.7970398003793541	0.7022747754018003	0.5931311392439685	0.47547657691803763	0.35936334421924465
0.7199046009406214	0.6452372073502213	0.5786597364627439	0.5219161981009764	0.4690275381046587
0.7485589248617713	0.6542276441589983	0.5548464990894448	0.45585009447970093	0.3614498362608627
0.7043353701839329	0.6024427161714153	0.49297952369419273	0.37388049553908465	0.24222693259596714
0.6989983012472122	0.6156300693337374	0.5372572456079427	0.461778153710897	0.3829699201203374
0.7444387126888657	0.6712581415076556	0.5952174943550094	0.5156956179850835	0.4337980126319652
0.6692975184024307	0.5904854611235754	0.5184225172748382	0.4540224245507063	0.3946501023445186
0.6789232363506894	0.5902529701895107	0.5063568258668408	0.43201061546968383	0.37006033252302406
0.5499253234027859	0.4353972660512303	0.3280593614782777	0.2302676961266394	0.1392539882920027
0.6141775836756561	0.5031448817718738	0.38206704513507106	0.24931316905520168	0.10579478318383015
0.6609541805411325	0.5752166931427121	0.4937619589840947	0.41744430390110376	0.34645671539958456
0.6517044839547138	0.5663066990089927	0.48791734680457377	0.41846966555113324	0.3579009641443235
0.6794455800786027	0.5907955267707896	0.5011189971443326	0.40744143790323956	0.30457654779320464
0.6644345452540305	0.5600462984877144	0.4604354016239585	0.3697734814724218	0.2885034827111291
0.777538497975376	0.6783097182598247	0.5684400583969478	0.45189658706065294	0.3320497962469248
0.7383547100076341	0.6565760730714867	0.5707921621136071	0.4797506021500268	0.3846043628072386
0.7456914797633569	0.6715377056197411	0.5953487613832854	0.5163717354458761	0.4308820839916904
0.7541867387495714	0.6614806246975976	0.5633819206343357	0.46525398973200244	0.37509299890109027
0.7275234627493911	0.6435189867325225	0.5530412785903973	0.45711443518087913	0.3571256472375152
0.5780413674561046	0.4662339996252134	0.3558052485486994	0.24865205827398038	0.14575106420530548
0.680620345375916	0.587347034822234	0.5014271226092819	0.42016405620957176	0.33439359204596864
0.6541319384549014	0.5552834454675383	0.4501547123868843	0.33562962530188595	0.21013197472489697
0.7436448719283447	0.6444624249331232	0.5339010503417045	0.41074320706902456	0.27538859626616596
0.6880496739766285	0.5987137128359409	0.5037208425020704	0.4028524817365259	0.2978532487905127
0.6768118360148624	0.5881603845644264	0.5023077123688465	0.4211818334267775	0.3442557784707424
0.7230174924625645	0.6286371896854375	0.5370745474682459	0.45520102851472216	0.38400366009867787
0.6655610730572802	0.5535533925583506	0.43772023786080017	0.326246783166409	0.2249783231181092
0.6912642754906491	0.5936684869208337	0.4952597217886292	0.3944851088819229	0.28255848573160663
0.6768412136986623	0.5640842822141767	0.4530209602899615	0.3550763383187854	0.27822116820507453
0.7016108543675506	0.5983571649121222	0.49381988368803076	0.3923772955879513	0.29383166216007156
0.7297556841312176	0.6513580629942528	0.5767157058109318	0.5115533570141986	0.4612538875857389
0.780911509630783	0.698484073199035	0.6118672251536457	0.523043567845238	0.43462939925189154
0.7354150691272526	0.6628008399787253	0.5849337603602675	0.5029439796839489	0.4187967720594812
0.691231698300776	0.6305209454980246	0.5833273197867208	0.5461736502738419	0.5117257041651352
0.7949945233709275	0.7411793894482642	0.6919389190159717	0.6445683926212561	0.5913061227472631
0.6885635754791752	0.5823343560660543	0.47259147054373907	0.3601736945320437	0.24189367937273612
0.7033029790037718	0.6209924147133615	0.546357539554917	0.48518633485866147	0.4393591072015486
0.755909525207969	0.6895005933866312	0.6278369249962482	0.5738690603078519	0.5301225662989085
0.6965370571716503	0.5989325512282478	0.4998799292750939	0.4031532401183084	0.30892120316804805
0.7523501643853411	0.6692781338525676	0.5864251219644234	0.509714570797782	0.44250826134183413
0.6191136013882398	0.5153158633499607	0.4171955257522262	0.32895481547368643	0.25219666640796123
0.761806081203757	0.6678923989626588	0.56507941212519	0.4523685014755654	0.32802681593035243
0.709579881868474	0.6251314397729397	0.5345446678399659	0.4400805664294746	0.34528820129282617
0.7174701115936447	0.6100264746740494	0.4943655733849917	0.370435101196255	0.23740198339336366
0.7421521324731228	0.6691510262873885	0.5917352124016326	0.5110830786105564	0.42852080789680647
0.6584417429614227	0.5576118053884361	0.4515378091386966	0.3370665342648849	0.2090710105911284
0.6110036809984003	0.5049788371137441	0.4032127428482573	0.3077524119090829	0.2167494064300965
0.6811794485635045	0.5920953563127749	0.5013725464017379	0.41158935932801644	0.32624308652556583
0.6916773334573466	0.5829536782150143	0.4681562190760633	0.35166991036123796	0.2361538485045252
0.7098211899015696	0.5939696591528626	0.46091244936070414	0.31110681778674676	0.14919735854650462
0.7535692411764955	0.6700478675158706	0.5858646444844133	0.5023713075495991	0.41702447609666443
0.7842301020430315	0.7037876411701929	0.6242272862980576	0.5434598070449335	0.45458331418079617
0.6504802225193681	0.5626606560633618	0.48443496755239734	0.41946385926089097	0.36569822160495663
0.7283260686133648	0.6349059701960866	0.5341286059872142	0.4233476044118608	0.29783362540070757
0.7368808431563414	0.6650812231519639	0.5956425603083977	0.5294984247928982	0.46661540092214915
0.7031341996239346	0.6191296769323199	0.5396770643225968	0.4657908470563133	0.39452943569348004
0.7018000312582965	0.5817760340240947	0.45489481480634664	0.327620495639138	0.20712256464374224
0.7180940600987027	0.6240527081415966	0.5284025480249814	0.4337994278898307	0.3397778339430748
0.641070842122917	0.5481710329048515	0.4674812809977561	0.4037539124971834	0.3568613625863284
0.7323728637639366	0.64318758704892	0.5532568254689922	0.45879779721398933	0.35278703026367847
0.7125225401950327	0.6366449342420007	0.5583735555667755	0.4761279740371325	0.3854532907560282
0.7234942947311591	0.6385166510148188	0.555085554987484	0.4768051488251406	0.40604077403829175
0.6708328187630495	0.5769709325750746	0.4959169226152597	0.4284814198273015	0.36653010025521887
0.7418965829769917	0.6523119530477729	0.5557979617146899	0.4593148335889622	0.37222307661030096
0.6954432729893429	0.6251599623005358	0.5551459142604669	0.4830062858129887	0.40545957790216286
0.647976436832501	0.5262740117184888	0.39646411996946035	0.26314936353669316	0.1287271209098919
0.7107192009222449	0.5939587428239839	0.4686977573388016	0.3401963839085081	0.21197641292354652
0.725158890272742	0.6500409207788415	0.5751239725734757	0.4997650087465273	0.4226998670948004
0.6011463330027412	0.49704032767544526	0.396466261757964	0.29997673547034326	0.20585713750379997
0.534545152517384	0.42917210601387457	0.3339114102615844	0.2522987701603767	0.1828784457444346
0.6228525969795597	0.5081501277467579	0.3998876096340525	0.3068970058971252	0.23623426277014833
0.6910081031550375	0.5995370525856556	0.5143660837018412	0.4383051763783981	0.36951049598242997
0.6130777820555332	0.49722739803562666	0.3807178666752757	0.2631885929422768	0.14240978134216614
0.7387119356379465	0.6280615029431081	0.5020733538440403	0.36358951161397746	0.2197132704629931
0.6630423311327355	0.5747293541707958	0.492054075482254	0.41476797085183553	0.33897603309629476
0.7190072758466917	0.6183708874519686	0.5088691373161373	0.3947581262102536	0.2799508999225364
0.6785674616037518	0.5823670806551201	0.4831098877855713	0.3816681381608179	0.27696189482326633
0.6962901442337376	0.6094650911859173	0.5272799753948638	0.450591187029844	0.3775702820556176
0.6155096432050228	0.5201136287547437	0.42183444443840873	0.3155522975864431	0.1966386140249577
0.6814663747092845	0.5796988086313405	0.48045357268124805	0.3869075001008158	0.2963410342319499
0.6859592908040528	0.5983501525048915	0.5162316691051648	0.44319865810414044	0.3816171765311369
0.6996044057154321	0.60208776825471	0.5011572085201549	0.3978799134289032	0.2940482851518265
0.6690648336710558	0.5672935417803506	0.4610898709972824	0.35521218144429495	0.2560745096607767
0.7232702474964483	0.6601241968568017	0.6027445475331449	0.5489177778573827	0.4925016434591627
0.6125328903159437	0.5085188435930286	0.4085479181171237	0.3174439776495133	0.23699497660230695
0.7144231531169137	0.6193171566076938	0.5245245827629392	0.4336181066894212	0.3461138577128741
0.6051747382783883	0.5078683829707862	0.4178824479168901	0.3363615323538762	0.2618177052751704
0.6596869768120435	0.5730113330833372	0.49432373554316655	0.4243387178199336	0.3574069763902465
0.6567749731977959	0.5613346669330925	0.46027897165732923	0.35049495721256996	0.23132948202429607
0.7304765814513235	0.6233660648195788	0.5052799170250714	0.38400073119394296	0.2660306296732158
0.662405925273152	0.5615611071652605	0.46008839150386527	0.3583232709380783	0.2530773527158017
0.6989440551054765	0.6080873551631543	0.5135894667561522	0.41797734958349186	0.3261737160638199
0.6640818138777135	0.5631023168201981	0.4635869611598308	0.3693544012508156	0.28201038526956385
0.6733751879242048	0.585649060008989	0.5046615371620624	0.4335876458150442	0.3723079649422753
0.6854782132478788	0.5807892182439788	0.48246968042489174	0.3976035475410695	0.3274547842849164
0.6668105546168952	0.5799315706828589	0.49426988483417117	0.4126240809054279	0.33503215428369515
0.7202249357630844	0.6536076551866757	0.5926869543572936	0.5385490265549536	0.4929246950141423
0.6397134442147874	0.5369454387460584	0.42574811126289974	0.30641525870583225	0.18088769048512338
0.6705619904747392	0.580874271981739	0.4930577188878384	0.4083884516105666	0.32669378871554716
0.7865425374823954	0.7083467366354524	0.6289651610599399	0.5494474680959635	0.4689565519309794
0.6806594244616554	0.565613810359429	0.43591751189713346	0.2883046725584781	0.11842069497605485
0.6444539250311696	0.5560995861389982	0.4814865362455407	0.4225962075731411	0.3758025727733043
0.7697833804295996	0.6931072800125831	0.605129514940508	0.5029398876394178	0.38433637170367463
0.5644689531839762	0.44061075685489154	0.3122416481642982	0.17988281245717308	0.04183976964632394
0.7085941345196471	0.6380042059642248	0.573715288155517	0.5176978550137862	0.46907639371301707
0.6459191690838753	0.5541417174950771	0.45421750585576226	0.34440555182187454	0.22423163315316824
0.6583831677030244	0.5628500201751366	0.4671684648573948	0.37091532093352564	0.27137333583449613
0.6435352751127943	0.5300211240810011	0.4087761751372252	0.2751878456824571	0.12324026514072067
0.6540262916948151	0.5488013255806145	0.44239634507226555	0.33281602509435004	0.2131900686429109
0.6920508222584822	0.5734998065592555	0.4471717666142321	0.32217363519648	0.20871934372107764
0.6685297185334148	0.5650147846745757	0.46556428912227954	0.3711399404275672	0.2753641024145472
0.668834139797321	0.5653236399560913	0.46531010938760564	0.3773774982310409	0.30538938914840713
0.6455989483226823	0.5307451211560958	0.41588295296293776	0.3126746900976813	0.23250154559079098
0.6617974330469881	0.5694962364437779	0.46951065940709413	0.3592580022871799	0.23725805343281503
0.6566752410954425	0.5550504668807452	0.4532134670701632	0.3499351661206239	0.23967019042884352
0.642032105442873	0.5595463562832712	0.4825121846907503	0.406870064235651	0.32228787767895006
0.7050814391667884	0.6026251378210689	0.49801323005767567	0.39301022565238414	0.2858122355307402
0.6956126899725474	0.6150591253401396	0.533995822861924	0.450092634335761	0.3602286038188768
0.6394825652537357	0.5298513332163446	0.42119112812466414	0.3157354092994618	0.2122789401122269
0.6552593132986048	0.5619033520405221	0.4666940315737767	0.3672898636073485	0.26088130393200565
0.7174332840438615	0.6245310635859737	0.5280071828509939	0.42662653339806683	0.31687575567108894
0.7324907386549393	0.6385669292855931	0.53337279997295	0.4169990299944465	0.2913387632745398
0.5587997293683197	0.4359544354515088	0.31016241729385857	0.1862873757815749	0.06815548208604688
0.6872814121040203	0.5960840481127985	0.4980723168862528	0.3926867126179235	0.2790396512079236
0.7044370446454193	0.6175899130788117	0.524559895065612	0.4274807122245985	0.32930834906024314
0.7721659046061822	0.6996566408312866	0.6332942263487584	0.5736837844314644	0.516167438266176
0.7023075677799462	0.6109564453588664	0.520595487907205	0.43024104997182705	0.3366341558961849
0.7717739802302107	0.6673036410620155	0.5544164930355527	0.43440967351566273	0.3073199691797136
0.6804367088262196	0.6033652691579106	0.5210138131596986	0.43647848871656	0.3571584011373429
0.8382119999739016	0.777691467412274	0.713498563767999	0.6456448840464302	0.5730574010003076
0.5911962516471664	0.4577400151347827	0.3200860087906392	0.185382453968555	0.056540689013969234
0.7169622640299224	0.6239347863314533	0.5266565189620441	0.42345202559790274	0.30914566709215746
0.6304553796180298	0.543101568323741	0.4559203227032931	0.3707440910812738	0.289574399656241
0.6372109134955551	0.5191622406025429	0.40410979717298234	0.2972796473501674	0.19900398349612064
0.6366852060925062	0.5233476315439319	0.4157615837117627	0.3207909903152317	0.23997094674598937
0.6610068903673637	0.549304762470867	0.4329378951570556	0.31425339946382186	0.19293711135338873
0.7685764735314153	0.6909040531831312	0.6159821255221701	0.5493693903789088	0.49601968861663387
0.7081314808943922	0.6203728289319254	0.5385507109359821	0.46668301824536357	0.4052835135505153
0.6641949321285481	0.5820322435353151	0.49592829704363023	0.4010397504017873	0.29344481412899215
0.6563341369865651	0.5576520004538892	0.45746235499829363	0.3556982340653369	0.2489713522548045
0.5046115038348349	0.35800706864776444	0.2148991822160149	0.08551166949496669	-0.02323637328659575
0.6955198847005303	0.6093951675523013	0.5195524405499614	0.42845952620227523	0.3409139744693216
0.7019939033460985	0.6098336426163867	0.511170626820546	0.40719294741045775	0.2983006139538348
0.5944957781644433	0.4883064161971856	0.38009880099260607	0.272273890283092	0.16831717654045925
0.6339943045629376	0.539432566927652	0.45679863486530053	0.3896248308086466	0.3319952089227228
0.7054392712057604	0.6047030324348812	0.49822298209577653	0.3908761628011821	0.28643931106458737
0.6919230328543655	0.6036241259578906	0.5175371701304025	0.438704168333461	0.37154885064234405
0.6871175273838052	0.6120593574086325	0.5409362448610001	0.46869136749838264	0.3847917935366064
0.710392387875694	0.6258514206841767	0.5401334417188735	0.4520761226468473	0.3601073650864135
0.7194106297892955	0.6468256925867785	0.5703474138185687	0.48619192380758647	0.3914794896330588
0.7195069040478832	0.6108540361807548	0.49504567733935645	0.3797817918048131	0.2740648728821385
0.6541661284069575	0.5676188725462539	0.48710571935443586	0.4130844968357944	0.3417824740733676
0.7590530068719802	0.6854402028476265	0.6066097136502155	0.5214887807306569	0.431134749429564
0.621413096936248	0.5083048934379781	0.39865492915019274	0.29605558482398164	0.20220216295399393
0.656191229608754	0.5457503721504593	0.4275685506542175	0.2999512581851652	0.1578216289302391
0.8015177765565072	0.7252924169722612	0.6444921292337706	0.5541093647367227	0.44835765321689874
0.69319535785581	0.5852598880355508	0.476530156390731	0.37458724376008556	0.2835282677989702
0.7466853761432336	0.6546263622063214	0.5483554937930214	0.4283405178193683	0.2993365641851599
0.6033334611059562	0.49332108525285456	0.38633542215172223	0.28781447441411023	0.1991305371013022
0.656741702813403	0.5555652561916027	0.4551995205325731	0.3639439940934451	0.29060976261980176
0.6776260747238556	0.5925248405546236	0.5049083950366553	0.4209291279974591	0.34698026054164677
0.6496863670196081	0.5314736013922129	0.4096964123522849	0.28809290423381423	0.17011037777793303
0.6772304526949604	0.5783378048793678	0.4740877377632784	0.36945833902534286	0.2718814678606848
0.6609175547632791	0.5686021851014275	0.4758356436443739	0.3859769705529563	0.29841002454693083
0.6023310215610472	0.5092898935025486	0.42832220398380755	0.36306316170671227	0.3115836618886521
0.7510590719883182	0.6913291549974289	0.6386049931670116	0.5915922911991192	0.545072840111297
0.701541393177073	0.619942734843105	0.5406974800183002	0.4622370026590046	0.3805621910896274
0.6516771835776423	0.5509916674205483	0.44943298099286905	0.3483953128504937	0.2470933228188154
0.6302503643976604	0.5155944590178928	0.39592015853956597	0.2781685920455468	0.16873921719905005
0.6940325912355417	0.6119304520132727	0.5240149914605413	0.4320644173716667	0.3426507208057942
0.7850256321705058	0.7115343474090792	0.6279397227919303	0.534373956092796	0.43118774566057083
0.6791411864694559	0.5975176349090431	0.525784417918274	0.4687785883720765	0.4285694578684629
0.6263891337212908	0.512635704855274	0.395280934499974	0.2747256938985169	0.14966328409908586
0.7395157248681427	0.64232164679684	0.5421510826320602	0.4400653196193567	0.3337374180116839
0.7099116237227288	0.6134108482847913	0.509313464823197	0.39918437954612895	0.2860706879084909
0.6928074415729636	0.599004679054738	0.49676055929896984	0.38145800611682373	0.24816550839672902
0.6692270550673837	0.5658982093348133	0.46415751031440156	0.36797696812013936	0.27635759351161165
0.7595680586798618	0.6764334421626597	0.5869286992422665	0.4907078742793214	0.3869415811887924
0.777796344875457	0.7048966628431572	0.6388823360733543	0.5824420257527055	0.5353187439888626
0.6217277678720672	0.5303288555064716	0.44240982329478284	0.35982793219432047	0.28055097188228023
0.6801198485014716	0.5842541371897282	0.49816335164829745	0.43215346695258844	0.3908982061738026
0.7613886599390428	0.6754958473586116	0.5891012824299913	0.5055029448579804	0.4250988001021505
0.8164671614675749	0.7204563827896028	0.608921275369962	0.4858585926935483	0.3581158271810293
0.7382521524112206	0.6342272228879628	0.5137140780300147	0.379821459375207	0.2393717427644507
0.6722198687097897	0.5728435534198382	0.4732700397156858	0.38016279869744507	0.29985089667794573
0.6609391750286102	0.5367941057878859	0.40185655150295685	0.2567834919045674	0.10233219431620794
0.7584029876430131	0.6789858261650992	0.591376187932642	0.48480574161009593	0.34566866847481587
0.6321075166934627	0.5323203786233676	0.42824738609020857	0.3190629556822854	0.20359356923724445
0.7085121256664051	0.6150886648860485	0.5197858713056577	0.420232487651711	0.31335749912201827
0.70637218672069	0.6356250474475466	0.572208391531861	0.5153023196098155	0.46249356601874925
0.7422564337748414	0.6548680856697514	0.5619161086844797	0.46128808618059564	0.3483889150409777
0.700730689479575	0.6074801881385121	0.5160190861971384	0.4287421063420675	0.3460807411253097
0.7400181382061841	0.6445116679347811	0.54619700724117	0.44947324576443126	0.35651250637895454
0.6420605290870944	0.5505968857588904	0.462659844373428	0.38276377131579636	0.31114286508418265
0.6978874753684979	0.5949353181089365	0.48952655332495987	0.38534088449167514	0.28394746002705873
0.7073007999224356	0.6000268294823735	0.47818750047653236	0.34674301848159766	0.21313164830546097
0.8290902960283291	0.7656086026489436	0.6980016215511877	0.6252917233674032	0.5463468692529783
0.6276510915581757	0.5459077457761199	0.475928017282191	0.4155311649499983	0.35533186509978787
0.7230255803412765	0.6300976759716339	0.5333261683362013	0.4324572476964252	0.3264132457697013
0.664065877966518	0.569436119413535	0.4758004161495644	0.38637538277557093	0.3028411855612759
0.65273882169062	0.5469179481420318	0.4384503185742701	0.3254136887054479	0.20330343454549538
0.6968473669539148	0.5928285992734634	0.4810506499728491	0.36543670944664086	0.252471548014136
0.709068271874966	0.6302144627690809	0.5527191681985222	0.47614048665269687	0.40011445364001846
0.6751356149061403	0.583884756318701	0.48440152465499353	0.3782637323784323	0.2713499957418885
0.63914633101616	0.5461610624061419	0.46382956264021047	0.3947427473638291	0.333167461313593
0.6587102719982415	0.5631574482769351	0.46688273150573967	0.3713312096069561	0.2769337413963181
0.7213073734294957	0.6309147602186991	0.5324096842864307	0.42626247016352126	0.31246057060678756
0.6837054397965531	0.5939203142408007	0.5110048968028245	0.4406162469661339	0.3847013871674834
0.6960561675944152	0.6256829573319163	0.5578369239046032	0.48788949583897623	0.4070110057613347
0.6820537620359429	0.5735025799068567	0.4575723924251205	0.33950226598812505	0.2238323155363519
0.6058548722057482	0.5003880951132307	0.4005521054284356	0.30949731574423023	0.22761511855712524
0.6680218785406469	0.5629059361816726	0.4640940419748949	0.37952440044415875	0.3135336202751117
0.67310909242246	0.5923276577829061	0.5207923056589996	0.4574725766556661	0.3965555700730288
0.67590277305847	0.5812814063166865	0.49009561670561674	0.40456389523855263	0.3224304158429011
0.649290347955257	0.534281309271924	0.40983092704441426	0.2798441071679268	0.148637245170178
0.6534215085298245	0.5627564396517123	0.4703688643554987	0.37366097370966495	0.26870420448331406
0.6942092144895414	0.5924167563534294	0.4877795521429516	0.3784257232829208	0.2581409917473094
0.5748103304806379	0.45397965340532426	0.3380066173157008	0.23235295969863656	0.13870758446065573
0.7033107583504294	0.6232108428258244	0.5439471530688952	0.46539519177923316	0.3872239923179946
0.5744523809453874	0.4668250142622924	0.36664729621493475	0.2805078701217769	0.21263889801234298
0.667736131662737	0.5804347652945033	0.4945081535700409	0.41021256780172166	0.3273932733946117
0.7234602347246941	0.6382223068528935	0.547494953810831	0.4528143994859658	0.35804936604376164
0.6458719214328513	0.5593924796840208	0.47856692202379547	0.4051932622324529	0.34249542610592676
0.7196883542485661	0.6103358078652636	0.4920888503297879	0.3704408366900478	0.2518794954066404
0.7592311630407712	0.6701442480516665	0.5757348374065745	0.47538551549181024	0.3676474397858641
0.728072645881392	0.6279209722349451	0.5223953569261457	0.4170998070156573	0.31576057130294893
0.7218819944859057	0.638645922495998	0.5440038963348431	0.43247224097265824	0.301217134231742
0.6900428769271765	0.5862274606842602	0.47443325417172716	0.3554421653988015	0.22809634143757146
0.6313210821497734	0.5223386722341236	0.41885221948065665	0.3221544126182215	0.22761465612112702
0.7292400066008704	0.6222534788487348	0.5019116148031462	0.3719000627737803	0.23831442682073156
0.6774375214637189	0.5725145665261773	0.45887728494939606	0.33866751687862584	0.2151272698371182
0.6476167369635184	0.5434093342420124	0.4371521848967189	0.3300390667950029	0.21887135077176076
0.67482747638292	0.5872209538075064	0.50470435285546	0.43213907923108746	0.36993639462944766
0.7790886421833118	0.6886716930217225	0.5936836905435835	0.5028604948194272	0.4256515461397343
0.7500555069235446	0.6583639606421339	0.5658709190784421	0.47989428753775065	0.4050528098743578
0.7707071959871155	0.6654733537426614	0.5542679601939865	0.4419008680984219	0.330000429922436
0.691507136402618	0.5961874594150754	0.5140766816508362	0.4551512346782486	0.4206237637899417
0.7675409823444728	0.7026546385246201	0.637244714964433	0.5715725018879763	0.5060881495177176
0.6220247479930515	0.4964404529298603	0.3597715671102675	0.2148204734295268	0.06573265410879378
0.6901686551959114	0.6311292052440576	0.580899553060672	0.5306207089010505	0.4668571900200891
0.6413106583294104	0.5446066321131207	0.4485005518327649	0.35356657355135246	0.2588004599946373
0.7503018577124497	0.6535779334997347	0.545270754741316	0.4270312896224111	0.3006773018181137
0.5793262891286474	0.48643479287443764	0.40069976081760367	0.3242545232888877	0.2550131194244908
0.6499100055212359	0.5586032031500907	0.4707827728003662	0.39020669811012476	0.31821387579918664
0.6524056796339696	0.562230921724731	0.4723624714560912	0.38091305767053774	0.2815164354923122
0.5903024719369927	0.46850852775749774	0.3396258102137053	0.20420846987874286	0.061842745654108244
0.6246254374173527	0.5235773343244106	0.42974150828667645	0.3501638173532099	0.29242180558797504
0.6691692479485647	0.5735113590754919	0.48544394227948723	0.40761491847389936	0.3370826870828476
0.5580850691172843	0.43516829337678326	0.32044523836073857	0.22456936200667837	0.15698539026000402
0.6689299961720772	0.576944599118632	0.4875008718149276	0.3991864973854049	0.3060358756757987
0.6410321230044279	0.5251369881251702	0.40666387017486416	0.29199372552733543	0.18666162293398347
0.7112746970653703	0.6242381444393511	0.5352683403644373	0.4445758665782511	0.3530634457152159
0.7724278879815358	0.6674053337244036	0.5485249419540079	0.4203334673035592	0.28946695333307726
0.6697171634067189	0.5558597845783486	0.43023573356018663	0.2950355002883024	0.15394276762550968
0.6485809786160258	0.5435400412378585	0.4400362449619786	0.3425008319406461	0.25306033666519173
0.6589663427750716	0.5569156024574999	0.4598184849466671	0.3746591392336587	0.3066892628075742
0.6316496835484082	0.5336351974887785	0.4409185619967975	0.3529112118348701	0.2655743946494758
0.5782195396628049	0.4518492652058367	0.3222747679031049	0.19628610332801869	0.08159945087676636
0.7391268683053046	0.6620789882955451	0.5831388142613311	0.5001548033669367	0.4102813385355833
0.7195263602201832	0.6288188198098642	0.5424948275670978	0.4632939537290431	0.38723984823111274
0.6684228973599989	0.5627381832727375	0.4542846625256133	0.3482028347317428	0.2485497974327702
0.6455089037592792	0.5437985674223799	0.443450210461006	0.34523493119526394	0.24602150279247437
0.7232494413806293	0.6436133773133478	0.5571661951711275	0.459782019033998	0.3469814247989608
0.7832501280138159	0.7108660146324485	0.6402753599986626	0.5758381728535426	0.5185361279538084
0.6773749012312907	0.5634001203494808	0.4397506297506817	0.3104399594915268	0.17917972626918505
0.692708748698428	0.6119974184823617	0.5324789675379283	0.45721562985300074	0.3894993153173235
0.7819615066665255	0.7195791270179936	0.6610591390591993	0.6060409579311872	0.5509703708127665
0.7172880178788592	0.6143214699327052	0.4991600997445339	0.37201442695993553	0.23554377880528782
0.6393014972409659	0.5475598801720232	0.45915459384062407	0.370468114896881	0.27239262531299613
0.7036706579923836	0.6179659888920859	0.5277135485542868	0.43247923582234943	0.3322805007302161
0.6615528970489319	0.5768388268377955	0.49862836863542476	0.42910965465790846	0.3693896433093081
0.6706057628060289	0.5849358536500072	0.4990338815971652	0.40957519987337015	0.3128411389319075
0.654269019330197	0.5571060320602115	0.4543985926948251	0.34575155116424555	0.229738769028427
0.7163825508155877	0.648744558333944	0.5782101729786556	0.5038170426871594	0.4263422449148659
0.6722775042681833	0.5571788571421692	0.43944648827349647	0.32734350465590856	0.22524292240482663
0.699055369920923	0.6122153528677174	0.5258318017152316	0.4404428941969022	0.35407629535134083
0.7283244877809796	0.6062873812374991	0.46790524587465376	0.3244349786825149	0.18890509982769227
0.6855360136298457	0.5987979405874746	0.509242203970987	0.41720979141576864	0.3217467779156261
0.7281237907728381	0.6414883176494927	0.540044659635695	0.42405094076150884	0.3003958638715598
0.6559489344449861	0.5408542662379878	0.42393200313698276	0.31155056218705307	0.20776252830207365
0.6480964005461576	0.5633582961283607	0.47769003321248227	0.39138506207599655	0.30634892279611997
0.6356911715466071	0.5226417673017734	0.4074654952428389	0.2935947657985609	0.18474704583076207
0.7222242894884587	0.6309946151794579	0.5361979587382532	0.44546922027902147	0.3696341574054354
0.6121655537083329	0.5007915067321247	0.39356214979262927	0.29358772115040316	0.19907827968344488
0.6345972612190895	0.5201728722510135	0.3969959437509237	0.2696159791827846	0.1439677271881216
0.7636290028575162	0.6676103618993394	0.5563339807925922	0.42501135470340495	0.2689539834093359
0.7748562412044168	0.704148465396733	0.6316530676116665	0.5531669969250705	0.4599760395962119
0.6785300611793547	0.5730274103948423	0.47229438427597026	0.380280579699247	0.2975316351773898
0.7038496060758577	0.607586593237332	0.5024170037816897	0.38381736836552316	0.24671535634360797
0.6704284916544185	0.5986869693023263	0.5378276741933814	0.4869490846809379	0.4383935619534699
0.658679247878358	0.5454108012494487	0.43545750716195913	0.3397827332448114	0.26664588820108426
0.6951206312706225	0.626180870429956	0.5685737149421275	0.5220619866678976	0.48251609411336505
0.6970498029953989	0.619942892830253	0.541872999926858	0.4628677292194711	0.3797759877446614
0.7329454267477051	0.6517461277275646	0.5709042193702529	0.4879666199298526	0.3991246190551172
0.6657696132043445	0.5629563778012069	0.4586628015958666	0.3585749308507561	0.26606209153114846
0.7247914395533328	0.6370710241407801	0.5434420867497417	0.4460679218268474	0.34938553570808667
0.6541578911624963	0.5460415738527267	0.43068830178327056	0.3103665014765049	0.18543665538208895
0.6990646739034752	0.6034902022628175	0.5066949742508241	0.4091406041414671	0.3082359583650434
0.6852482854932809	0.5789014693608597	0.46450510683456964	0.3469349477749096	0.2337857736946422
0.6435810864481697	0.5279806060300873	0.41014873494458776	0.2956471385164451	0.19072041176499122
0.6846236906888868	0.5801274454636922	0.47335741884393234	0.3700024167321506	0.27412320266313805
0.6152985320486982	0.5180724435130742	0.4311406532549015	0.35722975869197976	0.29368490855647217
0.72123464103041	0.6368390576473011	0.5564184953581061	0.4799301092713733	0.4057308995670369
0.7829949001307296	0.7175158105903072	0.6527037563233523	0.5859066222044558	0.5100305006807415
0.6868932039568764	0.5750393171454874	0.45879160930452495	0.34012769399461856	0.22110369897340404
0.6768430342361205	0.5891090875110409	0.5052263107504014	0.42950954537086994	0.3622874665990575
0.6561366018776884	0.5549591010473185	0.4587587971422645	0.3678287941241476	0.2793104145043114
0.7138877885340719	0.6373116789663829	0.5559006624254794	0.46600962328645923	0.3646007417474409
0.7422490623580589	0.6550652599364759	0.5687881398037039	0.4850722480133104	0.40075246729583075
0.6005379470441311	0.5106625761277899	0.42865632982088353	0.35729943673486164	0.29678498436432094
0.6229242589311207	0.5228698613743289	0.42147476784664856	0.31623711170325836	0.20276811733853303
0.7365412585750346	0.6452944203046733	0.5434314164412294	0.4286709754223885	0.29936366242368917
0.6957168028869254	0.6021918173099545	0.5046100345134845	0.4118684614392418	0.3328779072144022
0.634640044237825	0.509440826443047	0.3765070147394179	0.2412975376668005	0.10888226046072152
0.7512093557982096	0.6483042160467414	0.543305750323415	0.44694743526719966	0.36747658955270224
0.5850283599766268	0.47607033712410973	0.368655531828562	0.26340047307108627	0.1561320213791384
0.589659266736711	0.4696226893296513	0.3479270104770531	0.22691574018819516	0.10624834371271102
0.64746771185789	0.5280222479860851	0.41654663342233184	0.3248872167754626	0.25880189895161904
0.7375679883405601	0.6679699251465541	0.598659485469325	0.527742605487828	0.452519934529221
0.6792033458958985	0.5999579761724773	0.522826395756801	0.4477522355360104	0.3748329921938446
0.6882097035234	0.5833840935072243	0.46968237404684166	0.34818784613126647	0.21755391411608732
0.6687632987353108	0.5498356810097295	0.4245162859574984	0.29485539280373335	0.16309974612737999
0.6452118635879481	0.5449941923815623	0.4487524388907364	0.3627327799275483	0.2906433751921163
0.612024121124163	0.5190058678602292	0.43396375025449174	0.35986616126310383	0.29402906225976055
0.5420396063089071	0.426129006445368	0.3104228530027208	0.197334179207798	0.08886772957549632
0.6984265209894569	0.605032628542331	0.5037012805331444	0.39701072736804294	0.2890178090334973
0.7120875036078842	0.6124669561777578	0.5105025729185539	0.40691104655404375	0.29848082482549343
0.6371134762119068	0.5436012898075058	0.45013761709765004	0.35929634732227256	0.2715686751612811
0.6433944178160277	0.5400784714361957	0.43701767200239267	0.3421832744331699	0.2623780093585184
0.6313656990426524	0.5295542694210496	0.42564030350884163	0.32150996361289524	0.2187058876314307
0.7161167808624548	0.6193140231803379	0.5251967737038404	0.4362158379574375	0.35135084652538096
0.6080323966051834	0.5154927564897323	0.4367321855848934	0.3754354119769019	0.329845895748587
0.6635540491456728	0.5655482728120054	0.4720251535975143	0.38184656104357356	0.29171119286776603
0.6846292639752556	0.5738312989510164	0.4535733097680419	0.32368452258187896	0.18438279793855133
0.6992425360936223	0.5903903395961729	0.4673734692669181	0.3266738506962724	0.16560526392625946
0.721476033909423	0.6320941733987329	0.5374899694987811	0.43966456334368004	0.3399781999850655
0.6655006772209451	0.5632154751388729	0.4615728764952102	0.3635808785514911	0.2684225842627053
0.6184036592526946	0.525324172615308	0.4376231092130544	0.35613016940095893	0.2794435050795576
0.7369433075562841	0.647822746116396	0.5584238686937096	0.47327460090341406	0.39539990034256367
0.6777707463787835	0.5697876927105354	0.464545819776268	0.3690993297539034	0.2862486845865719
0.665649607362596	0.5557891288525482	0.44313203122364586	0.332149882405744	0.2252397070663324
0.6690237291234289	0.5648996854317083	0.4657207841962977	0.37370210311523355	0.28817202376586604
0.7418800747869158	0.6433992613281247	0.5383707152235457	0.4327191593089327	0.33374516630368956
0.6950638604233292	0.5937855102693533	0.49195499661845	0.39356711326788374	0.3021818369800206
0.7220237194176728	0.6439798562418547	0.5626712437919974	0.47869627113717195	0.3923245514994313
0.7073325045254009	0.6283181149259102	0.552733011300184	0.47910787621852524	0.3989404092899008
0.6304103954957686	0.5455241820007178	0.4674625483036947	0.3984056873032512	0.3366879132573495
0.7177052708067553	0.6299693272422828	0.5417562492446547	0.45336399188709336	0.36493627273354623
0.6973294473796101	0.589906349580831	0.4761438662531634	0.35747039162943	0.23419910088616538
0.6558841956445991	0.5570020514916011	0.45623933156970264	0.3525365893325677	0.24383633333121776
0.6651216714088701	0.560102392252715	0.4450559591201975	0.31676133883355884	0.17109741722502286
0.6542562584903056	0.5486211814503337	0.4519988875849007	0.3753562335067688	0.3232485485316051
0.7014785955085595	0.6085818755952769	0.5146150240920462	0.42173858099389244	0.3310040657277703
0.5431765288116979	0.4143978104838607	0.2878787918674487	0.16694022806244535	0.05086628824872861
0.7162095613727839	0.6260260670694517	0.5322401413089285	0.4369672073544968	0.34310547558366705
0.709642559751527	0.6196334164257231	0.5264139849353066	0.43149549265155507	0.33430409721571036
0.6534421226134628	0.5617133714556946	0.4723367278469467	0.38662101136159716	0.30616915877030126
0.6948670499450783	0.589100910879662	0.4828335181354225	0.38163552548693397	0.28801970323456727
0.6823506444782645	0.6140581942784565	0.556742844148978	0.5113822235169635	0.47560291627950874
0.661484663838958	0.5872961434276907	0.5209883745661337	0.46049021384687316	0.4003919734389193
0.6099544598220064	0.5043275616629492	0.39217066100219916	0.2727861337790542	0.14630851251498062
0.7558872422021349	0.6810621889233467	0.6132820425010135	0.5524752825520689	0.491833506525489
0.7047553526291611	0.6015679883782883	0.49102198543776343	0.3709039675770015	0.2364485186707475
0.6716533464513176	0.566509276669944	0.4644553533003972	0.36747445382313565	0.2724405373737494
0.5945058386397024	0.4854880366314319	0.37643257508690486	0.2711692753485231	0.17157542407290993
0.7832598124768444	0.7013569025351895	0.6137040238228172	0.5238339734736153	0.43314832282413557
0.604791911805665	0.5014099585610348	0.4021282070052558	0.31423573672299243	0.24363442174575564
0.6673531214331997	0.5463148799232882	0.41117485078115995	0.26443613853077025	0.11035811243832107
0.6478524806240771	0.548456923369647	0.4484421149283546	0.3479077185077696	0.24573328058431476
0.6927669919970776	0.5999388146558997	0.5015475476135335	0.39836919982879815	0.29241892694590654
0.5856704406074544	0.4736692914846282	0.3613217293953132	0.252895162371086	0.15216285942214214
0.5700079943517931	0.4443094463140136	0.3041082695154362	0.15145200149008814	-0.004875890769448055
0.7125012967845605	0.6109541498286676	0.5045750284645344	0.39574859309946386	0.28757222613236944
0.7166045376605953	0.6466379881119922	0.5748628491029	0.49472245820772065	0.39780351582278917
0.757725237185031	0.6975261676765261	0.6362642798582548	0.576043726860932	0.5220514577092267
0.6126702519204994	0.5041372179937185	0.39518679145367286	0.2885571468975537	0.18575117898038843
0.7562001437939411	0.6663707861254424	0.5655155311852011	0.454085207939228	0.33456770388777113
0.7547838829254159	0.680431995600596	0.6121085543272875	0.5531022113037619	0.5025753878574964
0.7349814856471042	0.6639253587962176	0.5976554071833221	0.5353998409882055	0.472383616801058
0.7941938187672365	0.7261344744770154	0.6573889776409267	0.5859712356597513	0.5068371039091618
0.7053887504733083	0.6298091806316322	0.5600721010578129	0.4945221339708966	0.4296109506960163
0.6843803384376577	0.5723303748363844	0.4553367649493107	0.3384171833956988	0.2243476656382254
0.6280587078876675	0.5251983207228667	0.42044781824107896	0.31609382455690255	0.21512710957803255
0.6793762815364109	0.5717498227462625	0.4555463961969049	0.3341325377142022	0.21181483660023478
0.6767250059595675	0.5928982431705977	0.5110744575059954	0.4274017727413184	0.334980732402103
0.7245135025925167	0.6414078547463425	0.5548248783488788	0.4677901948112607	0.3823620304973784
0.6491940026930481	0.5332793989773204	0.40580925000834633	0.275312686627188	0.1519851546739051
0.6902885836101725	0.5733704544065367	0.45264015291378407	0.33611268368715974	0.22814282871858338
0.6793894548437852	0.5883782104111595	0.4920192782946273	0.39126572307899976	0.2859572105901259
0.7493761521396453	0.6486526877291116	0.5407465977709174	0.42573551719754066	0.3016667140270655
0.6621451883550502	0.5691953549143096	0.4803056320103298	0.4036973754827892	0.3458789021496109
0.6429367437093771	0.5581173815375893	0.47631772686546536	0.4009861071278283	0.33490558536058684
0.7109260813936448	0.6297499457617869	0.5540532694486812	0.4874110811484817	0.4290645798966025
0.6634595498549938	0.5626262967966554	0.465071971333759	0.3722612386882776	0.2785721071796293
0.5985217266204449	0.4881578859991502	0.38133529892345486	0.2825103343811381	0.1950462407960606
0.7079228977646288	0.6294773134290846	0.5536654425364116	0.47823252068673705	0.39787492351175374
0.8172696725385826	0.7496353236590441	0.6706169545823365	0.5707461725289443	0.44062517766972137
0.6697398486221731	0.5859713958158644	0.5134295210472773	0.4505895376189639	0.3913504524826137
0.6387098510881772	0.5453720672275636	0.45670790344507683	0.3782821759006496	0.3158210799784082
0.748458024663586	0.6746385450168658	0.5939006466149165	0.5075284367425682	0.41820520319888005
0.6978729449169823	0.6016616687666071	0.5000670880566789	0.3977083809035793	0.29854968203973975
0.7660839306723803	0.6623558229483874	0.5475385900756833	0.42287163025505375	0.2887090157918789
0.6746369099574944	0.5640053550358164	0.4495409629909243	0.33582517975181264	0.22576559174732225
0.7535791362653407	0.6487686636012158	0.531802055756298	0.41031885142910207	0.28924945498063737
0.7878346651256077	0.7072083423271986	0.6235439915887893	0.539183356706129	0.4530117357228206
0.6379624264882595	0.5411615825651925	0.44430467929591033	0.34821243815389663	0.25174261148387206
0.7638941119681263	0.6801700491692295	0.5842610963996753	0.478000705091151	0.36673681540836733
0.6241263618936559	0.5169364148991134	0.4233771472616228	0.3529945008261521	0.3133129227207642
0.7064200080282773	0.6164146746143755	0.5264998124663933	0.4389638155695289	0.3508576500567966
0.7111892405424962	0.6203027884591739	0.5281998281911344	0.4389859115286906	0.3562085079187015
0.7058511255203568	0.6157385232684655	0.5245113454817458	0.4387269036547331	0.36552360601044587
0.6876584545549738	0.5931803162900933	0.49423900426526557	0.3938221708878763	0.2963815707900894
0.6382508345064903	0.5218443098888048	0.39970845711074565	0.27323227321126364	0.1422244947084223
0.7029906632006956	0.6267016664839244	0.5536124916960987	0.48437597840738533	0.41857842849552235
0.7363254420319605	0.6561570031875966	0.5698871776791209	0.4742152130019929	0.36651838233639017
0.7078742186533517	0.628075258625428	0.5470115433841682	0.46522328238129995	0.37976311804765617
0.7423958527248888	0.6597043516768439	0.5807354624890854	0.508958675113264	0.44457492406694077
0.6412224099830534	0.5455986750712274	0.4525517070880861	0.36633175018455244	0.2926269961825514
0.6433011125766084	0.5634856209849812	0.4872448078235057	0.40673648546570224	0.31063238166528967
0.6844206181963313	0.5769976595570486	0.4639039174730886	0.34818506840438135	0.23250932666751825
0.6738655769925148	0.5814869573603897	0.49013756446287704	0.397789879813478	0.30108387401079306
0.6491691861659683	0.5531609524669556	0.46748095287046604	0.3969956842171974	0.33983314456763064
0.7303117635524096	0.6358437897028477	0.5380237891288563	0.4391533172941216	0.3381051402631218
0.551437663846105	0.43701893772584766	0.3267373310917873	0.22634984932188176	0.1395815951823701
0.6356122611795443	0.5372793490941549	0.43991006264839744	0.34349165355896166	0.24439304879098295
0.6168243126157195	0.5153363104473421	0.4173073445299461	0.3230415419346094	0.23120769005494118
0.6499621073526032	0.549852372512337	0.45262934905188357	0.3636834999003183	0.2848856405009834
0.6599900676150439	0.5532460394581438	0.4419462713196466	0.32945702823419276	0.22185892590002118
0.6077660885231246	0.4916317265690082	0.3766301264663827	0.27166050483975707	0.185398212732653
0.6641816552031284	0.5618719762568609	0.452791766466005	0.3374397392430055	0.21346732684637837
0.6676410057721406	0.5871109574941921	0.5115735642395675	0.4455551873557251	0.3939225650431058
0.6109690664888688	0.4942040839643034	0.3861421657625466	0.29028977649217397	0.20469148720609862
0.6927270322346896	0.585951376372019	0.4735475158524635	0.3607338157785074	0.2484102596554638
0.7686094084092352	0.6895502060555797	0.6153056241333998	0.5472652494579903	0.4796718134874022
0.5632206805828981	0.3965391165199703	0.22451206295495568	0.058305474120254	-0.09537607899770917
0.591721740511329	0.48205379025406625	0.37895032674829615	0.2860048555815101	0.20254118171200033
0.5908000433781153	0.48781821765962274	0.38651848498895885	0.28422976470332684	0.1756593248125565
0.684130066729842	0.5886206864053363	0.4922631775729364	0.3979257068903042	0.3054741757612227
0.7558230146113378	0.6852997322093856	0.6160231288655814	0.5510235532389929	0.49195654090638213
0.6808598300556247	0.6089856013981982	0.5486408485929782	0.500612737541689	0.4589759308592572
0.6010044954978971	0.4916804778540186	0.39045936168868367	0.3056872204366652	0.24088910593016477
0.6475053608609621	0.5637613652331667	0.4912887191040779	0.4301907124837805	0.37440297327002603
0.6470503888365784	0.5498878085325486	0.4489713119640216	0.3459292200768091	0.24487464047153565
0.7076644356319682	0.6106386888187306	0.506425174973324	0.39931267439516144	0.29408507847280624
0.6591744427964668	0.5425889237511818	0.41108440712551714	0.2660715593733726	0.11354711920786324
0.6485417329430135	0.5419484234153943	0.4399838569083373	0.34973082580241854	0.2744019441664806
0.6795925191157648	0.5899646364440605	0.5138846621277718	0.4559070741031449	0.41159936700554145
0.688599477257174	0.5977050969492257	0.5105558565955897	0.4289875605613968	0.3532012738848199
0.666248441075323	0.5826120340880238	0.4961924116832367	0.40417526602181114	0.3032609263867208
0.6022963132954642	0.47659607069931037	0.3461444992581572	0.21763058203114408	0.0990613783780529
0.7079571980670338	0.6246370330714468	0.5467166395627118	0.47483007112806763	0.403954958898967
0.6722590663606594	0.5526835700921223	0.4319818522417578	0.31851137991220874	0.21906778958301254
0.7261034601067387	0.6535027534061164	0.5824572194295716	0.5101795136940132	0.4301731141127266
0.6322848440494933	0.546930357015091	0.46997853855960703	0.4004114912526912	0.33519135950068846
0.7345555628687249	0.6463535590912646	0.5582770809231579	0.4718140917424355	0.38627588996783235
0.6859891715150371	0.600256113762494	0.5094014213469215	0.41373664636004603	0.31204908730668185
0.6684214203161554	0.5616469503910828	0.45194119492576246	0.34286104814118157	0.23738312547967863
0.7019026633877166	0.5923663470986458	0.4701690735358838	0.3360937279785614	0.18997376972411845
0.6722689203351476	0.5761163625955551	0.4777504107725272	0.3804373824898721	0.285753334169527
0.6501231607244244	0.547927004350932	0.45023813437483573	0.35326702907193464	0.24834440132127708
0.6320548862080779	0.5235169803010592	0.42057029356340414	0.3282362585996893	0.24467589149836705
0.7103431094784812	0.6275090282688074	0.5479446129626115	0.4737553889799812	0.4090915566460215
0.61961118365247	0.5251104790913674	0.4372439487429121	0.3597818024074348	0.29313057290953
0.7359076552199258	0.6423002085442143	0.5467403993304062	0.453556387904108	0.36240016770337974
0.6947325999433054	0.6200376719724795	0.5463306749128896	0.47095842998276893	0.3896907128770306
0.6237609174462871	0.5382124595215755	0.4503647453003634	0.35148023567414577	0.2319980369128077
0.6506341032863229	0.5589693983117954	0.47265027732405784	0.3969739997696195	0.3344925172398177
0.6916703152830164	0.5897911226713131	0.4888672088704217	0.39139880326310444	0.2961310124772777
0.7309447886782057	0.6731956419384344	0.6177739258609433	0.5607345556390954	0.4988461483367612
0.6984360618334042	0.6055209604371726	0.5067114960700476	0.40481431056165906	0.3038405617096945
0.7293515265886	0.6335706502804263	0.5337104157656676	0.43225077846357424	0.33424717065241505
0.6782456627003098	0.5921859186288554	0.5071113101508078	0.41848403749494073	0.31924436126980626
0.5891981556130522	0.45016411434792825	0.31010469027233345	0.18212053050288413	0.07881022706359744
0.7303997714928316	0.6506652464914406	0.5673047299893614	0.4810997177102336	0.39369965460495
0.7610507729504801	0.6751984764694687	0.5862727438689341	0.4981357247016441	0.41370878105115566
0.7614398656690838	0.6771567457373348	0.5858838774819922	0.48845914119329054	0.38663284390471375
0.6645799342884753	0.5752806968581683	0.4935516480931172	0.42394279851940375	0.3643192493894649
0.6753795164065586	0.5736368464245674	0.46899852855462104	0.36017282240860604	0.2437565492298141
0.6034161553789197	0.49990319783433323	0.3982194636921529	0.2993393458302537	0.20018866369070556
0.7266854777614269	0.6266341932372924	0.5309744971069187	0.44098181985522567	0.347398423013044
0.7387592025601653	0.6552683471589523	0.5673436347015881	0.4766402045320759	0.38491618650800563
0.7302641015883491	0.6436337986332167	0.561106393540165	0.48741133809567844	0.4234734552227998
0.7204489438378129	0.6199528626357134	0.5128158860430724	0.400485257018118	0.28366652087891686
0.7222706318678399	0.6567894342610148	0.5926729675930582	0.5272343828283916	0.45853874238430303
0.7746177180327211	0.7066161547458769	0.6494925043092977	0.6044133016222917	0.5668207888091128
0.6001976150346482	0.516856746719677	0.4376408992578667	0.36084514189460065	0.28254389934080215
0.6492025523467138	0.5533163458699062	0.4642505130430615	0.38549927572741594	0.3152687565784319
0.6751829858240419	0.5819516591118707	0.4940534555864753	0.41763447836479095	0.3546284892262599
0.6569136513302412	0.5715357451346819	0.4866519973419638	0.3981920780360997	0.30068229772562605
0.6915801123238186	0.5878743938511554	0.4837628189245458	0.38715503930437206	0.30386796473190286
0.7412547775162138	0.6543708456050861	0.5574592812060177	0.44723605952360485	0.3222408151861246
0.6801630328054109	0.5777356846366251	0.4768392287630647	0.38335491592212084	0.301675215677209
0.758813939698828	0.6774582213928941	0.584865167136161	0.4806248705397449	0.36775186215419736
0.7597640052093599	0.6754765044110964	0.5771759571647987	0.4635121669973977	0.3381899474713856
0.6452052061505877	0.5442058782398322	0.43833402199937643	0.3290542605229156	0.21645858430762563
0.6565461979136384	0.5574005506423017	0.4560810983996682	0.35733227137365275	0.269037273469095
0.7314660022016842	0.6153250832602897	0.4953034549369346	0.3780450718927676	0.26820238538928276
0.7205044305359101	0.6251453412174158	0.5209440116097362	0.4108089822830418	0.29915441108131213
0.6691029034223518	0.5462148378519028	0.41908243767806463	0.29213290475549436	0.16830455306021286
0.5957007830124482	0.49302310472878086	0.38856091611450105	0.28245445239657657	0.17375358054633455
0.6830679283177428	0.5570821182755081	0.4259841111668104	0.2946210595963864	0.1643159358443397
0.7290554938947689	0.6295501425528254	0.52696102630691	0.4307961830631687	0.3495689677584088
0.7420297520758052	0.6611692636345099	0.5741401040938445	0.47937771045442507	0.37789606050625746
0.6734465870114156	0.561246173748837	0.44605582536913824	0.33352064175696655	0.2272397475113694
0.67111373563148	0.5752437442203712	0.4905066147737469	0.42114163745025607	0.36222075268426146
0.6747910827435802	0.5777649308360351	0.4783857574650052	0.3780001984979794	0.27795758068828486
0.5759242792558283	0.4824472789652343	0.3961295963582998	0.3108670524903029	0.2138815411340012
0.6456368488277364	0.5280976572850187	0.4106994353994994	0.30223324322909695	0.20850859788306236
0.6388195564367221	0.5369054942385899	0.43406835245520536	0.3321817930188447	0.23023130495081826
0.7244533090411545	0.6644255974460985	0.6113494951116016	0.5627475254167104	0.5113522936252178
0.7663138515499057	0.6752549103306763	0.581575457111785	0.4878542161863879	0.3960217110516091
0.6397465564042976	0.5116640471322602	0.3760123675696474	0.23756932860824578	0.10107387749244862
0.7436224804435988	0.6517809052428404	0.5534023556856265	0.4523233295008604	0.35076823765885784
0.678582192246811	0.603259681620506	0.5263053682896406	0.44493811727900334	0.35802564073873494
0.6993182464638747	0.6187041058949155	0.5431778532755973	0.47504930929897277	0.41359289825759366
0.5429767073025401	0.43623719252112314	0.3324754835031931	0.22974080917153655	0.12238405635849887
0.7318914920051873	0.644666524365026	0.5539511078636037	0.4578282322461107	0.3514274496728861
0.6977918871522913	0.6031233632031483	0.5021374259489831	0.392774703928094	0.27100945841772844
0.5807597585824131	0.4760262099870975	0.3746337093727263	0.2753442884379611	0.17192815461573926
0.6257013832336921	0.5312806340125705	0.4374928237780434	0.3394690821070923	0.23160180772234426
0.759878809918197	0.6623707661037169	0.5493608515876299	0.424367511463584	0.2934645809159315
0.7424415149069312	0.6422079328458283	0.535842460140053	0.43248436050424033	0.3409047626357782
0.7068432674026945	0.6038421795606952	0.4955736795651193	0.3806492857322618	0.2558273928531741
0.6736479672554803	0.5783704805327881	0.49665099573319155	0.43602041336216646	0.3962182191734107
0.616314436158515	0.5002691316153158	0.39288211068301615	0.3035789497273408	0.23661473291729246
0.766305853777388	0.675576422919244	0.5803077332921958	0.4848555089147275	0.3941344524483834
0.6031421815873599	0.491029385518276	0.3881002024029131	0.2947741061182085	0.20644048890206873
0.6032954733700088	0.5121990206913655	0.4370002015203149	0.38063520842459525	0.3389281652612608
0.6635224758873315	0.5758805509256574	0.49285024237379055	0.411479174769878	0.3253250181423374
0.5752681998294658	0.4606890112904972	0.338829180085891	0.20405721095364704	0.05172700677608083
0.738067720370205	0.659412745384821	0.5819580517035341	0.50409232246731	0.4193860155392045
0.6607850237618003	0.5710754431294027	0.4830634821483319	0.39563587633256714	0.3044124083468837
0.6101794142530178	0.4990911071105122	0.39614972953743466	0.30461844907596686	0.221484765947649
0.6127759199939697	0.5087764627519711	0.40787044913586373	0.318411141706994	0.2476515452056226
0.6277657015333277	0.5213855586133127	0.41473370790440356	0.3092747438105762	0.2028188841040292
0.7290283033375949	0.6350130918111426	0.5396700713744353	0.4468366834610801	0.36145719850891583
0.6886824538292801	0.6126342952949231	0.5351247133908781	0.4574547668444835	0.38021410856830773
0.6884874193078285	0.592616660771343	0.5009822007161383	0.418187783800454	0.3451458062619741
0.6659038780687142	0.5569001748936201	0.44109086705841544	0.32350660065559184	0.20903912244650352
0.6494620423684383	0.5442210910724357	0.434674616071841	0.3194386574480089	0.19654465797908421
0.6803873561915842	0.6179077653395596	0.5568289400185423	0.487097257995595	0.3998073120401094
0.6773399737802558	0.5619031569642157	0.4409176706991007	0.32261072073283165	0.2173431486119361
0.6650925248495206	0.5837720869552381	0.516392240258515	0.4631478642606962	0.4162460215386275
0.7243709299508273	0.6351192676797666	0.5458422990904843	0.4604858123380324	0.3813305941742646
0.6294175321082816	0.5366852297975558	0.45118298152148567	0.3755014236031988	0.3070881677584104
0.743154670870438	0.6503303616741785	0.5520840349320898	0.44989018953363824	0.3423332364642266
0.728221197432019	0.6402869595970035	0.5479738489412943	0.4544307026632176	0.3614862144922807
0.704909422044724	0.6170756056610016	0.5292294907615234	0.4434445277443102	0.36435145148853176
0.7453159849934681	0.6637960131193686	0.5844266510365983	0.5108748729301691	0.4474744085600148
0.6825364694919451	0.579897026010968	0.47582263526258517	0.38108317647207995	0.30221032279454924
0.6137231099979812	0.507382746078375	0.39777977986232244	0.283065989415866	0.15753454957774468
0.6772234227406764	0.5906862606006912	0.5071480433630989	0.42980788403873815	0.3604773485682475
0.688001380260309	0.5978914580086223	0.4983087704957545	0.38662492672376936	0.262052872604692
0.8266315955332131	0.7308944919243139	0.627992502574969	0.5221248003125802	0.41398473545499054
0.7484927842047318	0.6539763309813555	0.5490782514461099	0.4369980358821827	0.32311519114281145
0.640837528970934	0.5397055448796909	0.4370252307731207	0.33213245684360077	0.2223714222093791
0.6816453583398466	0.589694843385673	0.5034049451069715	0.42974863346695924	0.3732700200286656
0.7668400463507059	0.708641508632352	0.6543102107262806	0.6036764633555392	0.5536132978765265
0.6698853213176162	0.563337348386336	0.44930205779004057	0.33260772436549096	0.21677368479715892
0.6644139413189762	0.5687357181816385	0.4715847614749226	0.3768438475739014	0.2862376201816421
0.6867150570176727	0.5895383430415471	0.4913739896554982	0.3952838225946017	0.3000515364186985
0.6293732396940143	0.5366652688237866	0.4467640803804755	0.36444269277153624	0.29373560732560067
0.662132350092768	0.5849023766948325	0.5125139181298277	0.44371478669522824	0.3726998977613205
0.6528679425813582	0.5697705890147396	0.4885919941421984	0.4080224186222092	0.32470049122531186
0.7501614720404571	0.6802437522461452	0.6025824573208617	0.5123738043335333	0.4105106448271142
0.7161113195316848	0.6192294130082732	0.526811158888117	0.4431422602412183	0.3661828813089681
0.6871710317896875	0.6024648287321702	0.5205990239794591	0.4415250017775593	0.363376477839576
0.7698598533682823	0.6926562015892769	0.616239177431397	0.5415492101444079	0.4643264195285276
0.6793192673847088	0.5693583773690312	0.4532524895075073	0.33703236028527334	0.22442409497547977
0.7054597145569904	0.6148569702125979	0.5239906938188211	0.437349452837547	0.3581748170531221
0.6912244954320723	0.600413348784983	0.5163282379203683	0.4382917383478393	0.3616304365111173
0.747400933762528	0.6592589528850674	0.5596882111071309	0.451067266816825	0.33683594306763076
0.6931877121441213	0.6042798909410686	0.5130083083073642	0.4187116598035432	0.3201805832107109
0.7307474714425081	0.6469117073920669	0.5525870274061011	0.4354692780644287	0.281897155845671
0.6010129806218102	0.4918003699623734	0.3815091262055412	0.2724296246156062	0.16420753162506352
0.6864668721527584	0.5969162645215701	0.5116677534647903	0.4354192578570804	0.37263086326494715
0.7202644692660072	0.6122044008357451	0.49167440696654074	0.36167480792085627	0.2286662385372821
0.6312705898498575	0.5059559983556808	0.3710428724707108	0.22933707955371824	0.08516441617176844
0.7980065056238156	0.7301430774195039	0.6597391625672967	0.5880955668746157	0.5129656650902313
0.689320052787434	0.5921904495705387	0.48679566864536716	0.3685899917325593	0.230362591671077
0.6460753359453156	0.5398728789311399	0.4306792519082645	0.3179475879029847	0.20018932780050433
0.6837797577586606	0.5780430138831012	0.46430048936486645	0.345000647288956	0.225306979931961
0.7563846114149609	0.685284324952925	0.6084156421057856	0.5176086682950811	0.4059018467522041
0.6914841761573631	0.5791553403254893	0.45911185471546606	0.33375640804782064	0.20666882718717405
0.7635705510370233	0.6817626544112858	0.5976653332457704	0.5135182998571762	0.4284684579666969
0.6790308367984306	0.5716387361083994	0.46288998361586764	0.3606217420233489	0.27326139927753185
0.6374238456807996	0.5340866008438808	0.428164240552967	0.32440350067566937	0.22686447044027436
0.6848182475557542	0.6143724397168497	0.5492203217024431	0.48965782133057234	0.43123201151034884
0.6426458936393189	0.5432479352621019	0.44365027105129073	0.3492952942462392	0.2655946994335743
0.6672887329780155	0.5834294907814416	0.5084285691885216	0.4414525417473414	0.3768841260166936
0.5917344766848587	0.4775664632130421	0.3701283195048816	0.2705733569956172	0.17640387171903427
0.6211182005183383	0.5306263661306401	0.44566315485464053	0.36792895369866135	0.2987379558525915
0.8097505722266922	0.7376980078733552	0.6710705481586721	0.6140712407948973	0.5660766483859833
0.7483313472972648	0.6673329891299001	0.5880497312788053	0.5150425903687497	0.4509255955480785
0.6879510572888057	0.5907957191819069	0.48934379706407577	0.37923372273445144	0.25424653660470675
0.7357131769205985	0.6562158165358073	0.5719373580243768	0.4787165747768011	0.37172144711464955
0.6127564068790895	0.5237135838103852	0.4363761798493357	0.34669245387886366	0.24943070515018723
0.7616240123890583	0.6787202490825236	0.5902535001345033	0.49643572241056855	0.3950639404202241
0.7140782837349695	0.6210627006277485	0.52629518200915	0.43419772252633715	0.347211604625254
0.581333162453582	0.47916823916479795	0.38560378255155653	0.2986874761124612	0.21099106412983132
0.7381816004680782	0.6505039230927724	0.5588435092090537	0.46451852382317993	0.366612175176312
0.7180932216984096	0.6176457339925503	0.5135762824674948	0.41066609514545716	0.31474656465331813
0.7981769252336751	0.7021676744681074	0.6006684896013984	0.49948185843308557	0.3997690529559102
0.8048683117422645	0.7299762931976722	0.6551784964106202	0.5788424365145226	0.497170768576011
0.7259118592545907	0.6330522059981399	0.5347701558094194	0.4322552285457411	0.32592384294195254
0.603751943808961	0.4891572139112573	0.37473937577058525	0.2646734408925566	0.1622519589769623
0.6193341602692185	0.5167609504229785	0.42623835842755115	0.35094819456530557	0.2851224228755165
0.6532217471444877	0.5412009055032309	0.4207791042557748	0.2903192470350277	0.1461431926376856
0.6283653263335559	0.514292070301013	0.3986902755708289	0.28686723188179536	0.18265972443120007
0.7258355384257917	0.6297391883491216	0.5305764677176048	0.4306369510724383	0.3298250014745428
0.6843439593684879	0.5738191572970627	0.4544424157529887	0.3327740820928621	0.21557051212197442
0.6413316119123433	0.5346678967755011	0.4247362507596508	0.3137357967576783	0.20606477658706032
0.7310278292070977	0.6362026294951032	0.5328764147704717	0.42192685797355733	0.30477984421812054
0.6651127792776187	0.5634783456429272	0.4605686150216593	0.3593122057333135	0.26190355068128024
0.7878804501906697	0.701928096412865	0.6084905216971382	0.5012763089998256	0.3710438260469465
0.6733190616738579	0.5951750530374553	0.5272339749471615	0.46857330743340064	0.40890398802882977
0.6488693207113525	0.5543996766609676	0.4649424813470043	0.3853859814548566	0.3202077194075023
0.6249368420163474	0.5283535943642789	0.4457113818769531	0.38310296402665955	0.34260445773365567
0.6704926389830514	0.565728717366867	0.45976826523592623	0.3590545141217147	0.2696561624647601
0.6815843664735194	0.6045686879281956	0.5291240867405377	0.4565709028175151	0.3866180241060178
0.6994152355925773	0.6075669734183594	0.5222951625314182	0.4448687534816073	0.3721939372835701
0.7147196223488089	0.6329720602293325	0.5508136247377362	0.4642829122574204	0.3653868310668028
0.6898045292042051	0.5890570026732188	0.48421643860603136	0.3801791877963765	0.2803019722475064
0.6428657703231888	0.5551653350833196	0.47022027593903876	0.38787219044929977	0.3048814169971111
0.7413810825466387	0.6538365617119848	0.5639988951466919	0.4747659634535709	0.3894321160850538
0.7455237954784293	0.6495159206678495	0.5568219846831991	0.474182195134759	0.401400420121339
0.7155410391429474	0.638991092652713	0.5647049050550699	0.4959504336647989	0.4352725623043444
0.5329638250647155	0.4087844130563135	0.29405706519789365	0.1942418801802331	0.10967189648676993
0.6751608342703173	0.5730388404611132	0.4799403357595053	0.401473344942353	0.3370562402823945
0.7665015102319043	0.7080045959392219	0.6593104831728503	0.6226018287191628	0.5940184309496856
0.6338081122551145	0.522753069669124	0.41036404896906553	0.29822688108777407	0.1841819676590985
0.7377939337705214	0.6697524678554232	0.5999028635403229	0.5233374384700488	0.4374747989611493
0.5544063357367232	0.43578665592252297	0.31481546967886354	0.19404118644774676	0.07745888561155972
0.6096850092816478	0.49923697514060145	0.3839677920519864	0.26455734460331976	0.14221107495206953
0.7313817244835491	0.6514017678713806	0.5750162000365436	0.507458347702875	0.45216354823987337
0.7095183734930413	0.625565544674639	0.5426322744651864	0.4653941812634177	0.3955848298801406
0.5716404322659656	0.4711020290538769	0.3758982784086515	0.2838730846213211	0.18931777978217695
0.6863652161436872	0.5704649029893365	0.4400616521848699	0.2968390848320357	0.1405759115866247
0.5709977850990254	0.4401935240711847	0.30543353005488383	0.17392517975286345	0.053837393266558446
0.6945905342258275	0.6166331916738005	0.5420933198265458	0.4733746817695379	0.4098617101653318
0.6577428416570883	0.5722685398107514	0.49707285674868806	0.4363136337999542	0.3882326412943478
0.6158168772702506	0.5030129275778067	0.38897465234861806	0.2795153520303484	0.1796756586758354
0.6960605268231776	0.6133108500534796	0.5363701993246162	0.4670196462111583	0.40351044582346207
0.6861787437052796	0.591491360281376	0.49541669765461627	0.4013831207093917	0.3132644605351638
0.7550146976892511	0.68230046091108	0.6118733306851291	0.5421568340915859	0.4680055291296367
0.6964279994362437	0.6014127531375982	0.5136068788523366	0.43441034378049	0.36027161622692094
0.6571223093427452	0.5426396108648511	0.4225384460277839	0.30252856441425585	0.18916771302221125
0.7133115558378811	0.5997671881321311	0.4858219230820295	0.3785812415613523	0.27868403297890326
0.6584760851813196	0.5651809913583626	0.47539251969563046	0.3903414484543244	0.30797937604236497
0.7409164158492478	0.626418234802057	0.5008218592126438	0.3662202665238365	0.22625264078237572
0.691085876355515	0.5980483783746913	0.5070309840879538	0.4212988978087647	0.34099459582690483
0.699707226880915	0.6104214702605563	0.5168040211910445	0.4195330156728994	0.3176099888432896
0.7320256948133014	0.6489190572912439	0.5731765707535712	0.5065128827633762	0.4445050689580889
0.7255055201729024	0.611246081528179	0.486014520797625	0.35314637852353026	0.21515157838707283
0.6324560405968858	0.5277785465146049	0.42134813829945444	0.31672220166072407	0.2152862784855689
0.6331293566391069	0.5291487253322521	0.43237461659211074	0.3501026073887566	0.28727986530114935
0.7033581521034881	0.614063232668185	0.5267685623122575	0.4427370074702342	0.3584055472214565
0.7048040544822954	0.605804163504951	0.5094442563514104	0.4218252525388679	0.3428901839153383
0.6324023410930877	0.513877645524434	0.38633623070001405	0.2550492267484942	0.12550229118397838
0.661747296679947	0.5724333383850638	0.4927059442730854	0.42225767189792096	0.35386385860881436
0.6558645065703792	0.5621346256861953	0.4747106260004227	0.39341116979681434	0.3148865516988166
0.6418082931822041	0.5532077156748921	0.46652012508547447	0.3813623189883063	0.2944757333575359
0.6343481574279284	0.5461943456047031	0.4637462887345119	0.3907554682450157	0.32950463229982707
0.7253510674308914	0.6392946603220122	0.546844473355317	0.44669035406054464	0.3351252262248773
0.665072728130569	0.5690582289287617	0.4720308816575177	0.37650313220402426	0.28383916968765155
0.6754145845654556	0.5709653371812486	0.4524960594062834	0.317891008152527	0.16921262051682462
0.7001323781174182	0.6180744110137812	0.5364756093842497	0.4548462057731605	0.37195100739890996
0.6696540006797105	0.5702837554794432	0.47514964050732716	0.3852615258852237	0.2953511887853633
0.5889864652338578	0.4757869697834435	0.36549973834248195	0.26524253502576967	0.17893293441147237
0.7112577811247955	0.6421435581794758	0.5736719982174956	0.5082147267609928	0.4488943131219449
0.6755623249452016	0.580144239638816	0.4883293198786619	0.40252913326717865	0.3213062352849701
0.6669340285372652	0.5815732923400849	0.5009421424772704	0.4243884747242041	0.34891301659029356
0.6558128123407706	0.5484917369781573	0.44408380626579963	0.3507436143837877	0.27161096051172046
0.641810450405591	0.5402338087221727	0.442792025697994	0.3554903250090442	0.27879935381074383
0.6720960727991934	0.5610586301926138	0.4435329836361884	0.3169005468012038	0.17596519510717773
0.699571749589169	0.6111252590309595	0.5271431405546748	0.4496942334941461	0.37498824286755233
0.7133677715888882	0.6491935045437047	0.5875979153609789	0.5254547950269113	0.45843658304743884
0.6527886753980727	0.5629198215215676	0.477421346379764	0.39677660881627014	0.319662219559266
0.7322693949566005	0.6569435775570474	0.5871698224203724	0.5232435230533318	0.4612571800664365
0.705149346555392	0.6124261464640608	0.5110410375073695	0.40079055755652837	0.2821921678902231
0.7465792421231129	0.6499917456602816	0.5382661620811913	0.40804399972074096	0.2610911737066148
0.6588017105159041	0.5571722060530189	0.4512808107575562	0.34341673605087847	0.2397409491231036
0.687039477574095	0.5916938464219954	0.48486393662381644	0.36356184067324104	0.22778974418294556
0.6692942617523865	0.5511747641616757	0.4303208076285624	0.312471081898359	0.19928716845674008
0.7013786031130991	0.6097435430419432	0.5195641811828597	0.43321337243065505	0.3529038284291073
0.7005140817420223	0.6103150182356203	0.5176048003948563	0.42521555101669317	0.33566293377113443
0.7153106788380951	0.6144784276860156	0.5043916555553639	0.3843907271418046	0.2547757545200657
0.6744630715991853	0.5871749031801776	0.501541992263218	0.41780818138368564	0.3336767171050804
0.7290932504838178	0.6637086865385021	0.6137168142609282	0.5828202041283113	0.566918281974885
0.592691390653969	0.49888558101881836	0.41031650949811954	0.3275845720569839	0.24829186574940693
0.706333217680142	0.6137572164855313	0.5100897134793295	0.3917861598725775	0.2592956354143894
0.7472232089588338	0.6365239356212451	0.5200285872904291	0.4111231545397637	0.31961086673127753
0.5936932615253419	0.4866846053746753	0.38467070400628406	0.29369839744433834	0.2181076103338154
0.6804513353617418	0.5773508144242451	0.46136643116744275	0.3323171192790255	0.19042694067039334
0.6116909151221992	0.5224785510582022	0.4364719291219393	0.35193384845884723	0.26953086381723623
0.6786667369960429	0.5815193620113832	0.48816882723496513	0.40495769808287296	0.33591712277778146
0.6749844922012586	0.5585825070142862	0.43179867242705633	0.2974375313396862	0.15937599681515385
0.7221858352180149	0.6346898272469641	0.5437457425877437	0.44920482745904045	0.3479942613682797
0.5986845620525716	0.4813674532341282	0.3650895060616446	0.2551603142211102	0.1542674543472749
0.7384701627079069	0.6464172918988337	0.5583551976632225	0.4818129769788814	0.41916103652551523
0.6650209291997109	0.5625773955986265	0.4558721660254944	0.34728821486698286	0.2388621463727832
0.6398103956212994	0.5250747716203605	0.3956669263224316	0.24749560339562854	0.07934643051938307
0.7299999778343449	0.6555492419361021	0.5820405486068169	0.5122635585450817	0.4461020197521467
0.7279321154970106	0.640985978088763	0.546117810146572	0.44388959800326544	0.3344489682039531
0.6822715610420784	0.589357412201685	0.4875116629027896	0.37649364666250795	0.2585586390549053
0.6979843824744646	0.5901995639219847	0.47997629283724735	0.37508568461375397	0.2808042557331562
0.733641474872424	0.6405909596576893	0.5363636047251523	0.4167316206183024	0.2799898183134813
0.6972778264091581	0.6190541850161158	0.5393898550109503	0.4566351435154445	0.3688529702991149
0.7102658919480546	0.6414063734217599	0.5714406682229479	0.4949429729173554	0.4060645841916193
0.6813175037790861	0.5742914685407784	0.465573009474176	0.35767222702208035	0.25282583839783224
0.7204627970477837	0.6318640450718274	0.5348979399080421	0.42927859808689633	0.31622566768829724
0.5911023129569974	0.48176006362756013	0.3734255788768793	0.26612263201014463	0.15712249846155193
0.6505832373930237	0.5323981849837834	0.4124973022457117	0.2962784857787032	0.18245591629199903
0.719034580912144	0.6479111548512513	0.5861964203235795	0.5369038153299323	0.5007057317637074
0.6487498323510617	0.5532561325744579	0.4572365973191816	0.3647589133765176	0.2802886064642384
0.6640722117871252	0.5549980040562491	0.43745734998496233	0.3145584485374726	0.18938855329786947
0.7338655670838446	0.6396419203059157	0.5406159416893591	0.44297429971025465	0.356147243505012
0.7087783539290116	0.6224381607104674	0.5372204107936625	0.4556632987315674	0.3807962472685448
0.704964860697136	0.6121419027677557	0.5182612963529265	0.424968332627092	0.3309117284662739
0.7293582946048422	0.6434698373602403	0.5529875311317999	0.45970750387588516	0.36347468419728535
0.7342623901859798	0.6230470029583717	0.5029611604090998	0.3779527739766275	0.25241966845079855
0.7503049397290871	0.6660170083834112	0.5873553970354465	0.5229936242419256	0.47725032393437566
0.7613137141178264	0.687550121498435	0.6216442449479926	0.5635650412981582	0.5063846698219101
0.6195849502743084	0.5066992113673722	0.3948780354538928	0.2893554997612446	0.19396158198245939
0.7917587570558998	0.702636640408231	0.6036124531187447	0.49879012689128055	0.3937318978895458
0.770080870525477	0.7025025632416664	0.6267727269123489	0.5386457568652007	0.4334230268768443
0.6392157512248455	0.5360683917069867	0.44634882440956375	0.37464137207331055	0.316656117192727
0.7298351134883083	0.6416490680196518	0.5473660904910258	0.44439055091238083	0.32922835367342507
0.622658369797868	0.49744582409427046	0.36506913379611927	0.23181782267754192	0.10397327914100647
0.7511529371659598	0.6711966463013131	0.5868260100036728	0.4995135605847198	0.4108528291490339
0.7026457664422407	0.615019967816115	0.5283494218284648	0.4443847462009396	0.36414445664423173
0.6103951264849422	0.494590050650344	0.3782885526102551	0.26745937083890836	0.1663072438505756
0.674551588710983	0.5854398720190142	0.49474230464913227	0.4067603784624057	0.3257523738707995
0.6865545159297542	0.5974749347586035	0.5131027103820299	0.43995840775448786	0.3796774141312978
0.7487609207389795	0.6489110090599506	0.5352576480595945	0.41111133437220915	0.2833068835769316
0.6170094462220793	0.5098618771380558	0.40578675766274475	0.3103614590511589	0.225530811889328
0.7630203130679434	0.6853527824769435	0.6037765097775337	0.5215420463910166	0.44381059611747675
0.679561969779118	0.5972316596134117	0.517550934636973	0.44227610828773023	0.37462535827084
0.6422243792233485	0.5499739197664852	0.45799854175261473	0.3619250562645711	0.25589081945326353
0.7462748722156303	0.6712658713300236	0.5922787282572494	0.5061688909442676	0.4095494215011884
0.6284126037066982	0.5264812746042975	0.42942100967235475	0.3403515850494362	0.25687346674063405
0.7512658021115135	0.6911982963169555	0.6318862280666006	0.5707601544535809	0.5065871712755367
0.700277324284421	0.5869610848070107	0.4738184535850162	0.36846081175182	0.27700142122113036
0.7190014489918564	0.6301896893604706	0.5364835253728997	0.4394087176432663	0.3391032819942689
0.6847986130020107	0.5825618199090608	0.4804401150333981	0.38143321542178027	0.28472372817694147
0.7131036849869901	0.6122015356397408	0.5079932667639823	0.4119972138411188	0.3383937209654113
0.6904316680082886	0.6036329722351201	0.5176244035572275	0.43107304499902743	0.33952882266158724
0.7510578343160997	0.6755460227145006	0.5931007092991611	0.5020838051032875	0.4024018833084509
0.6446000731512712	0.5282705134869039	0.40874447251308516	0.287385612245904	0.16166612695932944
0.7168725013117921	0.6064627553020503	0.48594656932252034	0.3623917917480393	0.242431510270106
0.697262494044208	0.6089887548897845	0.5218418455826425	0.44076351154094523	0.37008631365365596
0.644354239374786	0.5441515073374329	0.44734913539080406	0.35894699663982393	0.28329675132311205
0.7289670416958866	0.6482362805577383	0.5655832186877956	0.48056827983149913	0.39208676797373193
0.6293616440010734	0.5347145744307539	0.43298407815240764	0.3245549577864883	0.21211918151348783
0.7220012046045768	0.6359270161458239	0.5468681002721242	0.4531206998901897	0.3512351607744315
0.5828986657186058	0.45075095079705235	0.31607794389843874	0.18393370117715419	0.057168902193890994
0.7046234691009838	0.6231280620915015	0.5521999627487285	0.4968633793637504	0.45561365955667144
0.7216999795066478	0.6339941637111363	0.5487796128884677	0.47136527201189593	0.40514076682117
0.5769846790778292	0.4854880071436907	0.4057350569274676	0.3401074059957569	0.2860320181598218
0.6553578384421094	0.5614016849794261	0.4652865999934456	0.37054063513632063	0.27888570164624327
0.5579129923305427	0.4297636420597673	0.2966529958431442	0.16150378119126652	0.02508105783285028
0.5935921712200836	0.47069756596040896	0.34822415608130397	0.2336106747905572	0.13111045931981458
0.7694553319101838	0.688315011874217	0.5987834570630232	0.497882479407002	0.38090004130100974
0.6817498550002955	0.6038983972744965	0.5203474967230011	0.42363740562374286	0.3058137328363534
0.6624133992751137	0.5417559716037719	0.41747579444828475	0.29604318714962397	0.18077139682426152
0.6897678020777922	0.596564899351761	0.5036258207055482	0.41264100614798166	0.32445710060353705
0.7185893849171167	0.6332863573104589	0.5505847282372601	0.4713926963827548	0.39482109510857477
0.8105653940177677	0.7499363447115253	0.6880438043710354	0.6198638916940572	0.536893208113046
0.6336297629145018	0.5318288363770884	0.43235151384787024	0.33855427627110796	0.2495074037906814
0.6155978921507551	0.5385151774865197	0.47307024620886934	0.41914434707241593	0.3760424756566611
0.67781425562206	0.585020348146416	0.494227707078095	0.40306548412307325	0.3019139987851151
0.6276757766671527	0.5296837574542386	0.43399014651799306	0.3439568509555068	0.2586172552909023
0.7066302665970561	0.6232711393251615	0.5377693406836342	0.44778197761572697	0.3501201453366719
0.6397018920419344	0.5629393972192946	0.49548140947523034	0.4413104273737161	0.4027496825222315
0.7124079171602029	0.625253848994202	0.5359086946039013	0.44223361755512836	0.3396639204732384
0.6675931819454911	0.5728866960210346	0.4756492130410733	0.3693557959577471	0.24437870704741144
0.5698943421283447	0.46548194451900915	0.36494192104700945	0.2691135369370093	0.17566318311258167
0.6703682624185364	0.5781183358606455	0.4895803371729203	0.40612129680731196	0.32428238984077834
0.6568789671059747	0.544972396202257	0.4322510621106881	0.32257409003103166	0.21521647805519495
0.7445867386806339	0.6653857349881762	0.5839403419564325	0.49821986027767706	0.4063879632884329
0.7150373131247322	0.6352806497424589	0.5627350420852321	0.49698828117593125	0.4317228074855544
0.6339134763677549	0.491488454115771	0.3485664140688752	0.2167616900589724	0.10459484038547137
0.6875269952158983	0.5752210426271852	0.4577457826820384	0.34242071412304276	0.233672295199094
0.6834907789054824	0.6011316596400543	0.5278938987622636	0.463189887258658	0.40085761020721467
0.709726381571992	0.6133228977770147	0.5135535429352464	0.4113884411785394	0.3076020593472298
0.6771537008060667	0.5913942107788029	0.5031776732611293	0.4144643659695224	0.32882811155826774
0.6827291114974197	0.5753794514908814	0.4599923224122854	0.3374780411635824	0.2069559454565334
0.6276315186145907	0.5200017694910063	0.40824725670178913	0.296784995234707	0.18908510263780934
0.6993295263612448	0.5897108129256938	0.46687963751113526	0.33183107744419155	0.18606687143664105
0.7326150211910669	0.6385971085807544	0.5360193863900782	0.42724980431951104	0.3172394737846717
0.7749645772932989	0.6880021082465256	0.5899723262087926	0.47918124552197533	0.35354068963666074
0.699149887279876	0.5929951416510597	0.47996230284830677	0.36030403675826345	0.23343671923155968
0.7640425434497264	0.6728728036448088	0.5875118113366465	0.5166971606466495	0.4607450179479906
0.6263774071130035	0.5212048536231858	0.41608587814997355	0.31149859424046267	0.20421143238620432
0.6295444562320397	0.5438635085671629	0.4607025267701368	0.37557389709523314	0.2805893822055973
0.6087484971499308	0.48622995209538455	0.3610668079584408	0.2424459165768596	0.14217927257982377
0.621500279021475	0.5357003306746972	0.4544261144679152	0.3790305701224024	0.3085086788495176
0.6906176970099807	0.5737598696020912	0.44958736228869045	0.3227837034008283	0.19677630296159943
0.7165041243930547	0.6382033504343236	0.5525119128201099	0.4585569376984654	0.35656924541734447
0.6836216782752932	0.6145584662154984	0.5564305416132423	0.5069623414745323	0.45998784267166043
0.6900240343643215	0.5872033290458116	0.47827648828929714	0.36209131200251016	0.23485245942870808
0.7386882303192656	0.6485428795965388	0.5586222000138503	0.469800571727604	0.3759260267852657
0.654358283365442	0.5497861863044468	0.44766309592516257	0.35239989021323176	0.2649060694653537
0.6225714077320019	0.5015655794602134	0.37157494854804096	0.23806364468410246	0.10601702051838383
0.6599277286835319	0.5581620822182074	0.4534285006203179	0.34988880769657055	0.24950658069217307
0.6488228675464206	0.5391590774574063	0.4314412956686625	0.33238027095932243	0.24507328958273422
0.72149636476359	0.6575411776108293	0.5954084318350875	0.5277349651613412	0.44471167165208764
0.6629486040309817	0.5712628380199233	0.48472258821068126	0.4062854663778319	0.33421536253553225
0.6591916787569619	0.5433870271803691	0.4163189485743411	0.27938771065579143	0.13697737460509027
0.6561672755546787	0.5626390887886985	0.47307928067217137	0.38608383537454427	0.2950821356175994
0.7141308545038562	0.645902276841682	0.5736353950677624	0.49513707340848256	0.4127989414181705
0.6884612153133103	0.5657034956163699	0.4298099399370615	0.2855177956119495	0.13760240435555265
0.6857633372700314	0.6045870117438304	0.5225341321222818	0.4380285968782792	0.3469512050347027
0.6935188356004661	0.587703214488896	0.48274703634295246	0.38630665361046806	0.303747154362085
0.8121847378649709	0.7515216430357262	0.6972378110028016	0.648458251326071	0.6008040666097045
0.6716509373736186	0.5523610757527694	0.4275690059105805	0.30477823495337664	0.18850330984956373
0.6620523694835954	0.5746033058624127	0.4921068624896158	0.41217565585264343	0.3249555011224066
0.765562073500114	0.6559336361542527	0.5375085700406864	0.4181923269758097	0.30300121378366346
0.6575732892225259	0.547670754709464	0.44209367642121294	0.35090083975805525	0.28041134713427773
0.6820564725517482	0.592879547204277	0.5122652393810748	0.4406344410259042	0.3701895673739184
0.6956366002357466	0.5871887885111918	0.4759107195521424	0.3644944368840087	0.25313790268174446
0.8000991769493958	0.7374599918679567	0.6743430444507464	0.6077826879655986	0.5350983505468199
0.7699818043941029	0.6959258018487149	0.6145567656079466	0.5206079593287709	0.4077685561325352
0.6585802403142431	0.5682061252304316	0.4764561155090432	0.3829708433347175	0.284709203897953
0.6858815750448138	0.5972165659017331	0.5070337525568626	0.40944199233076456	0.2949818846043257
0.6925834041506829	0.6163627623443166	0.5490467918368698	0.4889117437134757	0.42736371043376414
0.6083970131964623	0.5011753951675502	0.3997454611131932	0.3106786598464818	0.23767868254765434
0.6012675636249541	0.49688016094305487	0.3983874284275427	0.30906670387250107	0.226712314216042
0.6035974481263225	0.49877131098780236	0.3944902007122898	0.2879327988586685	0.1716721479416564
0.655819351282654	0.5680365641285033	0.4905020614523906	0.42309492137126326	0.35906053839113594
0.6323984907989139	0.507455206247416	0.378083975582655	0.25167513488140897	0.13363072425078204
0.6805140991437187	0.5951278367389391	0.5121000451994988	0.4304398215173997	0.34513007938638174
0.6859994262089293	0.6013843168369561	0.5226682877963084	0.4515755129925528	0.38615816521917046
0.6933483387694291	0.6100363896598878	0.5318029777246305	0.4604521950006435	0.39546273804027404
0.7463436746531006	0.6696119776061169	0.5972616153942053	0.5300703876173009	0.4643498183432947
0.6371884970053913	0.5363077608303757	0.4474727719207284	0.37605334314728667	0.31901101808658866
0.6604419957184677	0.5329863124880856	0.39703533637392	0.25842021962490114	0.12152376820714438
0.8114867429266704	0.7299388378159721	0.6438169453630012	0.5587078873585292	0.47899784353525887
0.7505779875049615	0.6627030599526456	0.5660365185924949	0.4630820385814079	0.35825394097700236
0.6770058981153197	0.5913137880327248	0.5050567415107399	0.41291724658737194	0.3090819998745921
0.636936661188156	0.5260357935959683	0.41578527512238983	0.3110746324294472	0.21332515129312785
0.6369219901144667	0.5273943314097892	0.41615614814220964	0.3057123061148507	0.19536018054927973
0.7558597383374425	0.6799616563521527	0.607480994130652	0.5417089590534165	0.48801055770215473
0.7456478226054085	0.6804603923107538	0.6130434904325754	0.5392533755421676	0.4552834721810442
0.6579279909669496	0.5576878217494559	0.44967240696892463	0.3356362993004262	0.21974953458121518
0.7169741439537809	0.6191270611848722	0.5181499426568665	0.4164477589375909	0.3166381447686606
0.700115472171441	0.6071717733498685	0.507526118105737	0.4008495494648218	0.28777789561189865
0.657217453338182	0.5628598413220871	0.46305873271038644	0.3566950641972338	0.24189681024070572
0.7018645400062419	0.6032688826034953	0.5068052995331926	0.41602167182436284	0.3330167744683652
0.7348983293987575	0.6462559515270356	0.5581222928488876	0.47360665510543815	0.39172308185346777
0.6925884746021422	0.5837444390198702	0.4752024094597634	0.3747422636411349	0.28975876410311274
0.6562918902886443	0.559166985552923	0.47684204236340366	0.41680640502674493	0.37823954369385526
0.6518981331578035	0.5710914514134297	0.4943734875161745	0.4187044528772539	0.3376603088685139
0.6928020870418535	0.5962370129380444	0.49518860207939547	0.38792160250411767	0.27296286002607073
0.682588317764279	0.6036699324048088	0.5277749183950439	0.4509986370127643	0.3641792743461688
0.7742373565887853	0.7125814230737211	0.6465815231127369	0.5683008539068097	0.4655776139266774
0.6650861314386554	0.5742571583784191	0.4862639084413299	0.4040300668261121	0.3269646915400885
0.6488452608747657	0.5273765587042806	0.40580375668324503	0.2932523486319968	0.1978727001202301
0.6956211190987037	0.6149533749902238	0.5408039408499162	0.47478624417434745	0.4139467435941181
0.7269763524439066	0.6466565540613459	0.5665059947520437	0.48120332777940256	0.3815327907388853
0.7398191322694627	0.6695653297126632	0.6030379397387985	0.5414605135482596	0.48556679837311995
0.660021142964202	0.5602878574077649	0.45763155132962846	0.3522910075945037	0.24611175276924432
0.6551893658217244	0.5533618364448887	0.4487689403075313	0.34253342238862067	0.23345338561770038
0.6355315335140106	0.5431039312667479	0.4552451690141126	0.37340630722517215	0.2956742893653688
0.6235765615934498	0.5073300817826556	0.38536769765751994	0.25847164422086755	0.12719300223060434
0.712745990586734	0.6223754913942907	0.5216567336167944	0.4078772373341454	0.27778563754972485
0.7368071373687752	0.6373521513955124	0.538657718515433	0.4481040835924401	0.36871097509378487
0.5524023744467179	0.43990744218671385	0.33154889739653726	0.23182843829618802	0.14333164090507783
0.7376450669201086	0.6326650759925323	0.5266574489882381	0.4275624474922396	0.33668664896098505
0.6950107450884074	0.6058606129442431	0.5148784308567148	0.4221276406165082	0.3259619578734208
0.6512109047954817	0.541821092142067	0.43569975585205606	0.3400388424001094	0.2592153938418799
0.6788469897981816	0.5872599548393893	0.4950842081231859	0.40601333383937144	0.32149075035857666
0.62958246922063	0.530734524929273	0.43200947652066524	0.338019302316828	0.2535784737564008
0.7179066614517187	0.6485024670295071	0.588462672133684	0.5340263343620503	0.47808432592700306
0.6509169647700205	0.541477393819969	0.436873237093802	0.34176122394740616	0.2560090478238318
0.7881694946744047	0.7282985709847013	0.6739233038501604	0.624577125672974	0.5742810917161522
0.7097296879414846	0.6232164893919071	0.5358054209939341	0.447484875665123	0.3559389496431459
0.6599518787483143	0.5710572166741331	0.48043429051714404	0.3868641412712721	0.2900674031390334
0.6138223074578496	0.5055857197127972	0.4048320663588365	0.3144896115035206	0.2318104781005056
0.7734076223952423	0.6890415207670915	0.5944353533892349	0.49437385757995433	0.39622441752338855
0.6890570273126054	0.5862502560254046	0.4851338915599772	0.38721140819703614	0.2899258635643584
0.654901501153637	0.5534410432367666	0.45554461350025366	0.36663274575331606	0.28881794900552826
0.7173891984585692	0.6016336297181935	0.47956431040219566	0.35950549793049913	0.24567008494559386
0.7057544799226112	0.6153595715206153	0.5246814195462408	0.43643308622723326	0.35257158797478727
0.8329408205403236	0.743755338670306	0.64874668629311	0.5468878371127304	0.4339154139850705
0.6130567068704872	0.5161259796373622	0.4163879080724844	0.3118658772316989	0.20229150765781417
0.7281290300452978	0.6401125514264652	0.539916536818011	0.4264651755023717	0.3003523740275091
0.6895781044685217	0.6089633515254086	0.5295078781650382	0.44668762494300407	0.35230457910419966
0.685857256144621	0.5848167285014101	0.4780054307027665	0.3618640715673349	0.2295685980159687
0.6949898147727298	0.596530975838269	0.4857687141343439	0.35897705969719684	0.21359715080739355
0.7038317055849515	0.6202969904973533	0.536414066406949	0.450863801610086	0.36122284820108913
0.6759076304817633	0.5737354923135364	0.47378922372394605	0.38624299270392554	0.31687118248801466
0.7146591079026023	0.6407927714606162	0.5759283651728564	0.5187886964372724	0.4619625415165545
0.6939706756146838	0.6066960289240192	0.515234102346474	0.4191895972345525	0.31612225196785243
0.6939686240236227	0.5984218477807135	0.5006840103240426	0.40055789108859297	0.29876085699578936
0.7824545587525784	0.6901802161352453	0.5961964367761737	0.5028452411382519	0.408022022523887
0.814420754040468	0.7501306576964895	0.6882005917949815	0.6278122902552592	0.562402355375004
0.738119805152244	0.6467313130455945	0.5372590928619034	0.4098924033772687	0.2701408627344163
0.6193145272625055	0.4843195832942455	0.3512045182033261	0.2315566171487756	0.13368252397320723
0.7861818806745606	0.6930885988153739	0.5934758558223949	0.49378524452104733	0.3981197158386758
0.6890282670461114	0.5909367611642597	0.49203452143827314	0.3960657300889324	0.30599782604975984
0.7172239295288402	0.6150116997942651	0.49812913291199123	0.36648193418786407	0.2218830554792467
0.779145348471915	0.7107512011898455	0.6434236002686462	0.5826158578846716	0.5316603788913449
0.6363800863771781	0.5318996851566273	0.41744898337787073	0.29394519713303435	0.16492506555127925
0.6913009462243132	0.5986576124377646	0.5012428023860513	0.3995674474835705	0.2965642951050293
0.702252729680717	0.6342610200987563	0.5858014163718853	0.5601958385973066	0.5532193367029077
0.6871031921299782	0.5944733433206997	0.5110542518193277	0.4420425126349091	0.38591190342521126
0.6707013193142531	0.5702166025927874	0.4677926041585483	0.36800344372247396	0.27393671353845606
0.7376857109393659	0.649234888125712	0.5612002060908667	0.47455985189123756	0.3887823384666783
0.733532892006045	0.6312729426646765	0.5208488694331906	0.4045125506583945	0.283516582926292
0.6348562314087689	0.5393503418719491	0.44142435250225354	0.3399697295707056	0.23540138986565684
0.667406127055325	0.5662979632318987	0.46533903552839206	0.36831489001388484	0.2767220480407537
0.8195994649801671	0.7396791895260956	0.6515577370822025	0.5534031150683318	0.4412157488939609
0.6590876611803487	0.5779115348924769	0.4950990357339615	0.41118672936216155	0.3289764261418322
0.7702066694807185	0.6792167719166107	0.57401611662386	0.45847438160149045	0.3403015122364875
0.7524158084107467	0.6768471512843328	0.5977912722912208	0.5142822716605728	0.4249960735237075
0.7387426525610737	0.6521394061719407	0.568914545268789	0.48895925213396285	0.4077640066647123
0.6937542712304664	0.591599353202733	0.47900862531073446	0.356352285106026	0.22488646781960078
0.6117078890006921	0.4939983285612037	0.3700810676425929	0.2442695168040444	0.12326985520552747
0.6851111221601675	0.6126420396708314	0.5442819876158091	0.47774844822552076	0.4124391864728798
0.6776510712988139	0.5941647912549779	0.5148784088542915	0.44456122675289594	0.3865860445062187
0.6962013060003264	0.6108518913667671	0.5304178348050216	0.4552921835863962	0.38104419226323955
0.6350375338162346	0.5333342434695811	0.4389461469485042	0.3519062295380533	0.26540280962363905
0.6784166479982598	0.5770511420198986	0.46813913864258305	0.35117486745999715	0.22235872747337693
0.8963949020388742	0.8403304696862379	0.7666028620958146	0.6720946245336804	0.558462786454612
0.594710473500165	0.49347395642276765	0.3991059643586077	0.3134365219311098	0.23439732461572324
0.6758700537088136	0.572671195562733	0.46470220143163543	0.36280455600303724	0.2801592378150278
0.7667249122666552	0.686837854631584	0.6124582729136405	0.545546388127785	0.48172811155775563
0.6885949890761804	0.60511015796914	0.5240902716545076	0.44839029477403186	0.37826917663194903
0.7223465754922056	0.6328572804633329	0.5447310320033207	0.4615896867604588	0.3852285952415432
0.6505342231524552	0.5708506155350626	0.49545294862628897	0.4212686743068035	0.3405880640529805
0.6682623568044054	0.5871530408836677	0.5084426533993402	0.42122638731111495	0.31083159943075417
0.6898112943955738	0.5975331963924225	0.512311202710161	0.4398850172882847	0.3813071141876686
0.7433669790338088	0.6705890466448102	0.600743494897037	0.5307588928326212	0.4546030166416806
0.734121707530414	0.6624477588178214	0.5911879348088631	0.5167312302474628	0.4317413638268509
0.5845964609785982	0.47992167633245475	0.3745068106428752	0.27129115360690553	0.17476415292052516
0.6923977814802167	0.5901973682377523	0.4855435076289878	0.38213040605898335	0.2836338944965287
0.7268189555830222	0.6370266699048717	0.5477125963150639	0.4597499725684716	0.37057535223735505
0.7022020939654993	0.6162643217723408	0.5372421646367	0.46358819297485465	0.3897720820660032
0.682161357780354	0.5836966807222258	0.4898479208267422	0.40068496487616223	0.30926959630154405
0.5920410407396283	0.478460471957607	0.3682570903318034	0.2635730169711604	0.16297933930845865
0.7198755631642636	0.6309098167351492	0.5385388988911812	0.44473128092022923	0.35082516632497673
0.7382183414658074	0.6501662618723084	0.5556412227941167	0.4561549698269079	0.3544163585543923
0.6975930807476582	0.6095820944020856	0.5144967120461071	0.40790676746056515	0.2888174178790671
0.5699034644318122	0.45460518416947054	0.3538273584061816	0.2716439898096067	0.2048682083921552
0.6026114324545201	0.5067457267429248	0.4197546257112737	0.3415795220591574	0.26828732707779224
0.7066309924236581	0.6061638997418508	0.498582236453432	0.3861395143436145	0.2696996718540093
0.6481996825445905	0.5547266425600731	0.4656494485771128	0.3804725107305853	0.29390097589955194
0.6965272628265973	0.5970634443460036	0.4981824005674495	0.40203374137518777	0.3072780213257253
0.7472576477233895	0.6551777065455624	0.5643091072981544	0.48202246754476974	0.4122947402311892
0.6729679898912555	0.5731357992964481	0.4666435563392422	0.3488994393802952	0.21555266904656817
0.6694698968990808	0.579745380913751	0.4932382796650142	0.4130036615707483	0.3393245983915579
0.7213715893957797	0.6390452845247776	0.5580119869916857	0.47534326267551136	0.38669102286132706
0.6620817288602205	0.5495014428619559	0.4335706395395513	0.32106800411629294	0.21566958692182236
0.7070181028917999	0.6115281737212117	0.5070469611087992	0.3971800801674624	0.2894741488052692
0.6722230469711817	0.5563893107421094	0.4335317086248345	0.30314006358894097	0.16491001260705535
0.6844884319791719	0.5905600778604077	0.49544535379671667	0.40257969518299763	0.3161528851257269
0.6786381961416997	0.6007774768991548	0.5204614652326509	0.4345285086046322	0.3368428056411022
0.7460243837049453	0.6599435882176133	0.5628241592290515	0.44885114434767287	0.3131052744808378
0.7791768439449498	0.677959106394252	0.5787389475561213	0.4882888248406535	0.4088542773021316
0.660878300024638	0.5746176561044084	0.4891992518510107	0.4055414506269595	0.3238742435050612
0.7398259927525949	0.6771614661303356	0.6195735304679004	0.5638970589730384	0.5023082569514213
0.7693442986251116	0.676993355165785	0.5746285128776846	0.4591834858018627	0.3257709761711358
0.6795022145755765	0.5881892959799722	0.5022886533168522	0.423830311060053	0.3532902730214238
0.6412216414221696	0.5377286243248082	0.42720373370855336	0.30697739263174834	0.17353760521610723
0.7921080195838021	0.7128499015545329	0.628130883001639	0.5382317122884472	0.44194792563716534
0.704497770237031	0.6027371894997392	0.5006155255691029	0.408278676563726	0.3315269998538407
0.7534541013624484	0.6635052717610741	0.5657084854844731	0.4635949742092396	0.36148601483603116
0.6957731107731338	0.6116435324188706	0.5317160193441183	0.45863405858790657	0.3928080580982544
0.6485810698410152	0.5566771406161252	0.47352047268554864	0.4021244201169734	0.33935993954115407
0.6879610707026864	0.611403915036905	0.5355532978014772	0.4560764032285475	0.364777369308157
0.6496259243341158	0.550023845797644	0.45227868307777175	0.35975953142202616	0.2734910354510186
0.7974738484607766	0.7405024221712653	0.6760716882127022	0.6014493221312813	0.5138630878678271
0.7013650963000218	0.6172923736511197	0.5358533615229258	0.4613769108324294	0.3969711560794881
0.7514228011414041	0.6638171891369483	0.5658407746111693	0.4563481876745033	0.3348454525628037
0.6197917036688503	0.5104968585180324	0.3994636606871646	0.289446941652572	0.1822542705350672
0.6020070001477806	0.5022153342827131	0.41052620226950415	0.3312105695287591	0.2652673179225462
0.7315701927754507	0.6555357162926809	0.5854609476488853	0.5229920634036321	0.46789705467812903
0.6935760456900282	0.5861934217596197	0.46711856144834696	0.3421689468035475	0.22008438642458078
0.6849847037630943	0.6085612784081472	0.5307191447566061	0.4444400022407253	0.3405437587774187
0.6284393923917666	0.5310946288985094	0.4371525805163093	0.34941890455100405	0.2671757969280116
0.6549028550744342	0.5313511273274463	0.3974067530385378	0.2582612031105256	0.11830577835261911
0.7190767978541399	0.6318215284946773	0.5422429972585385	0.45355682730825153	0.3671636759329065
0.7045660937817187	0.6063706566222581	0.4965167938189181	0.3763500060153756	0.24820268963042325
0.6350458383531354	0.5434343830676758	0.4531739319834569	0.36570200448523454	0.2804586996698473
0.6949618316137248	0.5961004661458166	0.48526297278319336	0.3582784196165631	0.2138037947879861
0.7479738693985876	0.6668811343214158	0.5839274416355887	0.4984082935294639	0.40578532342261636
0.7308536829600407	0.640342930094761	0.5532735503868792	0.4731236275701099	0.3974463206370056
0.8410414596606026	0.7980661601043381	0.7644402067321047	0.7394845426419093	0.7189916126021122
0.5997319757426236	0.514435362204866	0.44648935370594267	0.3989370847106234	0.3684671596241224
0.6472063919938882	0.5634357483423651	0.48513013710872377	0.4147704919072676	0.35293152044329035
0.6941754700144489	0.6035279553725643	0.5142566308820655	0.42954509085283205	0.35218947422590063
0.6519831850775306	0.5559704248158324	0.46899922172747344	0.39546954699287384	0.3335475210804643
0.65570819429873	0.5558649061007184	0.4586037652629424	0.36794711824408816	0.2858271766881039
0.6257530934893342	0.5347985071721199	0.44292990536634735	0.3518642175999451	0.2604723176764365
0.6781713992364327	0.5702945313593528	0.462288184385869	0.3567504666491588	0.2512324152385906
0.6579383818737689	0.5648670108995549	0.46224251987188414	0.34176663424037484	0.196564944503471
0.6666546022017562	0.5636552770101225	0.45397891790142	0.33801990847939817	0.21757660447880395
0.7303472013264618	0.6431486645181423	0.5617877785572024	0.4933159590788194	0.4395471181034306
0.6636197119563425	0.5557227017795059	0.44473034084008883	0.33489555472525995	0.22805491080369422
0.7644685343630504	0.6904671249144431	0.6195654272924412	0.5472427991488785	0.46498494598241447
0.6595659073620949	0.5681501448943489	0.47905705966226997	0.3908913790112581	0.2995746681070126
0.7647603950274179	0.6595026082675691	0.5457508662748127	0.42568253305481063	0.298681311464421
0.6988582015991267	0.6263838243606292	0.5539866320317245	0.47781998320809366	0.3924120789877003
0.7173165179661292	0.6430460624964617	0.5785327161479957	0.527088510034421	0.488491042128281
0.6252275917255046	0.5155711137673122	0.411349125310547	0.31550676712914055	0.23047693621434068
0.667989090381841	0.5560608639314267	0.44031513337558903	0.32603620371062186	0.2117509535529553
0.6837592738148061	0.5917866731432466	0.5013812576530151	0.41826195444805625	0.34499847094664804
0.6708649687587716	0.5785311889899395	0.4836526745018142	0.3872711441764099	0.29160921523335737
0.6739595852331883	0.5910181108520012	0.5074408215447987	0.42342829436218354	0.3369471121846851
0.668844843252691	0.567821587136079	0.4683614279989746	0.375744372743383	0.29245824005507637
0.680957780434042	0.589952376794644	0.5049685182496487	0.42923593661607207	0.3599211726765539
0.712181363267249	0.621717671353548	0.5365150924733685	0.45925205055526747	0.3855887760883747
0.656199381714417	0.5556179552276861	0.45587939948161715	0.3570072008995548	0.25520471772052183
0.6415044372128668	0.5366360688600873	0.4285415981823954	0.3230200015365884	0.22531654292777034
0.6832383552450527	0.5918157785455099	0.5024863224383278	0.41596030820175045	0.32941612546980065
0.6255744585411477	0.514660702293787	0.40188689107982445	0.28905880391418626	0.17824462162030374
0.6608563948566212	0.5418940360746802	0.41347976977897316	0.2799770567646352	0.14511704338299164
0.6676279783688155	0.5721872224238226	0.48155728973253387	0.3976571143905048	0.31992412696872896
0.7485524768755186	0.6599051658139026	0.5645879568236766	0.4654792455279774	0.3649114000450061
0.7106095143065392	0.6084255776927986	0.5024779564085954	0.39951928664044634	0.3046937073201634
0.6414263773189344	0.5505379090624647	0.4660340601183885	0.38654925253590955	0.30626475600129754
0.5880858936782509	0.4719438031256977	0.35681498666481254	0.24849725467869352	0.15132370468329978
0.6705249323787591	0.559874102917068	0.4393429203308199	0.30825402928783474	0.16424340615311395
0.6965459031094955	0.5999955858516854	0.5025424048873176	0.40827503969195655	0.32005777009270797
0.6754599337483588	0.5777957312805909	0.4812888109758873	0.38844255587522886	0.29993850771885155
0.7220990365849564	0.6364559631835827	0.5542429206608156	0.47797442665460094	0.4070236705477811
0.7311308259431655	0.6554745948667511	0.5754615254592119	0.49064864485919824	0.40206492052926873
0.7456895754666238	0.6637202123194057	0.5785883850989096	0.48936993241776167	0.3956472277715285
0.6539269606303282	0.5654725146656825	0.4702012548475871	0.3693917721813285	0.2697760089419618
0.5929582643559017	0.48627822979655494	0.37849070648705607	0.2728042195863049	0.17024188651946365
0.622304694660044	0.49556256063396054	0.36014546076233134	0.21560068096188706	0.06162802103560458
0.6921679661014967	0.5714988569789915	0.4453106626098672	0.3207821132923785	0.20414618768006035
0.8310101072995768	0.7607829578286791	0.6858675788628747	0.605500618250333	0.5155235773968024
0.7348597778991818	0.6556448151666564	0.5763388369931154	0.49751841573633626	0.41777119731309
0.7122339488000563	0.6083077935324728	0.4977447537950581	0.38229014537085426	0.2625355772067698
0.7201376016828168	0.6360123408084623	0.5510807078969839	0.4583661682821902	0.35025802983765736
0.6341234544028758	0.49672429615417757	0.3466647089459677	0.19364651224629095	0.04856848718261868
0.7469648841511094	0.6698629081278168	0.5930956221844124	0.5207000321049502	0.454229169822094
0.6892332994829198	0.5860966055324437	0.48027157767508677	0.37472431562805986	0.26751313345803357
0.7238496718494957	0.6557783302277808	0.5889300127020243	0.5213763706952157	0.45148739996751636
0.7787333731736974	0.7097056420613724	0.638414873470479	0.5660082304265973	0.49130163370160934
0.6386194260327673	0.5311255285688888	0.4276508399057446	0.3384577452547568	0.27077854018657366
0.7001905379390501	0.6083069692654186	0.5063204979435265	0.39399170628550517	0.27269076922457053
0.6507543683760544	0.5792093289890429	0.5193770102705715	0.46970241300626125	0.42324566617543846
0.7209317898612846	0.642864168314143	0.5681191969241832	0.5016850697555829	0.44614811800760784
0.7235359607838528	0.6597114657718811	0.6017106435752606	0.5399571750875222	0.4584811910217075
0.7254516912324711	0.6294379988445786	0.524037788208719	0.40989990982688046	0.28929002834249234
0.7770596471591358	0.715879318773341	0.6466601494483168	0.5608813195403444	0.45106254539555923
0.6736422215941786	0.5906378375623962	0.5099260036337198	0.42988077895770727	0.34685001686415207
0.6935139466521408	0.5971302877129038	0.5028800120955719	0.412640225200411	0.3260463377517595
0.7435723203795197	0.6486098396507487	0.554699371384918	0.46891809438647714	0.3953203284000082
0.6659704096726763	0.5579008845045533	0.4475161618903206	0.3380477466009544	0.23095468742405326
0.6920490063198645	0.6145429335496069	0.5399708756170529	0.46890445480704673	0.39845772004297747
0.789769341069447	0.7101324982469791	0.6200584202841992	0.5190291646743821	0.4072872868758353
0.6619006046036453	0.5652008081080557	0.4741073250051665	0.39302957622064466	0.3203768537092913
0.7069414310223504	0.611777652670452	0.5117867566623295	0.4059328200584713	0.2895148270562888
0.6772150553504976	0.5823545933187216	0.49764420909437546	0.4291779310266239	0.3771533003924766
0.525571205129319	0.3917801050691086	0.26794946134644376	0.16347314322076736	0.08257686044534987
0.6859345875432604	0.5716351975792509	0.4609933622914426	0.36075743231164237	0.27428490664511934
0.6763448095611665	0.5697041450255578	0.45726686798763194	0.3397419082973988	0.21618045514973463
0.6567947132454063	0.5474047883214614	0.43826683332750094	0.3382149354590213	0.2552437663912719
0.5879765544156018	0.4767985814303346	0.36937504962552753	0.2691008868218176	0.1774255501758482
0.6568350682075751	0.5747385567040153	0.49193301577217197	0.4088131682182987	0.32428315107032735
0.6743402619712558	0.5846426415835727	0.4933837728192572	0.40078277120062883	0.3060175597235847
0.6860773904971555	0.5899850552504265	0.5017847016050867	0.42342354638376695	0.3512877392581049
0.7217724929364467	0.6288535370648477	0.5319356149848636	0.4277498792509611	0.31154159959158795
0.6817235200223959	0.6014688862977644	0.5275380703921715	0.4616488093538646	0.4018542924569288
0.6712011717583714	0.5599893269872046	0.44306577267591074	0.323960967026327	0.20748902482500292
0.6421212541600396	0.558582059391801	0.47294370040989947	0.3786817055126151	0.26979836255867173
0.6509785034741231	0.5609513010504226	0.4736478977979625	0.3918691856720201	0.3178086527708917
0.6946709949351001	0.5877250240509418	0.4791621145387096	0.36928428466485774	0.25469959676670556
0.7527270172075213	0.6716240008548567	0.5784726840294632	0.47445998262828715	0.36586634939422413
0.6812035343576112	0.5819977101944444	0.47637969487629556	0.3703276258555051	0.26681490681262454
0.7228372779411797	0.6046905155015302	0.47696334096795134	0.3479126432771686	0.2240590219083651
0.6947665885785949	0.6159972441380994	0.5334450234549736	0.4432450353368899	0.342981551156777
0.6549795182396686	0.5701206432103748	0.49169657675330725	0.4190383663196322	0.3449201133618047
0.6518326448369427	0.5591434686210364	0.46685724217871566	0.37336085899605714	0.27601954631055575
0.6813940880892185	0.5702192701899791	0.44986294385326425	0.3234361869159493	0.1931999522119513
0.7442214708938273	0.6597152300084429	0.5775652336723083	0.49706575309590756	0.4131645652072628
0.5823919197055571	0.4583117084797137	0.3351910705124907	0.21569618618106895	0.09918996540733468
0.6498706500283605	0.5315712955100268	0.4074205123722581	0.2823327854276439	0.16253440485769044
0.6644392500953659	0.5671295631925696	0.4705784901324112	0.3766778043802632	0.2843091949508933
0.5860780775065091	0.47731324525578844	0.36687335828519413	0.2560210226421539	0.14583005751168232
0.5849175695731725	0.4713802698817421	0.3590170124512119	0.2504994820466549	0.14701261109420496
0.6675186368620546	0.5719135660881547	0.4804396409143872	0.39570526865352473	0.3163454340071652
0.7203459755686656	0.6174765518038283	0.5132600372078705	0.41151930862653047	0.3138538764318111
0.6613381070462183	0.5701175370079087	0.47580200964575037	0.37908847940340895	0.2801572448560763
0.6313622952337317	0.5264350607032307	0.42373311224477983	0.32763666575216727	0.23969740916272422
0.7503472883603146	0.6618569290587382	0.572377447179805	0.47888769186594804	0.37377253073117855
0.6686038759392872	0.5724694062857008	0.47749597532889304	0.3847029262123688	0.291333250222906
0.715733080851624	0.6251846884969171	0.531353034424275	0.43712711924659287	0.3440763429005707
0.6226405016265874	0.5217608428549226	0.41807440141647984	0.31342384893447706	0.21063487278988263
0.7428430829347468	0.6459153688853383	0.5404030782457659	0.4264604161022685	0.3034959594725403
0.7015438670174092	0.6102863553026318	0.5213287693703621	0.43982615289640525	0.36792971808334307
0.612315145199364	0.5222578238911632	0.4450632991712411	0.3776798063353677	0.31137024823495424
0.6866187568503863	0.6091383683017005	0.5386330972408392	0.47392291729210234	0.4097169258759742
0.711213175757845	0.6332295409941114	0.5658436917795328	0.5120398496372618	0.46835959136926736
0.7235304442173407	0.6396714916416573	0.5530707800155248	0.4617998531951445	0.36178415777715095
0.6962906553012285	0.5990815678546488	0.5005630810158581	0.4050505952186534	0.31521215300354305
0.7216284014288886	0.6318557324059698	0.5373260013899082	0.435935341101256	0.3248486543725635
0.6373515981716851	0.5299103066467002	0.42332273672734994	0.3170542840482718	0.20757561744488257
0.72527669848393	0.6526643392117121	0.5814784326190625	0.5112829939368941	0.439443027665246
0.6959189681550428	0.5875885579192544	0.4812124957271634	0.3834362797836907	0.2978068209910822
0.7067995500896965	0.6154649761529196	0.52548452461492	0.43947335669805393	0.3588264250831448
0.6346627395603911	0.5451952405095857	0.4584168804050269	0.37214971933396646	0.28014878122684106
0.5960116342865008	0.48378018078892937	0.37783491451600637	0.2815770802788968	0.19242719250506252
0.7291931207459215	0.6426425609639533	0.5508820728938028	0.45164034914479523	0.342590919743049
0.688795423999932	0.5864846018145204	0.4778154681358768	0.36218601874019024	0.23628618889876601
0.6501431413506172	0.5625909694302613	0.4855106337925669	0.4249561019026016	0.38283988797783136
0.7154050970717482	0.6152547971877564	0.5124821568782989	0.41422805693861164	0.32609018876650797
0.7625978862597753	0.6796485707432668	0.5945872134125014	0.5103945508847525	0.42556680216210646
0.7137911415912833	0.6222757964696606	0.5267731821160953	0.43001313612662506	0.33523541158831205
0.6009472010387011	0.5007916752931136	0.40292503104346306	0.3110724956369688	0.22841293255159698
0.6871096167185359	0.5889261701664197	0.4882986251841063	0.37956894253601514	0.25051258424473516
0.7070162864189623	0.5822455340201393	0.4509467427560188	0.31647545325104365	0.18024916872806246
0.6955447141372542	0.6075662480022503	0.5225097264948838	0.44214971609194725	0.3645770549808465
0.7275421593964203	0.6189802795932998	0.5015794363585043	0.37877721719387425	0.25507736935831127
0.7645672320722854	0.6921672036707508	0.6146322922857318	0.5254480563555279	0.4139924087016971
0.659327251387872	0.5694670013350916	0.48207686263769023	0.39696161172193395	0.30973500929050707
0.7308505893024285	0.6314386054157718	0.528685398793193	0.42854991373718637	0.33538533366298684
0.6424275983246803	0.5529899702678576	0.4689668621208345	0.39534437684698737	0.3333970251884254
0.6387382750387628	0.541642505337454	0.4486112815777014	0.3626357969603577	0.2825266112748022
0.6524355420921402	0.5530352954811757	0.4543357233504774	0.35569761918324055	0.250778862205218
0.6736119700921033	0.5860364504860337	0.5058178747280678	0.4388297451958756	0.3883283172814954
0.6336411253150023	0.5535595253663144	0.48728387672811385	0.43843403725540114	0.40402256252932023
0.661431240322523	0.5808684563925991	0.5086824969565572	0.4496627782115306	0.4072017626636683
0.731916918837496	0.6390395971720775	0.5359636862435889	0.4243336565291702	0.3064917666169701
0.6812443203535519	0.5944980601355698	0.49970005694252617	0.3967508157388564	0.2899072793813349
0.7159952261084712	0.6238853131307383	0.5341258967864845	0.44996266525563156	0.3719048735765176
0.650182108306661	0.5587672082218461	0.4789430123520314	0.41658736807022234	0.37241981218112186
0.7413967072113045	0.645120873429383	0.547849488106485	0.45358012426238437	0.3607441126277466
0.6127858411066007	0.5093504824330215	0.4076676330225453	0.31003074806222936	0.21771709531311778
0.5931030295000248	0.48464676326569117	0.37499052301204494	0.2686797747819651	0.16819823311527032
0.6673813121780651	0.5645295934035272	0.4564609256959177	0.34240140632673616	0.2186129155860212
0.7189140989931272	0.619099521241715	0.5213070675884829	0.4324046129259781	0.3569244890586139
0.6945897196025024	0.5843725601226223	0.4647189673897449	0.3394740230787245	0.21459255711546865
0.6235395068261975	0.5225291745901512	0.43706948114223904	0.37339782788998227	0.3337354100839744
0.7401923964887397	0.6450169938865752	0.5429264348683784	0.4370328982820067	0.3314589080229627
0.6934875889527361	0.6145182675186412	0.5375683762699537	0.4596320579626954	0.3738071206185793
0.6490646630797995	0.561110027253418	0.47633003869341656	0.3936440278237391	0.3080743494031798
0.7244246722358078	0.6520001254488763	0.5858837172352862	0.5274518086208534	0.4770490506923739
0.6305776295336338	0.5106774784802685	0.38203556585904974	0.24727874581526926	0.11061387936486933
0.7534259292342135	0.6667826665007885	0.5739172016481714	0.47291887554708123	0.35851942448950175
0.6165244938183685	0.5315382222502264	0.45016266383894354	0.3695747243272532	0.28397021810330814
0.65523027275973	0.5320935112927094	0.4153974845802106	0.3173468490707244	0.2447709024728321
0.6466237179210246	0.5600221128715296	0.49046951277928585	0.4405679015133868	0.4081613873419708
0.7786995680756426	0.6880854750380392	0.5916535139015341	0.48634909514598174	0.36678579143499224
0.7757850740499074	0.7069706748758707	0.6355554116662373	0.5585073360144648	0.4696248951840146
0.678105283035628	0.577355025252933	0.46592694760640835	0.34034452370539814	0.19880213085050863
0.7321485992059884	0.6248964377336876	0.5090324263969785	0.3898690137872835	0.2698573659777671
0.686524024339037	0.571090237189652	0.44882308243995067	0.32241704881839317	0.19509221739154345
