0.3690519394800155	0.3127709537121194	0.2627086889626057	0.2233409146763544	0.1934259918774132
0.39155070153025834	0.34351008650017206	0.30341162919335485	0.27693018101118627	0.26265542440502965
0.46942073933878	0.42483760349249106	0.38768789975469764	0.36308136906812827	0.34806362322442486
0.5685027155142433	0.5228503219532125	0.48037557720768465	0.44390229460966424	0.41651603508909546
0.4548997684330277	0.3976623507414545	0.3427454848609346	0.2918167249389032	0.2440054896212369
0.4858449057152184	0.44724275519978995	0.4139208257977953	0.3889845454033511	0.36889393222792044
0.49542929543731934	0.4388842491502917	0.3860365089045573	0.3400806028576771	0.3018851482672364
0.4317382776423003	0.3719865994134646	0.31597023185915596	0.26607782090493987	0.22125089692027594
0.4994766165972978	0.4543865531233227	0.4114237204251121	0.37157853873626845	0.3322276825085708
0.427629506205717	0.3585097646972231	0.2901514544837695	0.22300075591062907	0.1571674621863082
0.5199843034235789	0.487985205798381	0.4641749629882638	0.4543698700217657	0.4550972930741203
0.41048186555137123	0.34975747316067346	0.29359884879495424	0.2453941435259494	0.2056086748105822
0.4241251873867203	0.3691575433474664	0.3165241258750778	0.26733002361604846	0.21979875639445565
0.4648688211667046	0.411696614958783	0.3612781080531367	0.31500428727972474	0.27025563061782293
0.5432644018097298	0.48784065079068695	0.43465414407742525	0.3854418761115076	0.3406264863560899
0.49965016807085766	0.44749075233089436	0.39638531432162477	0.3463530766832899	0.29379805538751674
0.5069061157158283	0.4408965281357864	0.37705089178515244	0.3175509950054749	0.26506206596922055
0.3500526919330935	0.28378272302443797	0.22025348524233251	0.1613637123990771	0.10658840027383518
0.35186804909626446	0.29981812529843765	0.25262872860254926	0.213074889645003	0.1777755336827726
0.40417379925259	0.341157768401361	0.2821464634831239	0.2302160375030139	0.18671387021056587
0.4021064039942729	0.34376565528998904	0.2865509020139031	0.2306193062130031	0.174730877982307
0.44154334155519465	0.39758885398554766	0.35606729085122646	0.3180091940763097	0.2804426845790565
0.47402283325190053	0.42265733326095223	0.3733364530537566	0.3267368799153813	0.2805810880672856
0.4856588040734659	0.4210391233069166	0.3563777327221433	0.2916266634822874	0.22876852946549853
0.41225715125680523	0.3524173924441479	0.2942586535852636	0.23845304647346566	0.18397345514001903
0.4490963420848081	0.3782494194686969	0.310396356096823	0.24859634197394473	0.1946015531738541
0.5202399989228923	0.4653199081248216	0.4139661434362659	0.36874414296860436	0.3288724501559633
0.43393455692993244	0.376729672827969	0.32109544084429603	0.2678032956226004	0.21600155209398197
0.44948661828211284	0.39529626399219275	0.34540512031233095	0.303050797084992	0.2683261829647421
0.39921313796785474	0.33744510282999096	0.2791412897793823	0.22686985631522422	0.17920368205668735
0.4530924687933937	0.40934238819107616	0.3702441301699902	0.33871842950933123	0.3122826386021024
0.5016825789483264	0.4581434663177722	0.41937677938700313	0.38821589725587513	0.3623349628300936
0.4400957494544423	0.37360527878382316	0.3103912319018947	0.2532411153923425	0.20274680273234294
0.43071449612486845	0.3855283642136129	0.3463097211426101	0.3172473342264671	0.2961921563694744
0.44214413686449927	0.38859935140549345	0.3396296568111172	0.2988384389178529	0.26751922954235274
0.4457956335170273	0.3677965395107171	0.2908424202756255	0.21630686511187613	0.14624224686972956
0.42158901610766364	0.36816125635704805	0.31958793699884513	0.27948937026616866	0.24862260948326573
0.5196444657953133	0.4666302002934077	0.41833740264551983	0.3782346354254632	0.3446954986207104
0.42250946980534576	0.3608812053396165	0.3040886090762679	0.2558896643562086	0.21702886211263459
0.434106851349256	0.37852851060895104	0.32613597224774377	0.27931770572410863	0.23699804332834667
0.4059179650167689	0.3406918602915017	0.27904658121660303	0.2235659108010521	0.172914667859274
0.42792999629525985	0.3753402339534586	0.32831189667348143	0.29092393210694867	0.26303874992602233
0.4345035330705915	0.36787529976457034	0.303401086834877	0.2426467724305261	0.18502755055753042
0.43868880395404847	0.38570302363028275	0.3369821335229062	0.29501467077842086	0.25524637149505475
0.45092626309971706	0.4089313161700421	0.371654993931299	0.3419828921713191	0.3171946650963933
0.4306135304839861	0.37179718606519196	0.3158482725722267	0.26447807166044557	0.2162275115009631
0.43373242271569706	0.3778689065908873	0.32467782366340336	0.2757624241458485	0.22814283015351633
0.4849079819628091	0.4307424601947163	0.3812479935135219	0.3403766262927158	0.3098915212130532
0.5208315995984016	0.4720980934209596	0.42523979677146034	0.3815756050232748	0.3409014836338133
0.51071022517224	0.46919972326986614	0.4316429882965427	0.4006088606104878	0.3723193816494084
0.400013021214969	0.3501757521907522	0.30645215969186207	0.27287854698647807	0.24627932743704778
0.4602422457962864	0.4050668166301741	0.3522918177046357	0.30334065428163914	0.2562491510364727
0.40385784854656864	0.33439238270566635	0.2657423038609279	0.1982807720119486	0.13237226923776946
0.49956188534522417	0.46052895126833504	0.4253594088038719	0.3959118429997522	0.36766910513384954
0.4177014853047264	0.3534522465636682	0.29204116395927693	0.23570823953948017	0.1853499773158387
0.5233668132496911	0.4798623912131356	0.43792304030266377	0.39772705529521757	0.35600958549097594
0.5053857772867201	0.4526402481511146	0.4013671852080035	0.3520928869250752	0.30115327747687265
0.36295031783762977	0.296044701052062	0.23361689780821587	0.1789156961884889	0.13124616400417874
0.488010782216631	0.4369694917012577	0.3873548362740202	0.3395042769203808	0.2910771187485398
0.4887165567830556	0.43235678196294786	0.3773142297199141	0.32376373421388777	0.268710687389706
0.44722734479241816	0.39049594010231814	0.3368581354546794	0.28818416059138696	0.24246361411526174
0.3424651597998011	0.28660694850576107	0.23683397834940514	0.19749163108311102	0.16802639747383616
0.4764618846081796	0.42478555362465636	0.3755813990061176	0.33041330629718435	0.28788933716698883
0.5284592168638275	0.4582289733048784	0.38588612743919876	0.30945508070796773	0.2275728390394907
0.44229413483007396	0.38991075147638904	0.340930125555438	0.297615912006089	0.2579195350817863
0.47187336566426213	0.4161487656674657	0.36465740449968226	0.32027971807970185	0.281511789209137
0.35587783863744626	0.294547389864292	0.23584713871141622	0.18107465043268242	0.1268241129757591
0.485797423616915	0.44139413920404197	0.399881274181492	0.3626462279696695	0.32748478194219
0.438799617703619	0.37584294863370166	0.3166136712819082	0.264916472606187	0.22668242301610855
0.47508399685986	0.41547370098755587	0.3581740620712289	0.3045287262549163	0.2514527288527786
0.40428519393376905	0.3388279564884068	0.2769090166762726	0.2212797513077498	0.17182627238481582
0.36450681133043555	0.3138283729255205	0.26819321825425374	0.23073596272718222	0.19841890478404214
0.5224891413091	0.4692900045667214	0.41454932885344686	0.3555965128122681	0.28713889943671284
0.460562397405181	0.4095702984025254	0.36378567673251305	0.3269851701433223	0.29855389768745566
0.3856572402712293	0.31504063443745517	0.24773696816416224	0.1864694499239568	0.13352147478336623
0.4920920275782718	0.4421221834393698	0.3937477363586278	0.3471969885366326	0.2977278570668587
0.4982151042461544	0.45218002564349286	0.4118564908506185	0.38162500130640065	0.3611280967317039
0.4626783951866512	0.4088355246046994	0.3611506744077006	0.3245384254454208	0.29898631566525896
0.4387419946950927	0.3813054980736767	0.32697980691538076	0.27801171262380975	0.23369958286300901
0.36069649321673714	0.30170087393603345	0.24817916245370597	0.20342657404791847	0.16347495660115335
0.4297948640385676	0.36824096981453724	0.31203683602547133	0.2658983604087497	0.23209794443074122
0.43134466824609213	0.3610075861055746	0.29206754115279343	0.22573137608423796	0.16221349747388997
0.42334882827212683	0.3613536557526779	0.2997392918716666	0.238000194741153	0.17275321687078063
0.47052416227242144	0.42398229753970124	0.3807491130142009	0.34255745362302303	0.3060447487588992
0.39017909495326697	0.3377769029739669	0.2919887009994239	0.25787383029850486	0.23557799970530793
0.5459148532986919	0.5097481232967079	0.4794089841609451	0.4587175082269588	0.4448173247692353
0.4241700581532678	0.3556382918415958	0.2924297169171146	0.23934239418795228	0.1974383258438648
0.4299113214395561	0.3710310163507775	0.31730151952992247	0.27236581481620925	0.2326211782149435
0.5141497364471219	0.4722896841414508	0.4336487431456421	0.40007093304727387	0.3680206930989527
0.4369125705343215	0.38682660794356094	0.34017888229778265	0.29949810357247597	0.26701600477838733
0.5364181038614728	0.49084120799966224	0.4479089901753485	0.4093004571098646	0.3753625152331594
0.4959125885268724	0.4467887481240867	0.4002392414753268	0.35759458508646463	0.31580657455591826
0.4277085225676217	0.368896511891369	0.3124785709652344	0.26016420347362806	0.20987059519827037
0.6275595153893655	0.5961027366435937	0.5691280326957406	0.5497865105558364	0.5373825261184573
0.4041339425488299	0.3487853966198404	0.29518446195700515	0.24384881814065767	0.1921364844982668
0.45874231177635144	0.39680224877306336	0.3388152981407354	0.2879445071608715	0.24412717785068247
0.46062647230315457	0.39696051297198814	0.3373494134724027	0.2847839778639807	0.23746357297534937
0.41789762854639545	0.35919411204930296	0.3043542529165537	0.25614697766861877	0.21290876198757563
0.4526417929772506	0.39285704303280794	0.3348670022555224	0.2795256586660666	0.22449491446984704
0.40346797472889306	0.3367671231893448	0.27265251239878613	0.21271034794106553	0.1551453043126431
0.4116770510662409	0.3554414048555599	0.301458936549556	0.25052008484695276	0.2003030674976521
0.4965569142800856	0.4345338500943214	0.37176814510113254	0.30744668769623607	0.24200678155064564
0.43962662501711947	0.3664877602110866	0.2935804725891424	0.22065420395669122	0.1459942861864789
0.49072732594054325	0.4284892300151758	0.3676387292926953	0.30893895029344287	0.2502874495998801
0.4635099934458138	0.39603058360440885	0.33033854738416585	0.26810579079283114	0.21130985218827997
0.4035651188798402	0.3501088371696962	0.302825986037325	0.2666207388072439	0.2429088044412824
0.4434558092143116	0.3886897521737247	0.33807443070692866	0.29436264105777893	0.25510425706261775
0.5810808513890983	0.5492223313847936	0.52131169873395	0.49967285343275314	0.4823195934277131
0.5427010265373581	0.4810088980972698	0.4200557446924485	0.36015890591491256	0.2974663719921646
0.4475542986330385	0.3981728939973565	0.35408962209913214	0.3186047292141406	0.28916055289589004
0.5377257634205665	0.48201147252032195	0.4309604841626391	0.3888254912947267	0.35684593815473925
0.555239503251477	0.5035074595750163	0.45111760364260706	0.39712244999661594	0.3414064956123801
0.4257382960455651	0.37573590346226604	0.329768322417998	0.290365431575665	0.2572190442220307
0.4549028896506751	0.4097376786227598	0.3685701764700417	0.33303158603549343	0.29508355869348163
0.4248817160936941	0.3622587362771776	0.30262344583545897	0.24850755553654877	0.20126523345074138
0.6184954825206674	0.5818557071012136	0.5465733371061188	0.5127174856170731	0.47717783499350674
0.501382534736238	0.45756454758103204	0.4178323912860317	0.38443400331593525	0.3532955701227381
0.4853622019921281	0.4323667054573619	0.38400990389772344	0.3435547839279876	0.30830318237270665
0.4743854476894056	0.4293863738073368	0.3871812692058764	0.34902292102225124	0.3101487136281723
0.5728315072963603	0.51887181193135	0.4648539254612963	0.4097896268924949	0.34886292674793795
0.35871925754216655	0.300649265589155	0.2451751248177686	0.19373986537383875	0.14517173989946938
0.49268331363190176	0.45069127081376825	0.4115508557143305	0.3764336713701586	0.341324925977004
0.48732252265518616	0.4393408912577171	0.3939075410167878	0.35248002540428164	0.31290642840627975
0.3870810127000818	0.3392603403935495	0.2966037891227063	0.26210985349293175	0.2331188413649173
0.4314834840107069	0.3681541706375112	0.30620624926672674	0.2465037818829654	0.19017247425887301
0.6136803272683787	0.5831022740882765	0.5551111299716196	0.5306049863286975	0.5058624361946459
0.47253391550762214	0.4193614919723012	0.36874516021217013	0.3223348323942971	0.2797623904594813
0.4586770724011164	0.4094628924672866	0.3640257771911794	0.32445037988333325	0.28853892859397906
0.4578166524906066	0.39977493596338026	0.3443358896624937	0.29354227765922974	0.24758852693682637
0.35656584393060364	0.29520067322507004	0.2373855508472186	0.1851134145291381	0.13440674065431354
0.4067340565143103	0.3418341022733482	0.28290401311299956	0.2350733109569072	0.2011115151926921
0.45383208229355276	0.40936918991051935	0.3677797798709941	0.3303092883305995	0.29328314840794795
0.49178877172387414	0.44684234473286955	0.4072328614609011	0.376371812749273	0.3500959439843939
0.4841051332828596	0.4260210680535106	0.3692054690296043	0.31403783212822756	0.2594421083971288
0.4434420295582403	0.3900351105235652	0.341387510618925	0.30100734515649635	0.26970699194402564
0.4720497706692709	0.4286199350928413	0.3882297781152074	0.3522166498766744	0.31889201254019284
0.5519607503403987	0.5096898635074415	0.4708270012212442	0.4380645920643452	0.4132427241925802
0.5033511418453755	0.4592711728435261	0.41654900915335896	0.375126313610564	0.33015039648753414
0.34765748992480905	0.2885442652102883	0.23233041176067162	0.18044223366850454	0.12989882809027467
0.4808351496558909	0.4362013894751958	0.39773191974147254	0.3698013324750384	0.3503989063928286
0.46842043931935917	0.41394362153646536	0.3608087996076964	0.3096105424819473	0.2591630938045265
0.47442529396088784	0.41669548013500846	0.3629774637399146	0.3160027365935	0.2735653497914827
0.4763499687495214	0.43145279748830034	0.3917647700541612	0.3611320676458171	0.33877906779053746
0.5261622811278643	0.4732327690079002	0.4219277203393152	0.3725019925238322	0.3192508260807362
0.39978899173017596	0.3324369658751864	0.26835864762025935	0.210374544930368	0.16090464831481827
0.46707675385747915	0.41209278297016466	0.36023484478278744	0.3132733695916498	0.2686794019519237
0.44648349625517175	0.386325117802768	0.32829046258285	0.27374021380749847	0.22107047621731757
0.5217114331960995	0.4664174771887252	0.41227393234354903	0.35952100571960754	0.30474862933300506
0.4846800393654737	0.4337359429992447	0.3861303311217165	0.34433261522033765	0.3086348879255586
0.4398086198981553	0.3797244818823019	0.32204121865091584	0.2681005810093462	0.2151946224899816
0.364353530116558	0.3084119356484216	0.25781648375544197	0.21598257967870813	0.1813696946284601
0.3947502503606156	0.3221649707758342	0.24972388468250142	0.1773836758582315	0.10484453440327715
0.47824413170026076	0.42288621992458575	0.37022577229015574	0.3218882703326366	0.2750824364035954
0.34874430096380354	0.2729802361744318	0.1972678198966722	0.12109291427205958	0.04244024737321882
0.4392741776574624	0.38054705930232624	0.324272011998399	0.27183437697412083	0.22302768897337003
0.49911707686467366	0.45242046655115753	0.4091066947590424	0.3711846111309811	0.3362888968613301
0.4125215684662943	0.34986642576153226	0.2886366931349378	0.22924119191939998	0.1693031069406543
0.4471375969240373	0.40309440251520995	0.3632266556181518	0.33011263094916055	0.30127918123756464
0.4280966901249188	0.364026048135155	0.29983527897279505	0.23479867186266387	0.1673336589354987
0.4177459133662704	0.34694406737210826	0.27773078248464417	0.21154679981544558	0.1500425857389994
0.5089987185932692	0.45847900489603544	0.4109407029147284	0.3680247218368858	0.32637832144498136
0.4544552821555935	0.41203205733655546	0.3747666429377973	0.3459224246407979	0.32252761297694116
0.4704791574941539	0.4136756163870516	0.3583090944804378	0.3051049742983953	0.25380786828814395
0.41112444541271104	0.3548765791064968	0.30444337957161166	0.26418876265222124	0.23285257994823633
0.41779919494457085	0.3663386876820962	0.31607451670375947	0.26665652024667225	0.21394659356461676
0.5463932246772489	0.4930229904535397	0.4418778623119433	0.39420694434838255	0.3475037549333263
0.4633273031728396	0.4013137221324249	0.3402966938992873	0.2805776703610474	0.2193438579609913
0.4406338160350912	0.3820187120827212	0.32573150151479807	0.2730290582763013	0.2221984929399659
0.47901503815575763	0.4342507602726242	0.3919902420717929	0.3532502348955642	0.3146818391683609
0.4317757103495082	0.36257131299026035	0.2957294472286342	0.23293922324632294	0.1738414004597746
0.4948380710379443	0.44961074016946134	0.4054469837949856	0.36169555941345205	0.31224151832651775
0.5525836137333715	0.47900933586026895	0.40431237346975873	0.3279301775056461	0.2504882095448428
0.37811885142433704	0.3143667237693444	0.2551704832116912	0.2038965544523741	0.15985337307444766
0.5494902764777029	0.5089393646180735	0.4708217235978566	0.436124284825512	0.4012240084630743
0.5230309905641563	0.47519107215997175	0.42961442956288876	0.38727594877908794	0.3449603724582051
0.4426760421949463	0.3779077077365356	0.31484244616273077	0.2546583115103472	0.1967674335330109
0.4658953807871793	0.4052802839125001	0.3474059992569696	0.29422890235770915	0.24474735668766745
0.4974784647191868	0.4576438928157221	0.4222432045525706	0.39333228675493737	0.3631726576481362
0.3769189480737552	0.32434198509710216	0.27650680546295997	0.23615548264991004	0.19918667443830473
0.4654906061153074	0.41253923670903114	0.36168277808481347	0.3137310221606036	0.2668359225588917
0.4708256228040401	0.4250263205149329	0.38398667627202593	0.35066426547053364	0.3211770639940027
0.41429938800032085	0.37486730767231413	0.3392964633471772	0.309585754060033	0.28293287404811523
0.4588966103092241	0.3982464230004934	0.33906448533897704	0.2822369320485286	0.22665747671213704
0.38210361390180103	0.3148898750581226	0.25300528439222486	0.20125171608104075	0.16369979589631925
0.4313133504983287	0.3811081405086907	0.3345871349939673	0.2939588433822015	0.2573624905748857
0.5541790746235684	0.5258195754360667	0.5019389298416007	0.4848554487735937	0.46972123068796795
0.49413584373011693	0.44455358093045794	0.395579804387984	0.34647152943389437	0.29167122417033786
0.41784893031541137	0.36361468331045516	0.31459628631459585	0.27461259484656186	0.24234474947019172
0.44840134255597336	0.4032849120676679	0.36262994341987914	0.3288852108793011	0.29842606594767684
0.42917729199450144	0.3840788676939157	0.34440838137759167	0.31350158588046584	0.28794801140140586
0.5661631227004884	0.5077449711741744	0.44805457387301567	0.3857683126905128	0.31826870932247137
0.5110288551039339	0.4667390509437318	0.4256742018706084	0.38976096925164405	0.35757754547374243
0.4200639893147452	0.35658050551503867	0.2984640209194686	0.2504520066234931	0.21491534646591443
0.4299636847384326	0.37030870766291263	0.31461737692326014	0.2653859065958541	0.22044635141157318
0.4991092083032413	0.45721211109611753	0.41734822047629644	0.38026662647367676	0.3434621454860201
0.47613679572181855	0.4406040789391467	0.41001392890352256	0.3871071092639625	0.36716657341801834
0.4070178564670479	0.34179414171191513	0.2777962507853526	0.2159768753705621	0.15709426159698497
0.47276031499088145	0.4330120135986796	0.39838425247926856	0.3721177744152476	0.35280429389599316
0.3407952084792263	0.26533153372838014	0.1942583959115321	0.13171174232067095	0.0806246051787405
0.4863648482492991	0.430455438434024	0.37970034945760917	0.3380523858887492	0.3028568491785773
0.4645468681678339	0.41805278846148647	0.37762416753170835	0.34802061517415117	0.3310369128117135
0.547839099512244	0.5062018887322146	0.46785730184265223	0.4341348934949193	0.3991528120574202
0.5029042347775878	0.4538299211371549	0.4065253588405183	0.36208120899790336	0.32160854173460895
0.45780475573270824	0.39988267325796384	0.34496273785640663	0.2952093941915797	0.2501974142486948
0.4072300822421265	0.34027712500971774	0.2753271235075439	0.21364327670910332	0.15390008883902292
0.4480246701594711	0.4023902996964403	0.3603929992986902	0.32416825187685616	0.2912001955533262
0.4782490106946764	0.42023377510619403	0.36569149588434197	0.3175873131780507	0.27765263571975335
0.5695791090340998	0.5256369992220148	0.48174631619657765	0.4372089995311689	0.38874297673200336
0.543863311129037	0.5038355167415033	0.46754068951317246	0.4367869206300049	0.40762749680534277
0.5368315020424681	0.4923261249405322	0.44977874079583413	0.4095523625793799	0.3669076251905067
0.46663913442343063	0.4159327648672538	0.3712661736511403	0.33749693310316153	0.31534620017075793
0.5012074800217443	0.4627042661805884	0.4302435006966053	0.40713551896403	0.3865776854327134
0.48900547482363416	0.4406841999351232	0.3962019440405714	0.35799922200469514	0.3230946598852694
0.4185438320458755	0.34214977841305727	0.26743450075293584	0.19676770921063352	0.13572362319619605
0.418226637543767	0.35356999719688986	0.291715653144302	0.23431516180492007	0.17933961245602614
0.3895760514674649	0.3422296253800821	0.30073969499160036	0.2685922090781653	0.24168468498860785
0.5117005672319643	0.45786107926306474	0.40628899711200644	0.35824755725811774	0.3126342289896494
0.4375158792874093	0.3783338855790051	0.32560245266217724	0.28483789038800794	0.25744656428679275
0.4294532659631001	0.3742648367614592	0.3239296836153489	0.2817696896794425	0.24459419671838964
0.5162108574491973	0.47003841859081097	0.42950195183258666	0.3993486156306276	0.38250037921288504
0.45519956904214254	0.39939202328873863	0.34825097920894005	0.30587529835811245	0.2735439780699355
0.511264585571889	0.4604578698377784	0.41061719220469056	0.3617057317531992	0.31102168357789567
0.35032186031788903	0.28952609610178714	0.23232054808186073	0.18089314712415036	0.13302679375956553
0.5094985265835772	0.46586261340339313	0.4260434468507197	0.39289035140171763	0.36581149624571896
0.38204058053787654	0.330507639928492	0.2825689727043201	0.24029526855594763	0.2016545551512431
0.464814985846347	0.4263216921882909	0.3912335478983009	0.36075014321402676	0.3300486946444454
0.4476008394354363	0.40096548943929794	0.35992311433716845	0.32874422933888764	0.305673198305219
0.4473646668661763	0.39144482198055397	0.3407779018526695	0.2989412564528757	0.26338050959717385
0.4051276504971799	0.352869446758496	0.30551004478721877	0.2659923833516383	0.2310143401773464
0.4867832467039102	0.42450499259504487	0.3635321188275921	0.30507028624659704	0.25212235193730076
0.4755349397820118	0.42025139254451993	0.36940577823077114	0.32668159750423315	0.2943293122306852
0.3948097783737623	0.32038374706491934	0.24518332157388908	0.16783919988614424	0.08699192004208715
0.4438133202650437	0.39275188140145967	0.3449307202790053	0.30235915760170573	0.263373510784972
0.4041048592233766	0.3363780499914853	0.27193564593565617	0.2137838870404309	0.16482317285731232
0.37313437071281313	0.30587800780925994	0.24082823677920384	0.17934490425895366	0.12036206986890786
0.5177305084480638	0.4810581846712653	0.44839599939516356	0.4216430585497638	0.39623974985454197
0.5029825119735595	0.4501504015675159	0.39768387241168696	0.3451708760606611	0.28917123167659187
0.476764898988515	0.4261798480540828	0.38092189136965476	0.34509500795991654	0.3174303288446873
0.5485658129479756	0.5092865545763428	0.47351096413400195	0.44282144882376917	0.4122154163848067
0.4115339320824295	0.345180560205198	0.2831442135169738	0.22892934758430883	0.18321864552413952
0.504129986219184	0.4512962118009175	0.3987890536595227	0.3461150901837158	0.290488587374448
0.3694719363014015	0.3059646687448225	0.24635509921795476	0.19368962561369885	0.14928212545737268
0.5031764067425919	0.44789475123995304	0.39650048909723434	0.35199777953219435	0.31590584547874967
0.4648587163322774	0.41463933591103347	0.3684037315035603	0.3291293983476493	0.29597906611199676
0.47048984905846103	0.4147155490949557	0.3621336618904252	0.315434636085396	0.2767498223660113
0.5620354264797586	0.5339104310425801	0.5104338752036939	0.4942279012433552	0.4816355417251057
0.5221275724316925	0.4679205221227327	0.4156853786532528	0.3668639049638506	0.321070378239567
0.5161117842165264	0.43930298540841606	0.36436865344565206	0.29365893032971024	0.22852124276299607
0.46821682710800416	0.4158430720885591	0.3677608725876756	0.3270537118362347	0.29192241279358266
0.4559710895849328	0.3925439494325281	0.3297804726789941	0.2676697267545621	0.20517552420567808
0.462527156502717	0.4080964696052341	0.3561427782622931	0.3084012260506549	0.26411042627395287
0.43982420019891866	0.39157780450642093	0.3473114434051263	0.3092702174566382	0.2744997833568551
0.4466903923206501	0.3782018047645782	0.3133204428245779	0.2555864734769551	0.2082701156875922
0.480468342975181	0.4285076189377913	0.37909466642431067	0.33385480908382725	0.290702297988381
0.5331273576152299	0.47052813369796165	0.4091022265791019	0.35005717312730744	0.29409345414075466
0.4547089913425867	0.4003547123376618	0.3495548764164186	0.30457680871165665	0.26263026992783617
0.4593006326847655	0.3992520876997811	0.3429174941301144	0.2931534728139882	0.24954712693607553
0.4219202102501962	0.3764071123657817	0.3360086975957072	0.3041146386292911	0.27946105806181054
0.36686952302025655	0.3075010423653677	0.25104759359598783	0.1992095038140611	0.14970060440439087
0.49951568481017206	0.45398596910927097	0.40994444430284405	0.36677889700410693	0.3179495525447518
0.5190992104842677	0.46151746349391487	0.40615742829332885	0.3550790418920029	0.31073449994337077
0.4984880159324713	0.4538279780208403	0.41257103550090907	0.37617260912055206	0.3385228512163707
0.3933080676397125	0.3303400926555978	0.27066126086801223	0.21643010060431075	0.16573605776447256
0.5092791948423943	0.48241115537574586	0.46153912852931817	0.44985641973779594	0.441776137915645
0.441415485994693	0.390958966193396	0.34181784628656664	0.29401527223571233	0.24380586879734167
0.3702910275632167	0.3074108813295423	0.24939474618424942	0.20010637582018131	0.16051470614669908
0.48996164359541877	0.44128452664005063	0.3948037278856492	0.35146867953689676	0.30982102830871866
0.49253239868662363	0.43474837823700785	0.37884551879060774	0.3261706286871283	0.2764618756022642
0.5347477130687256	0.48959693225849377	0.445921941658045	0.404185389618401	0.3631783013866696
0.42413445965102153	0.37514661944097044	0.3299089414433148	0.2904791434425976	0.2532453820616953
0.3907877621217849	0.3394717895740527	0.2916288234633691	0.24921509317896512	0.2097594649811311
0.4926162592225053	0.4347714091846952	0.37823916853929174	0.3238338798969944	0.27214395252313406
0.382626317728782	0.33155541322617416	0.2855793730881991	0.24797708305502136	0.21560557555604323
0.49946970901977955	0.44699898985165365	0.39583744516854297	0.34660441741546194	0.29851241065820755
0.4500393214611928	0.4138903591285339	0.38020556197256256	0.349414125918897	0.31642463793419684
0.47740244136702736	0.42828331254538105	0.38393898580761754	0.3476037691157328	0.31612743832318657
0.4384662321213062	0.3705274493131547	0.30571606300208515	0.2469336852974388	0.195454722351232
0.5291602687285352	0.4759914512054262	0.42490651413965014	0.3770972789771886	0.328774559630039
0.5623800573278259	0.5311944740745081	0.509259983648306	0.5031311532122771	0.5084330629250973
0.3854713373209111	0.3304570838490016	0.2791564033867224	0.23381583483252802	0.19269817271281098
0.4422137877363047	0.38004608927562183	0.32200774218483397	0.2709809883301244	0.22358073007146384
0.45356057743017897	0.4126921159016992	0.3757281145245521	0.344729794673359	0.3171265270777811
0.3840394847811891	0.3264251202664952	0.2746859535859132	0.23366956057977106	0.2042329115343951
0.48578465134552495	0.44388501503013744	0.40741816742509057	0.3795271164487219	0.355843569333753
0.4489289330248407	0.3952130397566001	0.34555956366479373	0.30301996668727893	0.26753550460055153
0.49679690755405037	0.4453055769462648	0.39627676406765433	0.35129152671069047	0.3092378051075347
0.3538246595610356	0.28196350844608004	0.21339769561170768	0.1509898486840689	0.09534705204115736
0.4267759622435412	0.3703812888169942	0.31723870014479394	0.2699322527584088	0.229400873000819
0.538418013470329	0.49063335832750005	0.44447263888301214	0.4008150831070423	0.3590439957478871
0.4193928762003684	0.36024875507709847	0.30505536343399087	0.25658717421707145	0.21328381153454834
0.5124588416444729	0.475140659898138	0.440992498992127	0.41182441074116094	0.3863528209433119
0.46449407019391353	0.4259939285643223	0.3942595820662713	0.37359663295193574	0.3607103185142857
0.42625025025795305	0.37348747231450447	0.3258840829708511	0.2870565578883008	0.25651785355425194
0.4908695742738824	0.44752409457106207	0.4075435334646299	0.3727401883168035	0.3403654946419615
0.5219265565584719	0.4764784921280406	0.43357198264177416	0.3948674499271882	0.36067376454682376
0.4977431266102591	0.44993770830684954	0.40569773093575334	0.3672420186074206	0.33199381004289513
0.41431183125007215	0.3671202705113339	0.32357144439254143	0.28569108570152324	0.25047184963034913
0.4338943614903094	0.3728966351469943	0.3129973683042301	0.25428495459770595	0.19349766274903293
0.44174240248195357	0.3911661109549621	0.3432159348531706	0.29926620864799564	0.2552940986274923
0.48744657404219094	0.424698014744517	0.36274119817398615	0.30194099584041273	0.24150728671346383
0.4516129215697888	0.3947239107185838	0.3431121122774521	0.300664224554457	0.26434159636411747
0.40860013763014713	0.35023991619057115	0.2960164871684254	0.24952660928066345	0.21336657007964474
0.48431135076850557	0.4398559906338399	0.39813609171869696	0.3603948682173673	0.32227997743517117
0.5349056780895134	0.4906563946934822	0.4493620363668966	0.41236772197364013	0.37537836658803153
0.4949067256040755	0.43414826117485045	0.3750883656824663	0.31870403994668256	0.263291571074197
0.4825752185417425	0.4356961105697357	0.39120831081802754	0.3503002811456914	0.3099187039565793
0.5631236870205257	0.5188886551750929	0.4802401683328251	0.45181951789062424	0.4354958804903817
0.44057293748574805	0.3962887487470161	0.355017029238477	0.31831971933571807	0.2841892886544778
0.48600088392368745	0.43207530806630773	0.3790341727167868	0.32678286772383563	0.2723893073450557
0.460024074209168	0.40183644115912415	0.3454548181379543	0.2918344642212707	0.240389021441536
0.5340145716688873	0.48612465180255493	0.44236151001421903	0.4053331124419925	0.37000058759841004
0.48745397022364045	0.4304355567269778	0.3749805870080105	0.32182480446856104	0.2683913569551663
0.4009122514800809	0.3260231713210804	0.2538543788785794	0.18694880224800575	0.12649342891016374
0.5237111024910219	0.4902201240054992	0.46117747502151957	0.43894756780291866	0.42006873356060775
0.43061005731973956	0.3763493820375427	0.3253439367803702	0.2792755858534896	0.2353698242608922
0.37930837415225604	0.3215756306878895	0.26902422119391833	0.2250691723846279	0.18653843241312423
0.40778447816751706	0.35183505482804905	0.30075803119942685	0.25816295878253626	0.22301043171167606
0.5704994180336741	0.5395412069279036	0.5125821468247884	0.4918911794886544	0.47565432148472925
0.48094404700223087	0.42510847779005895	0.3716562824869743	0.32248795260576185	0.2781803053922308
0.35993954866143213	0.29880068021720235	0.24205317183027633	0.19251794237765868	0.14839596113450704
0.44754369268926497	0.4006902361194728	0.3570697750886453	0.317954702834013	0.27876301723744135
0.49849942673081854	0.437802120114322	0.3772244822442655	0.3167535877042554	0.25665915247776416
0.38758099881665115	0.31950884675009067	0.2544537403565536	0.19470802776046825	0.13967099854164736
0.4867312289724842	0.44247163168310155	0.40410982844444776	0.376335114689676	0.359678214305256
0.5104917595756397	0.4590514535060328	0.4098487697115943	0.36429930204044136	0.32155402266135236
0.4566706908466468	0.3953087021010447	0.3345508806401323	0.27447116454410264	0.21378472088207703
0.49500134970315696	0.4431565431535985	0.3932279264413222	0.34635908054926684	0.30140542418810745
0.44660581673395605	0.3893151953900118	0.33226873527377065	0.2746720891702748	0.21123464476627407
0.5680942637048838	0.5312160255019669	0.497583838635393	0.4686626131153745	0.43751262319753653
0.4961681454590443	0.4343577217381575	0.3745657314551546	0.3182482874235095	0.2649564205207496
0.45069026159954945	0.3824103631731944	0.3165045892039212	0.2550219642568049	0.19740179861480478
0.440566720681159	0.3742573286552586	0.30961313415435543	0.2475295482324197	0.1848469588745314
0.42583150494716104	0.37970403881779574	0.3404479733130111	0.31297888876352853	0.2952701974112794
0.38766173024706957	0.3326125189090591	0.2824120864688503	0.24053885054232527	0.2066737026427227
0.41122348263307446	0.3407509386704537	0.2743895056247407	0.2159952488278635	0.16871359857570806
0.4079360024700874	0.34599712433760854	0.2865196035204592	0.23103317716670538	0.17798510397450445
0.42598589124295694	0.36976564126062555	0.3169662822421297	0.2696304576252641	0.22695252998699145
0.41584508133939396	0.3517619449561954	0.28955023702911664	0.23084871871860568	0.17711674813537537
0.5038983132034365	0.4468545655743481	0.39219249743640766	0.3417332270846044	0.2953068236960228
0.4877091106657486	0.43640070383846374	0.38717250279329674	0.34102662843075693	0.2954600221004652
0.5077481607426056	0.4541217530695997	0.40436623615624256	0.3616001986131098	0.3259340530818057
0.4162210625802415	0.36217336635496516	0.3136043650492335	0.2742780723894529	0.24178068753107615
0.4610174211280185	0.39883491374336216	0.3398516430832528	0.28702993940989296	0.242275612010999
0.4632843940521059	0.40434029450557996	0.34905740548221426	0.29997559590823153	0.2547107281267278
0.4389190807280956	0.368911811583541	0.3034148255206481	0.24591694192264546	0.19615059270755164
0.43983162228940786	0.39456627494939245	0.35351373633742905	0.31923098742640577	0.28932517128489454
0.45273109051520805	0.4125679689617506	0.37635703316108177	0.34658064465084765	0.32270788377348314
0.5167574819966952	0.4634764018024249	0.41120190010949165	0.3600153200794192	0.3069501164787855
0.40284932325427986	0.34564062255347106	0.2929829281727068	0.2482312864007127	0.21011475558601517
0.5086358371217405	0.458023794075055	0.40907805384715024	0.36273323505490684	0.3178978820805003
0.37287989309919833	0.30878893744805347	0.24925645894955648	0.19773526055069784	0.1548278193105889
0.38333499236618007	0.3232299208278464	0.2672314568544138	0.21811378465224465	0.17575787846216187
0.42038930956023324	0.3626624470639998	0.30874174222417056	0.26101665033659	0.216510110442092
0.395704739664022	0.33717844703522915	0.2812648432371496	0.2293057803474553	0.17888987385120536
0.44395641188363416	0.3902495021852253	0.34041812197078236	0.29662766698151427	0.2556939209956791
0.4908287442991151	0.44645706795604856	0.4035450566690809	0.36220499720565424	0.31909612493841716
0.5280548718361807	0.47224399696572955	0.4210441342146628	0.3781263491908859	0.3422076091651072
0.48029855159961876	0.42512923257506746	0.3717547121679168	0.3210641856160102	0.2718421953281747
0.4636515076934217	0.41687846180629196	0.37367694557445	0.33595460482394246	0.30076714207608046
0.5000253711395146	0.45278090109499464	0.4105022637701927	0.37657011707033805	0.34948823668227447
0.5044055721675432	0.44635753259240796	0.3892847705870376	0.333247625870055	0.2752426161405443
0.4301352488408263	0.3749760143203046	0.3243527584156791	0.28145923431529424	0.24476232197712738
0.4355343608339624	0.3877146370170632	0.3431698588647475	0.30298509945297264	0.2616164101441358
0.5121730837710045	0.4560738682329726	0.40001213328426544	0.3432663936557309	0.2835486818148242
0.4967717424521795	0.45077041776758164	0.40708548549675116	0.36693492873345224	0.32823897211236164
0.4776277832409779	0.4334192699788729	0.39360896589094974	0.361450560215765	0.3379802458153096
0.47377341118976346	0.410110714048727	0.3499174565011259	0.29593816630492387	0.24707194845355285
0.5122330666165974	0.4651773101072575	0.41920211086130055	0.3747279460366305	0.33104963636225265
0.4412066084100534	0.3879346593512611	0.3384071897769256	0.2955013499752798	0.2592956859029406
0.4078510259315068	0.35821606440126297	0.3129019490976626	0.27445697496972965	0.23997525045451534
0.48080012920873133	0.4265335055663699	0.3752232092232203	0.32907170899590527	0.28550507499130534
0.43739094307494364	0.38610626636863826	0.3380067029972427	0.29511371111033574	0.25619633003097686
0.3969097233372778	0.34562789418399614	0.2951856188761054	0.24506493319487255	0.19204213908473186
0.37115712966833214	0.3028833216207909	0.23859944441914782	0.18146564267902138	0.13277711528260733
0.4112517381527996	0.3538942600231878	0.3009952311845399	0.2560496845394828	0.21866958713851303
0.3665286254779483	0.2934747356311976	0.22433134626177928	0.16265865367952842	0.11068727250276947
0.48652461433592353	0.43157190935523354	0.37969500812083223	0.3333207364979921	0.29292257657496523
0.4747776711903216	0.4186722696848832	0.36420852089549555	0.31214708009514547	0.26136186829410496
0.41169067018344346	0.35670711336091804	0.3069471745614599	0.2663682741519571	0.2347421172327334
0.4892485145964912	0.43290171068363925	0.37713253839500754	0.32187212504689094	0.26653238953847175
0.5574496608803401	0.5136353665707004	0.47053983764385615	0.4281551521432059	0.38552574723247673
0.4309684964187392	0.3845502789002963	0.34404016750297695	0.3138771250435757	0.2921565960970366
0.4081050337358607	0.3420897830865532	0.2803228100696879	0.22629536793116173	0.18090071787583925
0.47526766344602905	0.43799866600790116	0.40714429521800016	0.38712006860073095	0.3762509430662837
0.4484312943099787	0.38170147120777387	0.31575167053335973	0.25107885077694453	0.18784656852803364
0.4879672055245139	0.4475502363939707	0.41050102889898	0.37817958079982184	0.3462128360397512
0.43960178088582785	0.40454711550880884	0.3713438243662304	0.3396603540076138	0.3032605100633384
0.4306419829738235	0.3722466113220788	0.31719571414654707	0.26810318285142765	0.22620993514973337
0.5749576501848858	0.5373017863470687	0.5041937356006148	0.4788620257861961	0.4594636145827849
0.4625004690378599	0.41187481031314455	0.3657585168084581	0.32757261501303536	0.29719146968547944
0.5585319356823251	0.5178506014767474	0.4802903588844811	0.44746408037566565	0.4158923670289534
0.4686944869808294	0.4185012761594543	0.3728376314310391	0.3346802405289965	0.30265061990539477
0.597398060325803	0.5670429593386273	0.5382955233870108	0.5110132206174494	0.4794529004740392
0.40450187587599	0.35710643278296916	0.31698138043468943	0.28944346184259906	0.2736489391856949
0.5096622577633725	0.4702670963050653	0.4359079902053307	0.410211001280643	0.39411144938648635
0.5287511382732187	0.48381778760016914	0.440204708302255	0.39825556153467767	0.35609670297240464
0.43156336282773256	0.374176472712931	0.32211340491178664	0.2792267671802118	0.24280449082200434
0.5036114558726278	0.44858718924686974	0.3938461981298291	0.33884573644177474	0.28177433899300475
0.4581394203048474	0.41671430880905436	0.37919901240494475	0.3475236807962815	0.31768984565260633
0.5129515484932057	0.4614741054369039	0.41082946707121076	0.3607992688788004	0.30668086141163853
0.49437769819827204	0.43185507248097454	0.36953252865237857	0.30766006856555217	0.24657799910432973
0.48122345373291053	0.4341778371487856	0.3886716856392981	0.34473752777656036	0.29708203032412933
0.4263461569081822	0.37538082250756377	0.3268276812900041	0.28125136757972236	0.23397575964302778
0.4412496213403549	0.38263524730178605	0.3281425458178074	0.2805489727212982	0.23882082568308471
0.43083032940090954	0.37427754045088774	0.321892297720421	0.27636342006913706	0.23665283360334471
0.46381730580062724	0.41812316273531713	0.37789949276369345	0.3468541701051372	0.3225151804116929
0.40753507499509006	0.3290242493480655	0.25108047352453405	0.1741556954411311	0.0985648577668565
0.3835259268511014	0.30512296961576624	0.22893262549048743	0.15698912421475153	0.09003865897638019
0.4817307849749547	0.4393285353577972	0.4018033870706196	0.37150422050399606	0.34195117051030677
0.47538378480044907	0.42692622814626496	0.38441840843150116	0.35236382278601647	0.3301587964871646
0.4390910852293282	0.36996933207564264	0.3007830674741124	0.23119121808842308	0.15903350275132186
0.4839792096851058	0.43623535039106437	0.3922894480739101	0.35438206066222167	0.31954164594992124
0.43598271861495647	0.3830404435108859	0.3355507041344658	0.2973799603805422	0.2654600960604151
0.4754683876542176	0.42481718068051477	0.37722516471296996	0.3344518973150043	0.29415110824024454
0.44034732052751213	0.3837847102850791	0.3301017963535205	0.2816886752360467	0.24022452244026607
0.30319296259381145	0.24395393417655847	0.19310126452484183	0.15735663630996755	0.13800813757672975
0.4908945460928229	0.4410734268728009	0.3935460350833183	0.34950422959635746	0.307005420519336
0.45553682825998126	0.4135387427354727	0.375457367983473	0.3436648402261503	0.31578389515298566
0.3869316132513246	0.3129308237617469	0.24126579549534632	0.17393762084345257	0.11236000532424084
0.4443265190215872	0.3851600121311799	0.3294308184629622	0.27880600937722877	0.22906237851408906
0.4558589554773796	0.38937274583068904	0.3238887276601174	0.2602567964699387	0.19742322696997233
0.36938543198300816	0.30248966411498984	0.2391662560215482	0.18217866812147937	0.13204393249919397
0.43024254244272253	0.38079409242543905	0.3368783117681057	0.3025530020955064	0.2775181170818954
0.4004237740040145	0.3424468434592845	0.2862050424882201	0.232229236142144	0.1779180482023291
0.5306334115333223	0.4688187466415048	0.4060240380239315	0.341784032127147	0.27642178294809056
0.3826592867308479	0.3126771627930352	0.2461213895912383	0.18518881928138248	0.1267303152785655
0.4388329181918649	0.389561898109762	0.34687707295136666	0.315674880252636	0.2938890276412555
0.4631443265442738	0.4016570485178368	0.3421740772169689	0.2856943395719187	0.22938365115205284
0.4176763109704074	0.35350885808489585	0.29081940897424985	0.2300728970916298	0.168417486122593
0.42728394172623485	0.35766146052163866	0.2912187851900061	0.23076547568343803	0.1781576771861793
0.506781614267868	0.45236048788503985	0.3974782860511666	0.3410104677080018	0.2797846388618271
0.4536785330943869	0.38006120763363166	0.3091644255351283	0.24365046152464	0.18402881752365538
0.5368692120399731	0.4797716131171534	0.42360036111133753	0.36882217990133676	0.3147709015849736
0.4637738446974549	0.4163820340418452	0.37371337222855455	0.3386581456337836	0.3091675938921278
0.421408866326641	0.3640204117420608	0.31017873837480786	0.26239084472180807	0.22066583584873298
0.4778093375526548	0.431591567745808	0.3882604446029683	0.34916796082346463	0.31158525158543116
0.5099182447014433	0.46110561609223544	0.41311414204995583	0.36602317070603774	0.31688949149797885
0.4908635064093362	0.43623715526450496	0.38658862734445576	0.3456033399206805	0.3121495439207368
0.5154337016220305	0.46300298473416507	0.4100083288496449	0.35493743316910675	0.2939133667245743
0.4598057379286784	0.4104172049515778	0.3640656579558246	0.3225378409771133	0.2846246595804264
0.5672988314188787	0.528392572384433	0.4920947786997493	0.46025616602349073	0.4307904271488803
0.40676364036747065	0.3498317300141689	0.29562546030603976	0.24557648412520813	0.1977693389127661
0.46247001964748763	0.3987582949587182	0.3351132598285477	0.27109730201212806	0.2033095461518314
0.44221313047159605	0.3877305991307433	0.3382152607373455	0.29745842286834845	0.2664036243965228
0.5183212612851641	0.46394606306886044	0.41168626114633156	0.3634240996476306	0.32098543169583377
0.401894625968203	0.3552566329884623	0.3141244649249447	0.2816503872030436	0.2532504499428887
0.45984241667586795	0.4150326452841192	0.37410339921747454	0.33923999438813734	0.30702996239095526
0.4398250606788764	0.36490588843244637	0.29039048833144626	0.21631909525531412	0.14143544870174912
0.48506297181447966	0.43903467509562016	0.3971686043332943	0.36156025358706845	0.32762927833646144
0.46892589969438037	0.42456727457362026	0.3837922069470062	0.3488034613890527	0.3173885743182704
0.4409635036452799	0.37701694153002835	0.3142550412124687	0.2540319070289346	0.19986049895139393
0.4959487236913075	0.4466052359634969	0.4003256296027281	0.35874990361888076	0.3194395334821565
0.470920953252295	0.41570479773443886	0.36308914613489457	0.3143055188692752	0.2652006217588572
0.45134041077803194	0.38609169737571414	0.32405899867723253	0.267371427275496	0.21297804119932986
0.48038653220323646	0.41834859956261405	0.35966764853722255	0.30683230217974977	0.25829875750941056
0.4077753082745658	0.3462031931645416	0.2878043506197043	0.23499939406291506	0.1897917967220975
0.43836671866886046	0.37909049019207	0.3208454837930529	0.2642105876472761	0.20964506858318932
0.4820190463098036	0.4342249197195371	0.39137526163845926	0.3569589677161476	0.32957761194352947
0.5247134219201018	0.48710638944782286	0.45323518678745167	0.4247786572345043	0.39686751169668444
0.5390243725428215	0.49098430721053055	0.44741720308815325	0.41158661046768763	0.3829089807875874
0.4734836457344279	0.4148998266017069	0.35738143952216406	0.3014995488367913	0.24743272478791745
0.5057416259759476	0.4591052896264871	0.4179275997474374	0.38653925518673843	0.36550105556987833
0.44803952823648646	0.3938315123048423	0.3443894097504178	0.3028584733134303	0.26814052799077903
0.39504915690030884	0.33338515242757194	0.274100256317926	0.21866879990347604	0.16619530808290794
0.3681072414927057	0.3023556383942784	0.24006585586408427	0.1834393498451869	0.13017162290497913
0.4207391301269225	0.3652866494102692	0.3134388306056774	0.2672100376929537	0.22445622755642133
0.49893720547477605	0.4643136797025149	0.4329377804079919	0.40584517536535364	0.3781529706863537
0.557797206753969	0.5160741096577345	0.4768987489742978	0.4412077142244151	0.40456455908305844
0.44170495339498994	0.3874636087540102	0.3383305829506965	0.29752704653383844	0.26002836504196175
0.4505628861026161	0.4038694539593725	0.36190832157891734	0.32765164509569067	0.2999245392578955
0.4922848086719804	0.4416407527157099	0.3906876718607295	0.33818557731037135	0.2811848382364732
0.4765343471194982	0.4221716988726667	0.3727371583608964	0.3319620593968907	0.2988045345262369
0.4371061435888455	0.3680238685042287	0.30245008894153735	0.2429674057269401	0.18646466455298588
0.536491195565356	0.48289826468813557	0.4307737571128416	0.3809368514383308	0.3305642180419502
0.49991326074533216	0.4527817784701658	0.40892314730213847	0.3702779603478057	0.3331809401586604
0.45626413102660723	0.39670835392275083	0.3390722111643793	0.28494314521560027	0.2356571622567538
0.5119684754586695	0.45376945433948795	0.3988630924784393	0.34941748322436617	0.3025734293792236
0.5044625618893814	0.45357397620782874	0.4031463453805477	0.3527932282817099	0.30099256666951096
0.5050504185982386	0.45745674151165394	0.4119097892403728	0.3696696043082122	0.3297411204891064
0.5234106970481722	0.4765921351631015	0.43129843983922506	0.3876466661854691	0.34076369709030596
0.44659466419525307	0.3929005185874085	0.3434934424486668	0.3009003201010414	0.2612723632383028
0.4607004467033842	0.40458370653653647	0.35345474587937165	0.31089854800463756	0.2760294811423331
0.5074136777002922	0.4598387238416925	0.415847586290673	0.37811757247746225	0.34673399366238694
0.4499988790628241	0.4024727680279161	0.3570437797066644	0.31422067970364254	0.27051877903899935
0.531380727546539	0.48029306597933275	0.4314859070976211	0.38630567538389116	0.3424565481295935
0.46814359038024317	0.4105708979954971	0.35693057527587296	0.3103120956397292	0.26978052788608686
0.4971665479615464	0.44461695029219184	0.3928444794652916	0.3415660112453919	0.2874565535343136
0.4455193361880443	0.40331381525986826	0.3655020519341489	0.33493418290543386	0.30892969482043586
0.5104155703124762	0.46328793650571237	0.4187670562868892	0.3780136628708138	0.33864266607022975
0.49896364680421745	0.433735357804452	0.3723258176676791	0.3183912732224236	0.2727463340201742
0.49808303730264625	0.4585880901491492	0.4233912914637185	0.394665755843855	0.3672228867624914
0.3903838304690638	0.32238403278011296	0.2574330628852096	0.19842757166510222	0.1480050460757952
0.4190530088006059	0.3724069449088112	0.32951365460545134	0.29237619041103535	0.2581713649132291
0.45465997864878116	0.41968004571521844	0.39111761177805243	0.37288042319926806	0.3617131492099603
0.5252011027910233	0.47068416723448986	0.41913191228448154	0.37302477770035425	0.3345120071339981
0.5017969899164907	0.45095276223116026	0.40015733380008417	0.34858686893673485	0.29320281826307654
0.5047925954448628	0.4538774704723032	0.4043704852675582	0.356887306864226	0.31013444652946176
0.4326197968437985	0.3792761429170325	0.33346776111401555	0.3012557025361132	0.28372225409011487
0.4699999000206068	0.4114234681638959	0.3550624510867455	0.3019387003763852	0.24789511226194227
0.442719203510011	0.39085448875998896	0.34293728255549943	0.3018478730490342	0.26787420705596304
0.4593683867401842	0.40665833027237436	0.35886687822975133	0.3191442411499866	0.28374283632711844
0.45360689047825226	0.4076717192292103	0.3670107543431162	0.33504279860793956	0.3086278524200125
0.4714122012723956	0.42645059103499006	0.3854871994067834	0.35081547848185357	0.31848002385591134
0.4137559801839981	0.360094781639722	0.3086380436916936	0.2605479232455647	0.21511535583277336
0.44066283453161315	0.3945584379240095	0.35229996315431344	0.31605964724436847	0.28365553479899547
0.5309093729075809	0.4942375917791969	0.4606628677900783	0.4311937718177611	0.3988612886369593
0.44861975770130513	0.397209650211222	0.353141758287101	0.3224945109187352	0.30621441619155204
0.4984600930474032	0.4581211991335829	0.4249902908112669	0.4042416441724657	0.3944369463259466
0.48053475791323524	0.4152708545134424	0.35134406925057116	0.28988404482059604	0.2303421575776334
0.4805070641894474	0.43141001765215164	0.38618635968349724	0.3471166472408923	0.3114195722799885
0.431209589753777	0.37375033330630403	0.31789778104994104	0.26437151390848174	0.21141685764488818
0.4469589304770762	0.38498757328660177	0.3242171153600665	0.26546899707061566	0.20949339217852497
0.40651554951894475	0.3577867472118017	0.3152448068910146	0.28312710646835065	0.2585501042789997
0.43010177798566435	0.3826732326961782	0.3405673726887797	0.30707126753470226	0.27895470833549907
0.44182741083251853	0.39126010516163773	0.34530985096094025	0.3069328596163003	0.27529273171758606
0.40508068356252136	0.34895025998466656	0.29628629777328175	0.2491457659633711	0.20415631391541153
0.40151199963894924	0.3514803045250024	0.304996481157744	0.26329098052275074	0.22084691999114883
0.47826158894120735	0.4254013301189022	0.3751830204918606	0.329431656836076	0.28916618624041157
0.4643028718174115	0.4154705888017429	0.3692794125692934	0.3266447819400555	0.2835920050531003
0.47822901553546027	0.4206171862508542	0.3677908015316813	0.3236473967099971	0.288291118811711
0.5034503311007	0.4567411565113425	0.4137027765634037	0.3765078885793277	0.3436280212258134
0.3299114519724971	0.2504474883740643	0.1735472658779506	0.10106588065915509	0.03225873100988086
0.5278652857704056	0.4663838292581153	0.40547329616233163	0.3450659950489323	0.28151252154063616
0.4267148892801277	0.3711467679357352	0.31796963064137146	0.26821857922676245	0.21899546486767316
0.40036844700356633	0.3515968328349895	0.3094418296617871	0.27864763778353363	0.2581708797850253
0.5566910817342556	0.5082170742970882	0.45933303315166063	0.4084248216729596	0.3492209846204703
0.4285095058413472	0.36922052544144446	0.3131652680827064	0.26298310972521155	0.22104519284535393
0.4699834636948173	0.42480910764777535	0.38501117501631876	0.35440210349494045	0.33162321670445416
0.5195613199928132	0.47160874890186033	0.42699960412019095	0.3883074710282006	0.35554616791560556
0.3828820271422413	0.31708283925825176	0.2584101597015685	0.21280238167346283	0.18143398439599018
0.40720670527512987	0.34367429067398303	0.2869534007878872	0.2429837504713812	0.2150383770722856
0.4368497280403042	0.37200912575907247	0.30672945085306735	0.2402061002378417	0.17009492721416847
0.36509477706454396	0.31621546580946586	0.2712099109652314	0.23183350903036487	0.19382435834701103
0.5580420187576889	0.4924684584589197	0.42396142255265823	0.34970785831316037	0.26826230902144904
0.40079490664344525	0.34104987582708773	0.2839970128451064	0.2311637258836276	0.18043918244754364
0.5111284071461004	0.46770774461818554	0.4288536042064452	0.39725633758275974	0.3688828716383914
0.4281113298766352	0.37744539842584257	0.33188951269385125	0.2948592582876451	0.2654381400665948
0.41942399174470174	0.3543189315570724	0.2940446897148525	0.24236588576579468	0.19823502447743585
0.477923179300459	0.41256509319810525	0.3500551363308825	0.2930600719245882	0.2432475413969761
0.48149093630566686	0.42351747818718555	0.36781955166522223	0.31601334044625773	0.2686243078212873
0.5073314243129206	0.4537709465063405	0.40234972104395245	0.35416445764541427	0.3066106533710618
0.45345394039541237	0.3913633132033293	0.32978225238574105	0.2687200172615635	0.20831430541051058
0.5552433328848105	0.5162078098536763	0.4835611403316036	0.46172786603388766	0.44673692949414573
0.4014544808782802	0.3507306244269175	0.30322030670199224	0.2600855225802837	0.2165502412631225
0.431407933401869	0.3810587188316759	0.3357137713253525	0.29873133758551473	0.2683267497240613
0.5742008233513403	0.5389201480497248	0.505771738100481	0.47559678821198326	0.4451340215277485
0.4942211578263796	0.4314761820518007	0.3714244790394614	0.31656416108670216	0.26802530593355245
0.4502567870731436	0.39663830352558893	0.3446562690667383	0.29487490313145936	0.24477035296740451
0.5166747112988228	0.4689365810050685	0.42376859652900645	0.38249442170208336	0.3424205232767945
0.4840531802734	0.4358586873515595	0.3909875900449118	0.3516897339173328	0.31790324356543703
0.4551617438405129	0.41357026082816156	0.3764821142369517	0.34622548914890916	0.3178742836548266
0.5361037951236931	0.48556464683511913	0.43540218700728606	0.3847350886289589	0.3305771485265672
0.4665497709308485	0.4020638763143908	0.3401626621773225	0.283002950034982	0.2317162909168424
0.4253686108065276	0.36813022604213996	0.3152353334844658	0.26978716655440294	0.23154646315446847
0.424442165820621	0.3630650715097879	0.30478179376686365	0.2517666673270169	0.20336858253887286
0.4609526484257545	0.4008718795185382	0.3464839883761776	0.3031954477512898	0.27518273254404174
0.47552649341965025	0.42052814118889736	0.3692677712832777	0.3244287946415061	0.28615673115792073
0.4446677966537049	0.39522602465005674	0.3511190874609148	0.3154334743607067	0.2823071275839871
0.48219241251726014	0.4206906589011716	0.36157161735925436	0.30663371053076216	0.25263101841044483
0.48014244742688805	0.4341482010158153	0.3920931480196889	0.35674948095452214	0.3279456433059367
0.42023687792847153	0.3676990219399512	0.31828740191060056	0.27354124843979016	0.2302972046071873
0.5177619298128506	0.4669528561613023	0.41734273734219657	0.36929990283198333	0.321111229558652
0.5172231782894147	0.463260894469876	0.41081785549410627	0.36057803601183025	0.31143693800755623
0.4247529276946743	0.3729900509779832	0.32315118500012663	0.27569656910746926	0.22734678814266213
0.4895388725298442	0.4448931898805426	0.4038390861846292	0.368754054045837	0.3373453831988039
0.5143437799959952	0.451683382579754	0.3915214656681353	0.336165810801881	0.28607034772878914
0.5860901149455915	0.5525549364192428	0.5190922283372509	0.4843406656125505	0.4439647141174939
0.4399791843320032	0.3778140274737834	0.3189039872821091	0.2656655043233343	0.21758127627396082
0.4828028112311386	0.44284535452672713	0.4069129921694699	0.3774397315983815	0.3531543472026181
0.483459154837475	0.43517716242578913	0.39009717306725333	0.35013464574926306	0.31319212102737304
0.5397602398795478	0.4959118404857327	0.45235293905596363	0.4082482882661306	0.3610400191691599
0.4005246966986058	0.3571101594111291	0.3187862774268868	0.28830484636936665	0.2604778526432767
0.3765180554738964	0.33167931092617653	0.29012696337306093	0.25320695743438293	0.21740717890323746
0.41894504821054884	0.3597463248796968	0.30295110693899285	0.24987901817356462	0.19885552263817813
0.5307970924367018	0.4773035972910792	0.4246502007278826	0.3729976071735646	0.31994300054324587
0.5128406967469845	0.46159007225926246	0.41406195065224716	0.37292182544631275	0.33736582774402646
0.500528978363686	0.4571055899221312	0.4195588888571835	0.3919796640337706	0.3713134389574045
0.5486435424506474	0.5021945083669439	0.4574646793499711	0.4150374009472851	0.3685545410323588
0.36626354469333144	0.3048377469906281	0.24683114254879804	0.1942923382878589	0.1451583301999893
0.407740774341514	0.3442726139419156	0.2850271305928403	0.23297792672203307	0.18537195465928952
0.4767615349683408	0.4132478957830401	0.3501422154371497	0.2875238685350714	0.22326264756617326
0.40282592222305247	0.33011886056351714	0.26006754681971705	0.19487025083539902	0.13394512248723
0.44433060239814376	0.38998196816033076	0.33855283671908737	0.2913097070991121	0.24305148620598466
0.5090368618859014	0.4680923527353978	0.43032100303244264	0.39728084997171803	0.3650924854161894
0.5444230693437898	0.49942610592656317	0.4561287593686317	0.41521560440654093	0.37476827119721123
0.45653831945891316	0.40718096612530885	0.36394181118192087	0.3311811345509338	0.30548951230377147
0.49485688652890314	0.4436659633436497	0.39589854253234164	0.35396091035374594	0.3181554616333947
0.3651564615727534	0.286010160520861	0.20909306231595964	0.13654738401647615	0.06994096574399923
0.42441890692592416	0.3688158567548115	0.31834610029469235	0.27666773669441636	0.24229308817588427
0.5163175570847084	0.47729035179097007	0.443435499635749	0.41812229760512953	0.400036471358722
0.4355194243514121	0.3846728243251537	0.33705324645800666	0.29465086890621284	0.256294578012647
0.45331813965722345	0.3914517051310391	0.3309093342275807	0.2726400480483615	0.2176415897641319
0.4332226086075033	0.38342623027207506	0.33706253484038096	0.29579436089253275	0.256147621645912
0.44988379379335786	0.3798112356435112	0.3150247870043409	0.2601565373947715	0.21713035896322205
0.506378587861422	0.443204410652293	0.3816897852144165	0.32354386084227804	0.27119648924544976
0.45800867312610777	0.38042925311405007	0.29898705005817805	0.20998650927040546	0.11026379621458489
0.422995413454295	0.35195911697966914	0.2807996395850247	0.20989355338262244	0.1440949889250373
0.47395987576056187	0.42828954934617225	0.38516999913465283	0.3454396795814412	0.3041776619123696
0.47033353299764435	0.4145015844115305	0.36143454174566736	0.31218868410009565	0.26344302132239894
0.45202789788217135	0.3995530720681926	0.35249442114168544	0.3148105613054511	0.28538677213566915
0.47001981212512317	0.4127891275378288	0.35802018180061324	0.30714743413176443	0.2600770486813915
0.3731156062492881	0.31193628192024403	0.254460431667251	0.20351433548532466	0.15987170172060916
0.43382442698035273	0.3610335834002083	0.28967074144374644	0.22106058578273563	0.15470040971232374
0.3980089190094718	0.34858203416086625	0.3038325347996482	0.2667193225182939	0.23562692338208033
0.47366920107097293	0.4333256058797441	0.3999413686820511	0.37793673576051	0.3624392713837794
0.4733543283610359	0.42385040724630657	0.37909769570229424	0.3425159791275587	0.3131157967847168
0.4414848153574605	0.3897351498727529	0.3395669975493554	0.2914435062401488	0.24260939061786874
0.46824914793026295	0.42348048173276737	0.3837576737583582	0.3528957400785713	0.3295920685711368
0.44741330623591397	0.39776163235303447	0.35196611570304026	0.312518465120231	0.2777262709726636
0.4084850790627824	0.3484778627107573	0.2922903579580077	0.24263102690548	0.19899448210515452
0.4817578915451827	0.436443234622508	0.39487521071939	0.3591148958888197	0.32511307314960763
0.49077005008204233	0.4359429141403287	0.3847643502115903	0.33974208730983047	0.29858355390481545
0.4229784616506961	0.3662030265842848	0.31444252220228464	0.27188051036741523	0.23915888549833872
0.4846552968455776	0.43909393636660315	0.39753745397905743	0.3630280475588005	0.3368824727002334
0.4181376703268642	0.3479436300072304	0.2789162817258052	0.21167518718131545	0.1445474307958906
0.45978017186728803	0.4049309010253721	0.35711005838272714	0.32204095885195916	0.30101795730065506
0.5065418953615827	0.4559015890225992	0.4068173145676428	0.36015581183275225	0.31508186173477637
0.5000610127686773	0.4573204764627101	0.4200441343750322	0.39197717780899755	0.37181620583396313
0.4891543969836406	0.4427867696389638	0.3998245674583423	0.36258732334934757	0.3298402130975657
0.4583532681820443	0.4059236722951892	0.35926151647729354	0.32271411606100486	0.2951302925302687
0.5514269221631529	0.5211409638003504	0.49221450146959805	0.46360038207343546	0.4285046139861617
0.47551351260254443	0.43941736749040317	0.41095322493533	0.39554358878617607	0.3913618516590197
0.32634532174863234	0.26822315816394154	0.2135154534394136	0.1638178080942449	0.1152674363334969
0.4919398312540483	0.4466085793122323	0.4034054066641184	0.3631223290938162	0.32293471545339847
0.4536756635792483	0.37758386485885864	0.30376024820453823	0.2344557796026913	0.17058922112836838
0.48100419431983454	0.427366966453348	0.37582099971749394	0.3278407338803496	0.28336763094290623
0.47395192911363626	0.42020069400029425	0.3727550251186021	0.3365300271468813	0.3126294095396461
0.3771232176437516	0.3249981321717059	0.2771265451261983	0.23632979336592283	0.20192940076851137
0.5063289428110894	0.4561424649890312	0.40972265274970626	0.3696844148260758	0.33420612257110194
0.4457345599099003	0.38820283522534854	0.33387167572237714	0.285010208236555	0.24094197043966312
0.458796314303563	0.39239930884380175	0.3289359295571211	0.2709424362509548	0.21861830125739745
0.4023547288947641	0.34822288804065626	0.29876175451706477	0.2569968100288257	0.21962279382024696
0.387257857151609	0.3302788192066449	0.28035003733720315	0.24286508358822056	0.21746512397368878
0.46147630363725917	0.39300307626361397	0.3239364692533384	0.2534292926668775	0.1821863466006925
0.5000320735636906	0.45579631964582923	0.4146921599619623	0.3785466404858127	0.3438368333487846
0.4370384870101497	0.38874194475044704	0.3432833035813661	0.3021396713059633	0.26232678726383063
0.4173597083016087	0.3464998929135808	0.2797464623543825	0.2210128419862289	0.17231116248726142
0.5509490608996334	0.490643043303036	0.43125867980827876	0.37326298234852195	0.31578132926675584
0.42258818570718026	0.3782243869975938	0.33813941231106354	0.30493822016529315	0.2763209159576636
0.43080569946608843	0.3566783211922855	0.2855820620151335	0.22030445989362907	0.16122478146527092
0.44393147692191537	0.3963105846152444	0.3524810963790633	0.3153048078066032	0.28637866137256296
0.40636937290175223	0.3433309888298993	0.28681994034548486	0.2424280471303895	0.2122035610501086
0.5043646214970111	0.4653002251666497	0.4294143951747935	0.3980056999315225	0.3667984495812906
0.41073051951488326	0.3551797314623707	0.30643299759838005	0.27015156752574204	0.2472892549180675
0.41553560718703775	0.35299621609559223	0.293179452480775	0.23781898263084728	0.1846404810479937
0.4490326386549847	0.40622423404276653	0.3725812769498488	0.35474449158635557	0.34857740434144185
0.4845450721104114	0.4343423993681725	0.39170842491137764	0.3621642172303448	0.34324642569926017
0.5610934804896855	0.5212247764555286	0.4838692451082684	0.4498267267530698	0.41377905074850235
0.4318196055987645	0.38112247520414627	0.3343578232667971	0.29373898765767964	0.2545772836617289
0.5460367331700968	0.5090592747559064	0.47541598242601457	0.44639571239075515	0.4165541290132701
0.46369855345493066	0.41450993570813444	0.3677096126132796	0.3242545766211011	0.2798173180372901
0.3988168905890531	0.34633762909009785	0.2969248537915569	0.25220212939198794	0.21058908486911274
0.4420207864090071	0.38065384990783674	0.3249278154398799	0.2795335657746343	0.2450589459366435
0.407684452697024	0.3461279696166008	0.28697792637854525	0.231831900954923	0.1809499196877642
0.4531994926366007	0.39405732977281305	0.3356435114844931	0.27788888273918794	0.21836096281183182
0.4809431160121052	0.4237787435915014	0.3698380245407025	0.3216922690911211	0.27902270321239264
0.45595691972002106	0.39234431285820426	0.3295316440001784	0.26744498852261067	0.20263376356849339
0.54510396255264	0.4811353741930033	0.4179969465332833	0.3563748086406889	0.29703306887817393
0.4311571032079935	0.38143412326822385	0.33542140981033364	0.29524566563855453	0.25913224815463515
0.47174268589165	0.42768354382051077	0.3867564667295046	0.35046293510842397	0.3161566165371749
0.4331092767149878	0.37968582175297694	0.3318075125960283	0.2933302147283495	0.2636495482026424
0.43015304064069004	0.35786070675017545	0.28814905135151464	0.22347070660574384	0.16570382111194096
0.5164894827225174	0.47454975518090753	0.4402181860948243	0.4188262255712279	0.40679333787041183
0.48779303898073406	0.4406891219901951	0.3970629910458352	0.359190929235233	0.32729657805613266
0.43340263622822	0.3893321480606715	0.349364509762419	0.31590417371788165	0.28739373647801125
0.42256817431582	0.38984752305866843	0.3632286761345934	0.3459902181195292	0.3341050729853717
0.449194909303682	0.396018525230885	0.3473630948590213	0.30607090445909263	0.26992291282131853
0.4275934628637471	0.36858964073091344	0.31010041925212917	0.25172866781912256	0.191932253677919
0.4014828328896102	0.33653814764265977	0.27333033423507924	0.21327421037165062	0.1562874730491479
0.558666315182534	0.5308932136040885	0.5075660623929692	0.4908303917817264	0.47672886839348483
0.5007539590286519	0.4445467121076851	0.3870358213215818	0.3267770181271849	0.2640434944530686
0.5434602810963625	0.48536958717414325	0.4258689057894528	0.36328765020637277	0.2939874334178573
0.48379285762412083	0.440905849372767	0.4019034769137906	0.3691028502390772	0.34015937759748366
0.49702807119431136	0.4374495484628081	0.37738461572278825	0.3159614707136381	0.25199222752749806
0.39721463901847714	0.3352759383548659	0.2763727849199332	0.2225075149656351	0.17227654362282863
0.47643214075490986	0.4179517518523229	0.3622992312480906	0.3115553533566219	0.2647980350970973
0.48356646769646744	0.4356623008828428	0.39016535156464904	0.3483796030567483	0.309419162800152
0.4532126824971198	0.4026713351329775	0.35707696769888375	0.3197636179631358	0.28923520793598284
0.4610862350349674	0.40122209521725416	0.3460024151252665	0.2993310036256724	0.2628837375013148
0.43016842145105966	0.38071033027759327	0.3360972296208371	0.2991647695302079	0.2674572061430449
0.5319265641186322	0.5010215396649447	0.47429818784585764	0.45378589173238126	0.4331822281659594
0.4486204327535811	0.39268325815205535	0.3406485381378361	0.29504324278622435	0.25224180406771124
0.44229974598125876	0.38523599416764776	0.3344863589802355	0.2948501396955028	0.2638361569442563
0.48517023179595986	0.43658385649044196	0.3899584330045154	0.34606844040425583	0.303516568491804
0.534464740616452	0.47380707194918553	0.4135462682071259	0.3539540966988744	0.29438644389921004
0.45928605004682477	0.41199603294613607	0.3688176603508961	0.33251963359545633	0.3013306910405618
0.43182536655369624	0.3794677103034162	0.3309918043427805	0.28922656437604366	0.25357109491582697
0.45661885293447535	0.4004203195940048	0.34713738286305496	0.2988001791777602	0.2557759624553024
0.41418074433818	0.35145378549994183	0.29198303974498013	0.23799074841252493	0.1872238419529338
0.5308599687263477	0.4905564751295217	0.45239469917586783	0.41725681116691055	0.38213659015576446
0.43794110562693594	0.38557906605634656	0.33489368456140145	0.28661560709899764	0.2389795800958572
0.4835098074175428	0.433942891614647	0.38666708114745907	0.3427869941985206	0.3001071973820109
0.48857183264741494	0.4438246641834354	0.4043612374984595	0.37385008887080257	0.3509804974680502
0.47098172758094914	0.42295937792072746	0.37856676225427366	0.3400776153899969	0.30480517230830745
0.44520992540975757	0.4064300874575305	0.37224590573559607	0.3454748548969049	0.32427549654754406
0.46892441618790703	0.4074714885649062	0.35143140604659323	0.30533235989993596	0.2693670730641823
0.3727064658040341	0.3160509211134723	0.26301161856152167	0.2160398184105172	0.17443896750690485
0.4691941928883264	0.41620811547984465	0.3641533437293876	0.31215151747887754	0.2535625921799327
0.47509662159210975	0.41797024039658864	0.36296349100628583	0.31095365345618886	0.2575088266935149
0.43302462418000187	0.3840790229113649	0.33770595566347894	0.2950963755975065	0.2537193764304683
0.3860021805374666	0.32533276582481796	0.2686026742986499	0.21843036914085506	0.17358688229180588
0.3780316514421543	0.3190972854975279	0.2664869455058248	0.2248250825669186	0.1934919966701363
0.4658736181988442	0.40858785573656303	0.35443323552049094	0.3057137107880069	0.26246325225421213
0.4595000806411137	0.40402516755934037	0.3539683821551466	0.31377342937987823	0.285320639638026
0.40606830113818176	0.35719055542057726	0.31240350390673305	0.2741390369258812	0.23940344413260628
0.4628074006812819	0.3976025748537375	0.33512221623514177	0.2777277822005557	0.22662523760432668
0.4150259722481143	0.3592032502423065	0.30704662943437344	0.26074358574855844	0.21750447642885615
0.570938673442341	0.5356063310536332	0.5022013514939284	0.4711582066099077	0.4384745131590353
0.39453590466064126	0.33034618862795395	0.26893871629371713	0.21204434020513246	0.15653418559295948
0.4782948042131555	0.42492524661417025	0.3759921815911256	0.3346708468949491	0.2990306322838249
0.4165359258279029	0.3364253251955523	0.2588763012810342	0.1864129632745365	0.12041235577838678
0.4983057280341745	0.44597491163443487	0.3961389947217416	0.3506996405828213	0.30835876004288265
0.5366767987507148	0.47473446466643276	0.4089584848349785	0.33593737656366784	0.25511509170950686
0.3410613349425998	0.28844724444583514	0.24048317577068076	0.1998359424218205	0.1631691853824805
0.4931465535607117	0.4437988802637589	0.3961242213481728	0.35029730909975393	0.3016619296089172
0.4562297889779965	0.4029410575039746	0.35205357694791506	0.3050788005795144	0.26158741521544254
0.513847337364932	0.45406423119193545	0.39696164106550785	0.34466448279592343	0.2984310219024687
0.5198543920129404	0.47548228446050933	0.4346068187546207	0.3989823584112441	0.3644762327475258
0.41740150248922697	0.36293891557833724	0.3133254647556748	0.27173948056492897	0.2364560429218902
0.41536007613125936	0.34793141595789406	0.28347574272243936	0.22431198048178158	0.17111422318150282
0.3399771748952902	0.2601573299215668	0.18431370634207137	0.11588024614897188	0.05580313659650208
0.3602584890661483	0.2865039752583975	0.21444943499859961	0.14570423518544928	0.08246217652472454
0.4267123940691778	0.3647315969088607	0.3048637692706553	0.24863282338239268	0.19658975858676864
0.427895252671388	0.38096263420124005	0.3390473739992908	0.3053472372346161	0.2762266502933652
0.46965139637421704	0.42768610017784453	0.38865930392424836	0.35365698471970397	0.31923766680598653
0.4061952831292334	0.3439249566204944	0.2853880996552118	0.2331481008505203	0.18546725500738195
0.4537864484266946	0.39868266463844043	0.34484285249747504	0.29270395860639553	0.24103540087522465
0.4382378569702471	0.3893706480748917	0.3443155272976694	0.30529555369738026	0.26978415980292286
0.440010583446362	0.39178552177904624	0.3488400019312429	0.3145959108773375	0.2861551188728334
0.43843594418390325	0.3765920277519824	0.31853197142642414	0.26690363990174826	0.2195179721469926
0.4846468752695545	0.43575259244530795	0.38980810477277866	0.3480614602694155	0.3052372315185169
0.40949567778555496	0.34530062556995217	0.28349271814339205	0.22536188682013797	0.16819241764811133
0.48827714478397777	0.4292935007554839	0.37344884745645374	0.322973724882418	0.27601253665411923
0.4936170262292767	0.4458141116446106	0.4014126266824289	0.362262406147871	0.32622669636777873
0.5081255960506617	0.4536036275544636	0.4012962681799005	0.3525008132134434	0.30458160703213333
0.5389465503331599	0.4929718531490138	0.4528512382930253	0.42246347181041344	0.3962680244030191
0.5379791919823411	0.4901199855611218	0.4444166780163096	0.40177134221704985	0.3583149728110033
0.4306324835183995	0.38114891687495983	0.33545154233857577	0.29557389676142953	0.2583781243785683
0.3786410009183291	0.31855349724537535	0.2637535716493542	0.21825198237518786	0.18094001441290367
0.5094770588870504	0.4660252608118412	0.42734057333596764	0.3963981732878868	0.36967732386972957
0.44771558902874375	0.3965704695475017	0.3522262680695723	0.3194447985329853	0.29401934890162734
0.509107755490745	0.45391898811529646	0.40060144741108283	0.35027353772530445	0.30273903191277113
0.3794668405765051	0.31592749280039933	0.2549710513160859	0.19848279951014358	0.14652416860268458
0.4529462826202887	0.383633111407106	0.31687588587345367	0.25509696636691337	0.19928783688852592
0.5180584742996152	0.48562783954493	0.46003960840644026	0.4459681989155044	0.4416934592544878
0.43469831632149164	0.36806223469976296	0.3022013836657368	0.23722932319225817	0.17174686601578676
0.4059396109276177	0.3395018509401228	0.27724249354834823	0.2230704840707383	0.17938606013870004
0.4804247352835932	0.4220668793011792	0.366255486395707	0.3148262956173136	0.265922235021288
0.35380751248386194	0.2989487928403895	0.24847834807703223	0.20501177393371742	0.16712850578349103
0.3959073111606939	0.3154449364596325	0.2360132926962162	0.15900962688254788	0.08575255321107805
0.5032466370801292	0.45072196952973975	0.40149192370439224	0.3580503632194668	0.3196162804189093
0.4673628150033267	0.4046008206031299	0.34180183465319974	0.27897690847932016	0.21712630150696677
0.4462176829432368	0.3948385303891904	0.34876193715362214	0.3121784229868592	0.28491820937556334
0.5761919988823172	0.5392130439920699	0.5049608652460861	0.47477118261951123	0.44721036330300057
0.443378376320596	0.38128577286260895	0.31977106076000483	0.2589032317880256	0.19684555826526132
0.37043215390925754	0.30856815517362646	0.2502492089761307	0.19761551144675385	0.1478467051349777
0.4778417548165046	0.4181520462934867	0.3609725547949427	0.30867015083697785	0.2637151269555088
0.46306950308462436	0.3850790137702481	0.30737510440911614	0.2303361825057319	0.15306069485072968
0.42319752876788175	0.36799638765628817	0.3179120787463552	0.2761850851612698	0.23918262113026678
0.4473536200001985	0.3912996743046577	0.33770912869813297	0.28783238993728943	0.2387784048998308
0.456363824276503	0.3979655333512195	0.3436996934043229	0.29690840752437864	0.25800215602017657
0.47581807072059135	0.4205191369170265	0.36825044974095056	0.32159004695465265	0.2813869854612079
0.452195599623897	0.4075769605826428	0.36707689517535574	0.3331977795660672	0.30444719335482595
0.5107879105988363	0.45558913948126745	0.40372161686210645	0.3578707333088618	0.31918182781050963
0.47021026278440703	0.4172381619440063	0.3667104187250623	0.31977258548525694	0.2733750848018635
0.3818086129575782	0.32336556108762304	0.26886472402985145	0.22090391604913315	0.1781631114347907
0.4086591318989472	0.336704717586264	0.26640881928284904	0.19928314854874202	0.1351427403761172
0.4729704435350348	0.41973935805159635	0.3721737310511763	0.33482676304531733	0.3083810023627914
0.4487178018422893	0.3839521976891471	0.32189648308937413	0.26484222986038825	0.21367400630119826
0.4961626197870383	0.4366560216730015	0.37736052511274354	0.318389960388611	0.26058284881996496
0.42421201692338695	0.37355025560522087	0.3268707383764905	0.2861264900217503	0.24700064851559766
0.41644770837305034	0.347522385316042	0.2835287117732939	0.22901470842001886	0.1865356948907172
0.5275372292611881	0.47409957735079034	0.42236818952398136	0.37341032225917725	0.32539021981520205
0.469617049826763	0.4177842926031413	0.36905347669461713	0.3254215173219375	0.28495074934860076
0.488857520415168	0.43140425858328024	0.3775637273012514	0.3300426837815258	0.28877691017641743
0.5332009689213635	0.4861275812724768	0.4415563430775212	0.40062908810239056	0.3602362202344243
0.5205872066371768	0.4767403951088816	0.4391800105926683	0.41254003530099004	0.39342257791538093
0.4328162407982177	0.3702886389985182	0.31241852817621896	0.26322500876276733	0.2242715791678942
0.39795947259344155	0.35015672089444727	0.3075414964554414	0.2736487715367273	0.24679006379085322
0.3879181223753516	0.3346081776018005	0.2846618246031474	0.23973258804785452	0.1954306184896961
0.4152610096383323	0.357223527945873	0.3019222109918826	0.25090789120688156	0.20423731925908917
0.46830447643959966	0.421880004859679	0.37930045692570885	0.3424613542547733	0.3075722618367832
0.3404235407341519	0.26847681436169785	0.20087595773107078	0.14142674326828142	0.09211146247016308
0.41410078820652085	0.362730559021297	0.31461762199599524	0.27176129138757393	0.23271973207510263
0.5331088047850907	0.4878441486847006	0.44704502179755684	0.41358653040817034	0.3829588646006283
0.5178348349751434	0.4630601310236214	0.41292479272691385	0.3712752105361715	0.3384799172977617
0.5058361057318962	0.46238147345662994	0.41994297669351344	0.3778572793337295	0.3307113777065359
0.43414653287607496	0.3847038080865742	0.33975782660165804	0.30217837731731667	0.2689655996516088
0.43551431025795573	0.3789100571588174	0.3274467644266751	0.2853313304048838	0.25311223721086107
0.5127205138629036	0.4557838985398884	0.39949676922374155	0.34389998507025876	0.28690685823537576
0.4513343399832619	0.39714671027211784	0.3474576615621532	0.3052952669118119	0.2688954535963381
0.4876016423199936	0.4301425923461445	0.3766476921056234	0.3298610094256201	0.2868304718319219
0.5322942667534207	0.4837528442322115	0.43758823986481893	0.39585493720677795	0.3596394796245269
0.5356869175463639	0.49645227628172584	0.4598799389495009	0.4264557453486176	0.390587683801896
0.5556600175602363	0.5101910887347461	0.4683720576823115	0.4320747930660896	0.3969074481211879
0.4449626710064114	0.38582321960704474	0.3267426391819084	0.2671646770427467	0.20517615986872256
0.5524326365285062	0.506980275829143	0.4623593669071782	0.41834099084675946	0.3733588236313205
0.3917144399469325	0.3270664694304519	0.2642107484976743	0.20424077064765173	0.14616030155701346
0.503819484007061	0.45977773065372046	0.41840812873946387	0.38099800526407795	0.3440124183705708
0.38671567623445624	0.3321831585564677	0.2809088477875856	0.23486032128356527	0.1943452782373315
0.5000481770255998	0.45444014869967725	0.41439359935450004	0.3844115119767175	0.36656698790837844
0.4261449088967331	0.36558075458020606	0.3084149481422407	0.2568128312057292	0.20800916654219914
0.44208918455909463	0.37650438338645	0.31269906565673844	0.2517097240606619	0.1920663413828949
0.42987018588253945	0.36510548814338545	0.3039354473991695	0.24927949704761376	0.20095778069706688
0.48476648363928126	0.4496700946630079	0.41913793481048306	0.39533907209215075	0.37178504580846417
0.47284352353963466	0.4191559586507635	0.36634697107327485	0.31386657135466633	0.256257273809491
0.445996070207071	0.39534872150619516	0.34938037208003897	0.3110095820830466	0.27754352225979606
0.45390614901837584	0.39993243051308236	0.3477256579029408	0.2976380133045158	0.24596506531677417
0.396816784899819	0.33518843982784763	0.2774446749008987	0.22709971558453326	0.18642683251421255
0.5028720511559736	0.4496051097927175	0.3999345302837551	0.35642124612159715	0.316828977592294
0.4303388098708079	0.3707521888479457	0.31187206330172446	0.25384616975500307	0.1959808742405023
0.4667293689990465	0.4032111463310053	0.3397273825318154	0.2761487135109184	0.21230375652145878
0.48877892805666046	0.4469744428112093	0.4112714428601839	0.3856698300554999	0.3671367051657794
0.3879591406942132	0.3360785593851218	0.2905327407028187	0.2558463787551403	0.2302143508077716
0.4613643141719117	0.409793965591672	0.3618971555914597	0.3199889989886403	0.28238742988622156
0.49138928542983545	0.44266329428476675	0.39919896610542155	0.3646583276287994	0.33757321198605234
0.41512149848033003	0.3576084899528275	0.3019094358884214	0.24909795868463208	0.19793975121593577
0.36533770436468743	0.3133247603922719	0.26756096714143784	0.23204783534586557	0.2042284251876229
0.5707856822986761	0.5401785904941852	0.5134652799755555	0.49278688122508757	0.47489719109171774
0.5285801368902049	0.4859699482983748	0.44599935933591944	0.4103677686645255	0.37826128454081914
0.5494164518677953	0.5033082873087157	0.46052724971202813	0.42334575152544524	0.3917254317987954
0.4583654384854948	0.3976672768662981	0.33750820287825484	0.27766664624886606	0.21549707411496533
0.47751084748858386	0.41559174855768566	0.35454187796612135	0.29452220006408375	0.2341996618224404
0.4816380277940365	0.43890658437626656	0.40217369957292576	0.37555948178978255	0.35626294988132035
0.40809592955858537	0.3556115155091998	0.3079795046190144	0.26841467264849517	0.23405022906958883
0.5056710588111794	0.45757338097325145	0.41182991885623466	0.3697046706002348	0.3284801828279706
0.4069008320215887	0.3585645330012233	0.3162165115149476	0.283928537003298	0.25936567039081376
0.48810655229428257	0.43341540403506457	0.38111713282181114	0.33273966240850256	0.28750779894028533
0.49631616682286067	0.4573689101122448	0.4227035074797004	0.3946467432903841	0.37058914498829076
0.44637787522412514	0.3858392776343882	0.329435154193388	0.2802816975319462	0.23723549936220806
0.5991301896255358	0.5527489776127205	0.5074197662085365	0.4629619453665063	0.4137590071709963
0.5447150506708475	0.5037089273952391	0.4653757607473511	0.43082398192882326	0.3961558155483087
0.456901733448308	0.4053001123531353	0.3569498265983597	0.3134619831910481	0.26990017083183615
0.4691667771665733	0.41801242031705665	0.371098018008568	0.3311747517834165	0.2951665070827394
0.4952682954028151	0.4429821622170239	0.39323783417134056	0.34725723033520844	0.3028736230953939
0.4443775827559623	0.3893673515196401	0.33882435658270915	0.29609133732770493	0.2613593457753259
0.4275691894818793	0.3728135138579763	0.3194406252000681	0.26748079053167806	0.21457474731506257
0.4305974697137395	0.3803760482040943	0.3348322134020116	0.2975407659609629	0.26822083113128753
0.4532304536149493	0.3930978899196424	0.3350510008115994	0.28016146534173625	0.2266799924439456
0.45919929531392756	0.41053839252004504	0.36626619744356104	0.3292429204845537	0.29802843838250864
0.42695997559422866	0.3624037001903525	0.3017364799094213	0.24802551442838935	0.20078192422684873
0.5529102736720437	0.49917297523324333	0.4488280098109544	0.40441548916699743	0.36410034628350835
0.4830050327792301	0.43268528680064433	0.38556272938531067	0.3436879773043022	0.3055697110151289
0.48789702760609555	0.4257163122074812	0.36563498782790244	0.3083388681069568	0.24964731397826376
0.5128295996819656	0.4723007527580056	0.4354243622104596	0.4043180676196181	0.37646420420000276
0.4704594794713282	0.4105224649498284	0.3509205071541109	0.2916873937580821	0.2329560066969672
0.5060143534824872	0.4543083385274831	0.40406306954597976	0.35594140753195913	0.3083436167268248
0.515048622472573	0.4664003676735373	0.4190444194942661	0.3728621937091434	0.3230036669699031
0.4680769453187453	0.40176497362208535	0.3369739783301222	0.27516243342995356	0.21739213747484704
0.3694178313853402	0.29948535818865785	0.22898776653278313	0.1570025602739658	0.08235875985455046
0.5426199589782111	0.49863078278034356	0.4566913281317039	0.41718756267174206	0.37247283038094126
0.49460397887778323	0.4386079972482268	0.3825882271275704	0.32600552005980843	0.26779329530749935
0.41740364196113655	0.3525796095680993	0.2903628389416463	0.23350300226492865	0.18506549856872925
0.4820471558098779	0.43081861660039616	0.3832671772713547	0.3419401867393597	0.30450512753042713
0.4673942073910977	0.4063966620888803	0.34950955444195986	0.3002925277611036	0.26148882532420636
0.5563666694604505	0.5137824199711346	0.47331615938296234	0.4362898583497778	0.401076195656978
0.4348679557744465	0.3906392519644523	0.35423952727675956	0.3317120127504838	0.3241245787134863
0.4925876235584297	0.4482390455686245	0.40689093604107457	0.37013060862881847	0.33494928313053274
0.44834154628774914	0.3859211732185026	0.3284740708481994	0.280056829406237	0.24057877358529747
0.5675260409901071	0.5444989250145649	0.525701484463508	0.513074390274942	0.5013361870555662
0.4190280097955942	0.3873787660875198	0.3618277410319759	0.34560950423265285	0.33526771195763305
0.41915576438732893	0.37181035157673187	0.32944322653203534	0.29520893437818363	0.26699668520976355
0.45771104790633704	0.410621921898785	0.3654049698221388	0.32225244768978123	0.2773275095087365
0.5305049665610667	0.4990209534766413	0.4724255562071298	0.4538332773861252	0.44216760654013665
0.4456804977963267	0.38647978854128673	0.32830179907832985	0.271186492109723	0.2122514842715285
0.45710814365245317	0.3954003429471054	0.33514551810207815	0.2776889469351944	0.22539507046331114
0.40573173239498006	0.34568807968336385	0.2903274383855245	0.2433582237918955	0.2045945597203917
0.44555584266061793	0.39465610216483493	0.3460964811429686	0.3009948179048492	0.2558923778369964
0.5101561272737287	0.4604043524460616	0.4120198703819436	0.36562353099085115	0.32086248290905456
0.48566846773210637	0.4412191087509193	0.4004170416136596	0.36527585398110685	0.33317922577053183
0.47241280135958197	0.4266892297029296	0.3858746691600216	0.35299753330042954	0.325253463287485
0.4538389255272451	0.3793944106732643	0.3074461538934306	0.2408172490808702	0.1824306761492966
0.46324605291752674	0.4158348546462137	0.3739900411876121	0.34156833194571384	0.3164003163238126
0.44545526246062156	0.38396155640515306	0.3271013217295663	0.2787763584665698	0.24070491349878786
0.4206067585211331	0.3671643066803566	0.3193199986698839	0.28147827871560677	0.25433556589801776
0.35947679498277085	0.29007955347147035	0.22243049467782974	0.15760614154584368	0.09471450664290265
0.461677716577918	0.4153012279011491	0.37343506467944576	0.3389780098617844	0.308726287099296
0.37493957136112815	0.3013704577468305	0.2312367554541285	0.16709741761144303	0.1082093817328533
0.4532942834902949	0.39747882958944436	0.3438928631058684	0.29435313981892647	0.25029129990981464
0.4007114410444167	0.32855116103478776	0.25888097537818594	0.19379438009069716	0.13263654935174185
0.3928339329741868	0.3334462132176223	0.2775474748431734	0.22721819772043864	0.17921626127631002
0.4505306752994628	0.397215413198416	0.3476018178327467	0.30428988467031604	0.2672670267904511
0.4307319039555368	0.37281335647524144	0.31927943805952036	0.2727810265965491	0.22996798262728638
0.45752984180721146	0.4187364288310426	0.3861607174751525	0.3638028561102963	0.34911257147233665
0.5148755749157531	0.46222244321111017	0.4161331200813924	0.3820448823408222	0.36051246231092343
0.4878843893298332	0.43951309542905465	0.39628574462141647	0.36226494529653774	0.33684705925317854
0.4866671128461355	0.4429658534768885	0.4028530360732932	0.36828981949720707	0.3365829662160196
0.4355093359530941	0.37151249773421036	0.3098312913425354	0.251829466441023	0.19504692988703848
0.4968235137561504	0.44428587351587623	0.3944298760083892	0.34932041797955166	0.3095030262497655
0.4085368753323784	0.3609979725642858	0.3183853156130263	0.2834737619645609	0.2503584968114712
0.5245880206696081	0.4895992823681772	0.45948733137388104	0.43719390482960696	0.4192666211815786
0.5433969400863218	0.4872731217541889	0.43181755653817083	0.377598012650466	0.32467806367855406
0.4671090153714771	0.42968820441084044	0.3960644326994988	0.36826053891213173	0.3439870853946904
0.4587846037042174	0.39572902840210855	0.33620150741311966	0.28313677953765154	0.23581003174541554
0.5658412207648919	0.5353846521985605	0.5090238468157184	0.48876824003693	0.4686467593224769
0.49055334663015054	0.42613701752333005	0.36186210148914455	0.29747952286156176	0.23237106891915169
0.4157005141207264	0.3506672740928338	0.290546368685291	0.23962447998104447	0.20059255348643631
0.4554603558433034	0.3924047560064787	0.3328571770203908	0.27913644896705897	0.22813971965878663
0.5118606669020787	0.44267987720417923	0.37452174480682326	0.3090065985899383	0.2500556698017221
0.4662211904075216	0.4116317292395735	0.36067024077391596	0.31572584900297906	0.2758965096502478
0.45229858726498035	0.40459605590482417	0.3621480285764016	0.328058551432651	0.2964553103769023
0.516227581770673	0.4840534931541384	0.4559211027207026	0.4337003266862311	0.41331873480803916
0.5439637253003977	0.5082365311290021	0.4792964151701998	0.46153590549072876	0.44873501417948064
0.5200004521275218	0.4533320463816745	0.38589646597740535	0.316528792377188	0.24167503187610243
0.4171891969473812	0.36218222515990733	0.3113882650647346	0.26785717660715835	0.2307639344894757
0.48424768427133597	0.441052053027881	0.4021144299716465	0.3698268371692122	0.34161171618183755
0.4098062971906722	0.3596371313350975	0.31253592603859587	0.2702067210200401	0.23009228356203934
0.45175884358582175	0.4005087176701101	0.35473157303621294	0.3178755630535901	0.2865789333090785
0.5010106241655199	0.4527522883941669	0.40968346411302975	0.3752476923815708	0.3457450955788341
0.4546408667074218	0.39343854873733697	0.33619518805451937	0.2858645369017085	0.24116306284398745
0.468365614664681	0.4147119360110475	0.36202857364318725	0.31077486428741374	0.2605327513096295
0.5677367677015499	0.5304454542938366	0.49482987422595576	0.4610082622133416	0.4229710892832435
0.47285114992721866	0.41830742621544514	0.3651024160556607	0.31369312378477276	0.26092263527647164
0.47721165651828795	0.4361585106352158	0.39817483162792616	0.3645604149587128	0.33234013281170605
0.4723037085765412	0.4219572660385782	0.3742930112798596	0.33025543922437484	0.2843759421724762
0.5205243826156956	0.47247720733761317	0.426645843518416	0.38442329302249806	0.34546523567421844
0.5186209244858632	0.46753321129985337	0.4193917785120847	0.37627362198389314	0.3371238838554913
0.47231087217994927	0.4234930411557128	0.38082547696105423	0.3489797397757302	0.3276788281121114
0.38265293638515024	0.3233046524268798	0.2674966706642246	0.21814123446849779	0.17698630770863785
0.380350286612752	0.3209281151469251	0.2686359734397514	0.22900309349339684	0.20233776236484993
0.4705403036189241	0.41336956588174295	0.3599810359810878	0.3130075772509087	0.2703942202412423
0.4666068234426765	0.41225944282079297	0.3613142563335258	0.31590555240544016	0.27363565673496193
0.5227493974400979	0.47777061570492607	0.43298927390556247	0.38712876609651337	0.33569331114618417
0.5189638011276916	0.48223690255344326	0.4491150305340996	0.42172326588718856	0.3980617833985339
0.41717535936134836	0.36416289635094345	0.31570020031032464	0.2748888859545495	0.23960981724676667
0.2842486669271727	0.2130318978259267	0.14910595706004126	0.09839039393469924	0.06256239125870523
0.44906652335245645	0.3958477776089199	0.34865270287872946	0.31173920611767364	0.28395830964968377
0.47793403853891403	0.42919202468023226	0.3846953897501971	0.3474017347923644	0.3148141937470758
0.43883329686341604	0.3805327221177719	0.326142117806281	0.27860544496763795	0.23774350014627676
0.45191291408400347	0.40011596851977893	0.353820106632274	0.3166466183162491	0.28650236352302816
0.4903117374083309	0.43580683725983993	0.3818678450636059	0.32826191836999524	0.27499451463289565
0.4625351000244658	0.3930380716486914	0.3258968834287734	0.2629847379577172	0.20249021120694852
0.5169300712104188	0.4714491751010717	0.43184409176537714	0.4027060273477155	0.3838693773968498
0.40237641629419396	0.34717887347807835	0.2974472892480827	0.2567868137314846	0.22180058653242102
0.49033500897677923	0.436654389834696	0.3872768876688041	0.3455777110682323	0.3126381245460625
0.5913943996975564	0.5434791655729346	0.49652212385767414	0.45071011628743235	0.4028240945298769
0.4216800443658385	0.3649832457088123	0.31298203430677396	0.2687581494808366	0.23001481109728464
0.4946179741033814	0.44241123913411	0.39297040362256114	0.347829715885718	0.30348513838351093
0.401124964158585	0.3417126160539027	0.2881592215288639	0.24460110444375815	0.2069182797023841
0.4485562821887398	0.3979097151672627	0.3524482363513926	0.3150763747549787	0.2802786578797058
0.48718187044504296	0.4285517617606095	0.3739078838388294	0.32663924783917503	0.2871688897215987
0.43026179633937517	0.37393352209486835	0.3199099106967181	0.27000042308087985	0.2251492612569208
0.4908088648614469	0.43886660288556634	0.3881702990758616	0.33922414631623765	0.28870233373666443
0.4304513169584468	0.3737480240905522	0.3195827100085361	0.26959685465767697	0.22225351147343714
0.4335026007861703	0.3673103879270192	0.3040020903303049	0.24559242569892775	0.19095153027944717
0.5100907037938833	0.4793330934122153	0.45587784824393035	0.4450847129039805	0.44582518137624205
0.499365535734315	0.45145314359199534	0.407073173512217	0.3684017475472784	0.3328981815814254
0.4502725445005437	0.3926566629952125	0.33761061348174876	0.28635574128980834	0.23330267780520866
0.4322395588620442	0.372825047531946	0.3185034968562276	0.2728660187512105	0.2342471779683024
0.4880268354052293	0.4267122058661049	0.36996474157511944	0.32148975617966025	0.2826576478857394
0.43028569873613287	0.36674539422380964	0.30958544593710813	0.2644590675296644	0.23439114609686773
0.4534391031481324	0.4110936043425698	0.37191301787348197	0.33722190333485624	0.30307352450785774
0.41952146912550003	0.3593613388552908	0.3023698335671774	0.25012794109903164	0.19941846934026872
0.38823399618469634	0.33165345473016045	0.2774161478550857	0.2264946655590791	0.17604778205393615
0.5253353079996299	0.47434303346469286	0.42478917715578407	0.37704062916158654	0.32831648645759676
0.462250692540218	0.403521209787205	0.34676897012411656	0.293210180101299	0.24359284270522824
0.5370559019781611	0.47908311438375234	0.4212742869225299	0.36347896157561255	0.3054080482118416
0.4887388802772005	0.43825131017970853	0.3908130036327011	0.3480866489284648	0.3067301243036475
0.3869352403543132	0.33035421569682344	0.2779028872973517	0.2325221294403735	0.19330715442607835
0.527135616204894	0.4715742205717794	0.4171614239291918	0.3644306048323296	0.3117446334133876
0.5183616666057497	0.4870276151010382	0.46039334963667994	0.44098762569710487	0.42458499337306704
0.445067177716569	0.3812758770530075	0.3198313101910446	0.26245981438771754	0.208604784777594
0.46573208169634767	0.40788486917079875	0.352085805003791	0.2993483534399799	0.24865109736222446
0.3939425860680081	0.32382339917731673	0.2540135157800724	0.18469674215832416	0.11647880203601567
0.3926868683092554	0.338819391345149	0.2885681778760496	0.24403437901793984	0.20235747055350123
0.4989071877214896	0.4385309908961551	0.37841790112025375	0.31871037489011916	0.2593652981110624
0.42683220242741315	0.39187395418158305	0.3607625752758914	0.3349584116964316	0.30917029330165463
0.5086699460666462	0.4560791837323215	0.40328585188029864	0.34973539062038306	0.2947366474841324
0.4666433641700165	0.41144794940869606	0.3605786470953429	0.31703301288859753	0.2773476278254649
0.49042509911566934	0.42823290611912457	0.3683643697083817	0.31218322789589836	0.25639867128779154
0.5315337471364683	0.49243462931110926	0.4569432427885215	0.42683628556260045	0.3984600980012234
0.4647258863303656	0.4029535624129684	0.34537503029820615	0.295395583535406	0.25401746844458944
0.396298826881493	0.33968695015359246	0.28588539789099976	0.23654105228241912	0.18846103277602713
0.4453677074095594	0.3884702260285676	0.33560640503487044	0.28997895928608636	0.2527672248628627
0.4751054312239975	0.4148320435641001	0.35744773671809266	0.3047956691135321	0.2552344739962895
0.41489379881407584	0.3399054474953028	0.266713309895363	0.1967522159955205	0.12995129658637217
0.43255154070470714	0.37570074619375354	0.3233294691965213	0.27865339446248616	0.24013125669406415
0.46535078035968097	0.4187790937017424	0.3758148473760458	0.3384517950736244	0.3042802355669038
0.45873736163090795	0.4052714278554992	0.35777970525979425	0.32066690518423135	0.29250509196793095
0.43038408811621265	0.3787291077041691	0.33086259849915406	0.2891240057058087	0.25247468469526707
0.50935445457309	0.452010720159129	0.3985575887702617	0.3519466543778024	0.310618059084382
0.4170338968458357	0.35823691053292434	0.30147399735510033	0.24804769945121702	0.1981592505472034
0.41278610794117926	0.3571038373970131	0.3076420035013402	0.26910784214665917	0.24042813836450286
0.4901038858583443	0.428858173268607	0.3663660695162339	0.3010844428441587	0.23128689264871527
0.4484631449601586	0.3962336823581383	0.34793061444931805	0.306131867914333	0.2681126073052711
0.41699615760869446	0.37149281680836826	0.330938433139594	0.29884812431450414	0.2760025908978216
0.4990370149054594	0.46456814314947176	0.43276792210634263	0.403738726235734	0.36834380971628766
0.4510690350192368	0.38970395026108257	0.3308421165869895	0.27655702616046135	0.22883827841755394
0.5158397190329057	0.46665218924883756	0.41816828405726936	0.37038316994314296	0.3204052128244039
0.47933214619285514	0.424369696417495	0.36966868658189433	0.3146824738167541	0.2578718460451094
0.4559441417457164	0.38834854894506665	0.32261741368641356	0.2605402122900299	0.20408005836883852
0.4961188885506647	0.43835661097896184	0.38267228433995226	0.33015806948548365	0.27875026782909
0.4262358080288823	0.367648759715458	0.31171087330099007	0.25987867686591204	0.2102661007226867
0.44473824727951095	0.38643341860476355	0.33029557087350625	0.27789425355209807	0.23022493174867611
0.5145503500770742	0.4588342009266373	0.40517825062682966	0.3552909748841085	0.31275079207250284
0.42188750683442566	0.3586626072573336	0.2992119047732671	0.2469819113683423	0.20565108563757067
0.4062498497228772	0.3450686676654467	0.2854504839466599	0.22800786716810803	0.1715169348565841
0.3857628057226862	0.328436726362822	0.2763382127798983	0.23339897188845662	0.19869137504671053
0.5385662771674724	0.4770429802843347	0.4156396580782755	0.35448507716905253	0.2934730503997754
0.3930247460750451	0.3268626438884515	0.2636083238517967	0.2052481458052106	0.15003550649455089
0.4479182138554853	0.3849849223079212	0.32474471101511987	0.26912259004874545	0.2186126177369569
0.4614111182106301	0.4070510453594236	0.3554608135359508	0.30804412879439785	0.26153199351597656
0.4928841761558478	0.44114619610650535	0.3887968917516835	0.33445696940021297	0.2756884418313703
0.47581850548865834	0.41221055597338074	0.348919272448336	0.28572265088767945	0.22229136756876489
0.5023101288149865	0.4387205334978496	0.37651351972214453	0.3161452856411656	0.25448725952115037
0.42175295136138136	0.3708462935732329	0.3245577705144196	0.28630249658723306	0.2572866189553662
0.45899926252183026	0.38846162804464923	0.32044497136610745	0.25682748402582345	0.19731233804543036
0.45963353570276017	0.4049533961885516	0.35564764201788096	0.31563620664283215	0.283755278065569
0.4997951117938928	0.45093096329481774	0.40612680398444506	0.368029697285201	0.334039790423019
0.38351458485905643	0.3202677177525327	0.2589491583006033	0.19991060016007134	0.13817933436503216
0.46013346229377505	0.41522138859527075	0.3756797468059522	0.3450291112225961	0.31906788338794223
0.46510296091009806	0.40126177517475636	0.3393559641541405	0.28148673865544027	0.23070100502621163
0.5003933041849622	0.45296122198437744	0.408122448304154	0.36671777398139616	0.32418531691712293
0.4327504640358506	0.37072520614796844	0.3128477485077407	0.2621293640232498	0.21669746163856837
0.46703795663112646	0.4101983303141533	0.3570550353572431	0.3097749169851776	0.26429819314326863
0.46957905110395537	0.397601539192056	0.3266853030147806	0.25788842490599106	0.19286682554907753
0.5052790505768008	0.4544293574106352	0.4053998946100369	0.3591623547599525	0.3138202261982617
0.444186546046872	0.38799814403878297	0.3346205646064002	0.2856527644557425	0.23941105338658542
0.4948020532251445	0.43553337300891704	0.3774623343220236	0.320748349706074	0.26291243561382716
0.48917769881974316	0.4290605098687758	0.3731381526712159	0.3252511278715791	0.2890919530197501
0.44749231574147996	0.38960224297846996	0.33404815555272144	0.2823660548220064	0.2335754854582311
0.45764252514202813	0.40087199271099583	0.3466220612590174	0.2965049774752051	0.2502004898402634
0.4332010652587095	0.3692746474542559	0.3101818862692983	0.2599258466880514	0.22009420242429945
0.4305610162939278	0.36295535779155735	0.2948943629040619	0.22550184172442006	0.15304707627382563
0.39077346912414046	0.31865472977883225	0.25071087379274754	0.19046633572211566	0.13862953482283957
0.4849105571521648	0.43582407622296887	0.3896950770386409	0.3479675509646528	0.30771686273010285
0.45122507702030856	0.4011333556416578	0.3546781167346395	0.3136872963599332	0.275174563824668
0.5226228714520985	0.4784893789892589	0.4381878069228238	0.4040650671416265	0.37543335640952175
0.5494602697539985	0.49370317347411097	0.4381000995023077	0.3818073967530493	0.31950062363331627
0.44412871735645454	0.3892060540977955	0.33745195106072234	0.2910075434998174	0.24994397293919102
0.39527600033393034	0.3236408258725597	0.2554235120349162	0.19332311335388344	0.13720244057799444
0.43299370613085836	0.3810193973827387	0.33217962753451113	0.2881633418263949	0.24576904184357845
0.454246402306174	0.3994448974242093	0.3480680863893842	0.30250121312046047	0.2618305556626932
0.5246946732955802	0.47311658683231184	0.4235868182657777	0.3767820245364626	0.32769272319629905
0.40879517170215995	0.3375508502754761	0.2696169679985506	0.2077256416095184	0.15225961646753897
0.5190783790311363	0.46684821923905945	0.41593567068306797	0.3666195409744984	0.3154173491518423
0.4759468708976529	0.43145390352165613	0.39089614003638934	0.3566586706002003	0.32781069352955833
0.44071212241836094	0.3655253999043455	0.2890972130630952	0.2103646371283961	0.12937164973850623
0.46175282839871346	0.40435018789348276	0.34853707156438574	0.29554408088160405	0.24580011187064005
0.528054184610647	0.47810340600929996	0.4295494019702377	0.3828637785297025	0.33581171423928474
0.5759679160507718	0.5379158165529417	0.5026234468253763	0.4715411178886966	0.4430202931882179
0.3898970255593138	0.3438082274337664	0.3055876794195929	0.28093736975705946	0.26856710828012875
0.5213214623758667	0.46598925325648183	0.41237345028155364	0.3614681677684338	0.31088947890086566
0.5103764893805497	0.4693256482907067	0.43364199419989663	0.40695084871838555	0.38697568586232073
0.504358626163419	0.4625478244186564	0.4264915785131321	0.4001044411412092	0.38160577824717584
0.43892238764007346	0.38920483563200103	0.34137100719220187	0.29614320167409386	0.25159551799774765
0.37759870712781973	0.3034234811024417	0.23234550919178645	0.167004714809535	0.10831043063836845
0.5581995664515079	0.5121871966952559	0.4699550242889407	0.43407189792590717	0.4031989425414285
0.493621883925234	0.4410240926604797	0.3894091385409409	0.3391490843548683	0.2897939076341495
0.48490637813617987	0.44217529889735774	0.4045720225157121	0.37533327308135667	0.3512511464690035
0.4036977057341432	0.34969698097284346	0.3029535981982288	0.2683049138668779	0.24094363701458768
0.4450997138978023	0.3775488162303045	0.3117414989793921	0.24932779521791715	0.19154220668905284
0.4159640141150141	0.36693169380424046	0.3214535842234172	0.2819721022613683	0.24859077646693717
0.439411296039636	0.3750904251348201	0.3125584075288964	0.25321017447676564	0.19752977541278757
0.5273451176042017	0.46507871720838084	0.40699421494578225	0.3572176705336588	0.31926019320501897
0.4481408567102393	0.40310387286905663	0.36215019959426875	0.3271468394863779	0.29338984053685
0.4814333911940405	0.4328661748742985	0.38759696808193994	0.347928669571169	0.3134043887144185
0.4245842737100595	0.3704754259565399	0.32076681391372314	0.27866146173295153	0.24299578283143308
0.47771979795825253	0.4272884320494071	0.3781610944365385	0.3306528995178642	0.2825888300689826
0.44959152993364127	0.39133644629379066	0.3362792689123933	0.2867367641895781	0.24412945105735476
0.4156856614227104	0.3639581489351573	0.3140596770606968	0.2664233566850739	0.21799151500568958
0.4048574920997346	0.35397505117720585	0.30861257506166045	0.27250477371648896	0.244991629546875
0.5003261787118869	0.44046235214479074	0.38347300790292144	0.3316370782164094	0.28536743438257695
0.45324407917739074	0.3937538489677527	0.33630912811370745	0.2820955291886087	0.22978992106836857
0.47705586043766346	0.4230028000742715	0.3717501691178423	0.3251155815111311	0.28190492969732667
0.4229455373614867	0.365322229814402	0.3125131518524275	0.26783690773148744	0.2294981952446881
0.479608088209594	0.432035069282405	0.38811062003720787	0.34950269297904396	0.31034029148399495
0.4507335313165647	0.40308723121563017	0.3577534220934713	0.31567629795814395	0.2743132671079065
0.4387347196175065	0.3875603848135538	0.3380604336250709	0.29069726634047033	0.24348948628183503
0.46333106075895447	0.40469381813616195	0.34694221728256036	0.2903986652437361	0.23401810949892254
0.481716113008629	0.4255306121241028	0.37231404510529686	0.3246849279929766	0.2856892571136852
0.45168849571003233	0.4056485061659918	0.3649154181022144	0.33294059477559235	0.3059005501981719
0.47005941043775035	0.41420974346407974	0.3629303278101768	0.32010496692376966	0.2864676947264877
0.5469712461932021	0.4931733361634211	0.4416560484756093	0.3942496840114913	0.35246432184444204
0.40434429980398934	0.3359775158518794	0.27014441230305086	0.20832964172561874	0.14758657546433046
0.46396115030117896	0.4112774661823725	0.360068137273008	0.3109333209958504	0.26210160213656764
0.5410562931696209	0.4870681595183492	0.4344258023290007	0.38406134828550076	0.33714717152268714
0.5089498597215618	0.4512263316904108	0.3948226021089346	0.3404794750532685	0.2860924667387037
0.5513248119397078	0.5065765295807748	0.46511303038919866	0.42869195265818333	0.394112908146409
0.4485590722272005	0.39205911449542913	0.3378510407147556	0.2872821536774741	0.2395579652366685
0.46402061109818504	0.4176390571748131	0.3765550433549767	0.3441792874431244	0.318361812479454
0.464284356915572	0.4063842796400749	0.3518657753986661	0.3029383001388261	0.2574587371083965
0.47391575919091056	0.4209994619702157	0.3697795187979281	0.3204218646123407	0.26787344030086924
0.5354710538594663	0.49851272529681073	0.46585711802246876	0.44008330827405784	0.4186125979674775
0.4302478414280024	0.37604588765369695	0.3260922823262825	0.2832090970316627	0.24516664696754709
0.5021348759493799	0.4628093261959954	0.42525775585592634	0.3896972897165246	0.35293381938173884
0.49070822502765843	0.43029724116378526	0.36833549324233306	0.3033354989076996	0.23518153363259425
0.5033867497096249	0.4412799780885863	0.3805380292855991	0.32183720899044344	0.2622845074609914
0.48626638411246015	0.44542857080419906	0.40991292179996036	0.3836863555775163	0.36734779358707176
0.5226032481418011	0.4612975618431543	0.4009508688154557	0.3425847744280685	0.2865168761590473
0.46003323073496677	0.3812106673893535	0.3021488998311108	0.22335904159610395	0.14792596751167408
0.49082175440314346	0.4351257789722018	0.38296500972793746	0.3369243192316959	0.29477452685184
0.45920122015051523	0.4176727289604489	0.38059436141234826	0.3508737247438317	0.3270359985337556
0.5118973323595616	0.47613415128789666	0.4449142640315558	0.4210245820655363	0.399877318283653
0.46709503182277745	0.4256886612332038	0.38941683245139086	0.36143344441109787	0.3387854466163831
0.5467401821273704	0.49839643352122814	0.4518389990519721	0.4081760468488654	0.366006488598575
0.43871951334751247	0.39712589685167327	0.3600893313670485	0.32994812880375934	0.30273086612528666
0.42968164988746943	0.3831113714952819	0.3404729141124442	0.3040684469560258	0.27080361413336823
0.3680023921944319	0.3073470287257005	0.24974563414705178	0.1969347901099619	0.14699651981097447
0.5110526265531969	0.46372131338954103	0.4203247424102866	0.38352281649657965	0.3504425213102736
0.3418087743917695	0.27191115636833796	0.20723657393057576	0.15215725921247047	0.10813820874040309
0.3969303043360557	0.33806903890548023	0.28601913377235577	0.24576035571667829	0.21442772454958473
0.3706925784305238	0.3009571647595673	0.2316773991462686	0.1631129829902963	0.09689262496230569
0.4717352163651934	0.4220032614923499	0.37537418358087454	0.3345352414881374	0.3010817458600036
0.4927437147764191	0.43488821251564064	0.3794122717498464	0.32824461916195896	0.28122715324614433
0.4464920719533343	0.3981583464865971	0.35394994730599344	0.3157742564945247	0.2776533453035571
0.4438010574731752	0.38401244630777576	0.32895710320086297	0.2819319604812449	0.23900050876751538
0.44540832098075817	0.3867356187688826	0.33364626321248825	0.29110519890607417	0.26122170709292736
0.4920669537588872	0.4464444973310892	0.4031978773360586	0.3636084021912555	0.325842953761075
0.4624638218546395	0.4133500407443991	0.36753597838824953	0.3266393339057137	0.2870366787510942
0.43029094949753144	0.374357940231095	0.3213605653865493	0.2735712179129975	0.23179607274834246
0.5139341256864862	0.47266625091400766	0.43581871638783254	0.4060530951196842	0.3802775349872115
0.38899265201497296	0.318118363603587	0.2509101964698182	0.19079412571696241	0.14182397638236685
0.45224302596221155	0.3917899199185616	0.3310201369017299	0.26868153174608134	0.20101614871332116
0.46050299607556955	0.4023996527903987	0.3444959409622293	0.28622236562335	0.2249872498086786
0.46198474585572663	0.3978450278025	0.3374024454342872	0.28367835948209297	0.23647577834312786
0.457165553734724	0.40861218151070455	0.36490239622073095	0.32938640051708235	0.30066763318591805
0.5994391293170711	0.545103071167781	0.4911589455352099	0.43786219665646475	0.38371927965737
0.4336351879146685	0.3701651875790577	0.3093295450706663	0.2531666189719834	0.20199595555537894
0.460197596199417	0.4130013301863141	0.3682278768731103	0.32662605510549925	0.2828457195485166
0.4058137810862072	0.3627280487632054	0.3218255156849206	0.28342419256864126	0.24246221371843849
0.46321600443997535	0.41708482057815993	0.3759163343406514	0.3426704618595054	0.31336708372265043
0.5159184025736461	0.4679274897195251	0.4239679234311783	0.38748408704622345	0.36019234575249626
0.4902860345386539	0.4468084801093871	0.40827180549911757	0.37794905717777993	0.3521059587258575
0.5700809889957849	0.5278432006644269	0.48583501652523076	0.4434029838677927	0.39812586598510075
0.45009323234183063	0.3914640217979223	0.3352247852486495	0.283052934827975	0.23430171653565024
0.4485371890767883	0.3801488056073412	0.3153403430090169	0.2571728621949211	0.20612726141618887
0.4769926301237086	0.4243836988938634	0.3746411939817759	0.3292135155710072	0.2855839844189417
0.41062133276485646	0.34085608848633675	0.2744330007846623	0.21392729243454384	0.1574342125149798
0.40521679226772245	0.3475478281260826	0.2936502586811234	0.24564532122583152	0.20067184620982426
0.4482928371967422	0.38910750782036324	0.3315264884484875	0.2766363236004723	0.22521471171161564
0.4509943259101948	0.3965261088280001	0.34526738268506907	0.29978278656662966	0.2611627456585304
0.48535966366188954	0.42831899383101335	0.3709646125854038	0.31187292887394114	0.24604048458589717
0.37867071105213845	0.3170118136112244	0.2598125897864274	0.21101477735842367	0.17302614055898557
0.49846372670230005	0.43409864216243094	0.3705965454025132	0.3087593349074587	0.25033735226881626
0.40467395374244897	0.35144271828031437	0.30266309309265127	0.26125522216388364	0.22621331822215032
0.567807826318083	0.5356920086418768	0.5078966381528076	0.4866239778193556	0.46735435372848827
0.4078113349876046	0.3417954526779468	0.2801045419372799	0.22610294587229132	0.17767757564509584
0.38587859024477944	0.3268942956297317	0.2732387537395389	0.22884970767981905	0.1919110039260717
0.4833117792303996	0.43664141095642955	0.394753283799567	0.36061881619911956	0.330236902170474
0.33469641807120115	0.2605074041241153	0.1908512703390856	0.12931529587520704	0.07674321751517305
0.3680225532567263	0.29128222406327875	0.21596805945233025	0.14335280960861707	0.07325795142463971
0.379870580708116	0.3275740441384205	0.2809289342179484	0.24361056002038722	0.2132339667025834
0.46715889623601553	0.42191931912345965	0.38013963421939617	0.34347849031510325	0.3082763626405192
0.42912688351493766	0.38543163734044955	0.3471893778725931	0.3182494009518574	0.2973200196195089
0.5072137580417269	0.4570074168592432	0.40946479714440887	0.36617904084281244	0.3278056719522854
0.4712918038511279	0.407803772934679	0.3476430978184148	0.2937596918228992	0.24801485532447412
0.5015705743776617	0.4543332671100425	0.41328209341661987	0.38264392579112333	0.36087767591797587
0.45557876773098455	0.3961069952372244	0.3396595909493368	0.28855747468846193	0.24278179937174654
0.44273565478112425	0.3855306061283452	0.330447253151346	0.27802873453249544	0.2246408754152256
0.5331148024631028	0.4962628824659072	0.46148975180309365	0.42882775854824384	0.39038476216461715
0.5053171406686466	0.47486559998461114	0.44720135682488077	0.42255152761375253	0.3937126693799666
0.48849341969380783	0.44125843000240267	0.39629816258980266	0.35484520647882645	0.3153194383967676
0.5261567890964178	0.4741582361253032	0.4241592656546992	0.37709763472604124	0.3311807427639301
0.43560123334800266	0.3841962182418603	0.33613033408199683	0.2932555197105231	0.25321933219803566
0.5371968431169357	0.4914024688912658	0.4501229433103567	0.41600705286922607	0.38694810414064
0.5324588519453947	0.49441527388169304	0.4604456128987877	0.43259733108324777	0.40577370219959097
0.484490919368043	0.42684388691853997	0.3677234442222698	0.30558859134155286	0.2410945522439883
0.38986409684752843	0.32384513461059683	0.26330855388876034	0.21276287003244576	0.17239940604831522
0.47219314190243344	0.41587231653522855	0.36003278856846005	0.30420896603780967	0.24399760707725848
0.38430917531736364	0.3250886968698212	0.2701842082227511	0.22274362377412035	0.18168686570483034
0.38172378124960815	0.3137261394296601	0.25053963848446914	0.1963318329574174	0.1526418596101514
0.524610176303467	0.46066546920510143	0.3981198818425832	0.33844217666648585	0.282757192987196
0.4475534738856003	0.3817959093450702	0.3180686666617721	0.2581763484991858	0.2029526333055325
0.39480558569179014	0.33355812341409147	0.27492935678059927	0.22063496325238913	0.16988526142080698
0.4671019820798762	0.40809696076538216	0.35198699592099636	0.3009417539460696	0.2550941998672296
0.4379803846544331	0.38896178910811763	0.3444929893366317	0.3070306320005402	0.273010313313455
0.5216637053102822	0.47437623491762504	0.43064405337014344	0.3926346512809541	0.35792851723682517
0.5273195632853547	0.4756293031971311	0.42580838833920376	0.379023772013701	0.3349132902118184
0.42160989983148606	0.3638170367456506	0.3113021306364898	0.26805116093935993	0.23502942639215146
0.5373941345661155	0.48028090261499395	0.4240668100457952	0.36913570787952943	0.31298171712775763
0.4964688882407661	0.4527066376463598	0.4134313765174401	0.3817020712012459	0.35726263565323263
0.4843742980310903	0.43042329304846205	0.3785311171509659	0.32962128557475856	0.2810658668438944
0.4073378118332929	0.36603548105999617	0.3309186211662149	0.30544556713296966	0.28393939854054623
0.4030601972311513	0.34189672800369975	0.2842079152759854	0.2323812224776366	0.1859077082660549
0.4364042536130916	0.3726305820527311	0.3127430365943031	0.2595873258893255	0.2108552754228625
0.443332013180421	0.37586343077665424	0.31066758283990054	0.24961930437927915	0.19528349097253653
0.5619199245252097	0.5060380501550487	0.45233967524401547	0.40214495114239557	0.3508974919517151
0.5022819527746468	0.4471275120338427	0.3957065801502156	0.3507699717739448	0.3116077043565134
0.42189225167095806	0.36567598128076084	0.31406300113239094	0.27017957453106706	0.2315572667143127
0.4741652378370166	0.41762173508071593	0.3648060236354658	0.3186438569462363	0.2808349839200332
0.43187077802485035	0.361057877994166	0.2895069215316571	0.21666633663843426	0.1438531369411098
0.44394540088806866	0.39115074343352074	0.3430814784574697	0.30273485967544767	0.26735515203895055
0.4437886145036917	0.39667732641286485	0.35468828018825654	0.32146619896877626	0.29635250311761396
0.4320640271041143	0.37315361286432236	0.31756590254525807	0.26781180884646005	0.2246470969019354
0.4868006437151821	0.4397791849619206	0.396842714389947	0.3608640821957818	0.3311003613347827
0.5287753074161572	0.4760726767483956	0.42643245935226853	0.3818336844084226	0.33987498521290377
0.41036614123718174	0.34806178615462985	0.2878663129319075	0.2310622239607154	0.17578041528577945
0.41888858715163396	0.3588482659932538	0.30086600715311207	0.24593415852535833	0.18978129065635393
0.4626877751769799	0.4164844676155716	0.37460578805658584	0.33962005937195205	0.307080701785039
0.3796227750221177	0.32054618153037967	0.2693119264718327	0.2322022623534991	0.20884406748468434
0.44541494491662703	0.38572055926146726	0.32853220582169756	0.2757335473205409	0.2281931991474179
0.4459367969183258	0.37627294409581163	0.3063511068670321	0.2358594847162966	0.16509458956967632
0.5397111444660224	0.4959100874098803	0.45753512438026206	0.4286085558221022	0.4070101518640655
0.4862054555349081	0.44450328090232066	0.4048218078989863	0.3673041451282769	0.3260332078985484
0.43141757256579144	0.38640975208335027	0.3469423413756569	0.3165615332314866	0.29241336954420544
0.4211395081518866	0.3587464131407078	0.3006621621521606	0.25032135244572634	0.2063881054475824
0.502458316727522	0.4454997282802172	0.39142854951469075	0.3425033930882	0.2978208599794357
0.4757919622378556	0.4087285061610311	0.34388764252038057	0.283065582817737	0.22658478990279657
0.4458961582450258	0.3875748137293854	0.33491445516419566	0.29213465403251004	0.25848661528620726
0.5274604703439492	0.4812183247890539	0.4376681692447742	0.3985797894608097	0.36335331650760977
0.4829464491486726	0.432397690731738	0.3862783769175777	0.3478318093205094	0.3169914776616906
0.5173878666678485	0.4767920035050614	0.44097701985396665	0.4129260673752237	0.3897793010418382
0.3892722532339439	0.34133878292351016	0.29591131828739825	0.2541089942392879	0.2142687839164322
0.4891794692379966	0.43867035329564186	0.3901996049860465	0.34504729180572685	0.30262167042967375
0.36834275484977275	0.31724641746073945	0.2706881624887397	0.23096177439421117	0.1928674690346089
0.41451784182711304	0.36905671415793334	0.3247952528977722	0.28182427605319	0.23747305141471417
0.46026813104239994	0.40453747264079026	0.3527682611142789	0.3076537246888428	0.2676478834448177
0.5481428940063648	0.5143161964376943	0.4815327486463813	0.44949484278824037	0.41415214580339343
0.4428068739131651	0.4053937654493269	0.37489859202431525	0.35586437557568135	0.34620387863977053
0.4205357399771627	0.3602695410515175	0.30361593322670055	0.2532085334010661	0.2080514242345014
0.43697837028368075	0.3740394585187253	0.3133768743971809	0.2560073881336679	0.19871575334320263
0.36801262584401223	0.30608441822903104	0.24761199622904873	0.1946287727976783	0.1458473051354835
0.4520727191703629	0.38301995859085286	0.31519538567221705	0.248816914973907	0.17827404235633768
0.454840031167593	0.39762508402698515	0.34367940118237894	0.29526981427205684	0.2504624315828615
0.5280035392281586	0.4764253959807066	0.4276733256846028	0.38357033076662195	0.34328680347879786
0.6198357596719936	0.5695113907592908	0.5201067786637842	0.4723028626048803	0.42573985308698514
0.38307990644748446	0.308237215602999	0.2360357997597256	0.16855222137632012	0.10582582093023427
0.4302376727588577	0.3767944941818319	0.32701954431593655	0.2828781778549391	0.2407212326110407
0.47822836463620527	0.42737928394085895	0.37963535319103203	0.33605278019310586	0.29070441676177555
0.5293421537843916	0.4882866369335381	0.4480518799861285	0.4078614726255247	0.362613676858626
0.559425222284331	0.5149245149229144	0.4737325482297482	0.4380568177586833	0.40726524706555783
0.3887339323259486	0.3206536391004274	0.259298895819119	0.21043982524031563	0.17500567306655024
0.4771220534559134	0.4128250969942138	0.3516454820048336	0.29621217576537695	0.24604655736724257
0.4084336211805369	0.3461358019024371	0.2882939097795463	0.2381564787075855	0.19453519745554282
0.4917940975156709	0.4492973655100255	0.4098268596470136	0.37472392375710006	0.3399184171301653
0.3197531908840255	0.24083800107187703	0.16562781154890652	0.0969932139892469	0.0330628090313804
0.49804792264515185	0.4399944647895573	0.3833951941262623	0.329531585717877	0.2791391201405376
0.35856510359940175	0.3074410925098083	0.2620246865943019	0.22585572816156543	0.19636003112073797
0.522081421715302	0.45478910774238535	0.3900430519895731	0.3306076825147976	0.2791314356025843
0.43703353029880393	0.3913621332759979	0.3493796630418184	0.31277170822046174	0.2763256977367069
0.4795421604856912	0.4108307433323965	0.3394695608788306	0.263033389083279	0.18165687219132415
0.4792946657582247	0.43027493780510195	0.3846205480975031	0.34443441040440304	0.3076776090234408
0.36607236485021094	0.3025338590316484	0.24248959639421322	0.188533522245941	0.14166689211274522
0.46191345800200223	0.40688298696142283	0.35643589307569906	0.3140376341837534	0.2800051401315264
0.4617942241947257	0.41199795246555304	0.3676451765326566	0.33265171017976963	0.30575397485980266
0.4909890706395307	0.44314200715319907	0.39987643941020856	0.36471889354249565	0.3373934453397348
0.5242850032434028	0.46625625487418915	0.4072279336974525	0.3459903478734005	0.28093106596923884
0.4227152578717885	0.3649663201832597	0.3112563258165419	0.26425876868960485	0.22176641162183086
0.4622452297598588	0.40327312812427596	0.3470753142426443	0.2953800165198017	0.24583456651270902
0.44980060795607985	0.38352116129373287	0.31844821817647617	0.2560369088118528	0.19939597596759223
0.42658314150838483	0.38560373797361086	0.3488090480603696	0.318587821615928	0.2935680896266434
0.4867960693754896	0.44863670787224297	0.4146444532761962	0.38676816528270863	0.3597113404303385
0.4486851409465529	0.3854194603017598	0.324055474333392	0.2657506896288855	0.20936418892541747
0.4204711979847029	0.3629745372825186	0.3098232187738824	0.2641201350087915	0.22468184651777645
0.4565707002106774	0.3953210719771976	0.333824875078044	0.2715037782489586	0.20920821082911975
0.46558906451818677	0.40661887099895677	0.34761207742080014	0.28825172281995215	0.22882672504855528
0.4882491741451702	0.44363944069483313	0.40182307052596106	0.36381562027435793	0.32476122987604267
0.4836054800373673	0.43199243076609006	0.38282988078614444	0.337848927347609	0.2964594299103965
0.419823407704196	0.35590048429656834	0.2982205635584325	0.25183550137839633	0.2175089143665685
0.5320516377860548	0.4724862457403777	0.41452434140429123	0.358923312836534	0.3035529445159992
0.4393906116224695	0.3830998337575855	0.32995594635030967	0.28197686969728397	0.23818700632549078
0.4024729638824357	0.3352105413748111	0.2710556804564474	0.21263877449224278	0.1611523684835695
0.5299152020658638	0.49874117075969315	0.47164076800292865	0.45075131595242157	0.43146124247807105
0.47470686519747507	0.42211200194519716	0.37147851845115115	0.32346907165358024	0.2742139361813467
0.40358732223313176	0.3480935391589123	0.2952864465380705	0.24664149223797507	0.20114314201932842
0.47409365663270503	0.4218506967749328	0.3735942381405034	0.332075063065202	0.2963570642634158
0.42538209655096604	0.3672814974358554	0.3130749447492208	0.26553520249069495	0.22399173461095334
0.5334039767108921	0.49610595264219914	0.46323797851658866	0.4373304644192291	0.4153678443600641
0.5817206609187484	0.5311396934915344	0.4799900704388482	0.42682536942511895	0.3665991977682171
0.41114950876354966	0.3649237428563466	0.32392914904270226	0.2914332179077261	0.26507287582795785
0.39622622831249843	0.33991059031431303	0.2867986172148117	0.23920296463317683	0.1973615216781505
0.5017743949258131	0.4494342397705013	0.404798213017986	0.3744022448701723	0.359326732703578
0.4847386224934517	0.4357222152289543	0.3898251333969702	0.34939747570969937	0.3150821792622226
0.30057704217305414	0.2356993631960696	0.17636490070291747	0.12662618469294057	0.08619697020558868
0.44991411875958576	0.4024838227514733	0.35834651604373546	0.3190242187940076	0.2809716006603904
0.4463023254113657	0.38362836566659997	0.32251749918292244	0.26310609467908985	0.2009115099872099
0.44803762793712415	0.38647147283023553	0.32828743395270854	0.27580074208772704	0.22711201503776882
0.36871305889855854	0.3102683703041725	0.2557241077765595	0.2081109591119995	0.16836258358466485
0.47607768668247913	0.42984875689566077	0.3837127622000942	0.3363929662048929	0.28310127713656313
0.5125873225729893	0.4626992441752176	0.4145117048353206	0.36814432440785255	0.3185645376088171
0.435200473552708	0.3853445535956691	0.3412509427693086	0.30704609987251724	0.2800557275290567
0.4651113627767666	0.41096552015016585	0.36040672907784577	0.3160362512873274	0.27715963500946456
0.4777857723022929	0.42743110162350806	0.3816270329704504	0.34379053332048165	0.3137640467244845
0.4315163594023275	0.3766726380720808	0.32404130427061734	0.27464286253821896	0.22744586715615348
0.4277524233501436	0.3615278000829612	0.29962777287428616	0.24553965226368632	0.19876897326733878
0.40579141836409105	0.3448556718750692	0.2896915923901037	0.24418462307531996	0.20375731306803208
0.4984029537385306	0.4609085496124195	0.42785880854459185	0.40148684301143095	0.3761601460974606
0.4751302334978694	0.4149404381220295	0.35804577007365745	0.3070756213560801	0.2614800696245473
0.36781216472324935	0.2920233924355655	0.2181015353824586	0.14737428154134474	0.08058460665429326
0.4669057288647464	0.4147233913001826	0.3662403385334665	0.32366397904799493	0.2828159212763067
0.4209372440154032	0.37383695557734997	0.3315164471710064	0.296658441510541	0.26617703375937296
0.4579088079454047	0.4065722522719023	0.3593256584359406	0.31843585412513303	0.27972480521658705
0.5297772488650822	0.48590042616983875	0.447209264017899	0.4170215040373845	0.39227882321168644
0.5073192763614531	0.46323097587864775	0.42508724155907524	0.3968523127967636	0.3753746511482148
0.5178710958156456	0.47267098469035085	0.43230203354399616	0.40053930297272494	0.37734556245670636
0.49018727323218636	0.4378424980302192	0.38755563786087943	0.34085955938849255	0.29776783496113507
0.45108178352838635	0.3990692448444687	0.3532784469878024	0.3182735300401935	0.2922312944252622
0.4044751524592042	0.33908802346281786	0.2795749538811983	0.23065885096018496	0.19480169682270534
0.4381319340316643	0.368094035461797	0.2990810771860017	0.23188128552846138	0.16730475197722514
0.5046025635298266	0.4406237782061255	0.37747464872071723	0.3158743079198314	0.25586173086938085
0.5126584522508915	0.474152322915132	0.437672859249204	0.4035349081023344	0.3674127326871185
0.5387665306641362	0.49929258544636546	0.4612677059091683	0.4244998164810531	0.3848025159377213
0.39134815393237343	0.3400340667355249	0.2931680609211382	0.2536902774477174	0.22087609309615244
0.5095549578826507	0.4580584194106663	0.40918114229098596	0.36478092184247424	0.32479770085014525
0.5311769866416655	0.4898498256522631	0.45140008136553045	0.4170475108998194	0.38195773131033195
0.5069983589909346	0.4584034333574028	0.4120528204207093	0.3683493043172653	0.32020377055855936
0.40679553895896803	0.3510961916190361	0.3006606537698165	0.2591599622815355	0.22503870535360418
0.45600783678879964	0.3948348717088538	0.33725959895914676	0.28555935174709585	0.23737864628569405
0.4572604755823275	0.39658207761788933	0.3394828729474966	0.28846998289852244	0.24169625559324256
0.5000081507991051	0.4454231790295112	0.39419869917828165	0.3489989593240011	0.3097587134056255
0.41040821056955845	0.3516303891453691	0.2990726320556946	0.25743493358224384	0.22623152740261412
0.4767859486393573	0.4248985148672767	0.3737928418760778	0.32308519974668776	0.2674644571086493
0.50947897493051	0.458110222003699	0.40921747088711524	0.36424785948666594	0.32205844413344686
0.4169034937026328	0.3678909476144041	0.3235330684184764	0.2868797800095945	0.2553314598815748
0.519504240659731	0.4807329498232784	0.4437901385584723	0.40908105291382735	0.37271503999362887
0.4152319465444182	0.35581136711849093	0.30126392014949394	0.25480991901774946	0.21469754335148516
0.46268537732055803	0.41525945239417295	0.3721784145402794	0.3362336075521167	0.3046887385933406
0.43240706848734856	0.37364389773084067	0.3173890099598911	0.2654133156719027	0.2155635582183463
0.46552516553472534	0.4022959904899136	0.33937464470534645	0.276283278325784	0.21055284410609298
0.44489918863894085	0.38838670715968604	0.3335807930214131	0.28108829710087285	0.22704033008622257
0.449936608137128	0.40470038547474296	0.3624287998250064	0.32453301407233415	0.287937257750212
0.4549714677925928	0.39427451121438256	0.3366769349060116	0.2846080336831709	0.23881493740640264
0.5039497704170336	0.46166654519634137	0.4238391958926376	0.3930157684376493	0.3641834004949176
0.4232067707929892	0.3660919721925847	0.3140660618579764	0.27092150947619764	0.2366117604949358
0.4069758360075414	0.3543577329340417	0.30372543343439007	0.2557609083415996	0.20733031161988036
0.4916939448078788	0.4325960764457202	0.3761541794657512	0.32416892251187285	0.2760952221706292
0.45036213839043215	0.39843900295252344	0.3494149977938152	0.3051072096987139	0.26447163620082004
0.4321393383837483	0.38620880293435866	0.34522588743624055	0.31183701664963526	0.2819937972346724
0.5581482284895634	0.5133107941888184	0.46928038416720597	0.42557456077118855	0.37792719096937144
0.46530022482502564	0.4130282695747187	0.36816850983024063	0.33647805300479405	0.3170636172091638
0.33801408204836325	0.2641161240793393	0.19402548773891298	0.1313696884805951	0.08188503749911653
0.4740600863759718	0.4346914646597695	0.40175375643398376	0.37926200891292877	0.3636426495905227
0.506318472651392	0.4499013609478762	0.3947468688500397	0.3412203842037446	0.2857810312563321
0.4816846934411245	0.4294113786097709	0.3796505405802016	0.3336788667490026	0.288329711830993
0.5014450070154248	0.4557197057425363	0.4143189757059738	0.3800312431409408	0.3507253814417208
0.35730791004974355	0.28965568254458846	0.226349879967602	0.16994048702958664	0.11470231408326975
0.514395182923328	0.4595092074236248	0.406031513964249	0.35521399910606166	0.30871595890327863
0.47289125845435426	0.4055153385227125	0.33924417636242454	0.2753550600573663	0.21701378177436642
0.4214951407139227	0.3728295407702477	0.3294446847913628	0.2950111747018359	0.26884601010292986
0.38322482735392427	0.325449079184798	0.2696310239892629	0.21650348824574925	0.16473809003911938
0.46248396874179726	0.4131578013448545	0.36828143023705573	0.3308908595920123	0.30051640482960784
0.4648949908044338	0.4194962680616983	0.3766180700168107	0.336765783852917	0.2939391870443022
0.4870131175248942	0.4467387427071703	0.4101384009095359	0.3798150048875911	0.3554443685890429
0.4094389403685058	0.3443627506837711	0.2819375794456518	0.22386772753001027	0.1687294242793947
0.40999491998096177	0.3415184626835868	0.2737569008848706	0.20713626462425758	0.13953420388765642
0.4611899751035206	0.4066246970267245	0.3545963995357218	0.306858558202401	0.26340780934508645
0.4844566532171653	0.45026235041648494	0.4210886668192183	0.3992791048046879	0.3783604262524577
0.37272956872128904	0.31616091128713636	0.26472932247347397	0.22226998729865266	0.1898167761434148
0.39454789614270075	0.33182191150226975	0.27081724811713465	0.21246719365247152	0.15454774581895342
0.4443026023331461	0.3877133122751107	0.3358463725807368	0.29203923677134525	0.25320959380814556
0.46883737791072405	0.4020507081079133	0.3380160569565258	0.27887835357055146	0.22386542370655987
0.49955557245322146	0.4421119024320871	0.3851266522225778	0.3281846726730068	0.2686942013567648
0.4925023083456215	0.4399138514654619	0.39237773633529127	0.35371280840558045	0.32350414233123687
0.44506032649260807	0.391932067490719	0.3421717799194478	0.2977804629770858	0.2568714279156395
0.43694102009057145	0.3800178093684769	0.32508101402069933	0.27359787596615426	0.2258180301228431
0.5223371112329083	0.4856444326933297	0.45663012967604316	0.4406616854595719	0.4356308785704666
0.4369365983622238	0.3790252467135049	0.32445206526723663	0.275281337195328	0.22792577371335554
0.5071569306920648	0.46311569503246575	0.4217666058994266	0.3845716772999763	0.34851149751104765
0.4934087896377376	0.4432963069373365	0.39585351266218477	0.35237799924582774	0.30842621726215513
0.4207705541798805	0.3604519974088403	0.3027527437011401	0.2487753248016833	0.1958779131744901
0.46371663901682075	0.4213271947228708	0.382148050536726	0.34776244361835973	0.3152198873864883
0.427443355200705	0.3878744331008441	0.35387852652846713	0.3287678164239029	0.30843372650680345
0.48712304237714976	0.43441221282364284	0.3849736104406328	0.34073218658765275	0.2994382365120133
0.4842183049348036	0.4303348888948651	0.3787852720653714	0.33075761789961833	0.2833074791206645
0.4211873610417096	0.35791317973183495	0.2975697902475343	0.24272462673418857	0.19494214864047157
0.4476208395919478	0.3838281726202233	0.3221951968097454	0.26480234980080875	0.2134537704403875
0.4456828578106796	0.3867099947370091	0.33151499964720443	0.28294626809729095	0.24102719182916216
0.3806968613288838	0.32898896546645284	0.2827453980796981	0.24548636377359656	0.21429783369527994
0.49636243856716733	0.45859943189368674	0.42604502515552567	0.40139831350816696	0.3790827937803544
0.47883048592691346	0.4445286122928675	0.41471264184452794	0.39161276217957824	0.36999525015034385
0.6237155838884298	0.5837439679700456	0.5436256391907409	0.5020914220088722	0.45304807883743453
0.4666594406079996	0.4115566390402067	0.35906357404278216	0.31120341015922476	0.2693615494536338
0.5490213199805268	0.4797146891104918	0.4105770127855304	0.34132816543775457	0.2693465012524486
0.486030977378248	0.43849518069050264	0.3953877393304162	0.35968759218476865	0.32998149378159386
0.5309213974536453	0.4773620974216525	0.42480961209596013	0.3734503371648905	0.3213771060689071
0.4678283764745797	0.4132197369245073	0.36235313941310465	0.31797011087381094	0.2790817200829044
0.5408541256857904	0.49840167510242317	0.45710777472929476	0.41655462903863816	0.37120740343426817
0.43045214646485835	0.36807674678370156	0.3100744323067519	0.2601349767958794	0.2192197239647494
0.379463082493931	0.32166595506100526	0.2668645726449796	0.21627064043004057	0.16532784935258943
0.46842873610231384	0.4174150190679549	0.36829293426179927	0.322039963411631	0.27638795109524666
0.5140867722658721	0.4725289933074284	0.4357930297052761	0.4070099120085114	0.3830174034438364
0.478236114259035	0.41571571806628893	0.3544622249925835	0.29510780255356434	0.23558963751039547
0.4533938803286613	0.39688547230045945	0.342432416050478	0.2913598246145892	0.24282936661578494
0.5367160956024296	0.48942168622871784	0.4487960425906212	0.4196344320828558	0.3977669382374473
0.4691108036245926	0.41833089191111095	0.3697471999240428	0.32436803094938543	0.27943134636513794
0.4074144309929584	0.34500481385683696	0.2858940796509424	0.23261479534418675	0.18555625093742323
0.5004657879048509	0.46235042418089317	0.42891431187660317	0.40319675147278217	0.38419481370987696
0.47629225137496417	0.42727598945067236	0.38189290693052025	0.3421352961029334	0.3038041901879204
0.499601197767248	0.45446587306763586	0.41529138273496913	0.38658547906827023	0.3670875749840251
0.45986277533745057	0.40847871671227726	0.36140019525193157	0.3213559125521652	0.2856786939349445
0.4442644748960516	0.38732166082605946	0.33468757164944846	0.28960294489884597	0.25093939912542534
0.5050336483195562	0.4587815867241075	0.41751178311177833	0.38451859961385987	0.35646985972643
0.4177457789821138	0.3541197374954034	0.29408470779559226	0.2404583587847029	0.19295857589036708
0.38454583525031033	0.31775036986499117	0.2540619056868507	0.19619468133969536	0.14691541068862196
0.38866705941831514	0.3229371637692109	0.26152507119116064	0.20799307181793897	0.16265741921984378
0.40469368276609874	0.35009741906677966	0.300069633256211	0.25768608430152484	0.21945581201322714
0.4582463354209799	0.4078843369016545	0.3618984731016064	0.3227347549728709	0.2862177982858103
0.5119141189463607	0.4614030509100468	0.4146512453628618	0.3745905526047396	0.3407412515073374
0.430366608903747	0.38127906566300834	0.3372648728243011	0.30093354804366673	0.26578539294896547
0.5203250263293407	0.4659338848036213	0.41536597913906564	0.3711768472624192	0.3313079633355119
0.44356523008035686	0.38161120577074537	0.32175680176369353	0.265651678241844	0.21341599751142004
0.5630298021871905	0.5039566397284423	0.4459847953113599	0.3901589669860389	0.33685720381728734
0.6186166630949135	0.5709206080594581	0.5264291150263511	0.4877080559139893	0.4543433761866975
0.359089440745074	0.30203737488962407	0.249754745835883	0.20570846257883518	0.16988420682482025
0.4453621005803511	0.3914308152093325	0.34179623230802053	0.2998296414565605	0.26714275021851075
0.364738735162295	0.2977319307168176	0.23591295624847108	0.1835078897047781	0.14315058757956628
0.48775247554633167	0.44962267814932366	0.41709478745978695	0.3935572402616556	0.37532052798496573
0.44287300952429925	0.3840788853003477	0.3281492960762425	0.27693813859077976	0.23064618735007095
0.4611683352805819	0.39580658463324425	0.3322978879271226	0.27191539236252393	0.21376491827704042
0.49398990753575556	0.44490343222845996	0.3978599067413605	0.35371584662706623	0.3108256106788584
0.41719266125958177	0.3681769398380009	0.32177843643851567	0.2790706271634874	0.23635541153540718
0.4871971941423146	0.42818065784578613	0.3725215259050491	0.3229528019381668	0.27848259542946235
0.4162218419229524	0.3531509056289119	0.29288438209203416	0.23716946596156796	0.1823965654409537
0.4901961181962502	0.43303390684500587	0.3786941128373097	0.3292542611750664	0.28348169698816933
0.41923037844606353	0.36306130744399884	0.3119201356041297	0.2698149627539525	0.23681336279329646
0.4223571241617434	0.3556820280454254	0.29230073295052	0.2347332459052176	0.18163581588694216
0.4860513002166521	0.42222888523255675	0.3612129921069232	0.305467918589301	0.2563890209518477
0.5575717113829737	0.5140081588610437	0.47148829132636516	0.4304118557332315	0.3920003107361995
0.5155175432699677	0.4627337948727227	0.410432060975249	0.3583035142585136	0.30483799214285623
0.4357593697998285	0.36702650246661095	0.3018388970204846	0.24321089218109493	0.19149598008883226
0.42496621422872016	0.38037268571360006	0.3431852096815524	0.318397754819489	0.3018227655284823
0.5297835080500853	0.4832701652665121	0.43549813923378283	0.3841878300161821	0.3251490971090023
0.4834609236997969	0.43425503860885734	0.3877679474642404	0.34569089715401546	0.3078299751399867
0.49863743528889765	0.45502512243454674	0.4142460716274994	0.37763693854705616	0.3420196044294345
0.44952726044385827	0.41082881195220705	0.37571142415561276	0.3454781161755747	0.3140466402522767
0.4112336676525593	0.35658239051171825	0.3060958023594756	0.26276950949860567	0.22482919650159186
0.42496638885708005	0.3846455378764567	0.34974412257751947	0.3237469555917996	0.3059341332706058
0.48127185428172636	0.42630639241966617	0.37297161104826326	0.3220697917840235	0.27245319261058254
0.4585506770628975	0.41397162580735436	0.3722263043067062	0.33467109399715533	0.29916933373388743
0.45334116686973425	0.3997626616022474	0.3507297408136498	0.3092198645715731	0.27454672067230745
0.3358492827139031	0.27272047800756705	0.2160576894738154	0.1710792212724018	0.13824202298973895
0.44492159344738835	0.39897586758912307	0.3592704607471042	0.33001598485192973	0.3080988830063184
0.42147450246347945	0.3649233050187626	0.31335395835278373	0.27061250447978674	0.23666425032351104
0.39451731310149607	0.3242017312525446	0.2564465918111516	0.1931880652595669	0.1344597877651778
0.48121095429946237	0.42573225066499254	0.3743058917923194	0.32985605371782534	0.2919247577396759
0.5545438658679362	0.4969649115524473	0.44065602869544096	0.3860538708380615	0.3293206681729329
0.41017893152506485	0.3523007395729182	0.29586566938036446	0.24116044730073105	0.18564048284210158
0.5082787473645735	0.46127050488815335	0.42013368645226895	0.389026070568782	0.3645322129918775
0.4449304304519474	0.3921346217528568	0.3439634329023193	0.30339203385101476	0.2664362622765565
0.4228921076536426	0.3744475038445267	0.3312967598714498	0.2968316657470209	0.26814824908727425
0.526777123694561	0.4770485471547036	0.4296221229367437	0.3859276091914653	0.34242074918187443
0.4866071617475636	0.44036681077053663	0.3968239596886141	0.3571772935463885	0.3174084624504724
0.47656306641315427	0.42761633520758285	0.3832162295070208	0.3470085839612476	0.31868518806080315
0.4891137364013161	0.43594993532856885	0.3895415371345332	0.3552978527394893	0.33234287135566276
0.37342270224856156	0.3036251340187332	0.2379261672819668	0.1799437710378598	0.13118236605812594
0.4904738399859897	0.4260501308645061	0.3616430243776115	0.29715707806825375	0.23301992283282602
0.4485169723676837	0.39788654081313196	0.3511885745332033	0.3110279940169541	0.2766893199706272
0.4453222265019679	0.3937440030134781	0.34587513698795164	0.3038627986271049	0.26497579229763535
0.46692434265969096	0.40238501179611974	0.3382261602077988	0.2744083377196627	0.20853761275491683
0.46189032570001004	0.4146367845658613	0.371231201039899	0.3333286672992462	0.29477542433951376
0.49582215027957777	0.4358778836853658	0.37717641783790073	0.3207129308931543	0.26724778287781914
0.5277816871129223	0.4875825628997001	0.45110224545366817	0.42063225809290444	0.39397294214969625
0.4607423975717218	0.4122073908320669	0.36677222175087776	0.3260809561625713	0.2866400948127316
0.42610983768789934	0.3645467437756993	0.3046872043077553	0.24739289469579348	0.19038185204208213
0.4891216580545982	0.438337718293064	0.38916004941706644	0.3417320659429553	0.29177666199251046
0.46854599844977685	0.4054796656409165	0.34410256959505614	0.28567383177862804	0.22918554346441772
0.4140999249060169	0.35098145755288757	0.29018764125736907	0.23337510477640896	0.17989562065041223
0.41072596426013275	0.3579968702749531	0.31007556911691864	0.27016810628127325	0.2360045947075775
0.3787163646625059	0.3032642058686909	0.22897424718440468	0.15651960517288774	0.08405478621288197
0.4938563279988157	0.4461547099407635	0.405260553486251	0.3766597175496066	0.36074399908119426
0.45454396338779823	0.4007097155175144	0.34903724664640245	0.30039307870982285	0.25208414111531297
0.41269679274100596	0.35774276990923537	0.3067088301744093	0.2625871219017343	0.22635645660209303
0.502114793743418	0.44312964808207783	0.38531657395997726	0.3291516014026173	0.2723580966254599
0.4646381156449199	0.3965865325993415	0.329307501223898	0.2637888507401684	0.2021292897592148
0.5321432748539187	0.4883338437842143	0.4469166660192259	0.4087831519386653	0.369564239229741
0.438414741062786	0.3782426660127829	0.3201054464006626	0.2651046230553393	0.2099764922485341
0.48894223288046385	0.44023532912141666	0.3943704449028424	0.3530507263397468	0.31641145094128187
0.49744591146112416	0.45482654315595794	0.41468997082814424	0.378171108563107	0.341952367601555
0.4071422763695733	0.3373199373126036	0.26929602937492014	0.20367630899272682	0.13640490459081728
0.5083455165003817	0.44839794327302307	0.392503095422963	0.3444023323735875	0.3066839124848138
0.4543664225143784	0.39092441682074897	0.33036057203929126	0.2752517080419993	0.22583249731893656
0.480873199376787	0.43888141471440495	0.40136171799084747	0.37105708395703	0.3451529887090142
0.4531856347836493	0.3976340013634825	0.3466096444104939	0.3035001850972328	0.26739868838681813
0.5103562895773022	0.4510112255196901	0.3916069126044779	0.33206720347451096	0.27210226281343
0.37617516200686035	0.30828793930612897	0.24162481553335904	0.17700932644736111	0.11582681628956143
0.48542034850823473	0.43927359400550325	0.39471234003672817	0.3521241445878591	0.30842460819369005
0.4562151015087299	0.3927749842148041	0.33364107113957436	0.2821250660273742	0.23664608566228026
0.448815509395507	0.395702281490002	0.3453848576994096	0.2992113627468138	0.25339615194692
0.46225219691242636	0.4127368484354302	0.36594950224666895	0.32363307743234243	0.284600165384132
0.5215300964281193	0.46626785516175784	0.4113174428531648	0.35620864765988847	0.2982656758831851
0.5256013226734899	0.48384530304758017	0.4446215240387219	0.4092698926614255	0.3750077065706339
0.46712378349836203	0.41694398932484933	0.3693087871249812	0.32563380934369157	0.28412256834734584
0.4795267207964691	0.4162713545161772	0.35510251365425416	0.2976408135492937	0.24140642396859446
0.45117373386335186	0.3946835595271541	0.34182958310134925	0.2948083369318843	0.25177232384004994
0.5002949747217916	0.4597232775444526	0.4221483364686317	0.3888531951398219	0.35668031392757304
0.3923316033592499	0.3299327210627221	0.2726199283719125	0.22470290671484955	0.18924799500780545
0.4219569136848349	0.35510881175274545	0.292513912577761	0.23776116772597705	0.19155528907504082
0.4213954161099055	0.37937356902432545	0.343067528534701	0.3160812239412986	0.2958804493085651
0.47152494079764895	0.41441283325996114	0.3577269702815408	0.30120865342631276	0.24269317191586973
0.5229050146984504	0.46389711102407044	0.4056342377884584	0.34906998088194263	0.2964371422776765
0.46789905625147543	0.4189378194235157	0.3708181204912523	0.3234823594344721	0.2756799205970313
0.5407562478373251	0.49780781856488354	0.4583109129551096	0.42459657692013475	0.3953526136342612
0.5061533551189195	0.4446218775803875	0.38393714507932764	0.32407556399515136	0.2620857732050292
0.46804881973535634	0.42485225340196836	0.38600147755860115	0.3539863901040893	0.3254943065815037
0.5388503849498647	0.49152806062841015	0.44572113468817715	0.4017006765531561	0.3561851568427198
0.37819020170141315	0.3052774031628444	0.23637936427390563	0.17477340038878852	0.1194191108395389
0.5448695028022259	0.505285426286257	0.468112227966644	0.4344763329185088	0.4017622541303424
0.43010808494443137	0.3684677116201929	0.31258231248747814	0.26679324787025027	0.22954811742067072
0.4931264459038174	0.43822977530428603	0.3894215998957609	0.35156013530355923	0.32425189862125725
0.48924053648520804	0.45007456133261664	0.4149433898331929	0.38616180626368396	0.3599594897714474
0.5164212219797384	0.47613047295587696	0.4365901379628972	0.397115120940485	0.3530898948200797
0.38734379497895044	0.32321799898638887	0.26353924032076065	0.2114429223639756	0.16631874660304627
0.45911336897190796	0.39815143799146224	0.33874317830792716	0.2821726691580824	0.2301993909132483
0.4348669541531349	0.3641113319314317	0.2962085694750475	0.23370572742337176	0.17731057721061158
0.5045189981902661	0.45883978757259847	0.41729442719398374	0.38283110243532964	0.354354567121364
0.40032124629307864	0.3286094855399971	0.26103398616903173	0.20148822968951183	0.15102503902015113
0.5469478378274163	0.498579382974888	0.4532077523379732	0.4127985082457371	0.3752424543415194
0.4335890458327481	0.3850502249269028	0.33842844276026124	0.29392788555291577	0.24463384206109418
0.49008752868304245	0.44730466185978546	0.4066783816168318	0.36868909946374206	0.3293287469790814
0.3810977653871523	0.3111081179297235	0.24328128003646435	0.17874613394680888	0.11481141540600417
0.4701793443938633	0.4129200593470431	0.35744718369827133	0.30509157435605644	0.25606099576465424
0.5070866901952342	0.4572156121922469	0.410514516038142	0.36924477374636644	0.33250137261840007
0.5599873878463687	0.5182145770095367	0.4812785684941696	0.4523119097099011	0.42709980100525263
0.49999674106028785	0.44454606586360534	0.3901567096851707	0.3370423601157473	0.2834565692669111
0.4877645609280883	0.44120305756393763	0.39729813083828286	0.3574551022002369	0.3193582490250008
0.4012055417983826	0.35358861357905863	0.3115149698753055	0.2781440526338528	0.24842470817537704
0.49320314092686224	0.42813494819600645	0.3647122410577583	0.303802252797224	0.2430289141322688
0.44656486051259825	0.38697637651739375	0.328506614915738	0.27141966063720097	0.21340142207669727
0.4235307068233629	0.3693852625281652	0.3185375158742203	0.2731378635738641	0.23239897245517493
0.3838895558824278	0.32350041167292387	0.2670615837634793	0.21720032899034974	0.17183782949522775
0.45470622178541775	0.4038041707042607	0.35675816973272284	0.31580189507922823	0.27917826700950255
0.39198830984954525	0.33928819920762354	0.2909945171482886	0.2496232459044307	0.21217777137124988
0.41809595195773785	0.3531009192556317	0.2929196971510398	0.24172904617274105	0.20050705687583767
0.4149694303652874	0.35692610159269705	0.30238271738621586	0.25378336662408185	0.20905175626627107
0.4988128274570728	0.4556122048603203	0.4148094379237149	0.3773194919181646	0.3392447322581478
0.5481873290941568	0.51573070304156	0.48355398911468045	0.45019322297332337	0.4090036272194483
0.45767545861467024	0.40341877654819935	0.3522976473063453	0.30661626989982504	0.267253182148085
0.44411076865578075	0.3995405838644784	0.3595016701095269	0.32653231667962773	0.29541206463764746
0.558940273275454	0.5152949829657497	0.4741626822275102	0.43673000898917347	0.4001332655205044
0.41292839016684024	0.35655490502270504	0.3057162786859497	0.26470821912792497	0.2318492067814122
0.4510512021496623	0.4047865602199553	0.36457390418085533	0.33411156483481336	0.3089165016606631
0.4705729426998564	0.40509920878176947	0.34427379902227917	0.2922380804312129	0.25145872032865024
0.4133796638053278	0.3469709469136285	0.2818649171534853	0.21865567042844936	0.15551145364197216
0.4540901684479924	0.4109886891156823	0.3716762901166907	0.33845258724204796	0.31075046704811443
0.4949466879158841	0.4227058117454663	0.3511861526490979	0.2806663889697445	0.20793142146132643
0.362944748436768	0.2991905853768243	0.24192767556438527	0.19717957377231987	0.16882254702216537
0.45579940822267706	0.3947761968957275	0.3348329171767306	0.27642041825358676	0.21788418998332992
0.3794417248908311	0.32728418051039854	0.28086435723261355	0.24422651752253802	0.2162320355607399
0.46234360383433265	0.3987304450990925	0.3373608053395416	0.28021739801342055	0.22896009021320612
0.39026548682842777	0.3253373789011897	0.26487865483550666	0.2121504388310358	0.16558808989126167
0.5037323525756828	0.4675805245473081	0.4342977901917907	0.40506030238691193	0.376304536195429
0.49889479564976574	0.45360629073422815	0.41120453966714954	0.37254288728430895	0.3325053169999596
0.515600888032123	0.47066626752793433	0.4298776557858618	0.39613150243152484	0.3699455171414915
0.5550310741967925	0.4893707861501089	0.4243342001500872	0.3612729051592407	0.30327648038366095
0.5180714209072395	0.462316140986197	0.4096842447443573	0.3629432120187431	0.3234968669713917
0.5382852486012459	0.47952005559692873	0.42181229307590434	0.3661599241060869	0.3124545467622398
0.518412094641669	0.47937026866250615	0.4408029257967964	0.4021568916876839	0.3616437917928452
0.45848414124364767	0.41375072945929076	0.37396185223709283	0.342421702142769	0.3171508671708361
0.45955127123926576	0.4215271604528369	0.3878620266770946	0.3609771979314069	0.3361620709778778
0.44249874743421413	0.40244281177731156	0.3688985970969483	0.34617613795657975	0.3330891711107918
0.4917006925820164	0.45041045748498393	0.41350509089571025	0.38337953783398404	0.35771581646325035
0.3761278971180834	0.3120295595825445	0.25348866474745746	0.20518690023254574	0.16716833112049162
0.4125107160295833	0.36342360064399265	0.3187253980350485	0.2810941073741027	0.24855334606454413
0.5161143686056677	0.4613598132207764	0.40882932242517644	0.3595538472729642	0.3091606985762942
0.4596793668503497	0.3985738027130788	0.3391589649451406	0.2826880037274083	0.22827616289833608
0.5241418340325356	0.47692732330726834	0.43316610217324736	0.3949093048489622	0.360975429369212
0.37699911078362414	0.3178837230369952	0.2638876373805909	0.21853758841482382	0.18044714737043155
0.40294600273311043	0.34175214674121335	0.28348924222567706	0.2297830822555383	0.17835063051470856
0.3718689601180241	0.3117704241826981	0.2565184980260636	0.20957556260078986	0.17006663613093848
0.3779495982296514	0.31944514595704393	0.26526152003650094	0.21827770868084823	0.17741540988316967
0.42039675179015396	0.3774666910913883	0.33897594493487915	0.30728808919172207	0.2797593184580649
0.4476389646990274	0.38128289701390394	0.31792563835781407	0.260388655518742	0.21074180625219185
0.45412780937596137	0.40650046759707814	0.36138727414755595	0.3200159332106303	0.2796495104484495
0.5029371617919653	0.44964603566944294	0.39689946428754624	0.3439940252899849	0.2865657373509042
0.441962470746949	0.4027017567969778	0.36995848312526447	0.347829281602185	0.33293057354344097
0.4380898294010019	0.3820791033832278	0.33118705520953007	0.28907812513063597	0.2544339970593191
0.5178373490922332	0.47395687957767757	0.435221303419268	0.40539409391489706	0.3843830419008833
0.4894150765092782	0.42743610731593046	0.3664448532452779	0.3064159103372041	0.24412898095578847
0.4329068398445052	0.39187433082097983	0.35833563564868887	0.3374400525805572	0.3273427859671982
0.3912910268803337	0.33430198194845245	0.2827643078814769	0.2402269404804241	0.20388629940171948
0.6198514020849691	0.5760975925406969	0.5351309416268828	0.49919167288202393	0.46808470012071984
0.3652179437249161	0.3031782717134466	0.2451911307997561	0.19433021514658275	0.15301773413929723
0.34617670535601486	0.2813308839566443	0.22286839762806093	0.17578798061177603	0.1394173120447303
0.4206798397660214	0.36797396628019324	0.3214770980884798	0.28562713642725307	0.2583780156332708
0.3854173944322743	0.3337135173450065	0.2850106221954976	0.24076386544039974	0.19802624575635286
0.5415801726369102	0.4995648989235821	0.4602548562560361	0.42490650067082647	0.3906908849864399
0.43968780257124274	0.3863127434862179	0.33403635655385344	0.282962642630452	0.2306302215002328
0.4672175055684096	0.4250837224047409	0.38543384234404493	0.34888301563143415	0.31077543872557617
0.4881485285244585	0.4387707303570535	0.39339654212548225	0.3548931131832392	0.32318131587255366
0.5441778150146951	0.4770981287622265	0.40841293563629316	0.3367567228065529	0.2634962322416842
0.4307475430483564	0.3941469270417199	0.36181500552619894	0.33543178265406987	0.3088445968805025
0.4048661117776514	0.34348745422123345	0.2864426125594932	0.2366743692538034	0.1935237387921832
0.48291725363981525	0.42699618545052903	0.3742080645366489	0.3269540183821814	0.2829626050189919
0.4278499533535002	0.38084003901805585	0.336606568751092	0.2961885521130262	0.25447197849474307
0.5209073238380687	0.4744051527180849	0.4294634627938865	0.38635071997433945	0.34098943717131003
0.4370663532512606	0.3873753140854558	0.34278316741803533	0.3073742253745944	0.2814747231871713
0.3923520993031283	0.32691765245184384	0.2650826730570795	0.20919732934052626	0.15844262390565012
0.5222658709309047	0.47018157667577104	0.42266499127536916	0.3830609738456889	0.34950705446476815
0.45345522116024833	0.40551956157048974	0.3598973025952557	0.31757561967038866	0.27560796547832156
0.6045591671987385	0.5680179451712514	0.5325148551302983	0.49757928612832225	0.4601604477785623
0.38406075889095137	0.33113494637993496	0.2834435967105263	0.24433989717920027	0.21084131745570073
0.4220276721007906	0.35651016775545663	0.29220072778115463	0.22977826997431156	0.1691065944312184
0.5156668791459817	0.4681805057326532	0.42584609679691443	0.3927582059523448	0.36848146648178776
0.44350086026116475	0.39858931537971637	0.36077281469405165	0.33508860633807075	0.31912169692724374
0.45251431241488194	0.4125875851950676	0.3749370536944727	0.33987813334268807	0.3016884549580185
0.4507793530871347	0.40383131373929265	0.35801419606891666	0.3126000693635087	0.26148113413526375
0.4888418354902866	0.4423088384497267	0.39948759211741375	0.3630347734795778	0.3337969372864808
0.549359302464296	0.5049368730633168	0.4638524907002918	0.42843276510670175	0.3971430255124785
0.48308560765185304	0.4124511672389622	0.3443709293512682	0.2813220580706783	0.22499835940809004
0.45210936958755354	0.3915262929077774	0.3333901348850706	0.27932992863764694	0.2276061706261455
0.4937334256170419	0.4300151610575875	0.370698107058978	0.32005156450600103	0.28211390633380534
0.43424305107264055	0.3886626463535398	0.3482095432679097	0.3163522174606342	0.29117245850300505
0.46708094478011325	0.4201675185870358	0.3753000921269647	0.3334865846383815	0.2941643022599619
0.5374880488368067	0.4999413357409569	0.46896500888164677	0.4493421259873092	0.4396715318565806
0.4334362260490448	0.37207673135548613	0.3137549109949753	0.26048989115158205	0.210480895567468
0.4331583933214034	0.3662242325733123	0.3015751455770138	0.2406858764245538	0.18295193378456193
0.5015987329665705	0.4475158981457367	0.39737140419032496	0.3540495457413196	0.3167954854183463
0.44457430101061635	0.38738951350778433	0.33359443926259497	0.2858425407355964	0.24490656434105412
0.40461756035467367	0.33514821937559774	0.2671804701932514	0.2014498631663891	0.1362872875398942
0.4490117534260477	0.4064916156153619	0.367553021930229	0.33376768252016253	0.30131227252555287
0.44415408552460356	0.39369692349940205	0.35102557179666827	0.32196879838537684	0.30472554811060304
0.4900496269333541	0.44766118490778645	0.41013064873558497	0.38070689404063063	0.35673801488681084
0.3763520286193601	0.3159640102928297	0.2604466788467251	0.21332555429291603	0.17390998888380899
0.5313234264496561	0.4763813692554909	0.4228423831692337	0.37149688699387673	0.3198323666268045
0.47351749423208433	0.41826069510428643	0.3651011037628415	0.31518143710969	0.2673852046167964
0.43797617462801475	0.39749547465227897	0.3620104526518663	0.3345208891383066	0.3126945218611721
0.4923944961152519	0.4580968887925775	0.4280889777710818	0.4044689588968062	0.38110047776961153
0.4705292080830989	0.40261343766953145	0.3358885601062494	0.2712098784055752	0.205863380288601
0.35419681562328764	0.30480092545679516	0.2626607092219881	0.2324867436943647	0.21122755203163726
0.44262231762113396	0.3958137136352329	0.35218856006613086	0.3138197617064571	0.2799125117860567
0.42006690942619873	0.37228162593392927	0.3305060282663314	0.2983963702236949	0.27179958269807364
0.4660643225075183	0.42240767025699416	0.38394601648231186	0.3540935584008237	0.32959068221772436
0.44012825583736703	0.39540139463366103	0.3537341836141684	0.31590200573459204	0.2757381479888213
0.43880406689252816	0.3900141704885291	0.34384228705558795	0.30117799675393925	0.2574597691251339
0.4776808534798571	0.4158923501646958	0.3554168511507599	0.2969416824978148	0.23964532489682916
0.47277202076609026	0.4201278568575418	0.3695004523587507	0.32215521947320724	0.2759159809579121
0.5270844705058355	0.4741130643115274	0.42095241836052655	0.3667407740484896	0.30814763207275503
0.4547507853016943	0.3970290912392629	0.34099729537732393	0.28762844579476776	0.23572855997295195
0.43333500073019476	0.37777952550476135	0.3256206900140082	0.2788779787940433	0.23599343469918516
0.4989194116346506	0.46365889177445296	0.4335910121956615	0.41153739593691063	0.392082548839133
0.43931539898111494	0.3968633013907783	0.3590774181911664	0.3284871368466422	0.30075115108360045
0.4542746594737282	0.3959896437361611	0.34184444056172114	0.2953043694197125	0.2570612722459916
0.41172436325577905	0.35596640271941277	0.3034196974988055	0.2563790990556875	0.21458237147772388
0.4981930644789785	0.44124039369831297	0.3878244528289169	0.3406874642098935	0.2976699607608355
0.33289726721205865	0.2615536643563713	0.19475991496383527	0.13633901911767024	0.08862661354596671
0.4863394264209376	0.43020932778363863	0.3770278402269973	0.328793147681087	0.28371107808897406
0.38698838840973815	0.3245228496387749	0.2653049349161642	0.21131567868959006	0.16045904232790928
0.5150318852917767	0.4543773027610887	0.39208105841389707	0.3262482307951594	0.2534488403084663
0.5192161131536814	0.45736774339961694	0.39679873005568683	0.3385895137423362	0.2815762830412565
0.5033036480511017	0.4487718636786826	0.39648078147418864	0.3479877421881445	0.30292930379701255
0.4655058494502034	0.4030148644889894	0.3403214070630888	0.2766832515501103	0.20944084023314988
0.485691695402041	0.4432544268837561	0.40594567896879025	0.377255149083065	0.35624100552188154
0.5020787073141872	0.44104067703855415	0.38066180026682944	0.32138333719964923	0.26221739031492125
0.5054669506741809	0.4575501669050066	0.4117660173289482	0.36909583158180015	0.3263349340850918
0.44340951252736427	0.3826389048665715	0.32308204151001096	0.26518563088200253	0.20760263149436453
0.46373595333912465	0.41092127285463037	0.36182621179776964	0.31868212927320616	0.27729306072980764
0.40196800658619636	0.3450389252748772	0.29156301165976634	0.24372326282322693	0.1994481834444731
0.4627057970864275	0.4354405471723642	0.41535236664110503	0.4064190562565402	0.4035714506948259
0.3350515324635928	0.2731820179324841	0.2178504406274494	0.17374348373545467	0.1405423792151264
0.5261790298591578	0.47135712600433016	0.4166259119365838	0.36166659783024324	0.3052570713116507
0.49168402908622005	0.42972975426838	0.3685331288694667	0.30844928387385406	0.24838375202199103
0.4665636356224793	0.4131751986283957	0.36351761005578803	0.320057568208255	0.2810484678236631
0.521099839689415	0.46010179178650995	0.4006901088384172	0.3437612990975136	0.2869547965240581
0.5530484018860734	0.5117305991250668	0.4728302080912423	0.4376465763038083	0.404344100050203
0.45576061827910536	0.39060920006035676	0.32849960961623687	0.2721137725259378	0.2246152751444053
0.43501243141858964	0.3941822837223745	0.3582979270527622	0.3297460338428192	0.3023949374170973
0.39069518367144446	0.3279536496363389	0.26884949346428555	0.21645783026987092	0.17318587562139812
0.46819478543031834	0.43321586059675066	0.40355415771858616	0.3820022357502316	0.36315959891643373
0.5777166599268184	0.5383808215368092	0.5015945124984691	0.4684398733518319	0.43466097092947287
0.4368543513119298	0.37096849173489177	0.3082150624373734	0.2517650698780875	0.20309398271053097
0.4583121241997145	0.382352193236494	0.30739841615061525	0.23458363060686724	0.16484710053440255
0.3997798167972419	0.3346416761235717	0.2739983898953798	0.22173257436010224	0.1803989718871948
0.4607592506759337	0.4048675985721991	0.35163977483818987	0.30312981571138764	0.2610309650549948
0.4433473150725184	0.3878443290008351	0.33675204577258094	0.29321844725339435	0.25581266397022967
0.5032825139567736	0.4401759854521265	0.37866029232391124	0.3202143874999936	0.26616168342552077
0.5458377004074064	0.5003198347608439	0.4570541663733913	0.41716788675919725	0.37748431198402826
0.46368800401872945	0.4133926473849146	0.3654717844030004	0.32172896936974726	0.2849175153183653
0.3491350658011777	0.28817332230006004	0.23037291919228778	0.1770120461983668	0.12319914971711832
0.40405854420929266	0.34883526896402683	0.29651225648651897	0.24872512052414053	0.202671493645458
0.46872984501878995	0.41521768582351837	0.3647984948947756	0.31926019311440657	0.2762792299937481
0.5061439192708647	0.45583948102072164	0.4089475345636596	0.3675990009317858	0.3286964261912975
0.5463341956651291	0.4888763856905343	0.4321997522599905	0.3765897949706099	0.3198673165803351
0.40172352170921205	0.33550354155241885	0.2717143302925118	0.2121372938078552	0.1582616988628639
0.5337849817094557	0.48300765369830595	0.4336025312192697	0.3858240519568348	0.33659704430637644
0.48778804988681623	0.43100777575342053	0.375576767953324	0.32234377176681356	0.2708719029056523
0.48189763930894614	0.4344314323849657	0.38971621591572103	0.3491279286559613	0.31023947513815026
0.49741073357275334	0.4362329088102097	0.379126565037128	0.32941827192882667	0.28757724519722927
0.4172990213553413	0.35451457268621894	0.29490944180901296	0.24113621052929585	0.19487409949049705
0.5344834319742717	0.4876634035906347	0.4427778670909495	0.4002517732757832	0.3564523577339565
0.4137199193969835	0.3551607646641425	0.30152264518768684	0.25633430622820375	0.21865502392731687
0.4880126514156688	0.44729194716876314	0.4074957472214335	0.3678271145761994	0.32143189241524683
0.5288477467813159	0.4885667565367238	0.45454850598614954	0.43086017021601547	0.4121134098381576
0.4040769870158174	0.34492560154008506	0.2879209009844397	0.2342021123277163	0.18397165940114035
0.4233418570403893	0.3657829779391324	0.3127605448568151	0.267731708390988	0.23055824148296966
0.45739690353848056	0.39733578261925817	0.34101450364077046	0.2912885021381793	0.24782081218506596
0.5234172726415046	0.4761628526515783	0.4316036049002104	0.39080789429290286	0.34855964295733777
0.4244288297905532	0.36232781356048943	0.3018580395744792	0.2445536917416647	0.1942459895173368
0.4403575803637522	0.38255328275209294	0.32714138719809077	0.2756128378456532	0.22588876167979424
0.43504981846848634	0.37161239925710987	0.3124015731587264	0.2602602564948615	0.21284032267723854
0.37455940393697573	0.3070715845866033	0.24257235981034153	0.18359074876393483	0.13209390037877905
0.4677599520164421	0.4152964602237578	0.36608361668581396	0.32188440007629143	0.2781020528536079
0.46315633082340485	0.4140790227968121	0.37111986581677614	0.33880509815849313	0.3182147568131762
0.43226755366725034	0.36826129325588675	0.30546520756755347	0.2446147891115779	0.18586287650299133
0.3822720710815416	0.3190804765459885	0.2592771879178979	0.2052011898957076	0.15622839365062097
0.5381484098413284	0.47284351072282654	0.4072360143090741	0.34127767332227077	0.2747621735430466
0.5126735797710742	0.47242636749249906	0.436346837724274	0.4073707763791167	0.38523910516464216
0.5069150758895621	0.4596748866699642	0.4147241147090508	0.37259906019816746	0.3285288929834079
0.545072295847506	0.4896784106662859	0.43573982625279783	0.38443760167031454	0.3370659664301546
0.42630463685139014	0.3803904677860919	0.339812502415484	0.30793301387075284	0.28173300962713277
0.4506227596369757	0.3873087356542041	0.32524797451241455	0.26535150906401306	0.20788680554478967
0.4792409253778977	0.4174386623291215	0.3555156741456715	0.2931896017289346	0.2293715993882688
0.5140751728940316	0.4707410797226902	0.4283800006938206	0.38638004703100537	0.3392762129671805
0.3429356931173754	0.28620767262130825	0.23385300836137984	0.18900008116869377	0.15073931733860144
0.46302288812248965	0.40852782444091995	0.357758862918773	0.3134379521552701	0.2761967333929084
0.5527351491635383	0.5143423505477308	0.47954752975454606	0.45026317632166024	0.4219018720755601
0.5200799190773431	0.4736868464834491	0.4301117230700532	0.3908572809140219	0.3546732658519313
0.5001418418936796	0.4450431875977514	0.3905135302324124	0.3364572873890316	0.2819049852670805
0.3839319493345553	0.32812334818322975	0.27287255217783907	0.2173880781660137	0.15750061481978397
0.44986704596100086	0.3913706710222347	0.3367327261710974	0.28862490336741514	0.247014915938042
0.4486803328208189	0.39104701148905496	0.3348186552422977	0.28074447063376784	0.22934519534039916
0.5070185337286717	0.46059447336950776	0.4162266278507267	0.3748168962709296	0.33354518496643354
0.45367469285921824	0.3987089059139738	0.34792737152901854	0.30416641046151466	0.2663047943600966
0.42301985654651275	0.3487278693869183	0.2767177775255854	0.20914615666672282	0.14723675600926608
0.43553029805628196	0.36993466469496844	0.3050248577616303	0.24132070227687646	0.1808155030963672
0.5285286889978438	0.4845546255701854	0.44341708505880467	0.40653914921132206	0.3695864078297786
0.4373932956615011	0.38884326730967267	0.3446484172011384	0.3073334200813599	0.2749123026755117
0.415577671987697	0.36234697672342525	0.3143963184724181	0.2752714736184841	0.24313549221355193
0.5065399128781756	0.4555171777251916	0.41032826923841925	0.37629235430672486	0.357727981004111
0.4115097397808998	0.3565304430989037	0.3061577982264234	0.26356055090553077	0.22688668010444532
0.45152308196700974	0.4015761752573527	0.3551192616305143	0.3145959053114702	0.2794581227074969
0.46826007604952247	0.4122468982829675	0.35812327364768987	0.3070534639859358	0.2583722614319232
0.48937810869475307	0.43521758783835307	0.3832225805750295	0.3347359948704942	0.2887763823534404
0.4182607575905933	0.36419109883620654	0.3125115123036045	0.2641594154742196	0.216609693104708
0.5196271062082137	0.4807279190007547	0.44654438362943194	0.4196485870824155	0.3961365242618189
0.5357671475402501	0.48528595317156553	0.4372183713553517	0.39306256685875146	0.35289556256838917
0.46549726273479997	0.41073954059150486	0.3580995020715291	0.3085764529882781	0.25937480473825353
0.4183344234516549	0.35825011158231823	0.3012246076969364	0.24886641380946162	0.19755867760494772
0.4335702455132276	0.3735612449137078	0.3178073570890004	0.2695421756882875	0.22911989562470053
0.44947274923542424	0.4009633790290273	0.3572952445038606	0.32166458344766674	0.2927048580518656
0.4061341748561126	0.3569956644190369	0.31203092963802126	0.2737829521111452	0.24011216546709827
0.5021713069820897	0.4448905329635867	0.3890106109425163	0.33543442994059514	0.28297559374069575
0.4874818487665671	0.4468337758006548	0.41044074145254644	0.38082345344197405	0.3541461669369586
0.5487620101552991	0.4938624802247132	0.4417028457187137	0.3941024124784852	0.3489098412123149
0.4674309518740892	0.40695239373302367	0.3496887828989581	0.29774043503822833	0.249226901330289
0.3984670100007232	0.3409324904066308	0.28624181667599596	0.23609834941736646	0.18853278059720424
0.4568952156332232	0.41444774671545426	0.37732545115944455	0.3487205085719088	0.3248472659237937
0.4718075469996413	0.40922098091085785	0.353527515733205	0.3107184042337938	0.28109688064076976
0.4586637528258247	0.40030389834263186	0.34444218229749046	0.2925756282391577	0.2434633474804779
0.45254105503401265	0.4078776868502464	0.366871021001154	0.33109503053688444	0.2952539914049444
0.4965747254839581	0.44647275975709594	0.4001607959296807	0.35986623794597583	0.3216643798747097
0.4323413231145325	0.36943933168900756	0.30700163328143043	0.24525359824377918	0.18519431981479584
0.4533248386350757	0.39610019684572473	0.34204181980264686	0.2931844138924629	0.247039470559463
0.5066666737449286	0.46203835204507565	0.41967218405167656	0.38055043271961575	0.3415506723079873
0.4648161716777417	0.4226758507041466	0.388082604796158	0.3667155318067323	0.35684249648784405
0.3981417967040664	0.32325964933883333	0.2505677761462162	0.18190915710458722	0.11556142384331813
0.5184285068506715	0.46572964110590614	0.4167498034858711	0.374171772548876	0.33749435290951696
0.4917592263577585	0.4247654799221194	0.3566976111817501	0.2864914294172874	0.2137260087103598
0.4049409695306224	0.35181719916267734	0.3021325010512454	0.2574331398014085	0.21351284669363116
0.4328435811356015	0.38713103883067507	0.345572432715309	0.310651508891713	0.28087236827232487
0.3846774591628237	0.33719561668192716	0.292574470751764	0.2515079544369486	0.20840083769897155
0.48635516223007325	0.42963435143870293	0.37510243567600055	0.32410855695576496	0.27544825139517426
0.505254912987867	0.4469116308631255	0.3928086713727353	0.3463736722630747	0.30754725354470497
0.5168284393385074	0.4719595647295502	0.4279304015987847	0.38436111562893127	0.33731835624183665
0.5682545860922024	0.5158441972580469	0.4679753403673225	0.42856915779123383	0.39717111386291165
0.43696382865352246	0.3844143934715988	0.3370582074815921	0.29897391782474697	0.2710062509998794
0.32908359940515863	0.24629853195850585	0.16786599558337176	0.09825112369049804	0.04347424289142598
0.4184873631770819	0.3426474734267691	0.26800251464391645	0.1960209927499414	0.12852141423198343
0.48037341144032863	0.44079856376181153	0.4037609284248141	0.3700086890709	0.33489112237093166
0.5810368988414519	0.5238047025678069	0.4682604688799598	0.4163578968855275	0.36933635230924816
0.46052547565612295	0.4169148659655465	0.3767719629290207	0.34241713893309494	0.31392315759818923
0.4775084268910775	0.419141449068662	0.36329703685439385	0.31158269183096	0.2633052506220256
0.5480862710322539	0.49387204736513873	0.44130011622661974	0.39139368519266415	0.343235850582845
0.5356609750403981	0.4816664604023803	0.4289206301790233	0.3785058307636462	0.3319396424404087
0.4694420288747477	0.42929833488267755	0.39262582667283447	0.3609594610898655	0.33095966638771035
0.4383241119036504	0.37690090395320003	0.32325720258671115	0.28387676501391146	0.25803052149283634
0.47420608792160707	0.42302001215589524	0.3754044480448048	0.33384057062402084	0.2962079216519469
0.46496604736073105	0.41098178807617197	0.36018959003233303	0.31424122057962417	0.2706060269944003
0.4689146651806073	0.41778517930625036	0.370919871643551	0.3316716502279743	0.3015850615833423
0.3841948925450297	0.3116300416207217	0.24404188142593133	0.18549638834456472	0.1360442930053176
0.355947859113814	0.292556883856919	0.23467544564104142	0.18635237660074644	0.14669895838774227
0.4982927125228652	0.4533564635025516	0.4126643237420085	0.37894871260530516	0.3482438515361592
0.5012162105680469	0.45260320062124354	0.40584274478607857	0.36172810377852344	0.31753007578039305
0.4516473656737825	0.3948595809447593	0.34099681464701936	0.2920074467940109	0.24734988140731104
0.4786675505307511	0.4249319376329641	0.3741211685862804	0.3281424393697746	0.28609284771657567
0.4940812145862232	0.4491705723844081	0.4082099857686639	0.3736296545357667	0.3425976045981703
0.6063133198228969	0.5666582120848728	0.5292769424878753	0.4950320401350763	0.4602311476812339
0.463839017413172	0.4062530207143624	0.3521137649508046	0.30359479776299714	0.2582313252255495
0.4742197871473258	0.43377584069107195	0.3965316009170572	0.36388534430883723	0.3321159015740317
0.44728268791575787	0.3829344479666103	0.3233995630346673	0.27242481046768496	0.22752442741256979
0.4753393737282267	0.4193931793462609	0.366095175977902	0.3175077223307997	0.2742715472906505
0.5208205031497511	0.4657836076574218	0.4123450680168734	0.36121369241047213	0.3102571183845508
0.4424229277090819	0.3972782506507829	0.35577287227042614	0.31966895504862775	0.2854825619888477
0.5427019630380047	0.4921492546263734	0.44282746367612114	0.3952093465573219	0.34841900065719245
0.48244544973507986	0.4221493038498092	0.3655206249017728	0.3154284114107781	0.27161172728674876
0.4739559104489142	0.42214297127473	0.3772283154655699	0.3444374001570321	0.32341825625484155
0.4540497942130097	0.3944325778822372	0.3369838278883763	0.2832670006838033	0.23278970204960728
0.4468111558708462	0.3790714578705485	0.31279416005807537	0.24880040772283152	0.18552019044125806
0.4157731751506544	0.34941457422745	0.28611005402974143	0.2277553430462852	0.17126752844360155
0.4407522574443258	0.3778782651586202	0.31855451153829195	0.2653531849477645	0.21576632837041415
0.47028546393864745	0.40849800703315386	0.34961882519911247	0.29623066577204676	0.24876015662075218
0.506093424102354	0.4352064430975565	0.3648591371040649	0.295760246207177	0.23089901845725547
0.4199464112402604	0.37503517347629733	0.3353871037695715	0.3044191460103828	0.2807377702257499
0.4512622083318245	0.3961924132071983	0.3450067347171288	0.30006614214260957	0.2590179964676035
0.40258686485962086	0.3565146972439764	0.3171005959049225	0.2883508628357681	0.2652657366225959
0.540512413418525	0.49898049822270596	0.46199969444479927	0.4321609359329412	0.40448708280902107
0.460690147897876	0.39979953310209243	0.3416704454603916	0.28837942876813794	0.2395891538715951
0.4595809431593834	0.3981189967668353	0.3391473734929935	0.28410415851537385	0.23088449372496578
0.5188670351612095	0.47617491186464145	0.43542409265011955	0.3972213903395665	0.35853454728410816
0.4565230328117281	0.41811667840771116	0.3834220651097082	0.3540939712813519	0.32655853419330233
0.4421095285092792	0.3661370582608839	0.2905746435625589	0.2161346800655624	0.14384179684760756
0.4395890660265412	0.38979346324481556	0.34350042688508897	0.3026783407275346	0.26170110157174353
0.40501675545239313	0.34517063669488735	0.2894720192534625	0.24115821440342242	0.20128292775458492
0.47524009817713464	0.4306045870134827	0.3912402527310941	0.3606445902350887	0.33730889787470486
0.431838020739047	0.3684499286975048	0.3077350363265355	0.25174113869670983	0.20043034309839808
0.4401582493227664	0.385765394103408	0.33360644655334565	0.28446061105134585	0.23404469521056376
0.42585943263405146	0.34306963507954685	0.2619864919631955	0.1847685272313641	0.11496467483714679
0.45374139544151776	0.4088626779797607	0.37050400225347885	0.34333727047032553	0.3269777207826377
0.3780517927204473	0.3189960242887155	0.263160759743767	0.21232025656049455	0.1641682042929466
0.5216451670126611	0.46908444207801797	0.4172879415129116	0.366721771585215	0.31700481724858215
0.43257893302744155	0.37912243991793043	0.33090683114952596	0.2917001828935122	0.2603716026553895
0.4540104007847334	0.4063490363972899	0.36238704650341774	0.3243642443875953	0.2890549997242219
0.527523831540979	0.4817384277077105	0.4376898755744645	0.39637083903806775	0.35731081086054883
0.4069811819724328	0.35431813342787055	0.3050643756803787	0.2614550603226168	0.2221571711915954
0.44671086411252137	0.3926450097312338	0.3436382697699333	0.30347355048268126	0.2719084209153383
0.4483656344781169	0.3946418372213806	0.3453561434722606	0.3034599412213061	0.26675244102238577
0.49790499268237415	0.4511265566250551	0.40815223059054173	0.3707837657218819	0.33437238216834303
0.4462157914846153	0.37879489136374733	0.31230734282620065	0.24737283003268062	0.18510806559628248
0.4584544199552319	0.4096796535096322	0.3630829879649103	0.3193591368431202	0.27556143431272834
0.44183995802841014	0.3931482517974457	0.34975502972523465	0.3155515684010951	0.2904192053443253
0.4577542656506032	0.4111085943417837	0.36841773512260545	0.33160681714110773	0.2955215406190652
0.44339285872901807	0.3819245037344804	0.3238010820554354	0.2717023377775243	0.22621695452946386
0.44655693221415993	0.3848896086718838	0.3269761871914269	0.2755895957191747	0.23051827090077603
0.5925007537112256	0.5481602271084169	0.5057298476553546	0.4657399827692438	0.4235661805295819
0.4695115956882267	0.40870379832527043	0.3519595390768583	0.30265226542989854	0.2625804811044013
0.5367430900349361	0.4946196761158411	0.4550482622272936	0.4193334232763527	0.38621969346432306
0.4512452589438249	0.405366801602825	0.363599054405483	0.32849477760519774	0.2979889596262468
0.5266593096018922	0.47248638549409094	0.4207090855831989	0.37330766459628256	0.33089858879713424
0.479379356863697	0.43535335731220104	0.3934774021818819	0.35450883508455294	0.31424375917552577
0.5693361626733865	0.530374996332662	0.49300488064485853	0.45729832180103824	0.4181984784057625
0.44030070344634736	0.3892465960974944	0.34427806361866264	0.30965062807944377	0.28224933502711796
0.49812284083397823	0.44283008764791154	0.38847134351185697	0.3350491616115158	0.2794800229695319
0.4864199645249122	0.4487453676167932	0.41643602584956874	0.39325830465974726	0.38048800997151233
0.5471708303223024	0.4983619954658575	0.4533793926784906	0.4151870382502386	0.3849125701695359
0.48147139133072414	0.43713648672165384	0.3959458868474491	0.35937330621911934	0.3245775149539993
0.45057732113467897	0.399281729758841	0.3537043899091585	0.3188548553456656	0.2978858883261738
0.4832245679549447	0.4294895097523455	0.3784548695362364	0.3312805222284172	0.2837112526410916
0.42414126769452254	0.367866404481374	0.3143495167853863	0.2651563314256943	0.21774734373729487
0.4461584864408364	0.37625905734153836	0.30773131384986774	0.2419671356522256	0.1799204995128691
0.5250321583653057	0.474221263391622	0.4238755865959884	0.37344013677056687	0.3177037431280299
0.48676109016218444	0.4393661012761429	0.3977761716414764	0.3661263326104415	0.3417116993913473
0.5254416101570872	0.48782488130035156	0.4574757727520143	0.43895862679397113	0.42608275641810334
0.48442121364173046	0.4295196018937957	0.37589180546566825	0.32417242531160706	0.27425131693563226
0.3545927641565399	0.28568201534632315	0.22088958463622582	0.16343883164265416	0.11366882571053892
0.5072385415003035	0.46464775112148293	0.42422077307037726	0.38660553277654863	0.3490501574708848
0.49315280995021404	0.42787484722337027	0.3648865603877215	0.30614692504239144	0.2511434844292022
0.49128337444132386	0.44541416505434206	0.4040882221763283	0.37075459954154827	0.346171412340526
0.35442089226974494	0.2987029184460467	0.2511227189175487	0.21732256853067883	0.19389945067852093
0.5089846232259213	0.4631884584162992	0.4215204534840451	0.38619007468015065	0.35178204334668306
0.40548861344549647	0.3476298003149533	0.2966438598245241	0.25817529634189823	0.23570968201378587
0.46394010924644696	0.42572372870484526	0.3912464611497812	0.3614735790788862	0.3292682096095205
0.46951833621596184	0.4011030570373459	0.3333798043677763	0.26703378073500217	0.20361434756748426
0.4818061001911	0.42533653998593673	0.3708128833186938	0.31913701750475904	0.2667804230188161
0.4568238995554897	0.401077264398731	0.34801661727621563	0.29911204485426357	0.25152659325981314
0.40884896553955974	0.3549637987870965	0.306111510979633	0.26606061902902356	0.23412664164775
0.4837428943488734	0.41528816594064955	0.3485031845206531	0.28479476096885803	0.22426628071378582
0.45112661458677966	0.4050718780384742	0.3623500271619647	0.32497474188021275	0.2901658762766806
0.5201326664601782	0.45786433522676495	0.397031586465613	0.3388409180304363	0.2846711499060378
0.5714771830231721	0.516130485776055	0.4630986321205628	0.4141666725623261	0.3688167798870229
0.48718987745055553	0.44196151749408197	0.40038940789180993	0.3646250742436889	0.3305538310811781
0.4779167834489166	0.4199005442542681	0.36496696235515613	0.3155119692455503	0.2711409974467253
0.46782354525286085	0.4066692104838416	0.3466810700835912	0.28800987958373003	0.2273567167299168
0.4850129386517067	0.44010881851924577	0.3990962902938421	0.3640119452384011	0.3314127837011191
0.5377509202097995	0.49610202464357134	0.4579770890804716	0.4256646654629534	0.39917294630825206
0.49997237681333895	0.46103806264365355	0.42696565422647176	0.40081411064033395	0.37963307621619435
0.4548769620942893	0.4059607769233567	0.3625736950423063	0.3289580327626155	0.30546367457381307
0.39955444394332784	0.34133744382834796	0.28750926525313564	0.24108226917036257	0.20011282436449485
0.3977786433143095	0.34052052535589056	0.28478754507249276	0.2308926231919325	0.17567780335355823
0.44855801143674356	0.3994987626774483	0.35401174152122833	0.31428341244082586	0.2793753505524528
0.41990067305271184	0.3744070591292531	0.33474447043439065	0.30476965451949073	0.2822039200425498
0.47097934134003616	0.42543965726038147	0.3831791745087132	0.3455064938711002	0.3082019125589928
0.473064896032008	0.4251492628379516	0.3822088279721843	0.34731991251007543	0.3172110083575419
0.5076833036515359	0.44526876903370993	0.3851026414066551	0.32904403832741896	0.2762557170219803
0.5005475516897293	0.45129612504585936	0.4037418301452051	0.3584684840546559	0.3140107017114699
0.4940565323872735	0.4545796624369164	0.41920281862980285	0.39011542668454224	0.36256184893399424
0.5231168889542896	0.46992010435376547	0.4211356343606431	0.3805055178953237	0.35045734632104236
0.5148846695076137	0.4665944967837011	0.42074657611140004	0.37904214018239835	0.34116030071627235
0.3550488467779584	0.29054598120254876	0.2306953451923869	0.17876050270429295	0.13412560982049565
0.47240190921794134	0.4255344450081043	0.38329436043402887	0.34795039993701715	0.31412483835671534
0.42392739971188487	0.36369259586288394	0.30384759219377616	0.24399749777150376	0.18280987094683107
0.47376629915647894	0.41817343766180703	0.36543350004001063	0.31719532968664194	0.27143575553186744
0.5030315074947559	0.4499131099293481	0.3978477344718215	0.3475123338320887	0.30027874660875997
0.4364667945006572	0.38463182251680833	0.33672283950007914	0.29522992538925186	0.25831089113680694
0.4957880967984767	0.45643982129178023	0.42376037965787683	0.4022712144523839	0.38784358534184293
0.4009984822078355	0.32757641849053154	0.25797879950954955	0.195748688179422	0.14154492265004945
0.4562919755738639	0.4003865062185216	0.3479613189007935	0.300541600250445	0.2509490755244279
0.45132226745485926	0.3996649274122823	0.35470568411772463	0.3217989530673393	0.30063056455272097
0.42506855789644526	0.3792651960326105	0.34147241672415707	0.3173416967366638	0.30363913064352843
0.4962231732483936	0.4528808109280314	0.4147755333173952	0.38582307825862705	0.3670242469814304
0.5358221046727913	0.48087904305195384	0.4278814941083001	0.37811829084712373	0.3311748592878478
0.4857645482259617	0.4405955022095091	0.3991947238444482	0.3645181534380481	0.337605398506256
0.4662679691165297	0.43056280058708457	0.3995102716011175	0.3754373491549381	0.35491507714821136
0.5902533921429257	0.5621552038419699	0.5366300367011673	0.5144655390043529	0.49109786701816943
0.48889197868234063	0.4400681621164378	0.39451346375693674	0.353704094628563	0.3120868509093935
0.5126992657595387	0.47390345828389124	0.4397793753907065	0.4135841695189995	0.39450713013365435
0.5183947192940086	0.4725565297580358	0.43193781026001155	0.4007517143908992	0.3807330389903761
0.5006402433777676	0.44317687032165753	0.38707459678402734	0.33315905246772987	0.27897946243658567
0.4960394270550812	0.44780290959112773	0.40360784598259847	0.3662089066761301	0.33438512896585154
0.415871603503636	0.3581564100951175	0.30319985766958	0.2527692568637319	0.20623532388247262
0.5040569951086076	0.44652096748062914	0.3905438763175984	0.3365345477631723	0.28098528122366984
0.4984535744916161	0.44808805521322753	0.4003452270044208	0.357135683023099	0.3181568044212698
0.4510461681130975	0.3869216416680102	0.3252327032214408	0.26756611047661705	0.21318622357070327
0.5188059351990815	0.4710569838797265	0.4256086786595387	0.3838883723637541	0.3436416062664216
0.4309561691188117	0.35747849941216886	0.28426002913097254	0.21137256740069899	0.13786270842093695
0.42957442069835433	0.3799439895027876	0.3349528189918448	0.29720999215622634	0.2617307120742978
0.46716000034724	0.42138576189419585	0.3812411063822151	0.35089561244077216	0.3299035272483812
0.4736884885881908	0.4170024164590659	0.36274037050934393	0.31236125605448756	0.2645392232273512
0.4471979213107613	0.3725141753562862	0.2978826083285024	0.2230639436557172	0.1477479693857041
0.5594151006022391	0.513773786775817	0.47072054407671254	0.43153027364150176	0.39132328270455446
0.5398109576767086	0.49711868532216813	0.4562801800486947	0.4171337262718876	0.3728127372656602
0.4497823223246562	0.4055636612388845	0.36601587257019547	0.3337064851722615	0.3042643119364023
0.4943720834123423	0.43656245786123044	0.38038973651375035	0.3264765288205905	0.2707860007638801
0.49100088406291476	0.44822022192886257	0.40971421662851853	0.37824826150114965	0.35175696130210254
0.5199594949936702	0.47314922119922753	0.43061553086995447	0.3952937082871339	0.3654626696103724
0.44613564624077895	0.3750504669708382	0.30718038113681795	0.24559103919316336	0.1935301291637005
0.5100285903877941	0.46109230264304774	0.4145014143632099	0.37139965512984824	0.3294077310619542
0.5054086234456474	0.4664391521823388	0.43331774040359006	0.40975799394764983	0.39147994798227315
0.5373657725280286	0.488613138887944	0.4436756244519732	0.40503481652189155	0.37076110027585346
0.5027125603924995	0.4639427219474559	0.427998993293381	0.3961191822358625	0.36446345339061914
0.4564974740305051	0.40471327179523997	0.3589483978780672	0.3240873495941521	0.30106160796186265
0.49779032671955153	0.46343362639811037	0.43471748456770276	0.4145667017487988	0.39707410222550243
0.5069582899963737	0.45960715033080485	0.41619946235196725	0.37975827252884237	0.3509066068003796
0.4638978470436678	0.420938155417387	0.3803848205144714	0.34332423404107276	0.3071681971521507
0.4755625686861281	0.40303808636277	0.3305841405838837	0.25839238134957143	0.18681664137051074
0.4250810284882444	0.3513921908556955	0.2803932230338404	0.21447791770574087	0.15426609145300813
0.5240605504263671	0.4804372213355825	0.43785463549180165	0.3961007034661982	0.35184803695057965
0.434122659138159	0.386054302444617	0.3415047057965182	0.302416884323911	0.2669345973240671
0.3463200016629746	0.2964694739103365	0.252068364414393	0.2165545750197636	0.18710670158935513
0.4049771607835467	0.3415061054308959	0.28241682005577073	0.23096159729955512	0.1873959363145669
0.41392652071689745	0.3609313084413969	0.31360283119767474	0.2757078991400917	0.24433189754916831
0.37740589597442825	0.31334507229003633	0.2528886797384646	0.19800023471078274	0.1455097654089613
0.5141834440525425	0.4534220659752497	0.3943381756932638	0.3381550315309038	0.28473183739567537
0.4637907505098829	0.41527606595991085	0.36912439621555	0.3263320765022417	0.2843823495167956
0.47290534246484073	0.4196038310081521	0.37045569462315087	0.3286912309236703	0.29398786475547467
0.44715704899412667	0.39083740109570586	0.33831126190256894	0.2925686278336144	0.254494661136865
0.5304199386974405	0.4826740320194917	0.4381468545533046	0.399187113221282	0.36658351102802156
0.4182898272637246	0.36399820151864126	0.31128541301994106	0.26054443345958206	0.20939426380254664
0.515023126770422	0.46773252048015673	0.42418542038963764	0.3866636826157198	0.35140489646035883
0.5138267423728587	0.47621128349029296	0.44332644998907317	0.4178801150113795	0.3977369064180548
0.46670703703390937	0.41122869447565563	0.35708248527684655	0.3046691507921546	0.2530879670477122
0.4910313189914963	0.4336104679119682	0.3779102239779533	0.32542642671606714	0.2782122189435423
0.5255089134694649	0.4921334033773162	0.4615928314525217	0.4349627308971146	0.4091347810882844
0.40880774951192417	0.3467504119091139	0.28844789809213783	0.2368293293792273	0.19160777635153756
0.4945975161064654	0.4358455068914214	0.37970724120800686	0.32803194934224034	0.27922223337983476
0.4170285602528579	0.3778079283814223	0.34360379821898857	0.31703052777838886	0.2937062485191562
0.4141935258679416	0.3612207367761404	0.3132344152488241	0.2735039115682235	0.23878989536562445
0.4956937216691115	0.44621249878674407	0.39793128231930347	0.35103206681626475	0.3046480717053952
0.4554648490012785	0.38784197132753007	0.3220781803383225	0.26035860711897774	0.2046938608528133
0.44720736174584896	0.38775478682969455	0.3302322471361865	0.27582931556340634	0.22521898379436495
0.4858379222941857	0.43778494041434524	0.3924531514878836	0.35136429153670456	0.31425046924469563
0.4631155013597702	0.4123704022648131	0.36547370901380616	0.32500832229863963	0.28970635648398047
0.41119694398898404	0.36494771055423103	0.3247900930630827	0.29465843837282646	0.2708481536673
0.37272992319420034	0.30881031273238224	0.25155820737290174	0.20614960753940048	0.17156217096148077
0.42325101732175097	0.3723213762043856	0.3258783217790242	0.28706655736077624	0.2543496412501645
0.4735043774789471	0.43048804348208525	0.3928943319106615	0.3644586879054651	0.34466067980874016
0.42589948224406415	0.3624337802801606	0.30019897020311537	0.2401364223512817	0.18295868265950047
0.4277197847019573	0.37850443206740325	0.334835163895824	0.3006647289304272	0.2748361873044878
0.5413050504805923	0.4830469697211451	0.42854498595706025	0.3809997910077988	0.3403484017214785
0.4439816469289315	0.37656862819650966	0.31101537448835104	0.24847259727862675	0.1868488129747025
0.4591815200684536	0.42123761970247664	0.38992345678521806	0.36933668696818167	0.35490037704219385
0.5212695626185891	0.4662051573874487	0.41127024410804414	0.35598206307341496	0.2976275570033966
0.3564529782504374	0.29103316521060013	0.2278175847260405	0.1679653720821164	0.10904417661766996
0.5089695282577599	0.4742509705427045	0.4447356069882993	0.423494288313807	0.40707596251348627
0.43086279949279616	0.37260688377574713	0.3161469371835303	0.2627815808943913	0.21279350072054207
0.45309663950779366	0.4043053274149964	0.3595061576912934	0.3210070465075913	0.2857436225511464
0.41584672257156086	0.34935227411913616	0.28396535406283924	0.21985006746297384	0.154242886161509
0.49389269438914624	0.4377116290262957	0.3822687162482143	0.32746176341179595	0.27025399245315207
0.42480442323646694	0.34343572720299614	0.2637041910309108	0.187742554277527	0.11857719484993927
0.49210531145504477	0.44297844226534816	0.3965148511164012	0.35346521729090946	0.30688270063166473
0.41454698233427983	0.35673230906891074	0.30518959312243804	0.265122420437991	0.23733671875935256
0.43335289771517094	0.38133416139285575	0.33520656723365255	0.2990888079398866	0.27136111694524245
0.4475629096810536	0.38782576221391907	0.32956715387884483	0.27363360666454806	0.21846601468229257
0.4925647717699495	0.44533896113997334	0.40036070598022194	0.3579545630309876	0.31138926606155914
0.42391621654642814	0.37579548592646994	0.3300332360550002	0.2873855934702856	0.24365807434333414
0.44780447047230965	0.38817934385092345	0.33200267270547323	0.28145268264749673	0.23369564524484276
0.4766876305785154	0.4356541158247465	0.3975028449951954	0.3633975723941782	0.32976593693185263
0.46078130444822174	0.3997950184223934	0.3418728061322353	0.28942817159589607	0.24330977324973316
0.4373233325853695	0.3801916615598192	0.3245699342259677	0.27090340003609586	0.21824152876581798
0.4961052869535424	0.44450754253793656	0.3942318191865899	0.3453891006117057	0.29532927092289457
0.5380538239833013	0.48498575692291634	0.43353117760118765	0.3848390456943989	0.3388384491673324
0.3534785337227449	0.2899374083944795	0.23019097710715927	0.17714243227105567	0.12998076495996758
0.4483499472553818	0.39952857066685016	0.3546836059653567	0.3161595298085746	0.27979305971951673
0.5171338339085061	0.46262789905681095	0.40851434681688126	0.35500339738659553	0.30215813104068756
0.5086825341813852	0.4605304229119441	0.4160458807959657	0.37766116927886423	0.3443944921831288
0.5367589686894426	0.4873329742440546	0.43940410281559444	0.3935304740576612	0.34724538141614525
0.5263997552768568	0.46146336081869205	0.39819096604936777	0.3374436349205019	0.27629057874352775
0.487519744201595	0.4406896770590969	0.3966489239419005	0.3574687274916126	0.3238863195963114
0.5872241310233436	0.5433809956426574	0.5012055301817092	0.4616146479064318	0.4222622412962817
0.32848149880045063	0.25871646649322083	0.19463296310246453	0.14075579332375998	0.09655291611399172
0.46068952055481793	0.4005909157007711	0.3422584704130637	0.28645764737686835	0.2289721705074856
0.42576508999067475	0.37550573934339304	0.3284613417088683	0.28680109722354563	0.25034865251324373
0.435647615698076	0.38571654521027726	0.3395384590772195	0.2991983951149416	0.2618335147027783
0.43719649550312323	0.37178502902062	0.30995488589055936	0.25459927010112227	0.20584010747632348
0.4382489686676164	0.3645986848524446	0.29174041590291505	0.2205524109938177	0.15122870570810748
0.49718287520068694	0.4452117692703299	0.3982326831903706	0.3601367927077417	0.33155353648514774
0.5286490577821026	0.48213666482904444	0.44099329896631084	0.409179754678829	0.38461276955065593
0.43479990055272544	0.38677518513601455	0.3407815440546862	0.2973041859155687	0.25268522555922773
0.4160292000206577	0.3582800202773184	0.30349756396961686	0.2536304804091799	0.20711191448582011
0.29203873464883856	0.22655322559486435	0.16806654492737644	0.12193310324383372	0.08816654671689599
0.43882262711575193	0.38747038820893037	0.33958268546035764	0.29764840896457984	0.26194695711787935
0.4628926987585159	0.41233455661095847	0.36482047766495845	0.32241445147450515	0.28414677129396304
0.3971563449700748	0.34627081052026865	0.2991232122363918	0.2578283201054278	0.22010755285000203
0.47170686343763923	0.42702931533475297	0.3859140937447176	0.35001722698179183	0.31432514511055626
0.43079786270686427	0.3603639586476449	0.29141964938082837	0.22550364567968814	0.1636474123153021
0.5034012136399333	0.4635532539528331	0.42778624885651917	0.39876519027076973	0.3752678922377521
0.43911477771131563	0.38565176767440623	0.33384631707835616	0.28367623611237874	0.2289203867596606
0.5441548029747193	0.4979958509558764	0.4548561898760738	0.41649448922432897	0.3814300693186698
0.49893653099834095	0.4499964341573525	0.4021027178242907	0.3553855716417397	0.30771648674748747
0.46466429762585104	0.40631110096955325	0.35181853970273125	0.30402984422065027	0.26224855508024314
0.42434000780460474	0.3734911492048877	0.3274975892877085	0.28948534581196134	0.2566503396822273
0.5136903649028864	0.4702585019862451	0.4294878875596472	0.39286167873372	0.3589860669273154
0.43551723863304703	0.37358512917050657	0.31578701155849803	0.2652369876726074	0.2230566195116961
0.4462303381128453	0.38835752144515767	0.3315687328815268	0.2755972482537289	0.21542138270225264
0.5754668933640024	0.5202577310285238	0.46520228880515735	0.40996448962295745	0.3523749756874928
0.48005832331956433	0.4189783466145184	0.3606123362875037	0.30714669486100565	0.2580022077205111
0.5243477213118609	0.46262562510025307	0.4009034848637272	0.3391542862539906	0.2775207536688158
0.382394675092302	0.3240316486425145	0.27053630737089496	0.22519452710945564	0.18589457550846833
0.47000065307620814	0.41697014160475016	0.36828295267287847	0.3272834988013732	0.2940827896347126
0.47774501760442967	0.42695200541821604	0.3791150029858594	0.3367201801050936	0.3001568202587571
0.4265384584188025	0.3652897019879297	0.30829269083921845	0.2588078904644924	0.21684147999498302
0.45894741065802486	0.4030639043404384	0.3498288488603819	0.30123595925167684	0.25837100712433053
0.3999900799683531	0.34715205503261154	0.2993263780753137	0.2599804264932343	0.225636354671729
0.4359640376233232	0.39840611820261895	0.36612310607312937	0.34201763408795094	0.3208292765731765
0.5396759637987085	0.5064348296374518	0.477643974098457	0.45575055779855506	0.4367104721881678
0.47068858645755035	0.422289089108686	0.37770054414747795	0.3391411663114415	0.30385962749927753
0.46185288530198937	0.4106923200396408	0.36264614385292593	0.31956646301749253	0.27990083542667965
0.4103503568593081	0.3495804944787787	0.2927163844379541	0.24319961363964493	0.2029362937806705
0.4850881897699967	0.435377600223595	0.3880269166647382	0.3447460821587006	0.30682893711671777
0.5064722146383733	0.45076351289380623	0.39596692651040544	0.34249723152998723	0.2884937001150767
0.44344671131351	0.3971794310433738	0.355787977231773	0.32257269290029916	0.2955908134502303
0.40503993689376694	0.34187471315418455	0.28072891196816374	0.22246466119529415	0.16524673385932942
0.5063304542016914	0.45027166250668427	0.39745032060804925	0.35015031148109205	0.3067918016071814
0.5043645261178231	0.44369845569875654	0.38435189020437766	0.3275280248664458	0.27418960472880327
0.4998506882023517	0.4442035883135042	0.3893279991780963	0.33505022796972495	0.2783689337767386
0.4732634881387547	0.41878312838453413	0.367563998097407	0.32181353798600665	0.28059038327964514
0.5136034525100059	0.4541581004845181	0.39768788683100964	0.34692247088470485	0.30397515439958095
0.4841358991079279	0.43458154764825613	0.3913628973954097	0.3592069258605358	0.3372670681801676
0.4373832300215739	0.39040969995244573	0.34650987455684235	0.30732773722620627	0.2702391411151269
0.45502727203797966	0.40260501781097047	0.35661936849008874	0.322036749509008	0.29726311275258704
0.5008836704887016	0.44798422781177016	0.4010359332862261	0.36495841149854735	0.33962129568335814
0.5767493073528024	0.5229467034024045	0.47066573113131366	0.42088567861334447	0.37208396642299635
0.45005480559131833	0.3851107702232356	0.3224983641626948	0.2640162826764254	0.21065110872307471
0.47022911188203115	0.4177555798145467	0.3705494376243217	0.3330047068899944	0.30717018341351143
0.46096795346623937	0.39076865880016426	0.3214944491913327	0.2535443610613709	0.18664830131868707
0.5559512626942906	0.506536007371426	0.45735629493984903	0.40734653381126273	0.3505760474128114
0.35408358211481944	0.2922478593011104	0.23375757483321202	0.18095138358529028	0.13254758100868647
0.49105491619194963	0.43554278981770006	0.3827296084532082	0.33379991760556793	0.28563297094289597
0.5025016158579796	0.4646735917165114	0.43046712599530507	0.40170474882880475	0.37593479734802854
0.5613224582440183	0.502952633710222	0.4433803863080888	0.3810305056382468	0.31334076877150396
0.4862978656677698	0.43339491516137174	0.38376448241345673	0.3395790052221741	0.3001069121149764
0.5026433836545476	0.43870558442774515	0.3783890588484593	0.3247156343593816	0.2772007740693553
0.41959822505188316	0.3655923015425931	0.31477702388815904	0.26923054463555685	0.2261626768770159
0.502423354224616	0.4476941342339462	0.39623952752617264	0.3501342022104232	0.3063276261592271
0.44898007051575434	0.3779395347722836	0.3090729384003143	0.24484280342146586	0.18740752010052128
0.5919743435545729	0.5586029520785768	0.5284903315115335	0.5030296125084143	0.47831525334549657
0.4534359845655789	0.4099415238039468	0.3702227296129589	0.33596623950375026	0.3005287419862127
0.5250785646414459	0.4650729592099768	0.40640921299963817	0.35000062761339756	0.29565524940217724
0.4190622441214405	0.3717008063663212	0.3296912631861415	0.2966026154484115	0.2707155973908557
0.4094639958277353	0.3404106888870299	0.2734522695042705	0.20971169132760542	0.14751181628028623
0.4291108680268651	0.3756712130202823	0.3268360331768724	0.28595885776411295	0.2532446431569081
0.5087373609784919	0.4687683895506961	0.43114384356217844	0.3966679044155174	0.362315267605982
0.4606416435315952	0.4090168131212459	0.3599050988905135	0.3147966627366549	0.27193885418716884
0.4785154735889733	0.4363346157345996	0.39795183197574147	0.36515071969367524	0.33298214678630506
0.4399579598241506	0.3902946112905869	0.34437006099525547	0.30414089268148814	0.2659323319620116
0.4894156064091324	0.4328855678045645	0.3780208120503116	0.3258386800235153	0.2749303338124089
0.4870095964534505	0.4418454814133419	0.40259130647104896	0.37359455438816397	0.35417055687306664
0.4696939283167318	0.42161082640322817	0.3750366196482986	0.3300041799097479	0.281788329722556
0.44870382285931987	0.3917792494623177	0.3392425692298199	0.2946168741962731	0.25822614431451896
0.38722048616945326	0.3286546761624177	0.2740291632642272	0.2259306027374234	0.18333502891741604
0.5191238588783809	0.46510483828767163	0.41462746047897314	0.37039439642140637	0.33245579119482926
0.5008816868416001	0.4595183828133834	0.42174637071684107	0.3891791464046984	0.357922795206886
0.4678835866760051	0.41830280223082245	0.3722891707213695	0.3318940665174125	0.29398674160858085
0.4636586417213647	0.3993098848896751	0.3351467414656998	0.27114195651990824	0.2076046624629499
0.4720481259053539	0.42854020020959177	0.38690629855139835	0.34730667827648387	0.30480132185151004
0.47019803968270607	0.4032878598156381	0.33767326746801735	0.2741642486802469	0.2107103925037839
0.34703774623763484	0.2778811509161639	0.2133664815718534	0.15697157053833619	0.10772964334264201
0.46856439526745425	0.42243554755914164	0.38125501119440924	0.3482892034186815	0.3212877636753234
0.4103636447998523	0.360316940652113	0.3156517005086687	0.28016295371414923	0.2531136960387306
0.4541686345226723	0.4146241046718885	0.380393115090659	0.3549550447847628	0.3368240683451555
0.5474638218519297	0.5003368949936565	0.45494486819685603	0.412381216297836	0.37100024837537027
0.4551113906068283	0.41178639418540064	0.372601365487785	0.34010379197720564	0.31353627135558587
0.5100776681842576	0.4563005144599648	0.40609470233151956	0.3620699528374521	0.3226910459128123
0.5319220407808781	0.4727623273016568	0.41477788827963585	0.3586908820687934	0.30414376704305646
0.5198657974997412	0.4590608622967759	0.3993628783596974	0.34180817382317513	0.28682660116374276
0.5270876640058786	0.46996693949881047	0.4122150604226027	0.35299168652567525	0.2916351166056754
0.43120916668104387	0.3697865435115698	0.31095003406124033	0.25625414228480864	0.20287992461336474
0.40906804776220784	0.34777873212534527	0.29054317402848623	0.23989530978273416	0.19223534891488797
0.4641747931178442	0.397987490741975	0.3338654274090393	0.27358917993886056	0.21825738443805565
0.4283974316755426	0.3637673655255124	0.3016543292561486	0.2442163462331755	0.1922534155446584
0.4073480397099235	0.3481936737443363	0.29146522196087055	0.23842094327775487	0.18662310913704544
0.46390423441048034	0.42135246012153055	0.3843191260156942	0.35654075325063284	0.3346407978526425
0.502290796344053	0.44273674186999146	0.38817353643324926	0.34320784827045764	0.30996647725192494
0.4927941091808329	0.43673600380491345	0.3856764958655016	0.3437320234113661	0.3110456852572269
0.571432369088222	0.5127527076369319	0.45637211308632514	0.4043173268217016	0.3562437867597136
0.5284801197885067	0.48812780608159867	0.45461214835166414	0.43277164685786124	0.41969911095226853
0.46411713466447047	0.4198195847321598	0.3802446739077075	0.3484793547234723	0.322378720449988
0.3491007442524131	0.26875239695127234	0.18770692241109582	0.10526564931865108	0.02143769346245948
0.5291064370996866	0.4922683918617654	0.45641539045505053	0.4204901252336835	0.3777568339498479
0.4404021583816307	0.38741362700526843	0.33712538298969424	0.29097075483384505	0.24731779917182836
0.46170098619313216	0.39622126008098396	0.331295633244677	0.26712188228936135	0.20206836160877126
0.4185519469422409	0.37713860810462124	0.3405052797348509	0.3114500308453637	0.28637287060280275
0.43420575444990017	0.3835637619675148	0.337215217211704	0.2983003788554232	0.2669002588452439
0.46629583629470617	0.4186517447463204	0.3723965306741039	0.32735740404613844	0.2779702640985954
0.35466693126026394	0.2876405571353374	0.22252957381149047	0.16029615118090942	0.09942313248558239
0.4673149832344776	0.4237633625335653	0.38582214293179135	0.3574668799185477	0.3392020904797771
0.4723307866516439	0.4220884882894428	0.3755476057693883	0.3350148432507339	0.2982407758611559
0.3572506826189157	0.295387780450764	0.24037732018873378	0.19776069244554492	0.17018410855956265
0.4391787488294092	0.3811384543582214	0.326067642512674	0.27550615989271376	0.22589118301895839
0.40261239048448627	0.334385408636044	0.27019094150047934	0.21342717173831113	0.1654554241224258
0.4531331068888777	0.403619497967934	0.35995553837284155	0.32617575748528194	0.30015396404331046
0.5143291432866481	0.4392288129569972	0.36544803143542	0.2949128444007756	0.23102363806897966
0.4690225073479156	0.41194722200022904	0.35673512350737735	0.304430126822865	0.2531052796668996
0.4281336953665728	0.37697631711609386	0.32959884415348967	0.2880147061397576	0.24914419143717811
0.4645120685327211	0.4080923851764206	0.3564178220790434	0.31336709202278146	0.28072108126578516
0.41916041295174133	0.3676668064681128	0.3197374507875083	0.276953896093892	0.23469884277816047
0.3575412813082435	0.28456076121393564	0.21388834832117998	0.14754731239719743	0.08727748814630959
0.520072234103608	0.4665227441083597	0.41406323357555014	0.36312910133819354	0.3126923689859978
0.549792776281763	0.5107017658499418	0.47578346493281864	0.4474177174153369	0.4205535997813126
0.45386041996567017	0.39828765899322477	0.34684902355555314	0.30278769232329106	0.2661962830070269
0.46917235682767383	0.41863902792247804	0.37234314854578926	0.33300873696161937	0.2988174341127767
0.4928541961658155	0.4477831708976725	0.4047787032999361	0.3644985107031321	0.3235113617795777
0.5242021259270013	0.48272856652997576	0.4464366819388757	0.41909372987236415	0.3999595303863108
0.43645970011460644	0.3594909885787522	0.2846986946211135	0.2142009594574616	0.1474803988962052
0.502166278206234	0.459885200400079	0.42193806195779104	0.3914261229512931	0.36731814769674637
0.4880464027072363	0.4460872108178762	0.4084183055321705	0.3776928977370928	0.35138604949406604
0.42651827350243376	0.35746355987263384	0.29052981686752327	0.22756757391313343	0.170115269231393
0.456929943355575	0.40888442401466013	0.36365447958460184	0.3220136204388759	0.27756916922267494
0.4913505188342021	0.4394503087953108	0.3899158954699669	0.34415799759454035	0.3003583678384758
0.4348781555464302	0.38680183046919336	0.3442742261716988	0.31116042097156177	0.28686203166644736
0.42577198774751546	0.3688072803071206	0.3144073392649413	0.2639535505555104	0.21603896784092275
0.4239492608487837	0.36773453380341053	0.31317390120713895	0.26111739589605426	0.21058344808908736
0.5163870759293878	0.4677592755969912	0.419844926099155	0.37297142406619344	0.3277692746618889
0.41264597846427864	0.3501225178978126	0.29308635602487665	0.24600733857389573	0.20854958829863607
0.49752820320402713	0.45259862488145286	0.40971470664255477	0.36935945759347383	0.3270103453670691
0.4862062702871842	0.42712060104067845	0.37302961399472667	0.3283595968077622	0.2927053890942835
0.4774284215334665	0.4311537485307075	0.38711378883726255	0.3460073266017683	0.30292294898589595
0.4619347390776855	0.4036174114796184	0.3450506549460097	0.2859259927380033	0.2281692980910015
0.3859985140901726	0.3253386332261158	0.26907549956748894	0.22054483832223612	0.17958163912956251
0.4104174755851011	0.35908106794896344	0.3106121210743877	0.26701028927505394	0.23016419129084412
0.382939138396626	0.3225425943054746	0.26653312712019855	0.21792163305645457	0.17644866401003773
0.5057608544595776	0.44939481409689674	0.3957910432377321	0.3475636085365504	0.30778209259273626
0.40393109036203734	0.3448328915298648	0.29205772758852444	0.25025878854556427	0.21686383345475654
0.358143961916169	0.29367549453798925	0.2336958144089954	0.18192225210189594	0.13947007748809173
0.49874694987244567	0.4366097076737616	0.37410153724540496	0.31041246883356693	0.242950000976218
0.5523714730996269	0.5037079647471732	0.4553686532961454	0.4064575599674366	0.35157813294486995
0.43827868856969254	0.38787439422607634	0.34347953122179675	0.30901897818730883	0.2820159143207293
0.4490858438012494	0.39424351261731927	0.34207839367189957	0.2939324264974846	0.24725150036606408
0.4285689789096147	0.3845376908210048	0.3460302913444284	0.3165850611989462	0.29265849669027666
0.38213575873681027	0.3175224631585866	0.25864225485452025	0.2100869068509036	0.17282472131081622
0.514346610634853	0.4779890994167089	0.44774430365128237	0.42772449019109393	0.41502884893872605
0.47272323063434163	0.42659567188191216	0.38227495804917727	0.34024594538985725	0.29623390915598596
0.4952938687045941	0.44754802464105586	0.4024731632134117	0.36104817855194105	0.31953617628210185
0.4364816921800336	0.3831473108682648	0.3339701189602049	0.2920841333630986	0.25724046311472193
0.5125843138247987	0.46441742665990143	0.41873321518023787	0.37705611856505017	0.3393516078301492
0.4266551918694423	0.36599587302178377	0.3073109799188507	0.25176666912219614	0.19783317787880217
0.4536314314116552	0.4074026190915722	0.3647634240380784	0.32734665378173833	0.29085275290666773
0.40895090304020404	0.3463416769455999	0.289117477005653	0.2418106910454686	0.20678074838279292
0.3739989284634794	0.3089913582446716	0.25111834603302957	0.20620886142490302	0.17652700534665022
0.4470031657903162	0.3940089497911158	0.3449769953668675	0.3024690045982489	0.26416441306134286
0.4522421289585397	0.4040835573917096	0.35978240191654404	0.32159784271760145	0.28651124707838194
0.5206472832565453	0.47201177072012257	0.426888142905605	0.3873476247907266	0.35074675294886487
0.5516106790411173	0.5104519353827709	0.47298255115210247	0.44148634997336156	0.4131518545163907
0.4563319065649548	0.40033897134137325	0.3486192811353331	0.30413469337228066	0.26640105505425093
0.4074202648812776	0.3530935272945277	0.30389989250411675	0.26356145312297125	0.22955820339698274
0.4564404678309032	0.40446736131491373	0.3556168366444958	0.311148117918012	0.26681147697547597
0.5283111434244536	0.4857079242204633	0.4445224572027632	0.40479429918765647	0.3632394324645973
0.46747161898095924	0.4075779456695685	0.3501510538191579	0.296454281694893	0.24341906575816966
0.4090458221227341	0.36321845527539964	0.3233930323595139	0.29372121778106125	0.27244069854031866
0.3991915469579163	0.3440491189603616	0.2921430029792898	0.24520945837710129	0.20078089217260525
0.5211020493628432	0.46752155383108623	0.41344569297789013	0.3577651511863998	0.2981209016372072
0.48183181273877956	0.43282321276823954	0.38891452062094056	0.35437321496514096	0.3307230698512744
0.386571848070688	0.31828408199180136	0.2530655492873249	0.19319149083947762	0.13777384212894114
0.5083248692833767	0.44934668762530094	0.39509671690256676	0.3497745267719784	0.31490856616248847
0.37415168548054467	0.31138342354909704	0.2521246325954761	0.19846039932071602	0.14634739939644414
0.4069454619926782	0.3538288327548595	0.306041386418513	0.2670818494372219	0.23404926033877535
0.4291853490201514	0.3724983365636879	0.32269939968237754	0.2851217012618235	0.25897381684844994
0.5148473922650143	0.46815796015492384	0.42381917272176595	0.38299485520232435	0.3434618941815927
0.4511009786153238	0.40050163967396735	0.3540597830582436	0.31473566420766175	0.2824932842711738
0.48594362779130484	0.4331945122958581	0.3827476061181245	0.3362636189462823	0.2933246924993638
0.4172232089727718	0.3480845535897341	0.2825032615399672	0.22311908006973394	0.16990315005247264
0.40884584536405993	0.35256417105315685	0.30059143344286265	0.2558565283661415	0.21732429078768073
0.4073510565843876	0.3604440027436986	0.31833261182894346	0.2840394746418013	0.2542291367997684
0.3590051119225361	0.29724848907937035	0.2395813299348116	0.18910706481256245	0.14665641612992578
0.4719732425102352	0.41840699667658626	0.3664759398052719	0.3170676617842267	0.26903185955172154
0.41109627009315863	0.3487297234254443	0.2910580331601715	0.2414446861585936	0.1979749073504765
0.4455356080553558	0.39613791112558316	0.3517958575399571	0.31612642259186674	0.2860347897553331
0.4390711157827646	0.3879701566348631	0.34108909672738624	0.30169297650979077	0.2706720825755009
0.4156531056966425	0.3592780738306901	0.3075479595712219	0.2638212433005209	0.227639177881428
0.4956173645728168	0.4437581015230231	0.39662099317659194	0.3576610047470561	0.32662002848858646
0.47514106668712297	0.4293650523194602	0.38793660194306767	0.35351155804451795	0.32331353182104094
0.4698631968552853	0.4207458885696156	0.3749996811966227	0.3341393998255183	0.2951961432648541
0.42185590638887116	0.3460906651234431	0.27145271192200987	0.198616908018781	0.12684333996568994
0.4510279192020246	0.37731028257704646	0.30245123549680647	0.22526755506806426	0.1446206601265433
0.47945628261273876	0.4285693381261734	0.3811995868973953	0.3397597032306065	0.30287003651392236
0.48748576366834995	0.4352071895514692	0.3868278824534651	0.3450176765422331	0.30849705596223703
0.4802296556592066	0.43608207952132527	0.39512299451730437	0.3590202929541049	0.3245685731522483
0.467989437793797	0.41343384439422837	0.3632280193252197	0.3205896961611844	0.2857090124242267
0.41401713885369573	0.3631197522532375	0.3195632130640341	0.2886217117453563	0.26699311423701355
0.43286720004243623	0.36551948900617165	0.30076318232386157	0.24026872851683467	0.1823447987911322
0.47739827646507	0.41913173994415925	0.363921771550598	0.31386682514073955	0.2699796401151083
0.4613304596187383	0.39828076527182676	0.33865136335751483	0.2853665382156048	0.24035090662340375
0.45068849987304166	0.38766548448280796	0.3268898903086392	0.269845132135454	0.2165781830835882
0.4883150695399417	0.439860791061337	0.3943128590073821	0.35351060219877495	0.31467025047354336
0.4827709756764777	0.4315328253102387	0.38322040209227204	0.3395652270171992	0.2964941183120149
0.3734328584989546	0.32164049029207487	0.2757921700286446	0.23998694976091842	0.21179095542385815
0.41322301336978395	0.3563428821280914	0.30528426761682514	0.2643987482921681	0.2330802030567563
0.44649369818503604	0.3802907096543807	0.316131893874605	0.2554954028829386	0.1979571776884907
0.4191765682834262	0.3548882646483145	0.29332140728825706	0.23646096994746074	0.1849670158157489
0.4411352766784142	0.3759357526058306	0.31090177518677664	0.24535099160208418	0.17604569219884214
0.45662152645373844	0.40667014076333996	0.36375063252202405	0.333431497688909	0.31582273000241734
0.4978209795295381	0.45190696884844733	0.40889245111040967	0.37006793519338094	0.3315738175197201
0.3599802757891107	0.30034080230604177	0.24558512781091235	0.19911696749105598	0.15969576204131625
0.4525002997843503	0.3979900353833754	0.3469482732514008	0.3017007798363812	0.26070774752065445
0.46894147761936594	0.4114834890692359	0.35549137028970756	0.30182747736200755	0.25009701670050327
0.4570259717005786	0.4045021358145944	0.3569490536940656	0.31793314020938035	0.2875931186849105
0.479832374769287	0.41984878209360343	0.3637588300489764	0.3148512172738872	0.27388880462640947
0.4827571547832138	0.44218989250745394	0.40719200576087317	0.3817393608907732	0.36413406559237055
0.44788914439924254	0.41117123941227696	0.37805445321257514	0.349939281986369	0.3212156772151495
0.38683449180008467	0.3247453056943433	0.2642394868768868	0.2063678101626559	0.15197652754986385
0.5254568389428056	0.49120096169633576	0.4616516577916138	0.4393725641058461	0.41891053119039706
0.46491997427189247	0.3969322832760874	0.3292705971137753	0.2619747115601727	0.19365114398964015
0.3877895420080257	0.3265817027044681	0.2689735041637248	0.21698762227816257	0.16716868544244867
0.3984111653183029	0.3412858928487073	0.2873327410971031	0.2387674128158523	0.19491031342794277
0.5284976602252984	0.4781856668888053	0.43041103894002547	0.38686380446621127	0.34485840009954133
0.37938304932325007	0.32040996571663016	0.2665062767409916	0.22179112152924152	0.18716859819045187
0.43250506154458035	0.3519137569058305	0.26987366625504466	0.1855012902322663	0.1000665941693937
0.41817791680301736	0.35485287200581056	0.29350833130359766	0.2355260016485746	0.1803289760740355
0.4866144759964709	0.4318355464307004	0.37925990531667575	0.33065885727193867	0.2867634693640713
0.3704793674176037	0.305660088915671	0.2444183722251719	0.189755513785774	0.14352985618138328
0.34297650479645964	0.2748151316280033	0.20746324711671482	0.1411198491083886	0.07626648379542297
0.5511788193001138	0.49862363699711076	0.44820591743928906	0.40142490448878976	0.35817744039200394
0.48812504127655154	0.43265127172416024	0.37658956468032456	0.31861122130784963	0.25484504820457815
0.5846128047541319	0.5460100273258851	0.5095745490259551	0.4767815925126213	0.44745148535583174
0.38172787417365023	0.3180584658703293	0.2563617792200742	0.19790871096936535	0.14242466783416707
0.4572629304937933	0.4015032291249331	0.34870565618975996	0.30114923119981984	0.25966665460520394
0.49782930477195536	0.4487859255106086	0.4039167508985211	0.36611190236255514	0.33385618829226266
0.4905282623680196	0.44536160656225765	0.4047533913923711	0.3715141890563958	0.3421466418828489
0.5847982218458748	0.5451210738702778	0.507678234598601	0.4731595350957625	0.4367702424100972
0.5191606339674464	0.47614301398607595	0.4355857985764744	0.39860192452996723	0.3635020103289921
0.4532110053771329	0.39006122559026724	0.3279012388294601	0.26697377210323137	0.20502943071101531
0.428295794824244	0.3661762336389617	0.3064935292766812	0.25100136843439663	0.19954690912189527
0.4727655668813618	0.4055114096325407	0.3385302120043908	0.2719317453902542	0.2049792520079463
0.49304563226004794	0.4461763773870292	0.4037528436388081	0.36862277175207997	0.3388986837331504
0.5039833731622474	0.45497456545579257	0.4078264202540744	0.36355690429742604	0.3209669864574406
0.3906502749854443	0.3145387445148559	0.24009451847748187	0.16940222080647674	0.10529478958947178
0.4748792720618781	0.41404877654732225	0.3565672408694814	0.3051324342122472	0.25971938480680257
0.4455542381797596	0.386459150023178	0.3291925121909453	0.27480015220928433	0.22198621666899887
0.5165829638184385	0.4654131002440389	0.4178315584340519	0.37603029944628946	0.33706863135352244
0.4420943534396172	0.3950618664600312	0.3544437251203259	0.3250590194528777	0.3063966010316944
0.43931667906278415	0.39603908128049575	0.3571682394292527	0.32580477385489337	0.30120748670935193
0.43238956975245574	0.37140314990732337	0.3126844542431929	0.25771288210840193	0.2061790059120657
0.4644408381569293	0.4162285104240598	0.3725413281053653	0.33585093761160856	0.29983888647369666
0.4427201811850886	0.3913571685866385	0.3448958586112315	0.30662967557305587	0.2757355154968173
0.5176416143494175	0.4816692430172757	0.4490042506737954	0.42076270780226466	0.3917301900416953
0.6107915622316075	0.5684440058436243	0.5246599475707572	0.4768278435566663	0.41779658326341484
0.49271520741953656	0.4478202035363219	0.4071450663409242	0.3731358438596228	0.34416883704622275
0.4656255187018368	0.41960453335804826	0.3774695968063774	0.34180232969733115	0.3127899896576765
0.5129003553930555	0.46849263967163907	0.42614589192764013	0.38709938854607173	0.35118848994574586
0.48407243231765884	0.4263871217643318	0.3718848440778855	0.3235812213956143	0.2844165381320349
0.5331332106363401	0.47082081752785204	0.40974502489752906	0.3503052503656765	0.29064747183691675
0.45219114940153865	0.3963183911402509	0.3441508063919365	0.2983134605861978	0.2580770178233656
0.485255705436014	0.418912223509763	0.3547415028479234	0.29481393834805003	0.23794101078018662
0.5866909657542515	0.5415588629862577	0.4989330603147783	0.46038547921109263	0.4248010491291714
0.4094599105398985	0.35462684507165393	0.30270902460113364	0.2555021485238101	0.2109844258392284
0.5177835701982095	0.4615321678145266	0.40534450675664585	0.3490993050482062	0.2934511729158643
0.4209116499000861	0.3720032277577743	0.330608640174311	0.3022290470616208	0.28727495712480383
0.43967904151065196	0.38929589645187945	0.34395793452863677	0.3072560815874719	0.27738534722400726
0.463887968787197	0.4048968242385804	0.3493443385004973	0.30010577546628947	0.2578321584952906
0.44827068854070645	0.3955225068481158	0.34669962907741214	0.3045753846823549	0.2683688520922885
0.45687550954121287	0.3986587346815713	0.34412404523287204	0.29654917220978605	0.2590388820614866
0.3942216373918239	0.3296013811041533	0.2696626065658405	0.21796168035255953	0.17402767666393387
0.46000552541125983	0.4186802347997675	0.38200881562965006	0.3524518293839081	0.325350779060391
0.4879616865140963	0.44311456761166246	0.40125893797358086	0.3638493148051229	0.3277113926999225
0.5333535324438862	0.48580243558124797	0.4389645919760743	0.39280393831881133	0.34412704937531646
0.5155558673672682	0.4697798459689053	0.4283725815272905	0.3941334210412056	0.36426337657853897
0.44731296421240296	0.4019779676937237	0.3606477840738413	0.3258744356337189	0.2972398330925935
0.48500619358355745	0.4437001974362902	0.4029236963804846	0.3613627969340796	0.3133308389294074
0.44253192625011406	0.3826703299463104	0.32494049159210203	0.27047243151329137	0.21803817417301063
0.4386721732121555	0.38160176997674977	0.3268569413420849	0.27565612722711885	0.2269115821023754
0.49869389254083035	0.4543047763283804	0.4142469018978162	0.3811516211543886	0.35201137866929333
0.5445424291369564	0.5000515380815408	0.45964295987952036	0.4259131742754284	0.396217556709448
0.30429174962118616	0.2455456107554026	0.19285155954874636	0.15068312533204556	0.11864509812177769
0.42463829521310653	0.3732292736582671	0.3239634939523164	0.27758210297428887	0.23021239556515793
0.38863231403456006	0.3265532917233481	0.2678384037418319	0.21488733568924714	0.1681905222072217
0.4643411875631557	0.4197594129465302	0.3810842970142316	0.35260185798184823	0.3324960082481638
0.43083196451772904	0.3710755957939414	0.3138509737580105	0.26091368276716154	0.21250070726749148
0.38537451045814003	0.31826690194650936	0.25505013966318596	0.19896389605212192	0.15173228469993227
0.42691584269160243	0.36636718038369076	0.3085527802740368	0.2553933418664274	0.20475953643709036
0.4141682340682202	0.35699716058809144	0.3039180386027728	0.25827744121139584	0.22233760135169667
0.41894975393900236	0.3644846793824314	0.3167175446235786	0.2801446164242274	0.25126397754538776
0.4654087735345585	0.39747059105952814	0.3320409806792571	0.2715620387624737	0.2156490634871096
0.5720602713740344	0.5275114258461103	0.4847922423339844	0.4443583301587645	0.40181293171652577
0.353465683959444	0.2664175428921803	0.18240281344563652	0.1042110804933754	0.03265410922967804
0.39093622410546647	0.3326530807685799	0.2781750819659727	0.22983456019880727	0.18503754935067593
0.4076159333127719	0.3561528465297643	0.3081493626728945	0.2655021286353015	0.22542731449330675
0.5051490036290336	0.46163100606899427	0.4218348290421872	0.3881342813514823	0.35875436060413796
0.5486683201208924	0.5183159494595939	0.4939301168127402	0.47947402581667525	0.4720962452202057
0.4891282564871434	0.46236818384794354	0.44261975716927116	0.4339202058600181	0.43048710716794353
0.4116657865510491	0.3643331972199735	0.32445756813862436	0.2977076680457702	0.28403242304967463
0.4279385193203968	0.38172513339041164	0.3400543955423239	0.3052780742316382	0.27227984620514123
0.41367850729235234	0.35547529581320236	0.2991055120159317	0.2457893271604674	0.1967784717844024
0.48796043693538405	0.43565126201792503	0.38593904964731174	0.340543760092841	0.29874288981622305
0.41829152855543794	0.3510117720813192	0.28493810830051947	0.2210367765103755	0.1613709915887253
0.4163979523402345	0.35474806818537996	0.29820567912831547	0.25078234644784314	0.2122246210862819
0.46138620823772153	0.42218384423373256	0.38964502359223707	0.3678173835247609	0.35042115178117633
0.48813999548462805	0.44159760150707095	0.3984082946906329	0.3603614521583235	0.32608213783643847
0.5090523632130902	0.4691547488017717	0.4302033837345597	0.3917999686995371	0.35023738902661916
0.3610605904084542	0.29264112058446934	0.22874635100897056	0.17291893087459692	0.12523011317897426
0.4616905916194118	0.4127188577118048	0.3667853870852279	0.3253349158744958	0.2837705327879524
0.39335620107820773	0.32725103008527945	0.2667825668186529	0.2163785787085158	0.17601912449272605
0.4709109741159153	0.4259132133841676	0.38414895623139245	0.3470986554799381	0.30979452234081906
0.408624570867923	0.3598409598710582	0.31467574207087845	0.27490366047430337	0.23762266888233938
0.46348042332110395	0.4026034089941334	0.3451649637362182	0.29375759322836537	0.24818115985867437
0.5283901084137981	0.48428057333424956	0.4414271422032046	0.4000048812769506	0.35671953717136595
0.4601728172634143	0.40183647498658165	0.34819188121211964	0.3029403610016308	0.2662697086807281
0.4718940769340374	0.4104795939364459	0.3503409041190664	0.29191947931427015	0.23239726784815182
0.4635765716193634	0.4133496263655372	0.3666038054112733	0.3255752219517038	0.2888820066262007
0.45883591892440156	0.4074667067046575	0.3589192265744005	0.3141663873907768	0.2692801000965094
0.38281745427561864	0.32491572101676963	0.27304281830940524	0.23152267239121	0.19843760458429002
0.4947692079145459	0.4488471549700172	0.40756660378604054	0.37397653368619743	0.347259292022358
0.36195283446997106	0.3055146073298241	0.2539289587636874	0.21053261566707834	0.17449966165291003
0.4579366592030458	0.39811077400017403	0.34216204342875683	0.29310233322055085	0.24895074110252438
0.4285626908529012	0.37107941468202654	0.31647795436060994	0.2666165836214234	0.2209195749636488
0.43355141770684347	0.383639428202281	0.3343868241967738	0.28516772539880747	0.23275134761018057
0.413148165226489	0.36260723481664725	0.3168319319792331	0.27893319445551557	0.247074339084051
0.4503448908268075	0.38663831394782155	0.32595455601927076	0.27056467012603946	0.22067770716702512
0.5392465384010986	0.5088039872582896	0.48086424773644837	0.4560126065470272	0.4297789122580075
0.49205074181056807	0.43441767294715955	0.3784410945111729	0.3255264710307836	0.27792567582045413
0.4676566106240915	0.4050126546768279	0.34559481373893824	0.2918600502890748	0.24465842701474216
0.45843292706945177	0.40307922068008817	0.34959717679032576	0.2986450193742859	0.24824406299196516
0.4051648937542612	0.33557287079158815	0.27095292538548804	0.21609320048112451	0.17508716628783025
0.5397247508105225	0.4881087117048421	0.4379819921109508	0.3902424872459475	0.3442210401831302
0.5160070953747254	0.46396878871187985	0.414763999620831	0.3704708204685121	0.33127550182948245
0.5931542240629105	0.5464170069035217	0.5017970518151011	0.46092427630111316	0.4234087693614682
0.41900863480623074	0.37545322804654796	0.3375583375679434	0.3090227265824588	0.28608493501092314
0.41079866600901627	0.35167050637078706	0.2963610136264866	0.24732290417693653	0.20283056497144572
0.41164863420937914	0.3585214940865478	0.30818173548557654	0.2621686599108509	0.21825124092461207
0.5001997411836485	0.44192339558522176	0.38638019286552244	0.33518468124657824	0.284213829453413
0.4715187101606798	0.415301277036712	0.36238688700866284	0.31529191617982705	0.2741146218561353
0.5239305550492871	0.47347807937463005	0.42716091805536394	0.3879866481206044	0.3540332253439347
0.5084391315772657	0.4499153228225495	0.3946732040757104	0.3451141227737735	0.29988074576547724
0.5186318976938826	0.4847998807210565	0.45290707645953976	0.4233372759466429	0.3941303487721179
0.594206741933393	0.5630761308130958	0.5358894388065845	0.5143016640914279	0.49329967651681494
0.3774673324172873	0.33308732095254884	0.2917335380866433	0.25449488098398654	0.21705904603420442
0.4608234419025944	0.40917258752233404	0.3611656017108758	0.31923847349130546	0.28109896256520317
0.4604468793971922	0.4032817918868591	0.3502026144088641	0.3043872505579098	0.2652211865886975
0.4432875996208221	0.3898386250809081	0.33790544185858506	0.28768052396441	0.2358370132266838
0.4177428481597001	0.3565338135033466	0.29964380754664255	0.2504551055613999	0.20941177094027655
0.5398406169749285	0.49467935471500524	0.4508606125344259	0.40848749869392015	0.3635823698395485
0.5009061803755138	0.45346010960751704	0.41094233115561657	0.3769306288027184	0.3512138958066655
0.520956495133197	0.4726289171585047	0.4263399853829698	0.3834156189008575	0.34427596307959657
0.5305322734664275	0.47492348484744173	0.4190900484341076	0.36257552182650843	0.30552650636910755
0.438304073493679	0.3904656754652437	0.3454167620078629	0.30440593592050735	0.26312766959644024
0.42000136070408894	0.35905813404233156	0.3019908805793953	0.2519875669863685	0.21173307239859035
0.4818488619264498	0.4052837315003802	0.3308682099591903	0.260821802804016	0.19707644175937583
0.4835511552329624	0.431044233732859	0.38113667040310917	0.33562357537172616	0.29453164096894796
0.44626838223230253	0.3813873417782306	0.317940338974908	0.2566104502931257	0.19612682999174422
0.39923633155951543	0.3454529006572205	0.29401716978585823	0.24632864273785837	0.20121693684339378
0.4514380554375872	0.3902380878011722	0.33343389528810247	0.2842030206704523	0.2412930987544967
0.48994101922693006	0.4314273736868801	0.3771968532047858	0.3310974951662864	0.2943711430128035
0.48156804549352056	0.42932530682428927	0.3796295295503683	0.3340087516588487	0.29195233910143176
0.4696513419286942	0.39994717071036606	0.3312668991157341	0.26441535813838357	0.19866734348490067
0.4707296667405811	0.41694896066288756	0.36703864352199056	0.3230628046810799	0.27994670105565994
0.48894412818232774	0.44711081636504313	0.40798984860610676	0.3724389383589504	0.3367425338854326
0.4014712937539986	0.3429202710061417	0.28542340082763795	0.2286556698029677	0.1677739085152393
0.42046388922599354	0.35219166390995615	0.28793738542998604	0.2314259343657432	0.1840824764157589
0.445030334505649	0.3946430315331691	0.34683807613642215	0.30301368124030337	0.26129762240618565
0.5521296461173919	0.5271422027863375	0.506264499631152	0.4912760467178892	0.47611950951597287
0.5447195462310291	0.49644033629518686	0.45109116004777366	0.41046842746079726	0.3735185797585532
0.38593682340839136	0.30690060230001354	0.23159563950548825	0.16376906602125166	0.10789468734044445
0.5184730796423376	0.46128678985005767	0.40558894183734073	0.35245667374346346	0.3006055967706143
0.49058907126054874	0.4543483743140492	0.4203888186928465	0.3894084411680259	0.3585814376863983
0.48479908133835414	0.43405782641510615	0.3872542683135953	0.34727823977101757	0.3141424954846045
0.324084566635372	0.2605375652596231	0.19970787928232478	0.14295344808593946	0.08714385763340365
0.4847827586830029	0.4423839317866941	0.40352514496453645	0.369749042037135	0.33567118621824205
0.4741110582587008	0.41988311925049554	0.36774083684157594	0.31867120613891414	0.26914449090866094
0.4018827623349811	0.3452948811508657	0.2914102991733562	0.24140430883021757	0.19171603465051093
0.3768110703831695	0.3251690505176435	0.2774011260654787	0.23522634426328798	0.1943807584170536
0.49806554781284695	0.43067488739457643	0.3635406607454711	0.2972009855941716	0.23228200130091364
0.47888773169519244	0.4191007706934031	0.36290563002011383	0.3133134721214271	0.2712393304132663
0.4670676146221746	0.41148722845249674	0.3582641740615402	0.3079351218553123	0.25453875068442233
0.49784849239053613	0.4634397469425447	0.43632471457760774	0.42100019535689687	0.411762466781945
0.4000618904147566	0.3419020753829276	0.2898390776243261	0.24842899582568345	0.21673343412936574
0.5107790994250507	0.4652264134346693	0.4243585928663679	0.3916071045234848	0.36690762371703356
0.433152479870184	0.38482834124016924	0.3411816996376022	0.30451030101991894	0.269991937380523
0.43030734620657496	0.389982748180138	0.35530360483351664	0.32972011092377385	0.31038019766687874
0.43491116556819176	0.3824523741029282	0.3346050502070286	0.29401387053116085	0.2566842039848018
0.41516866338170666	0.34990809562183256	0.2845849367854133	0.21847774431316294	0.15040272554729428
0.49873276707374026	0.44525998018820334	0.39361486554799163	0.3444871867548583	0.29425539367643816
0.5086316341025159	0.4722531432020267	0.439426986424418	0.41196394672978043	0.38742881466446366
0.41918683593331435	0.35585871143082703	0.2946569732755358	0.23665962925358314	0.17971178448583724
0.37578685522537225	0.32328358250269146	0.27725278186976093	0.24273090316907045	0.22069956348164593
0.427049504357276	0.3824223813736268	0.34204345896580823	0.30793967451361565	0.27486707363101837
0.4644155063442062	0.40632496775770954	0.3522525254634076	0.30532294386110626	0.2663418106563863
0.5259372615575953	0.4908352384350183	0.45777841763543775	0.427476456847148	0.3970380986817932
0.4472274417909919	0.3997590712592852	0.35895229481438845	0.3293004929018224	0.3075223390273935
0.4374553590089595	0.37451244103582165	0.3147627605204255	0.2607253038702337	0.21223470453167953
0.3993899788669373	0.337675329509052	0.27831680199015785	0.2226704222323319	0.17040386295029483
0.47547552098641926	0.44200336943890406	0.4104852408237877	0.3809486448033678	0.35021133035211865
0.46435025476181924	0.39945032478876524	0.33919348752226464	0.288021268959373	0.24965294570230767
0.4885175399960885	0.4446179240987713	0.4055878796365466	0.37437626599475976	0.34674279183413736
0.4882814217547281	0.43713867697372016	0.39052398217150924	0.3518672987269671	0.32144251872597523
0.40537515840916444	0.34928306328285785	0.2982605522862656	0.25581726805668786	0.21872812279287923
0.5008761927529263	0.4391871536387109	0.3782811097143995	0.31848025866710394	0.2571022892935787
0.4974007389736902	0.44883602253874183	0.40486542231778605	0.36905295435956476	0.3405843219169383
0.488968054344333	0.43970639746961887	0.3950202378918884	0.35828339279969773	0.33059328007205036
0.4865260494248719	0.4404356938683484	0.3982179697641044	0.36254885550885424	0.3338475996716894
0.47731573162629354	0.41499384690849117	0.35688620241280145	0.30721045790007945	0.2676251840035754
0.3878561431237868	0.32391061337652394	0.2611967742178473	0.20017569188472084	0.13857779507946463
0.4429533052725543	0.3949862542869484	0.35051301719868416	0.31138475520726067	0.27523825894734877
0.4446798550699526	0.3808869165847012	0.3186378722339897	0.2590442372734264	0.2029544911992165
0.5574246407275125	0.5062140201986997	0.45877218780151474	0.41765912654031817	0.3800237807032303
0.47468752988838375	0.4168405233764103	0.36199848305855875	0.31271973920673307	0.2700706165668599
0.4346722135674199	0.3788247468447838	0.3255398095002827	0.2763864176227798	0.2291752312475833
0.46449551569454484	0.41563273449488547	0.37157767043506307	0.335714193078051	0.3065382084763022
0.5332500749506346	0.5063916843342845	0.48505904339744776	0.47271876097270943	0.4664196171272674
0.3979742587247213	0.33743916959717735	0.27859337350339447	0.2224186963984107	0.16786147073708624
0.3985028111644389	0.34503759750044544	0.2963353860485905	0.2559254077131527	0.2221924197495035
0.46452222959602363	0.3977538857786527	0.3324468569220429	0.26974907002616516	0.20796821530021736
0.4020128965043194	0.35206955476480456	0.3070455493454204	0.2705362840544111	0.24255357515111542
0.42504129382010314	0.3832426363167876	0.34559534258973346	0.3141607816382922	0.28377786959890716
0.4478377267780571	0.4007776698248304	0.35811850263754597	0.3226773284909216	0.2923169912928498
0.5250822086871697	0.47485632712627923	0.42466593646529965	0.3739270626152461	0.3224271784734051
0.4772823980531581	0.4239570782446191	0.37630923640070646	0.3380509226287506	0.30355525537708355
0.3974630018781099	0.3424625787955396	0.290836128897629	0.2445066680057641	0.20120278645454656
0.4753510770652639	0.42203938157113097	0.37203929970205446	0.32717770581041244	0.2828655625902234
0.4231578327993317	0.3526650120655198	0.2855492199953615	0.22520537070067884	0.17464692419810235
0.4793719450411153	0.4215233253529217	0.36524456867138044	0.31149712848206607	0.2590524613106244
0.4759834181553313	0.4193635396251442	0.36621938445825175	0.3185840674727284	0.27311844432474236
0.5284043095474018	0.4743784546443063	0.421863424030597	0.37219566027446827	0.32550767609817416
0.4923541582048917	0.44427642626286135	0.3982034404833001	0.35493068457469995	0.3116932334754736
0.5264275001257475	0.47437263896395515	0.4211892938485037	0.3645081868345697	0.2979097496141362
0.3669328273325182	0.2963918235950688	0.22784709123784652	0.1628230309016711	0.10097395181712096
0.5353252281489026	0.5016017985266543	0.4737327621740445	0.4556462583690865	0.445388804410929
0.47950902409838253	0.4234478835943258	0.37113976641231894	0.3253724747099337	0.2859208672711556
0.388834704661188	0.31231759506848117	0.2374214459706965	0.16556280159997364	0.0991980822519328
0.5868643657566072	0.5577008051298624	0.5329146974716413	0.5151655448326745	0.5005542285833567
0.4695545948632454	0.41152929723588966	0.35484695922005605	0.299592511876843	0.2412989094108395
0.4300843629421568	0.36549061711528286	0.30104197849291037	0.2362123547592465	0.16923586632659898
0.4490273018818811	0.3800286932596817	0.31220261183226844	0.2464509254086214	0.1840005007113481
0.526664927158927	0.4813786810411584	0.437928739834125	0.3965060794692671	0.3526554293735809
0.4820837146030361	0.4176042361910497	0.3547546055317418	0.29460338681738196	0.2366370497711825
0.5000086526612929	0.447875029566387	0.39888993105836756	0.35511981588815483	0.3137705204403177
0.5330246951619433	0.4841844778787398	0.43962073956045944	0.4027938084941951	0.37486010818848053
0.4133464547550374	0.3567692391956672	0.30418534614018805	0.25871749149930395	0.22109688129340618
0.47739143184236044	0.4328012571305417	0.3911008501179918	0.35405727804736953	0.32003803775374284
0.387686052013332	0.3271978053047149	0.2710990234358419	0.22287589914971473	0.18391257538728864
0.5009117640306057	0.4564463881701669	0.4155866756755755	0.3802447059924237	0.34706501350972807
0.3795145605173089	0.328876222754201	0.28414711767473627	0.24899437741439023	0.2204079919432247
0.4081280406057636	0.3665593588268808	0.329968666154712	0.30122363731572027	0.27870596199228015
0.6025410517458456	0.5704817716686328	0.5449139383495228	0.5300969742233339	0.5215172098084122
0.5121348368311903	0.4660111003853898	0.42289614456753505	0.38455608391404017	0.3490632754531087
0.4653118414566937	0.40784527852766705	0.3495448076378841	0.2883919441276598	0.2200882509134157
0.5177103698744331	0.46693274592086087	0.4160562887661704	0.36362742203045983	0.3043370438646524
0.424768286677578	0.378962694441893	0.33632103116392215	0.2983127368820371	0.2615406584169209
0.5183045101855068	0.450543890528677	0.3835684720171446	0.31827925905121146	0.2542078740841662
0.46237424670641747	0.4085845956959623	0.3583586537267978	0.31413351223716474	0.27485486861880304
0.41916666743897224	0.3708170718252305	0.32535978264622983	0.2836918806972064	0.24104027425522734
0.45869544779531135	0.4043318274204034	0.354018202060605	0.31045355686788956	0.27084101058888255
0.5001289737530787	0.4408463717934542	0.3858950029500257	0.33900089318748317	0.3011525766910267
0.5518776441798268	0.5021590540699299	0.4570371416303373	0.4197839907662622	0.3868240299392059
0.5763420803975731	0.532536572748949	0.49152509759281743	0.4547745392937473	0.4203553118169152
0.53228432961237	0.49417384938310793	0.45976457115989183	0.43095170778269754	0.4035650211697599
0.38814595293014154	0.3324908812989008	0.28185607526973094	0.23945000807757752	0.20326289212998555
0.3676929689228263	0.3072351407253738	0.25122437772862655	0.20234282232688156	0.15614818920979529
0.47461074437772655	0.4095573435223958	0.3419064867386263	0.268408528433148	0.18329618020860045
0.3767295022827855	0.30514530621176555	0.2364845839423698	0.17324408117114487	0.11607415429453832
0.507853096434417	0.45581581188864606	0.40674483126116706	0.3626872579824785	0.3234692788425665
0.46804479697741397	0.3999287821649596	0.33378049484156386	0.27186747490705165	0.21696988192177324
0.40084260690502826	0.33701821888178135	0.2770360633917972	0.22388731839145593	0.1777486260422856
0.4561764338786275	0.400172768892759	0.34606159829219596	0.2949501099000441	0.24600511857483498
0.42136195296152545	0.36434711447448115	0.31168891086099937	0.26664829615975205	0.22913754142096052
0.5884995397427109	0.537391525749729	0.4844036840044942	0.42691105836205695	0.35966649113153765
0.4495937482697226	0.4017561231510661	0.356810473020598	0.3157604189215627	0.2723003975336452
0.4280542728479151	0.3770360163174289	0.3316060620703804	0.29597872385019225	0.27128617117013426
0.37032390604758453	0.31881834997126335	0.2749733317170447	0.24471906422205086	0.22938168110875845
0.41601517062453836	0.3639955909420792	0.31830237354657537	0.283769550192964	0.26073923357612283
0.4768833457380254	0.4316238226816841	0.38935029707615987	0.35173366935566625	0.3158751255811033
0.46703550820485007	0.4207185701184906	0.3795543510769063	0.34658284251370963	0.3183624718214953
0.48043766603508625	0.4253281508191244	0.3724253084915466	0.3227095664337986	0.2718255106636981
0.4201444081876999	0.3551595391433088	0.2941403132103644	0.24010229350671544	0.1917182887357009
0.4132696919438692	0.35921044100360366	0.30746944059850023	0.259226974827249	0.2123045538369469
0.46489346186918445	0.4100967857574013	0.36015984140317214	0.3187149150484328	0.2856152752168176
0.4906963480077887	0.43823546703960903	0.3915431623156727	0.355147720492083	0.327091631383745
0.4937751548635008	0.4503127155351641	0.4106719064664206	0.37730205460098026	0.3483358905997046
0.3426404748363593	0.282621951265656	0.2286312096779825	0.18497722338197664	0.15030156710698675
0.49971119081497917	0.4543675289801853	0.41505762696513177	0.3856442823041478	0.3618890826629935
0.562021449017012	0.511353089012912	0.4639243557568857	0.4224621538418101	0.38731596381947486
0.40440604125558954	0.3408791213798348	0.2799096956792723	0.22302398561544035	0.16835995053969738
0.5386390122392929	0.5019371907247197	0.4678198855146157	0.4377360604204308	0.4116690209544859
0.3277602192959677	0.2556943898723222	0.18472777892593759	0.11527965134731591	0.04679324322404201
0.408018555007818	0.35418813000736604	0.3023714574563902	0.25315679223976834	0.2031334586900401
0.47154034720623783	0.4106810581084067	0.35348486386953254	0.30315523222314944	0.26041273520174835
0.5055966686546342	0.4569916336112497	0.41395567576871933	0.381122906411982	0.35927212640329437
0.38751603158583664	0.340155217802945	0.29600758211392053	0.2559828206635837	0.21334835526378404
0.429312347953963	0.359255512524445	0.29085744390888163	0.2254032743849668	0.1614530763438211
0.34695047261777706	0.27303634823177225	0.2031717381152256	0.1408646936190792	0.0879217729560045
0.5114748537815553	0.46617378885978517	0.4233883133984537	0.38454579157242064	0.3477982041541177
0.47016671534632604	0.4326599111317354	0.4016632521100577	0.38134587148910437	0.36765388318229847
0.3934687497602717	0.32636896811577853	0.26254258030871813	0.2046367077605154	0.15257241709169983
0.479133443925254	0.43768356528328495	0.4014946416532711	0.37405427191657925	0.3535353014464077
0.43926629408601	0.38674977896618584	0.3383650125338547	0.2968379920059266	0.26105859643705004
0.5177822912073038	0.4809919947498619	0.44793590286121887	0.42038658491260217	0.39458063220498313
0.46273698948453756	0.4027370706424386	0.3453450698498894	0.2920449395764278	0.24084797775401343
0.4002109188342495	0.333053718081699	0.2688542221393535	0.21000139022298486	0.1567368903515726
0.4691299330339098	0.412114456215838	0.3596959519531735	0.3149387735479645	0.2745870271922013
0.4668864598101223	0.4152494804536722	0.36543140369396987	0.3178799489755366	0.2693839205207508
0.49350572840752577	0.4299635019382877	0.3669244715063659	0.30422498494636824	0.24038735572486855
0.4738474960823347	0.4327664260572147	0.39876143765753974	0.3767804643180042	0.3642733506600306
0.46811607557406587	0.41213168918209164	0.35836308612969053	0.30835554129183573	0.2620251669236421
0.5544700563264169	0.5114657134918487	0.47326332739023463	0.44265001421236594	0.4154210144478025
0.5224428447327659	0.46205796161561635	0.4034198664153867	0.34815316271768243	0.29798241317372287
0.4106468344893554	0.34324008427829616	0.2782996494450357	0.2178302814938014	0.16187494310132386
0.39859114790481276	0.345611719639593	0.299580629381065	0.2654326426857088	0.24106238107331862
0.4606413965936641	0.41356218807309764	0.3707433165710191	0.33455208165956857	0.2998660991893673
0.5034239554816926	0.4517334722368851	0.40317607597079774	0.35992014296294883	0.3209417679241123
0.3913171542968841	0.3255311164508081	0.26277761896525054	0.20567025003109274	0.1562332443665022
0.42197273898944904	0.3626235903456456	0.3062153479631394	0.2545532679355112	0.20526615084209132
0.47627234096364757	0.42605186291189995	0.3794283653442808	0.33847761958270056	0.3006423719622739
0.43010449972878256	0.38624330163854637	0.3468207199566519	0.3144439824833527	0.2856222512592672
0.41906257454855905	0.37526992290540195	0.3358606201854437	0.30352998391292196	0.27682875551286334
0.5492273304098225	0.5017738082451533	0.4548649293260121	0.40811096064268637	0.35767214350796267
0.4449639233432631	0.39418376609107575	0.34771397608468396	0.3086676993925705	0.2756392582295203
0.44516803758126466	0.38256151630475255	0.3198703984907179	0.256627479976208	0.1926513138754073
0.4854332857994943	0.44133292693611215	0.4002185699129684	0.3636532232998133	0.3294208866135565
0.4377602909747372	0.383963368798471	0.33486137068839716	0.29370463865712215	0.2586509613982167
0.37080435629341146	0.3149159731616212	0.26401695190807334	0.22199922034990127	0.18926572061132219
0.5225931226213181	0.49120685763931965	0.464536641640466	0.4455470737362797	0.4322291736850941
0.40854504723543683	0.34482425458636673	0.2861763178089416	0.23682434809649117	0.19691948260828585
0.44523770593519135	0.4041375870883024	0.3673397632858437	0.3368678104727534	0.30725637557353686
0.4739145518995544	0.43229557656609285	0.39784226530917166	0.3757175796351562	0.36411696080256906
0.42837882723950155	0.369371315842333	0.31407115597586793	0.2649644551155226	0.21784567900075275
0.5211359154752351	0.46612011280906673	0.41118880152380943	0.35557011816660905	0.2959989845228515
0.44014302709335934	0.3929228636574501	0.3504313065093509	0.31539642350888303	0.283205819698944
0.4740698572925971	0.4408716666642834	0.41200133162540004	0.3893952873043756	0.3670874232336128
0.4598792420097912	0.41308862548844877	0.37061370254154563	0.33519359483176797	0.30500510789492274
0.5063346189195048	0.44903831199723915	0.3938855131049228	0.34243761950067064	0.2938668324736387
0.45414442731996874	0.39640438473046247	0.34166594224181374	0.29220328412301516	0.24828823135637457
0.48828727606781525	0.4308186525936967	0.37340426342865796	0.31519669949094237	0.25418196137083876
0.4070673008488557	0.34501850480268415	0.2866190860378828	0.23471200087706465	0.19125612424865457
0.5036829354485887	0.442603042435646	0.3802870941695639	0.3153399995365371	0.24711701966811234
0.4729202626316603	0.41303140855691034	0.35595790185712844	0.30361266725199754	0.253760574060516
0.49757233696598885	0.45275762806294795	0.4120566417469916	0.37783033172210406	0.34733294883490384
0.4757784498626256	0.4309486399779254	0.38965467743200743	0.35413081843992295	0.32304699368201434
0.44436452665332493	0.37722998725459195	0.3119623868235333	0.2498012029977077	0.19034203954027135
0.4491784908132731	0.40011324112893015	0.35412125764446395	0.31282920625784316	0.27335459972462484
0.5120013108276775	0.4691753547542522	0.4314742727038872	0.4021996389718304	0.377744771051117
0.39855661259915354	0.35139214043712397	0.30719338892188025	0.26734437644029896	0.2288009742795061
0.5026167122454724	0.4494584106604614	0.3979516236854201	0.34906787844367587	0.3035906282555458
0.4468061963807486	0.3763536810899421	0.3100748816272457	0.25173821698207344	0.20237910174943866
0.39851325161471646	0.3477337050697425	0.30236767672069126	0.2661518645648887	0.23826585741473924
0.42639303385088845	0.3569045507909715	0.28883656881442504	0.22373661490574487	0.1627812266392879
0.4810269220550364	0.4354401378641631	0.3915369718517289	0.34998603449796284	0.3120756308139162
0.4712821533725128	0.41838724172335534	0.37028421026899877	0.33080736178087095	0.3008049209127254
0.4510806892408224	0.38571320014897786	0.32358537502373497	0.26752920389949464	0.21933292462962595
0.5142676325102844	0.46077634897796804	0.40947433227903973	0.361610314750245	0.3149269803756746
0.40408260300064064	0.34376641109361766	0.28653853009495783	0.23462961612866207	0.18843746404047257
0.5214242682928372	0.47011098950096436	0.42324067877826266	0.3843107265716353	0.35316902380576914
0.4192878084857641	0.3668970412231537	0.317593656696567	0.2728880131914415	0.22881703333180325
0.469887396719023	0.409027315570811	0.34764816900197215	0.28485627285274295	0.21949313148452934
0.5082457909267027	0.4569653972452409	0.40841156779930415	0.36462414197313175	0.32558891081456237
0.5049323550987035	0.45747435989596497	0.4125452383069673	0.37153002522985146	0.3307150276887638
0.502151702952463	0.4452852766810045	0.3895626068847406	0.33587011542092104	0.2842750933907026
0.4197450930365907	0.355816694755398	0.29763514043397604	0.2500046279376815	0.21334929686666584
0.512107646007651	0.46267285322861645	0.4164955969951164	0.3756738492896517	0.3403908454470767
0.438462638712738	0.38738938949608964	0.3397174346468557	0.2974758283628263	0.25905386215982384
0.4803990599614651	0.4316763315084268	0.38438758609539636	0.3388168825822697	0.29241348615744656
0.5011353038802503	0.44979252114124757	0.4024023401451755	0.36173605294107336	0.3277710213688453
0.5613684836632421	0.5203627887488922	0.48072298657699786	0.4428087015263949	0.4047184663887606
0.39357849646228943	0.3387533199479218	0.28633757144195243	0.23707218543983521	0.18523773999344917
0.40988673656455277	0.33856495969028555	0.2692274650944149	0.2032060218196456	0.13709291336655363
0.49290030920979555	0.4498586689926953	0.41170090828277267	0.38166791124527627	0.35839883407417394
0.3933401823905502	0.34175990306966825	0.2952823985928168	0.2576302971226394	0.2292133686110956
0.4402132748361846	0.38374945343127614	0.3305027732010991	0.28269872679017655	0.23879674484277644
0.5359509053619395	0.47962438998959306	0.42559373401243034	0.37596090083752365	0.3340299363359649
0.4634130343654387	0.4014410949665519	0.3432713065910187	0.292051921733336	0.24932366021668792
0.4667242783153371	0.41728304566610946	0.3717886400396693	0.3327714895692473	0.2976568941456164
0.5226518681823921	0.4666762896427213	0.41267648522455264	0.3622697213089762	0.314500142415112
0.44808249504478875	0.3681097722528377	0.28772893172824276	0.20689534461820702	0.12729494426702115
0.5059012882381928	0.4665763204040125	0.43563337415824027	0.4194032392721645	0.41574131027024386
0.5188738584298291	0.46689443287785354	0.41846420719190797	0.3758676279112423	0.3362463898526505
0.41250267081092085	0.35900635808004594	0.3101031223024991	0.26890617200379313	0.2337882293287851
0.5441595602390649	0.4848136937635589	0.42829159678334255	0.37731403821324494	0.33403027820393794
0.5725032672736087	0.5224979025610392	0.47085865951621886	0.41555279958525887	0.3525661882357928
0.41059114199410895	0.3526587919121873	0.2998129098954416	0.25535101952485256	0.2156838639791392
0.4796166917933187	0.41873263982819875	0.35792069753885103	0.2966899021472795	0.2338563497429649
0.44728651080282344	0.3881663321799773	0.3316403153692251	0.2797173999829919	0.2330473870220336
0.4840560668175377	0.4342963731264526	0.38836944588746497	0.3488434417999724	0.3133663312399807
0.4617509586897483	0.41492686539510415	0.3737667394615395	0.3422289460581683	0.31955705482174407
0.36200128718091484	0.29718156616492974	0.2373727220799478	0.186635432711237	0.14587658129359068
0.46906711191468836	0.41767162381989575	0.370402597785867	0.330464043232939	0.2979349924477802
0.4854375072855794	0.44549961962305856	0.41125213602502514	0.38674114426562267	0.37013908822307245
0.5310224989284876	0.4697781775687868	0.4097980681514642	0.3523633049051197	0.29939695550906575
0.3901216620438891	0.3303509751251698	0.2764346935945214	0.23298279785329679	0.19961132752272326
0.5160121405230265	0.45945441453619523	0.4053295292513237	0.3558112442335611	0.31361126224453884
0.48402653279958313	0.4401732315905507	0.399610367561218	0.36432850621525814	0.33352674963690754
0.462358326753313	0.420676311451686	0.38195507011091273	0.3470523260639195	0.31158226739290656
0.5646838969169126	0.5198233283588062	0.4762220442331533	0.43422584992092783	0.39129983917120886
0.4427885092343368	0.38708233486516747	0.3342740725486413	0.28615808165658957	0.2402732499147782
0.5142519860851448	0.4667615167385404	0.4198507685854819	0.3731233741030735	0.3239178286325447
0.47058119929262193	0.40302613076421884	0.3400277285169303	0.2859240268570207	0.2443094559010743
0.5304999999734862	0.48162014963367905	0.4350921860172602	0.3925305013456637	0.35345616195475793
0.5054153685474092	0.45724906915507574	0.4122352005944416	0.3722730258779072	0.33531341615626925
0.47092384520900654	0.41631612412628033	0.36669291792618625	0.3264173005671661	0.29845512360022025
0.47962430448788695	0.4280233804231192	0.3779076571348253	0.3296863255907485	0.28008557507339765
0.5469701781713725	0.497751024287099	0.449434676947797	0.402175425050866	0.35438422076882703
0.40952108588949393	0.3462500505271881	0.28580352476446846	0.22967647652009882	0.1737466236825866
0.4742692800370503	0.414549057236842	0.35779101484841647	0.30623576466358216	0.2575516272867133
0.5125529533399713	0.4689152709220461	0.42813522394054915	0.39198646907868806	0.3598569455582864
0.41037653754668235	0.3508121172273141	0.29651927240581605	0.2517735689831467	0.2177891366619885
0.5066045331216806	0.4584884346019053	0.41266721296840014	0.3703602067954603	0.3291243368023766
0.42195772648164875	0.36285616617494193	0.3058139423707895	0.2522857261747071	0.20193808608356908
0.538732530508381	0.502874623649089	0.4707396469904412	0.4442857901148649	0.4211932250872054
0.3714249227368486	0.3055510337398746	0.2438950364596343	0.18971210988218762	0.14386564794487472
0.490923177725282	0.44806641098302297	0.4116404511390564	0.38626803387514996	0.36947432529747143
0.4283754346852708	0.363053587853136	0.30151562956550076	0.24683733076684333	0.19945714247639107
0.3907343634645417	0.34723536158031404	0.30923621537412216	0.28012004248448297	0.2566356250410229
0.43038485991429576	0.37228029747276137	0.3170946941567783	0.2668763777088987	0.22023798711853138
0.3238750705274269	0.25434407041065543	0.18739197827073534	0.12440622337829073	0.062020143418131515
0.3922091340983957	0.3321688269251126	0.27635044691626903	0.22787833331200963	0.1859953826817964
0.5384108905512807	0.4879903649015874	0.4380205075289063	0.38821775138464437	0.33663382951907755
0.46692308200536636	0.4152942766261902	0.36301346905718956	0.3087518112854327	0.2493709806405089
0.4389775221367178	0.36138405411318253	0.2848643809081219	0.2104643508133306	0.13754453597137545
0.48560590117822966	0.4310137005793623	0.379395857692174	0.3327536415441184	0.29081213944866274
0.44102789026639583	0.38857861547077577	0.34049699162588887	0.2997245856525123	0.2652986078138977
0.5614891950296617	0.5133679563322865	0.4664413928884107	0.4209103593096747	0.3720335054228374
0.39122328642670445	0.3398989750676693	0.2938223897111357	0.2561582002856846	0.22205050794543754
0.4429857622123503	0.40080880661436846	0.3632491386311391	0.33314522878291114	0.3107842183018936
0.47207283440644204	0.421826231526755	0.37418414561221736	0.3299218873030786	0.2828990178995083
0.421119657699754	0.36032877019007825	0.30244323788440947	0.24980033208560637	0.20198611106789927
0.48231206257310566	0.43286903819390715	0.3868256473017664	0.34621964375793535	0.3077792861952376
0.46136306130765486	0.4222820733226471	0.38710215896167327	0.357933852973846	0.3322835513777533
0.4577599130124708	0.3990365899574264	0.3411455917493	0.28375171589283205	0.22201090065213772
0.4753111265557336	0.4310312420646268	0.3895615016520375	0.35195753325706886	0.31487813172716445
0.37387530705867955	0.3186317581933267	0.2660898200695704	0.21747550989783765	0.17029961051910236
0.41304953675935985	0.3574792207220222	0.30638482824374796	0.26271060010912783	0.2238509438986072
0.39758716755187445	0.3341617012561302	0.27561576283272354	0.22565706247183015	0.18344938476160016
0.5123046767794374	0.46201799269951355	0.41338701800492894	0.36692063948957687	0.31959222355379324
0.48356657583143325	0.4471657762355061	0.4175029836906217	0.39866602503174936	0.38513279557045926
0.36581214824768504	0.29101065763714407	0.22215276573926365	0.16410188737360046	0.11732726900194317
0.43805834188584536	0.3748655846536637	0.31586997245061393	0.2648489922199279	0.22342147107688004
0.47965291942955796	0.4350168894019237	0.3946759245043514	0.3609690246436348	0.32979633120470936
0.4632163750529792	0.40659973030801366	0.3530832767069307	0.3044717204068269	0.2590888136384527
0.49503758143732435	0.4426986552005731	0.3913528303178894	0.3415327507470458	0.29355391621530835
0.4849986926924066	0.42822015914586264	0.3733719838964706	0.3215832044314515	0.27115758787878974
0.34083753670254135	0.2799730601786752	0.22433192747743275	0.17787153573219747	0.13945627870855445
0.4558215974362194	0.39020275908689417	0.325264796270262	0.26104041676990386	0.1949934808379512
0.4813984399515464	0.42995834557133694	0.3825765319420049	0.342328451374898	0.30929111425419314
0.5191247798646126	0.4599141496872333	0.400044641078295	0.3385764588780119	0.27516650165664575
0.46976033756642405	0.406612003707551	0.3452812647633628	0.2868221901365383	0.22962078168147437
0.5511320973446501	0.5138035218681961	0.4834636310496425	0.4651318168374762	0.4558059175693092
0.3863325489862725	0.3303711463930129	0.2779619662442779	0.23092005020686862	0.18442018762982698
0.4040241663227536	0.35654954896381763	0.3131231899934015	0.27576836997047466	0.2394703760440963
0.4031096615397911	0.34227046040206954	0.2858453531565817	0.23742656195546186	0.19934049057465397
0.46254839807510933	0.42244721209118086	0.3865590005459541	0.35709423670090573	0.32946646260690526
0.4271765170191041	0.3639519009653717	0.3045521790708909	0.2517250073386535	0.20348264930283255
0.4761486250031218	0.4282170711003752	0.3820493423119406	0.338663805655831	0.29756154111010635
0.4953289553700555	0.469063306483543	0.44805635885695794	0.4348106372155145	0.4239993996228665
0.49196555016032734	0.4324538167890464	0.3736517086314602	0.31565868015162596	0.2557513496278912
0.5077871067913173	0.4610642518205832	0.41891974276584326	0.38412473831210114	0.35144495143782634
0.4491704465965021	0.39871224973271135	0.3528810469682404	0.3147523315806287	0.28217443106936313
0.39311394926982557	0.32231798928695066	0.2532567564951471	0.18735742634297486	0.12440712529234828
0.4487749261660849	0.3866674477355602	0.3260963273836455	0.2682038431545198	0.21221858245063
0.43169612282189274	0.37548794867682767	0.3237164534704099	0.2797326044309266	0.24352610715201767
0.4590315289033667	0.41545333242774446	0.3739103759916266	0.33463774357761933	0.294359623675044
0.48580285152463876	0.43845234195593535	0.39529916071914695	0.3590240936634522	0.3261339848691098
0.4584231363787842	0.3910225209174693	0.3231898759768027	0.2544660171395594	0.18554697356493455
0.4519714325058142	0.39588153163997863	0.3418804761216912	0.29072088982163713	0.23768505709163076
0.4683226814881676	0.42551638774566736	0.3858682915103374	0.3511060841759919	0.32038307415792366
0.46390448234841586	0.3932996948167417	0.32329258591152255	0.2543591434650978	0.1857705359629107
0.470011628295184	0.4158119099155862	0.3642251162863977	0.31697330907104465	0.27278090528818033
0.488241247912384	0.4238718865756103	0.3627544798586525	0.30777234515573404	0.26061254341676166
0.5381393126172782	0.4981318683747393	0.46391176159337	0.43940803417556373	0.421929753456963
0.4262235739673532	0.35276723244224484	0.28224450434670795	0.2172353998111463	0.15718251412259224
0.47719832583732896	0.42899029228811353	0.38185290273765377	0.3348164925160934	0.2788345792294481
0.5489071279984962	0.4838238747605291	0.4218400573404264	0.36602355500166184	0.3165222135192947
0.4174375383155087	0.3554889926216859	0.29905849805973445	0.2524414160443016	0.21509397654892073
0.4710839708538998	0.42336486131500545	0.3788984335574155	0.33944395299601926	0.301803805486452
0.44467656467187494	0.3798170328425965	0.3172932701112524	0.25874947517570224	0.20387358856538698
0.5875162251960179	0.5464698087606938	0.5070239891550841	0.469671799061363	0.4329938148016198
0.5621560844274216	0.5115218669983398	0.46021308094289015	0.40691216490811827	0.34854708950436525
0.4434678839912034	0.39066206311298285	0.33993980174996874	0.2923790412453017	0.24535222418193195
0.47405716679282595	0.4137713465376111	0.3550196710054965	0.2984110654215043	0.24109352814534663
0.465963882031266	0.434011836710541	0.4079319348222804	0.3907012008767538	0.37621910897807986
0.38676413119216757	0.3316822352551339	0.2832227218907975	0.2462510456519583	0.21986910443426996
0.3884126133725656	0.3307014074282095	0.27759453166499815	0.23229036427692926	0.19339568650544164
0.37847446707028043	0.3132322164611605	0.2512712372574357	0.19489902950978855	0.1425063865412164
0.47554509606254713	0.4221409677217418	0.37107656584724713	0.32333327594602435	0.2756162022947567
0.38696659588727234	0.3198575760397099	0.257977625658489	0.20570920817956345	0.1647745646581338
0.45184810496682487	0.4093321861655372	0.37205314453006555	0.34301363634072973	0.3171773296361153
0.4781907569930842	0.4338107474510131	0.395123087292311	0.3660438540520293	0.3443049344189592
0.4711675712211384	0.42575861587071046	0.3836894772766074	0.3466343485690634	0.3113570403539968
0.5120004986913894	0.470088760358933	0.43314361971888893	0.4043082676892259	0.3802530776860513
0.4410469213664499	0.3942960575512458	0.35359423401273593	0.3227682998061559	0.2968758660628458
0.39946606710932286	0.327783973283196	0.258483025500222	0.19317353366721507	0.12949949193413146
0.5683133726661842	0.509383594842402	0.45338644164989483	0.40293456400573635	0.35891258254279995
0.5332439392639837	0.48027421721540003	0.42895258616979226	0.3804648253836203	0.3349165571990148
0.5012785507732012	0.45797436954973786	0.4172816349098427	0.37996602582398764	0.34247287963893225
0.39615345985537853	0.34296014667485286	0.2947834377238985	0.25491197367725443	0.22084862119928916
0.41133085326697094	0.3467654881678465	0.28418963428550553	0.2247711613366078	0.16709072048973342
0.5404854672232539	0.5005187139649236	0.4656456965915805	0.43952394082162777	0.42226788981903957
0.5190007251641059	0.4792651093861622	0.4415830748774487	0.4068420431324718	0.373461093437949
0.4101651717055186	0.35103336722884976	0.293742556999104	0.23921103234776708	0.18582072803405567
0.4996625112992901	0.445400544416748	0.39440995706665793	0.3486459803668661	0.3054003081032544
0.5172187647125234	0.46060031442622856	0.4053115235408193	0.35229733842723265	0.3022693913462686
0.43319833224123466	0.37652362438326964	0.32245679331449634	0.27285326590405556	0.2271735950853671
0.4657693651585204	0.41172964647324656	0.3621248623606285	0.3198968030659371	0.28441134865750706
0.5173966730601903	0.4633959685843504	0.4132102065630954	0.36985455959543	0.3330798813046386
0.45051285174609135	0.3917591473734581	0.33823578342612687	0.29429930885936445	0.2619323768770347
0.43852828819683176	0.385736320997618	0.3399119085019761	0.3064803890791238	0.28570229510506784
0.42374941823300666	0.3794982124241654	0.3390909816121761	0.30451985990112856	0.2735649516132323
0.4318972739977137	0.3674161591749197	0.30430161778132386	0.24294316281696454	0.18074643577242736
0.461700023823929	0.4153409733205542	0.37224814309584947	0.3339510716137532	0.29528397732786593
0.5640197488347479	0.5212990224102357	0.477080436975405	0.4285874958608461	0.36863901071734206
0.41257422713916914	0.3531745936044694	0.29857970442401083	0.2524391762927542	0.21320485238653517
0.3927699568479406	0.3288261070110541	0.27027881484460997	0.22154096494890954	0.18423312508275996
0.47917362405958036	0.4278334877657045	0.37956891742120763	0.3361547918862457	0.2939755366569562
0.5106338939957527	0.4693609620602716	0.4307782976097719	0.3956429284410055	0.35888182518447775
0.4958634565011786	0.44420184307742777	0.39718546722265713	0.35853879498536423	0.32943102173791305
0.4509426014899949	0.39723445442057514	0.34631025695556433	0.2999476479773044	0.2575031965784049
0.4900979762359517	0.4361476657016428	0.3837382064646267	0.33368342178391575	0.28432289643581476
0.471874484674443	0.42519008304116285	0.38025673265157944	0.3374485176745869	0.2935198134929204
0.4594984798219084	0.3993595802992471	0.34043772584920173	0.28319290112853435	0.2267116538917166
0.4856142813240236	0.43002478687228635	0.3744244801688942	0.3181150254235734	0.2587957885607945
0.4664183532902946	0.41715571645156546	0.3733752036351087	0.33892370163463575	0.31205205067816194
0.3767146276319173	0.3225389257886379	0.2724846867065436	0.22888422617285203	0.18869108733214232
0.4618326852453041	0.4020388896703529	0.3493545205628499	0.3100401767850941	0.28559125941010455
0.4714072243664181	0.4280971756657949	0.38954642509720483	0.3588192118578672	0.3337271050703472
0.47655885678901005	0.42060214555212594	0.3684756133150163	0.32317793440592113	0.2846853867784197
0.4320476875765685	0.3795178451875222	0.33067768534355796	0.2877256595966233	0.2478939281103711
0.39498387915474276	0.3421339246007493	0.2944961014350568	0.2557134358446096	0.2250465809508796
0.48231657270905903	0.43933197177461514	0.400529746014024	0.3682358087106651	0.3387826893782647
0.4498837253905508	0.395836742660037	0.34527837612616474	0.300119486256226	0.25758000225172156
0.5462902629283329	0.5137974383554611	0.4873463676275213	0.4705135215748046	0.4571558309476195
0.5081562984365177	0.4560932978439237	0.4057583984522998	0.357971480599276	0.31065763161432314
0.4607676359580436	0.4113507214590917	0.36466395560207776	0.322466733853339	0.28369813276882105
0.4059770380134622	0.35090359148790173	0.3020048969810576	0.2638015913979619	0.23584962361312306
0.5226871872800668	0.46048474487341795	0.40106508054755974	0.3475077558191032	0.30427690901370436
0.4716287196824212	0.4126380239134405	0.3552063821121247	0.29982175824691415	0.24397418694365547
0.4456529170447301	0.3908540834115888	0.34084880823778396	0.2991824450551794	0.26492317378768343
0.4486697479982278	0.38039999698635996	0.31536072114849817	0.25627047035677275	0.20211056710793052
0.4727887207902543	0.4259196481259592	0.3829073326369513	0.34602870376313144	0.3124196587155704
0.6066339307491367	0.5518470489400834	0.4985364723084499	0.4474546068915897	0.3962009887985672
0.43015451261924664	0.38397287678883013	0.340522557854692	0.3009933464928908	0.26352908354154064
0.4609853765594307	0.39964875709401776	0.3391496200895168	0.27998097120924803	0.2210517292415568
0.4811008672995149	0.43341650923746855	0.3889953782463927	0.3496939086624301	0.3126812507368672
0.4723040015688389	0.4100088596666659	0.34784986596560097	0.28543741740746115	0.22031505104843557
0.4708684482514298	0.4082864047191138	0.3449410194847272	0.27980961672357774	0.21134589157545228
0.4857027342746868	0.441931865569274	0.4012515159683447	0.36531451167938905	0.33142409906564113
0.4560477925532059	0.4021556030585257	0.3536106147125391	0.31468522628880624	0.2860235685987608
0.4767986030710223	0.43406156101395416	0.39591106223133066	0.364777265990451	0.33520413159368817
0.49140745068837977	0.4403323568057148	0.3913145547432823	0.34549326059698854	0.3017076378378838
0.47467048664116296	0.42201280164639204	0.37181009535785864	0.32540422470788366	0.28250380247630735
0.5065997715314079	0.4438082231614511	0.3833846131664105	0.3269234580572724	0.272107511636134
0.560344725114963	0.5106578124283826	0.4630213340194423	0.4182302497896345	0.37129521650471115
0.5241610945365048	0.466378523968948	0.4089682539398747	0.3524435042717457	0.2980009846341686
0.4125048498215502	0.3452597841378075	0.28483904259807913	0.23715390930988114	0.20440763774348172
0.4757274069436356	0.41773421001136923	0.364027402524218	0.31811969001707907	0.2804868446164251
0.40434056744478786	0.34190699390980994	0.2829300735993506	0.2301810166104194	0.18541902986864836
0.44049243550455186	0.3675346299159748	0.29630513106367606	0.22857149743899155	0.16526952188274413
0.5169336076424995	0.46896124279232626	0.42553312938868254	0.3902150578472685	0.36350904832121
0.39516710976355185	0.3291901537618284	0.26428335118451785	0.2011205600156338	0.13981034162987338
0.4240744053857054	0.35728527917346203	0.29310277932904316	0.2338718576891424	0.18301677584283088
0.47131953643039715	0.43832493920226034	0.41295347815834754	0.4001805168744206	0.39597692699670667
0.5266377485159223	0.4871802877815438	0.45273039591700415	0.4263801835358427	0.4038422507733255
0.45086091415244955	0.39977996593623305	0.35176402990499317	0.3087833408269736	0.27043248514667884
0.5030124346499004	0.450694256087765	0.40258460581894256	0.36170237596878996	0.3267394157651674
0.4964664856324432	0.4370981292344445	0.38021383402012926	0.32764519384622676	0.2778851153070969
0.4405835084656212	0.39449203577248104	0.35199120289806174	0.3150305079402348	0.28225961004882905
0.434173236121016	0.3803454889910577	0.33088528022204156	0.2888698722320005	0.2533382890682788
0.5893535901867148	0.5374357531820325	0.48514745548215155	0.43147044832173553	0.373497302010729
0.42247452729230295	0.37509543492538105	0.33237019259498873	0.2975328641166347	0.26985385639679654
0.5179116088234047	0.46134224649090394	0.4067980427484132	0.3561744409260152	0.31159452365019763
0.5302070921754912	0.480765382422337	0.4331841083611756	0.38871183491552236	0.3468966464668918
0.49925342649727017	0.45155052950360397	0.40715562965563645	0.367829173666999	0.3304299967931583
0.44714777165007014	0.38257347280046977	0.3201572707671803	0.26150351060294463	0.20536838676774077
0.4075593807512978	0.34446422670630594	0.28369028970413945	0.22687667866464653	0.1743931301748598
0.4315092068454057	0.382064336963131	0.33716668109673575	0.29988798063934163	0.27102096643195817
0.42991294479160513	0.3842927583703456	0.34536186076459685	0.3181438437848393	0.30227247025092857
0.4792109111684467	0.43337274024605815	0.3909439366631632	0.3536857178218674	0.3176901275649429
0.4426494290833471	0.3974508535352401	0.35636318215589347	0.32149191472485866	0.2890284943904005
0.41431597413944876	0.3546729662773003	0.2968253050792366	0.24152864840725746	0.18598872464352378
0.6315999064840131	0.5848360060618868	0.5376447213324814	0.48945423251378595	0.4398098462869338
0.4180228234684409	0.3630995955526655	0.3116451444326035	0.26565160583368536	0.22169509414402502
0.375057213083471	0.3137345916526057	0.25827617823591337	0.21378697407123792	0.18301100726223152
0.5455026676145024	0.5133448172357022	0.48777005226411013	0.4729153415345947	0.4642738419765197
0.49639271429565135	0.45373982178691563	0.41490203697319594	0.3820219799691737	0.35182482347952493
0.46013163208918145	0.4071799578221148	0.35936978709994577	0.32055967029446103	0.29032717510544553
0.4518087957814209	0.4093126347788494	0.3700324842498135	0.3354850467702708	0.3013179209140843
0.44579136477655934	0.39648203499853446	0.34988442006062304	0.3066662979139014	0.2609480324307627
0.431678858440074	0.37408540121663325	0.32045108911883596	0.27362577040733504	0.23299684761223838
0.503280358717815	0.44665933598734237	0.39158395912393823	0.33842415617572963	0.2834554229691151
0.555138795588211	0.5025428285169355	0.44942090822850056	0.3946088433166208	0.33473061737643706
0.3664749947863397	0.30359438010975565	0.24372826832775468	0.1890789100683709	0.1410937602602329
0.5140948110459889	0.45081202560233113	0.38989280986430785	0.3335171520487177	0.28393221613565217
0.4593903505075375	0.40854659840472407	0.36244886588268943	0.3241412003252232	0.29025334975869166
0.47277022888023795	0.4215606077794828	0.3732593915804697	0.3288568447252782	0.2835445830147562
0.4900569862061058	0.44873314342723036	0.4122882500243953	0.38322666236130015	0.35542689327305904
0.39635700231294635	0.3422608906158048	0.29224656525376413	0.24865721422807488	0.20891228077507498
0.49838323117405103	0.444718727145337	0.3933374895261893	0.34576597249440366	0.30066269260716927
0.49100030473471995	0.4373324286433764	0.38611168764679193	0.3392959117011105	0.2985511012433098
0.45878663177607587	0.3981941787704273	0.33771641485754894	0.2767006086412163	0.21332023905059555
0.3887228430558255	0.33057683898795065	0.27723460937021344	0.231792772245942	0.19271989833886624
0.39009526462153254	0.3403377134473784	0.2964640343884299	0.2623159452441831	0.2353400055339876
0.49847534707762614	0.44275826073239904	0.3891740723944511	0.3391088038790031	0.29058005691414035
0.41045713304273046	0.3614703444670856	0.3170827899014599	0.27987375346385174	0.2452646016980294
0.46655544133727134	0.41133335809732424	0.35961758121098075	0.3137581603844698	0.27197024168880707
0.5178433048036566	0.4705158623787458	0.4277694220324211	0.392939939819064	0.3647596160542985
0.4792434398127186	0.43529630273182485	0.39360115874882357	0.35453214280318973	0.31381177529168136
0.41452040765759035	0.3646999542960144	0.3209115395254307	0.28747737688499303	0.26295511247442704
0.45760862631640753	0.4115109308031335	0.3702761415230156	0.3370471855073501	0.31020751901985594
0.4253572274704773	0.35749685425092825	0.2924344975918154	0.2328147909829847	0.18043894676304278
0.43821937219470597	0.3797362558524162	0.3243843795664113	0.2747584278926791	0.23299312608612022
0.4278864291583758	0.35986166084331844	0.29366820321043346	0.2302945064165946	0.16856058912558664
0.44460883422936776	0.39383011183838745	0.3462351828209233	0.3035343487693711	0.2634829107598604
0.5035258974432993	0.4548092867151945	0.4070221105675142	0.36019560650858906	0.3095766310439737
0.5205862983212113	0.45770005613075004	0.3931415736865812	0.3252150993447998	0.2528967878916438
0.5135379544891396	0.45223479969718616	0.3960235835613902	0.348840407837246	0.3085290985768665
0.4180683416570635	0.3655237360861462	0.3165856625523924	0.2738079185280082	0.23761508812982154
0.5216892499118501	0.47329623040397156	0.4267987697918212	0.38285781752024256	0.3374773248753475
0.528809105990992	0.47413380738595134	0.42072664565758044	0.36883327892126305	0.31515297285182187
0.48109071034746775	0.4243022876661815	0.369312010473282	0.3168709858058453	0.2663783296289058
0.4106904284139714	0.35743654194657465	0.3055203926750924	0.25458202878416963	0.1995605383856449
0.5266684581680935	0.48320947323834823	0.4440844026531698	0.41203722259775066	0.3852363224767842
0.4453114894540246	0.38847933554271025	0.3381227645903097	0.2996048614248254	0.27330787156047576
0.5574108636814269	0.5099847313654907	0.4641535849978421	0.42077239981242875	0.3782759517091871
0.45392746974352355	0.41167688185463097	0.3753193239113484	0.34884099532524093	0.33024992863178965
0.42887536701152906	0.37791113452033187	0.33250254458357176	0.29639756868246186	0.26518139316157197
0.4586232304944712	0.4217535083083636	0.3875085564189598	0.35623065004416155	0.32203572692139676
0.4105695711713133	0.35272935113120474	0.29872439111611815	0.251236050201754	0.20932428265364328
0.5672498276535201	0.5273073624473538	0.487823578994836	0.44817948004346364	0.4039304140244094
0.47644902450672755	0.4315154689374583	0.39146930223448423	0.35968577989059014	0.3347320761847517
0.542692992471905	0.4936792252973507	0.4445107575553255	0.3940140726272878	0.33834416745070134
0.41390573633166816	0.3544060324962747	0.2977238874535175	0.24567747663119793	0.1970030560047014
0.4125274426376117	0.3618069134031615	0.3162931430779063	0.2796625941493115	0.25109260756757046
0.47026674943609076	0.41839039412554824	0.3704155724594116	0.328855024269525	0.2924041344355432
0.4634912050132639	0.39688331948266	0.3329707447393255	0.2748540356396879	0.22658615501990037
0.47563294522562166	0.4307485651424265	0.3873791100373081	0.3453053624389346	0.29830690371955026
0.42616547948082584	0.37836613333361496	0.3345606603563056	0.29696591285551105	0.2622933318265821
0.429285739301652	0.36393425068087654	0.30086653644117645	0.24182869354124514	0.18585175083146294
0.5107016204314365	0.46438795109753755	0.42160166351979594	0.3848324186651116	0.352689135345413
0.45149337531022654	0.3892676231479456	0.32829855123047214	0.2694096979486783	0.21203161840229115
0.39566247241787644	0.33945484638551215	0.2865209863424765	0.2388489197499121	0.19423343628536646
0.4612934474221252	0.40191341345696896	0.3426549740904778	0.28273898437119543	0.2190207973249074
0.5475751474104873	0.5088480925775106	0.47312419954338064	0.4418834733922886	0.41153159385190263
0.4814620964854411	0.4373524635683213	0.39905062896617416	0.3702693670866752	0.34607038471105
0.5918098146761382	0.5623934822800086	0.5379761617605495	0.5217977692158557	0.5120370591062585
0.4249414088007706	0.38130960170089945	0.342238179104519	0.31020874547313904	0.28139608468396793
0.4401879150071	0.3921223019276531	0.34861194811417967	0.31276228541696066	0.28331237995061925
0.4694764867856214	0.42036891640001284	0.37592092028510404	0.33931369103595865	0.3093055211297545
0.43372562793899194	0.3874071956581161	0.34725104484844926	0.3175814649228744	0.296223279633347
0.4167158549294778	0.35969141174289915	0.30839385264851493	0.2668989191323677	0.2330584810126002
0.4207748694635227	0.3717856216485325	0.3259701137398298	0.2854828725159633	0.24978305005843704
0.45290695575789736	0.39529901548569957	0.341721602838882	0.2946809081612453	0.2505364005533673
0.4358030462686228	0.3834880765508823	0.3317082557361738	0.27971485262832724	0.2235152553205046
0.40239042631907773	0.3449236527657319	0.2888776012640302	0.23425169650991334	0.1781031892808878
0.46579496134756004	0.4095516020111738	0.35940681006580316	0.3202794843792982	0.2915409015196994
0.48203652145712855	0.42805303857451993	0.3763345296821642	0.3283310824577822	0.2819324951508203
0.5270106260194152	0.47940695150822715	0.43295363417571897	0.3874941595148387	0.3388323323214322
0.45437763243800344	0.40407045033238587	0.3567140852488668	0.31381041659205444	0.2728500766108475
0.5019791104134104	0.44234295178465294	0.3870678633654161	0.33951801596831754	0.2981934015350273
0.4866404445541931	0.43732778984758364	0.3886366954437409	0.34011918503562716	0.2884831668448735
0.5009737412989147	0.4597592220509359	0.42306028678863944	0.3932388150264253	0.36612446311142005
0.4738862113745701	0.4218704378505035	0.3731860178981862	0.32990249830620877	0.2931408416318835
0.4558544057699122	0.3928203384864999	0.3327384552582203	0.277866846916262	0.22554714786977464
0.4211280034295138	0.37062621594318657	0.3242666771888313	0.28482080495186957	0.25057066571636094
0.4393122458723202	0.3880384585220384	0.3412471867083794	0.30204384083654445	0.26928594541868445
0.4864902390182768	0.4395910910313907	0.39478465942275554	0.3530127142299967	0.3106725850522209
0.4568438961631208	0.4027177973273802	0.3535902727858913	0.3131298807734709	0.2795190842190893
0.43193566118388244	0.38366021945596646	0.3402575473747535	0.3047669599869243	0.27347185680783526
0.5440011103401401	0.5068161635537731	0.4730528835939595	0.44421629184274675	0.4153520537713517
0.45335730099873645	0.3996579012972522	0.3498697139079447	0.3063451436261161	0.26577286879595124
0.4269367307069689	0.37664633867156433	0.331720156500441	0.29591695955571445	0.26747829312444804
0.4637435195453664	0.4101384236163701	0.35806635039715273	0.30819326333932784	0.2597093850713653
0.4334872848227586	0.38031487901932526	0.33002602766434763	0.28414771961328195	0.24130859486087472
0.415519159399679	0.34579677037513695	0.2786758387763174	0.2160451304297789	0.15604391454138744
0.43802118811959917	0.38579580178960854	0.3386565077477219	0.2999478309917865	0.2676591008394919
0.47593842901473404	0.42019890100758667	0.36709414807731794	0.3183324571374268	0.272335257434174
0.5420666967957026	0.49501331992740655	0.4503599831934333	0.409415930047677	0.36982146806960114
0.4181463094835088	0.3619968241213779	0.3101571936477227	0.2652355183935334	0.22350257075467206
0.3825129131660154	0.3247922558827465	0.2710656037480984	0.22421173177846576	0.18374671130164205
0.4458007415161689	0.3807866451599122	0.31604568782753956	0.25139483710409877	0.18469917288322446
0.47594437471393913	0.4171184910088209	0.3602527139650089	0.30642979321579067	0.2547126908608616
0.4714527780809045	0.4179519080933882	0.36955123327484907	0.3299720763511177	0.2980100613616011
0.5214025926856959	0.4839248278043651	0.4511912707210568	0.42586939907066085	0.4043233767684906
0.5053975810197429	0.464795739135603	0.4283952518036817	0.39883302648169355	0.3751522464328031
0.4985976810070441	0.45175051353792084	0.4080618021881363	0.3691574071736464	0.3320572500786425
0.42266791436105233	0.3683759918794459	0.3169783623023025	0.27090816730612194	0.23344733310040328
0.37444117498321855	0.3155465975134652	0.2602304921642077	0.2109033954017572	0.16649592740699254
0.3896850129411056	0.3199899100104701	0.2521662925426821	0.18722786758699916	0.12406026112461108
0.42704618406256434	0.35921097021327736	0.2960433545517442	0.2414375142101075	0.19655043814326395
0.5834991490477582	0.5488977733355415	0.5192940393575638	0.49793406004783314	0.4806427145426934
0.5332687543843567	0.4847282281305786	0.4393124187803978	0.3991562778937861	0.36283741660385743
0.45884783561029097	0.40039585966589814	0.3458330492488064	0.29822250517468474	0.25752633570690825
0.5324569152412296	0.47871312507341235	0.4249876775374415	0.3703746063588229	0.31312325127889595
0.43313132787889497	0.36005159500880407	0.2885452419874781	0.22038571302864535	0.15793063858105405
0.5372548256708738	0.4982116500174512	0.4639266282860039	0.43765735896980423	0.41720754358506484
0.46145745132356525	0.4083968760102598	0.3591082296493862	0.31570540306497974	0.27274211666196185
0.5148225410851512	0.4736733810873806	0.43654074446489943	0.4058927999267983	0.37899065386244374
0.517717610381355	0.4743986283014872	0.4339339448351965	0.39778276929703327	0.36178782400825643
0.4467714604587867	0.39443346621363334	0.34822704704557245	0.3130829603260064	0.28855485790783203
0.4913011136896933	0.43967422436040776	0.38970492048101646	0.342220269696509	0.2952314768249957
0.4066377914752062	0.36115939983253703	0.3213562557306459	0.290804391546178	0.26622210195139423
0.4788406880787832	0.4336863643521261	0.39312389324960956	0.3603112299143108	0.33232990431158216
0.5330235348543804	0.4939288771205601	0.4564855915530087	0.42031163889396467	0.37716781658972515
0.5291911859188791	0.4728524360671304	0.41756826533211805	0.3641000446890421	0.3126342416184976
0.555903725600341	0.5167373173218637	0.4768868929286591	0.43443983986548695	0.38477852627755715
0.4683595672090854	0.42336517324078915	0.38240012560641756	0.34781864608443125	0.3168224501347958
0.4309105732805632	0.369863194203733	0.31332469976536026	0.26484946122445985	0.22463477462608417
0.49747089904153885	0.4500501568374774	0.4088738321306746	0.3782653198127881	0.3541282792751572
0.44688533115174334	0.39360782723193144	0.3448368256365228	0.30351900357836137	0.26820820449392296
0.4863805092534902	0.44539542771935015	0.4085486943792614	0.3782202429739855	0.35083689013280733
0.5523789992916412	0.49838087029047207	0.4449601735014289	0.39252821414528666	0.34161362500368797
0.42210155502142244	0.37235996600958354	0.32716811273630264	0.28976959213418985	0.2595491149728642
0.5113480726412669	0.46380888483484967	0.4181777417411162	0.37500183461107905	0.33034839602235677
0.4941879264781741	0.44859948730290344	0.4098948767932004	0.38293990832470426	0.3648906747502864
0.3609822288741044	0.3023160871710045	0.2510846185827128	0.21307466541972309	0.1887316918551764
0.4432794084258218	0.3780841724750874	0.3181631241870997	0.26785086403298336	0.22808023379445397
0.43585459148101907	0.37733146397122713	0.32147668436100385	0.2696524818171162	0.21827578084106836
0.44899178228398806	0.3931526571102546	0.3415525735364896	0.29765705475225357	0.2632172277908835
0.3471156958881224	0.2748743021336198	0.20564328604331147	0.14182349807574868	0.08422588899301517
0.46259039741054	0.4120164894268149	0.36304670174898707	0.3166623243906581	0.27166076850871385
0.5133282204011018	0.4684430947828443	0.42551257145422106	0.3854089419580887	0.3459841165629881
0.46227030328129476	0.4061433416615596	0.3547805451335736	0.3114177289537897	0.2743315841505876
0.45300252753183473	0.3887090507898171	0.32463725978845565	0.26022713124724384	0.19359612056194384
0.4818413031408516	0.4360624531127024	0.3942594571258751	0.3592352162640321	0.3298001737500705
0.4589743584505833	0.3994344220016504	0.3415775403210226	0.2861902448866127	0.2320724141700852
0.43306915221138975	0.38615417504465854	0.34235167110887643	0.3031766877844349	0.265395211580459
0.4416608333441093	0.3954739940471165	0.3538056401982503	0.3199409085252598	0.2943798130339162
0.45680978342086975	0.3960014657820339	0.33946540033127803	0.29005508938042024	0.2454348191029546
0.5244988578423313	0.4676386877114953	0.41239696817633864	0.36016396797573175	0.3122135402326935
0.44630927997835335	0.3878098455011236	0.3319800227567262	0.28095984574253297	0.23372544687389707
0.47195043262290215	0.4041903574351789	0.3386572656277085	0.27743931435843416	0.2203708862256679
0.4936025697662879	0.4475946005429289	0.4045534701294436	0.36623939849326026	0.3314312567476398
0.45165673661942285	0.4051760469744742	0.3627424368123054	0.3267906725815158	0.29473481211721003
0.4479980816319533	0.3927229520556028	0.3387663390602004	0.2863606006332798	0.2328192342643829
0.4475598648162768	0.38142382310683676	0.31825052277478766	0.26062364635945867	0.20963928747139407
0.5175798220845929	0.4656350244772636	0.4172519564215659	0.3746092020829162	0.3343034909569492
0.42247168213456193	0.3562534499596827	0.291785869764011	0.22990887940095905	0.1688422931699984
0.4541928395365978	0.3954341777619339	0.3397953928928091	0.2897505679811049	0.24759740705924313
0.46006131953942914	0.4154353515547888	0.37322786424657417	0.33387796671689857	0.29160405835916575
0.40024161319897467	0.3449818859823655	0.29234669745596725	0.2439973479437672	0.19958585798104453
0.3488814273585213	0.29174764696074035	0.239978006343838	0.19755212474850775	0.16454439589783795
0.44770201917329266	0.39539992213322367	0.3480875096764196	0.3094470129016289	0.27877898510374877
0.500468890407697	0.453358080087796	0.41083163997180744	0.37550101992642726	0.3430827294943338
0.49962687901981917	0.4533935333072191	0.4084687963971583	0.36509809478581157	0.32098971635526125
0.39154285807038913	0.33409621682018675	0.280661381311408	0.2339520707227873	0.1926077049172393
0.5398571733946119	0.48876578192109776	0.44012247620151534	0.3946893192120033	0.34610091093853024
0.39681708859472653	0.3312730783772675	0.26872860324731185	0.21112757155875256	0.15668994986550264
0.4819381794783928	0.44088361099587664	0.4046064735386731	0.3759845627202754	0.3522019138104699
0.4306605218044145	0.3777819642918694	0.32844885706494464	0.28512207834733416	0.24813607998402404
0.5078808414320903	0.45249653677322504	0.398641844518239	0.34682891613976247	0.29379531043475215
0.47743015285623575	0.42684482316247896	0.38189909366698715	0.34686677265430654	0.32105984523620806
0.39785188174018526	0.34783253456172736	0.3024101333307562	0.2638037682799733	0.2279076762224365
0.4720231435709807	0.41808976844435974	0.36663741444566994	0.3192469209292315	0.2755807508735415
0.46704307904216935	0.4313064952669902	0.4031820473678337	0.3878169063996505	0.3818624714647185
0.4988995176361254	0.4424502205798138	0.3880143704095649	0.33658403443223056	0.2854248857861914
0.44990118501735243	0.39314401110777986	0.34034450481935064	0.2944353610831649	0.2544357540771709
0.4839978015188341	0.4361102666565839	0.3909706894107748	0.3496730921127029	0.308000516926755
0.4162028796719378	0.36289449191263956	0.31297337898434296	0.26807466412735104	0.22343563393771043
0.5351283457451852	0.49146163328301473	0.4505702388472128	0.4139933722157713	0.378830952859809
0.5093511371930493	0.45246745871887517	0.3996949246054482	0.3542651176330157	0.316511234362732
0.4610756593310066	0.39691932481917735	0.3340537918741466	0.27325700999855795	0.2141110685419182
0.44570241504462077	0.39968182511856626	0.35738588228899915	0.32052303169079327	0.2836125377065732
0.37090476717846366	0.3091264796105514	0.25263020917995993	0.20504935877486757	0.16384973703289396
0.4784568939593981	0.42466801415420796	0.37216055632625167	0.32106780084602554	0.26912050999635784
0.4486302207265438	0.38652357895637734	0.3261867145632284	0.268375846865927	0.2087987420275229
0.4481893667007008	0.4019120138212297	0.36120953210220497	0.32999745743784126	0.30727263794590093
0.48157061631639064	0.43338970747884586	0.3909938577676654	0.35868495036607034	0.3346061243893679
0.5248754038825865	0.4750635434794064	0.4275101098103271	0.38359678171927064	0.3406574659713159
0.4750617140205399	0.4202022799015454	0.37058551767174824	0.33024782789512386	0.2985628315970022
0.3454058381623887	0.27971305943617963	0.21839925820511177	0.16528698039246215	0.12255297480614873
0.47125479146514454	0.4192559241319151	0.3689702130579444	0.32047284838597967	0.2683683247097472
0.4531404602120678	0.38460585718779255	0.3183965162864697	0.25615484982001424	0.19731822434348534
0.4881668799397418	0.43873858188710624	0.3918367948362565	0.3487295079121957	0.30596897800878564
0.4799092399716881	0.41601727409808736	0.3538599925486269	0.29462780157147483	0.2379138185516462
0.5595562640761708	0.5165376203855646	0.47271175753593253	0.42606015569702727	0.37050122151194187
0.4573055316266635	0.4011626421849833	0.34747844706770614	0.29769908930290334	0.2486991091366928
0.48372784857530354	0.4233779189110335	0.36648222375254547	0.31592990959514144	0.2717146240208439
0.4079979643751981	0.3562091962418168	0.3098824197169347	0.2733018636708041	0.24667562285443817
0.39200996901364404	0.3478447475618052	0.3095240478893876	0.28076317208044654	0.2586254141625511
0.42105080888695273	0.35920769172135175	0.2987858982160424	0.24027809607866624	0.18067104083946187
0.5073806166629513	0.46625003440505025	0.42932572342157616	0.39937509537513255	0.37553186842699915
0.43774216105835406	0.3964668195389241	0.361413695848156	0.3365500773401217	0.31799022632618346
0.41831171657013033	0.3680995120290348	0.323393271361614	0.28851689733772173	0.26505003345156314
0.46395313267326904	0.41015813023314224	0.35908200920225913	0.3125233200444424	0.26934241686534655
0.4493540297250209	0.39694270794537284	0.34742080406795534	0.3029978704161202	0.2661397647748948
0.4795461694492346	0.4356201370469497	0.3961214209220078	0.3634946215701496	0.3340837764400927
0.4664311952887434	0.4275797095148059	0.39621919677141565	0.37747361634480875	0.36848629172848796
0.5541845165003949	0.501505336715631	0.4496483337763932	0.3986440340982728	0.34398020422957964
0.38078826654504794	0.31315548403133	0.2472775972997356	0.18441056541548775	0.1252284663119256
0.35060650480131855	0.28384522236547666	0.2200653180848084	0.16153946594487692	0.10807451776215479
0.4440423019620976	0.38869268673640234	0.3355431037258319	0.2856803770772467	0.23603987524901304
0.48353134075262977	0.4274222376866476	0.3765135402192513	0.33480178241167585	0.3008819802103391
0.45420209026061076	0.39160755883596193	0.3305183418493465	0.27171403157635654	0.21499888464661682
0.42806171474969734	0.3778704230032449	0.3338881430949301	0.3004346014760795	0.2764571247500799
0.458714133753056	0.3990443873827422	0.3431472380932671	0.2941284561079936	0.25341876284215564
0.5078248781694898	0.4686318898229642	0.43331805626788816	0.4036418374802703	0.37378165569190247
0.44518767953536514	0.39517865132387764	0.34771904413346705	0.30377767928744587	0.2591105323426665
0.4627886508976575	0.41955066209521763	0.38194026832358263	0.3539003438738485	0.3356121383843237
0.4267202595228277	0.36517269018946225	0.3058703055622267	0.25058344405527244	0.20104883907840113
0.5260437043195264	0.46426785883052757	0.4016932321977623	0.337410006730234	0.2695555994830834
0.39089969410989656	0.33310664453244765	0.27805755158730777	0.22729870548634967	0.17811506503953695
0.41532989986045604	0.35107196807388397	0.29277154293412666	0.24512956454699902	0.2079744515451426
0.481293122606936	0.44921966019245424	0.42454982163421057	0.41175696370185866	0.407387521759578
0.5168874969140576	0.4632823438739764	0.41119789038692295	0.36094208823548796	0.3090095889457
0.5522963080024603	0.5120929770199023	0.4742304458573524	0.43975130096253046	0.40495089291467656
0.4369298555766556	0.3668559263543171	0.2973132005190835	0.22859146518544837	0.16026972097695596
0.5071238045209802	0.44778895741690056	0.39107929946549475	0.3391613289733688	0.2904247937927353
0.43459793758512855	0.3665702832618168	0.30043536513320923	0.23771824774837447	0.18003055990607336
