0.5924761768915702	0.5421369262213784	0.49530932744799583	0.4505206508025335	0.41202064943739575
0.5510861084627702	0.49533657642323414	0.44324590047102913	0.39380601912145213	0.3525420196569615
0.6253356485908416	0.5711579100641885	0.5194765559913358	0.46981927262160295	0.42640485808047135
0.6757986013621143	0.6370335244260091	0.6011946707441647	0.5667473303900167	0.5365918535387939
0.6277217948182288	0.5844909192687798	0.544137731145343	0.5053040318759853	0.47115691276803995
0.6132415605375712	0.5661643066318743	0.5237082246686315	0.48415392968612947	0.4535496557979425
0.5736565515107741	0.5192196913812275	0.46725050443715394	0.4168767613853529	0.3714238676534388
0.6189307861459211	0.5702222053218425	0.5248430499870357	0.48137461394904824	0.4437994354538609
0.5945968297392152	0.547964747679093	0.5052870576080273	0.4645856542317938	0.42997973881679147
0.612906642520986	0.5651501278972477	0.5204769095747065	0.4773144662683348	0.43881172691446657
0.660715754343569	0.6162201309922011	0.5747612772492665	0.5353860530791654	0.5024373959704539
0.5916773984521213	0.5385630237019602	0.48755007157854763	0.4380382866789762	0.39315657228721446
0.5943684815905411	0.5435259597632076	0.4960409407367904	0.450435466901059	0.4106270998881253
0.6145975673498727	0.5667521309615504	0.5216085910275097	0.4780728000228855	0.4394958109317526
0.7050987515102337	0.66420408168901	0.6251520776739076	0.587166181256718	0.552468495019483
0.6278062873426338	0.5838753342792701	0.5430166419625287	0.5037650168154615	0.4694700908210291
0.6865702045037549	0.6397285405281683	0.5937254062919283	0.5486813622402077	0.5065954531032038
0.5378707230684268	0.484316577983049	0.43397682869858933	0.3853001084640848	0.3417526913715215
0.5756629907872547	0.525887593036932	0.48040760991825093	0.4372496829532776	0.4012537053994096
0.598461165944794	0.5456374837463629	0.4943211382240548	0.4441677051547142	0.3976010587978305
0.5871165354293529	0.5398755909260867	0.49500878756667627	0.4514883046168482	0.4121202960372766
0.5664955504449075	0.5229850797382046	0.4842099584507977	0.4475628100353614	0.4174789973226056
0.6326249034339938	0.5846977939468923	0.539995151358637	0.4970449577411377	0.4594998663448129
0.6570676920875805	0.6119140168238602	0.5684374299908537	0.5258205534893651	0.48585529326886306
0.5917620059253177	0.5437609533884189	0.4982619838511798	0.45421994237047675	0.4146715239315207
0.6432089246070131	0.5935974635473891	0.5440631020774528	0.49522761042731395	0.4485476524779193
0.674913648415038	0.6246963414117424	0.5754682382157992	0.5272833517558093	0.4823160728785589
0.6026814321416897	0.5545325169492843	0.5088532236497144	0.46466225703116615	0.4250617566593773
0.6255996480885743	0.5750708266764427	0.5261054469825813	0.4785463784962341	0.43532481481501567
0.5906591255906748	0.542582172123916	0.4964816155022334	0.45154563601649333	0.4102015776475755
0.5971129268983535	0.5463708672881816	0.49823172225945944	0.45189509837491204	0.41111801499777834
0.6811592759844003	0.6356809406610557	0.592172714701122	0.5499623223309434	0.5117548557724505
0.6411482555690939	0.5890997368158326	0.5376170089660063	0.48695808828584336	0.4388400472757153
0.5988256224437734	0.5504374250674963	0.5062464598639043	0.46423131428163855	0.4289270787825537
0.6137456759102712	0.5679842715529838	0.5255464321811715	0.4849580616762072	0.45007403317891925
0.6366082442847477	0.5855759918326279	0.5351069711111711	0.4851149617851473	0.4365942052008615
0.6119483259484306	0.5659876734453191	0.5244174098402822	0.4851432953169955	0.452951224670035
0.6976813168224714	0.6547948248791746	0.6151181842373605	0.5772427007155074	0.5449225506226131
0.6491450165295405	0.6016808279346448	0.5552401113918944	0.5098064777079712	0.46747900339758197
0.5872840849466645	0.5402142789898821	0.4956645113804994	0.4525681711817588	0.41395465693497085
0.5950186274592744	0.5429996596196366	0.4925196217561415	0.4433873130961492	0.3984118239686837
0.6304477481112647	0.5818537753657247	0.5350845070019928	0.4894524408159114	0.447327862790065
0.6158831978952506	0.5662540863690342	0.51836085491008	0.4717302126456709	0.42899379142492694
0.6026345516644362	0.5486264183731091	0.49658254810486646	0.44597816415841	0.39981360747373174
0.5860983271751099	0.5394908332293349	0.4974968341965785	0.4578056785849769	0.42521721429187453
0.5878110445310799	0.5376653755479092	0.4899403988214023	0.44382062844701636	0.4026518178803502
0.5988309867160463	0.5507142121036546	0.5055367388913447	0.4620775721869076	0.42391820164050426
0.6226901777527134	0.5746339684142898	0.5287794690271573	0.4842191460931117	0.44365046921433077
0.641695230074596	0.5989346076145625	0.5588082877104655	0.5198903930441694	0.48469966079227605
0.6536020329548095	0.6123347157709887	0.5736645468576159	0.5365427707229437	0.5041967235179388
0.582756594153705	0.5319683889116302	0.4850335990110232	0.44062921819670203	0.40402941258029035
0.6219556597907757	0.5750698703205402	0.5304088860892835	0.4871458715642905	0.4481946340385452
0.6299760330345557	0.5832769255397706	0.5385912151403675	0.4950449462580433	0.45501307236104427
0.5993816470659838	0.5518562220557995	0.508550149447077	0.4673919356679043	0.43285839212113275
0.6011727956321589	0.5526872236707266	0.5060054341014977	0.46036928973340124	0.4179582430962614
0.607902403188183	0.561377967103536	0.518519792707265	0.47765006642491614	0.4429133377342834
0.6241016916062556	0.5750113192204925	0.5281981901159182	0.48287693677119065	0.44215709614536625
0.6057590134051246	0.5457447785646545	0.4854197560252281	0.4259384928758596	0.3690596483015507
0.6434766024279064	0.5979394889862669	0.5550628531442527	0.5135655782517955	0.4763226851169061
0.623950884712969	0.5710332801696972	0.5200466033405728	0.4704609674543243	0.42519658122422294
0.613694909980133	0.5671992979303799	0.5230197633794067	0.480153748456615	0.44133904000740276
0.5655261165638275	0.5150628841566023	0.46833450722089326	0.4237347751979788	0.3857004516624082
0.5843194833470251	0.5349463259405282	0.4881859503795444	0.4430171613384938	0.40275732427130345
0.6748535366957126	0.6288792292303136	0.5831289501966097	0.5377264737609548	0.49339672961400927
0.5758338507833739	0.5255347721404289	0.4784443493372915	0.43325350217133773	0.3939215420070416
0.6377601767366512	0.5881776564726565	0.5413235474368873	0.49618143296501144	0.45631964663641245
0.5666828777705502	0.5162740128830416	0.4681416562233941	0.4214280980928006	0.3790905595831838
0.6148892459744267	0.5700773010750048	0.5283385467742858	0.4883200033450723	0.45360712972857326
0.6368112693799597	0.5901221295843764	0.5436352858047031	0.4973630714665672	0.45175284163727664
0.6265421297510803	0.5803193543647873	0.53686303900075	0.4948574595572829	0.45732640466629293
0.6287965913438285	0.5785963297453465	0.5296760426098672	0.48161710029706223	0.43621481554857156
0.57672968667713	0.5263965893472299	0.4789020469326603	0.4329390459494018	0.3916997990556157
0.6855897961835136	0.644061614019016	0.6061248236934406	0.5697866037956802	0.5383788764339507
0.6349376918686789	0.5881199119021719	0.5440202279934676	0.5018607487992938	0.4656854694232283
0.5983618640616878	0.5438721272750815	0.49007839004589954	0.4369317107802263	0.38578076120149574
0.6340979297465186	0.5878175453006914	0.5447915596585049	0.5038123351885357	0.46914596406995046
0.633972148066766	0.5895626235862361	0.5489484153086659	0.5106808820532974	0.4796512305203315
0.6518282959898141	0.6037777931093427	0.557291369772477	0.5123216353290859	0.47202984509049195
0.6039723863998449	0.5565600073180467	0.5118340443630508	0.46866224621973746	0.43028397976600735
0.5811297520290168	0.5236838363298495	0.4683427519678581	0.4146242604100143	0.36591035393060356
0.6104977083932575	0.5573408925573418	0.5053059333331319	0.4544515965353967	0.40723866956253874
0.6125130401251769	0.5617018090188532	0.512167220573392	0.463741871303004	0.41873776352326875
0.5878947184209375	0.5331888043208244	0.4789157538454462	0.42528378344182904	0.3736291050322443
0.6277650878569705	0.5834256302411588	0.5426291212763001	0.5038609110320176	0.47134861014814405
0.5876054614509367	0.5371231831795891	0.4891280679239312	0.44295913728719605	0.40242273273523227
0.6845563048935603	0.6398309494145219	0.5983740943100161	0.5591149609801769	0.5266342908432774
0.6361450189508979	0.5886037478152737	0.5423042640387551	0.497338400749448	0.45648584128691183
0.6240074103831227	0.5747229683162902	0.5274559544513918	0.48184745373474847	0.44135432770294597
0.6327338279836464	0.5886382237936992	0.548408485943032	0.5102894407074068	0.47868043344273553
0.5959469704606518	0.5487126317740086	0.5053437182413163	0.46387046971810186	0.42824404659426624
0.6229041400794537	0.5748318332627443	0.5301366316294533	0.48737683445372343	0.45058643159817224
0.6360176011095136	0.5885356916430486	0.543056312489514	0.4991366501128194	0.4600276434274367
0.585179559325009	0.5348797364147481	0.48648621378217893	0.4392812534829719	0.3957421921715618
0.6985023195938139	0.659929423340136	0.624518579023799	0.5910799802461867	0.5637244052370006
0.58604194327769	0.5378710454534134	0.49305413257612635	0.449794292772992	0.4113369546529753
0.6226736267104525	0.5692465066208495	0.5165063708657212	0.46486770560257273	0.41662632077503736
0.6454735279531273	0.5925051063246561	0.5404852993311822	0.4896308711522165	0.442370836718189
0.597136615487878	0.5479508446878952	0.5023688741199334	0.45874802396287695	0.42117588419103874
0.6099325027303891	0.5576419605888304	0.5065071471712542	0.4563044102177089	0.4089764893929693
0.6018741148361151	0.5501935817427196	0.5006850466371026	0.4526988712296908	0.40940813056731895
0.6039143133799573	0.5570567305658893	0.5140032205553895	0.4729509596051014	0.4380711783794626
0.6501333660441847	0.6072400034245791	0.5664438829133004	0.5265454219710095	0.4894156246595354
0.6113892746629455	0.5500835760801953	0.48868753190211367	0.42802132629782985	0.36960617174391214
0.639291055841738	0.5926703805425405	0.5481675876046913	0.5047369402401273	0.46461312606516914
0.6654696534859229	0.6211642386822467	0.5772252415970986	0.53374068036072	0.4916577418001248
0.5836115351810981	0.533738211939973	0.48675425920967613	0.4416059488882398	0.40211933544185335
0.5804475034701347	0.5287330786983224	0.48105120644316346	0.4358411074898529	0.3982547325861491
0.6423978938938973	0.5965549417287842	0.5532397870938185	0.5114251728117376	0.47423869557084025
0.6800812525205906	0.632649800818554	0.5850192123631839	0.5379498239377101	0.49261135240552906
0.6062367734413485	0.5522303860996911	0.5007253163653599	0.45136251422079465	0.4086071371716371
0.6809487733268604	0.6342888206236208	0.587653472484549	0.5415771550322184	0.49722506353855056
0.6825002731210285	0.6446904095693883	0.6095288917962544	0.5752193765087169	0.5435377040880429
0.5685253175158657	0.5138390796294957	0.4617933599205317	0.4115792004983311	0.3670141474064158
0.6072329945482846	0.5612524814976949	0.520008418289445	0.4813580631503987	0.4507075171241299
0.6062605068905808	0.553611331266104	0.5017323914898517	0.450615921092625	0.40185114538261724
0.7005612523810142	0.6602373505849181	0.6220249361664112	0.5850145307276006	0.5517114979509596
0.6433291906100814	0.5966757146647477	0.5519166073147317	0.5084805007446469	0.4691249434935746
0.6544826431890941	0.6066444360192572	0.5602867265316149	0.5151285276171947	0.47366999549583916
0.6085711923117646	0.5638043944844989	0.5220886548743628	0.48193505463431335	0.44659958212291156
0.6663323516917791	0.6184276711538573	0.5723661806932103	0.5274636349618619	0.48613563823883527
0.5221417374848861	0.46822327481486536	0.417676677397275	0.36901401696156294	0.3261620090100204
0.6014157575831147	0.5565634188101766	0.5162037078321887	0.4780701286849196	0.446802638253292
0.6213618271021876	0.5797189059399753	0.5419436898834707	0.5058868796809368	0.47513017205095837
0.5742901623590106	0.5228517955437927	0.47540180861575615	0.43012366097482774	0.39154414681805666
0.6206313525151801	0.5728031931488622	0.5269724221910583	0.48218132112020673	0.4405968880374274
0.6674816143936317	0.626838174129024	0.590920896203837	0.5573709235615725	0.531122462835745
0.6144421196701728	0.5681484483629288	0.5242715249562135	0.4816660747978938	0.4429822468914918
0.6367290058851468	0.5876581359804619	0.540637465996269	0.49488529071344806	0.45304555090940485
0.5993967647213536	0.5539851274392948	0.5116481079720414	0.47089337317271873	0.43501890051847497
0.5699185170362258	0.5191172629562354	0.4716740278371196	0.42615139835629007	0.3865525189958553
0.6285004730076839	0.5750205788367518	0.5226172730624505	0.4714905412433601	0.4243011638556675
0.5798799700617445	0.5343067940075285	0.4939111877338526	0.45590667109313726	0.42527702476351964
0.6713108835775728	0.6280399681704535	0.5869932796197848	0.5472635069261433	0.5115955157409521
0.6407877680638842	0.592603741362459	0.547203126475652	0.5034895505016205	0.46497933161633626
0.5728960266240302	0.5185219866431922	0.4665004924448588	0.4161529530337559	0.37096841516483275
0.6367973863909779	0.5935684308116155	0.5542243733239113	0.5167560163656663	0.4850729080892503
0.6744121923644113	0.6321859662016708	0.5922569272372642	0.5535120841237302	0.5184196723965977
0.6473209332709805	0.6038067806495124	0.5638744135311285	0.5257586593628422	0.49324590925084516
0.5458620287269529	0.4928161854688049	0.44299189701089514	0.3949368548247406	0.3523387230039384
0.6286661768668194	0.5817731376761863	0.5378743156882917	0.4959511089423789	0.4601213191865287
0.6418088172664929	0.5972615244661877	0.5549091886224813	0.5137233357940916	0.4761352824122278
0.639240356778878	0.5874648763399057	0.5375351954473493	0.48933269098521415	0.44645734030399836
0.5906617538346808	0.5408784783483522	0.4932520702822508	0.4470700141204722	0.4053427922029372
0.6648683514957814	0.6167696236663907	0.5697309210168314	0.5239504556362962	0.4820507885962873
0.6179687666502288	0.5666715037159611	0.5170649079361268	0.4685536643826357	0.42342083061475005
0.6355985687396402	0.5869392753672358	0.5410080962665994	0.4967934683309253	0.4578732225252452
0.6135063838378814	0.5647835878017079	0.5182982682151168	0.47340327470411525	0.43341334556132327
0.6624309248006064	0.6158213226610095	0.5714432248552672	0.5285417983295457	0.4901948891385813
0.617990303594543	0.571609526199459	0.5290025646791444	0.4885172268071873	0.45457564164107184
0.6581577284801196	0.6131535804102116	0.5695768560729985	0.5269791194146171	0.4874008877835766
0.5628726471474168	0.5089163540494209	0.45942643157066865	0.412514075964436	0.373551744958276
0.5595394155568799	0.5034735529182379	0.4483447680120809	0.3939073264395996	0.34160220452423956
0.6177496114221267	0.5704353504399671	0.5249802799892982	0.4810494708611807	0.44181996168396476
0.6143167061801711	0.5611050135469625	0.5083569118450495	0.4557766843222417	0.4037142334157586
0.6046651976775815	0.5539803200864912	0.5068503260310192	0.4617133556067591	0.42272349510448975
0.6559164783764019	0.6147907684024349	0.576690722323246	0.5401992304643428	0.508669024288523
0.5879825536977936	0.5355666977183443	0.4863051133168369	0.43860877543946253	0.3957401487282667
0.591295230594706	0.5432504176670703	0.49774967263485254	0.45373253023243	0.41429128362124823
0.6036269324215604	0.5576307888325388	0.5146926736253497	0.47306216740684837	0.43546473739605895
0.6106449553348022	0.5569105962155597	0.504307736076802	0.452738125662225	0.4043553814402697
0.6545746666187314	0.612489453334054	0.5726600018270465	0.5342716814484019	0.5003282614308554
0.598325738573323	0.5519925662252838	0.508538411170347	0.4669041353702699	0.43088293793473337
0.6183910864257479	0.5708154913481618	0.5260791992056435	0.4827750257482928	0.4438879554507824
0.5909466937591512	0.5367446351505692	0.4840730423135926	0.4329207035478189	0.38645422079943603
0.6057773496904449	0.5601165703575423	0.5175382805121972	0.4762379070971028	0.4388790287274501
0.6878146195785602	0.643964309736578	0.6022119064049074	0.5618751644582923	0.5259047661967053
0.6276339151968535	0.58158271476156	0.5382569000715086	0.49648967847022507	0.45952964675383273
0.6047084234168153	0.5567500589166597	0.5112775525332793	0.4672485551818409	0.42767179239188535
0.5947432096121155	0.5466298710917783	0.5027794283219459	0.46103482695386094	0.4257853008935129
0.6372308060957252	0.583317379707061	0.5300406319919749	0.47775454010520213	0.42852394147808504
0.5903795925396593	0.5435071741860605	0.4996464437099569	0.45745049181326586	0.42038923915604276
0.6849412607790499	0.6323820162935649	0.5786705473313554	0.5250258497898612	0.47158709625041373
0.5849673801134428	0.5287388229494789	0.47337989265231445	0.4191910002617826	0.3686108717174645
0.6372704335925149	0.5958898478917917	0.5584043947413835	0.5229511601146238	0.4937659247502603
0.6722167023460243	0.6319710503708282	0.5951895172332187	0.5603944915108157	0.5317264776566559
0.6306249460297108	0.5855282559545822	0.5425282548308413	0.5005753450052964	0.4618519931275698
0.6410316250378929	0.5942544470109326	0.549524061903059	0.5059967486816825	0.46618008646039355
0.6165838897652327	0.5675169446837556	0.5221911827231156	0.47907101167023675	0.44275357468464394
0.5906521755829797	0.5424934218025883	0.4968298394774685	0.45280125166159046	0.4138154996720236
0.6412059470974313	0.5955221522070192	0.5533845751196118	0.5132943181195531	0.47951863834042724
0.6431350554043452	0.5995041565833713	0.5592062493380405	0.5209847379000361	0.489167482321976
0.5477258870017442	0.5010702931206095	0.45993943552276806	0.42153049358497285	0.39151679317801613
0.6714453493050101	0.6287858321281464	0.5883335453713234	0.5490831590819805	0.5135398107691006
0.5901083174284133	0.5371564093118819	0.48544190367642204	0.43477616595419555	0.38734515738637554
0.5971703523720813	0.5520083399952017	0.5120893394494255	0.4747128645078114	0.4451783359051664
0.6409600376810437	0.601158072186226	0.5659536299343167	0.5328289966005566	0.5061191462309226
0.6262173731250593	0.5812009980342616	0.5393730403094162	0.49937762051334394	0.46503432240211856
0.5827307729667237	0.5311770828774101	0.4825676160045858	0.435725424580667	0.3943340648863508
0.6178055236345515	0.5737229296419464	0.5339566206873398	0.4964324071112524	0.4658235188386407
0.5805205280914236	0.5301838304022217	0.4830618542020883	0.43784266090160223	0.39849224680605955
0.6537661757736833	0.6069277783601676	0.5611032200148235	0.5160446807083326	0.4733487843531984
0.6274088777051353	0.5819805108637374	0.5401661617722255	0.5005616773321357	0.4677731085250948
0.5984877598577403	0.5444044723951319	0.49064876805958446	0.4378249815750366	0.3878755220069619
0.6288908476031417	0.5777370229893889	0.5279512473327866	0.4796232496453853	0.43579149639693504
0.6035777832242502	0.5561459521389425	0.5133188262715617	0.4726820704236489	0.4388011026500179
0.6041370903316714	0.5609175071179089	0.5212322342397457	0.48360960157688754	0.45234879821421115
0.6007982325644962	0.5519049422763768	0.5046774448519772	0.4586341853227295	0.416243486857627
0.6155743507452354	0.5674929669098993	0.522843399057507	0.4802877857626994	0.4441905850203309
0.5823698474265921	0.5274778379473275	0.47355377493727746	0.42072140453446066	0.37125615650420046
0.6477173669801342	0.5984625428366134	0.5498750554197045	0.502347672121116	0.4580899823886335
0.5884303501237426	0.5351987876735208	0.48416504045868924	0.4347028084382811	0.39008762212918
0.6773067414886251	0.6320811917687396	0.5895916422759635	0.548843661008767	0.5134672223322494
0.6479056238521848	0.6062954722676345	0.5682877569390341	0.5318732346967308	0.5003726195827984
0.6224507997629696	0.5760227156187351	0.5318508838972272	0.4890134737568986	0.45029183826837293
0.600104170638804	0.5476652585260733	0.4966060798964179	0.44694692411523257	0.40160587786775637
0.6099438105624534	0.5654022499902007	0.525553369605677	0.4880869237116501	0.4579686529549748
0.6161301145061688	0.563474271281223	0.5127888919901503	0.4635082853685103	0.4185604382180462
0.6621783935032525	0.6200135418786822	0.579620216028675	0.5400774815354983	0.5031582375455194
0.6512079154659316	0.6078895379640364	0.5690204973216579	0.5326484237664781	0.5039777797960898
0.6678536567923499	0.6241662986864899	0.5837131278632047	0.5452876800800538	0.5131163660782863
0.6011387273209703	0.5504373510581393	0.5026454440961563	0.4567865943703199	0.4168898993976952
0.6637817641830912	0.6178381260763265	0.5751916236177865	0.5347537749652549	0.5011281073187759
0.6241068011971571	0.5769207246818262	0.5328007927809169	0.4904053426526789	0.45332873513577243
0.6332301005975444	0.5863648561924754	0.5406460519511631	0.4956515531217884	0.4528910393363168
0.6223079642649132	0.5725849152415523	0.5237257487874136	0.4758340551204656	0.4309263509437872
0.5988849304281179	0.5517176390024755	0.5086683009740727	0.46768904274076667	0.43309455980488953
0.6317619762368725	0.5843667214635516	0.5397082903108559	0.4967688473735715	0.45913130319416384
0.6690319725207713	0.6214996387172856	0.5743640492773364	0.528144669336243	0.48475116682722685
0.6570880890796844	0.6112091473702759	0.5670099799366387	0.5244780099380183	0.4870881996881397
0.6532700400933857	0.6048982682980754	0.55821885698318	0.5130025983663997	0.4722991615381411
0.6136992603516643	0.5659755039960106	0.521001813419845	0.47768803729511555	0.4394939579137082
0.6527049844398877	0.6093324856868808	0.568168671631121	0.5281578353471238	0.49170314410307686
0.6006471209324029	0.5519939191167386	0.5065098019907748	0.46279618578739956	0.4245433496860244
0.6158680090900063	0.5715988126330607	0.5307268693679704	0.49140515927842376	0.4568648544795851
0.5781020995120628	0.5293036445955982	0.4837938038437949	0.43997587734106613	0.40137634499321234
0.6127060797185104	0.5660449089868067	0.5248358798983874	0.48646319551142897	0.45683868770576536
0.5947242948975667	0.5467821648606307	0.5017757970659088	0.45873915080376465	0.42177774348352204
0.6290329043813949	0.5768058346400396	0.5273047716484592	0.47970954595173065	0.437992520172662
0.603666564695926	0.5528441086995253	0.5052375263793172	0.45980052890523493	0.42105521151229225
0.6431766843745484	0.598762667793364	0.5569419452768732	0.5164672210112629	0.4801439774774378
0.6376812201397919	0.5891518004060106	0.543325426170441	0.4992106418969475	0.46037493784783695
0.5866863871217851	0.5337334946915976	0.4830528184949824	0.4337401258681617	0.3886467235915968
0.6259101850185133	0.5812858371155666	0.5400469949863504	0.5006846486553057	0.4671100038642067
0.6057238043197436	0.5548310370564863	0.5055593415854575	0.45754244531247057	0.41339574329086815
0.5558995497912174	0.49871496900674367	0.44359269679373037	0.3899088729357619	0.34066167492461824
0.6238566120841526	0.5799640400306469	0.5408065292590085	0.504196863681674	0.47544555172761294
0.6444191902129668	0.6010169268719971	0.5597502729556287	0.519559159567634	0.48268535047544886
0.6431643574363729	0.594837491628497	0.5484604114644303	0.5035991087722926	0.4634129391750696
0.6741333160066492	0.6329756668488041	0.5948330509152883	0.5583717964184088	0.5270963878933187
0.6141546228428678	0.5609007077621809	0.5083446510917695	0.45679579608768794	0.4083534668967382
0.6417824999091718	0.5986438848011142	0.5587962322883205	0.5206657542048877	0.48783158059431947
0.5787285823245188	0.5279410382777534	0.4803772878155662	0.4346117582816809	0.39439250604084236
0.636216976788638	0.5835960363376402	0.532378087948009	0.4825349407482922	0.4369321115773931
0.6328752538855971	0.5881616772545997	0.5453531263799059	0.5037902192051543	0.4660692678543412
0.6111685966116103	0.564576163335796	0.5216246448346487	0.48032536286603666	0.4441220965309408
0.6587668600997926	0.6207946313395891	0.588319052119624	0.5586540989000042	0.5376579977216537
0.6425749567161411	0.6015086328735095	0.5639996559287616	0.5282959669788031	0.49816035237128176
0.7158637089857395	0.6709998069636604	0.6242325931608287	0.5772585142965414	0.529646398706611
0.6067931092971331	0.55616047118666	0.5077557873983942	0.46121868918644693	0.4204418105958661
0.61655597049686	0.5657396760154334	0.5169441112651818	0.46921493538882375	0.42477483723575693
0.6132417158246327	0.5649178060730307	0.5177438227763943	0.47159937309059285	0.42863032793842354
0.5829823974553473	0.5310233377513186	0.4822568892321029	0.4352956930025787	0.39390246098977144
0.6642633584143226	0.6179839417059676	0.5714153190763119	0.5254543318623272	0.48136748283422626
0.6133787837009934	0.5683573453566088	0.5262405259167887	0.4857379530831525	0.45021422303593067
0.6769931296910427	0.6316204059138523	0.5866942356107077	0.5424025015746033	0.5000675679551717
0.6341496320182045	0.588769600321217	0.5461638841074477	0.5052068869528314	0.4693350564406868
0.644061177942365	0.5972418543099332	0.5527348577211258	0.5097817297767354	0.4716212200491986
0.6225386360029932	0.5758020462447656	0.5326560837123038	0.4915035072514893	0.4564991585926359
0.5749852818064131	0.5231994249210435	0.47400414869435864	0.42632261611936023	0.3833099436998106
0.6421038183385451	0.594400776202962	0.5498816622139664	0.5072142730881632	0.47025818417027865
0.6709600615106727	0.6251927830540877	0.5810599874409653	0.5380449334448127	0.49847734513662023
0.6187506254577732	0.5708419263714232	0.5260943360744202	0.4834774359688489	0.4474322526313692
0.5911852285786269	0.5385778939912659	0.4878315566260726	0.43837849062837964	0.39291427911815424
0.6203799772854512	0.5765619940673228	0.5379588233286452	0.5022140044178863	0.4752852389681974
0.5772807634019124	0.5309888441912763	0.4888933492715773	0.44877679442656637	0.41476391139840374
0.5871416981927275	0.5360370863351827	0.48710977628804	0.43967812900136466	0.3968595747311682
0.6135006407594983	0.5645008655534889	0.517328941008967	0.47153100691768385	0.4299708902890512
0.616195465473795	0.5678299945339355	0.5224055108094843	0.4788397867863307	0.4410070606180471
0.6708457553476457	0.6307862490512081	0.5938718173718016	0.5583385785859486	0.527065371847474
0.5834549776601264	0.5349602892398563	0.4895721853066965	0.44605517085964597	0.4083091831906377
0.5730009950833707	0.5246823369850545	0.4792870350550072	0.4354609124998294	0.39647463125590504
0.6286353810350551	0.5806309362527424	0.5353858814744683	0.49176780854047225	0.45316785786114294
0.5695775303605767	0.5208204772496126	0.47592672806321895	0.43318595583411224	0.39708563974847255
0.6600216043221426	0.6198108410273836	0.5817439127353071	0.544969315602782	0.5121806730615457
0.5931667012620777	0.5482138405911801	0.5074203468151257	0.4687209790677009	0.4364805527431935
0.6346106180956557	0.5885981872749343	0.5446548877436279	0.5021463240348139	0.4640629355581252
0.6125460583945758	0.5617048397095454	0.5120698538633901	0.4634660725754003	0.418042849546646
0.639263068635539	0.5923282176534743	0.5483510553860603	0.5060895249957654	0.46911954136345335
0.676069665618167	0.6280340654510399	0.5831952071548443	0.5409070165863927	0.5064858852195345
0.5844965498856409	0.5340370468269267	0.4869641019741367	0.4417837633228926	0.40244081574807505
0.6394648554770499	0.5897014644270077	0.5411504219158294	0.4939368592192187	0.45084850372529
0.589945185025996	0.5424278292119481	0.49931944751000373	0.458907541288087	0.42681241110339346
0.5932826252585384	0.5420243679689877	0.4935999572472446	0.44716556144942715	0.40686899577675206
0.6375289212239386	0.590356157109983	0.5472540567535245	0.5065956306615405	0.4734742623756051
0.6055024535499	0.5585853767132358	0.5150976347242694	0.47341794790857994	0.43731487028161314
0.6509661714721873	0.6066982986495262	0.5649334172419929	0.5246396489811854	0.48888325502893565
0.5790126380340163	0.5285374790326695	0.4801569084570202	0.43272647806560205	0.3882265779811517
0.6186261799202021	0.5729667607423441	0.5298877924762115	0.488067030608535	0.45012697186687123
0.6403727464568653	0.5960604431979066	0.5546550750131005	0.5148227781239755	0.4798423264504539
0.6143487181031118	0.565010909529059	0.5173116785872526	0.4708869386283951	0.42839312856122647
0.611610742272632	0.5699955242605409	0.5331231098939158	0.498505110482318	0.4708404338117594
0.6390392629534105	0.5927597104787181	0.5495553967808275	0.5084742077912585	0.47394140124721595
0.6143063797785623	0.563218107866135	0.5146324960584254	0.4677402520383004	0.4260708853416674
0.6379537375393151	0.5963912137605909	0.559190156610137	0.5243083690448371	0.4965799362393116
0.625088051264209	0.5823401521483227	0.5423595618427143	0.5038186534689287	0.46971817567962054
0.6662649491773031	0.6199861037689594	0.5744696983024539	0.529783468578795	0.4876577612021516
0.5892182160108135	0.5432279474664385	0.5011417017215675	0.46091218963529945	0.42640942645283325
0.6166550902413817	0.5672600182743175	0.5202077590044016	0.4743207653491342	0.4320278162949358
0.6155154247663617	0.5723636896669444	0.5321576443377993	0.4934190055822272	0.4592063089011699
0.6448039821489979	0.5975792038784755	0.5529584797950174	0.5098997468034202	0.47165868420391965
0.6262078735896575	0.5786993840098787	0.5343247656155112	0.4919851462307616	0.45592210199914107
0.5950429201918261	0.5489633233918648	0.5056658815223586	0.4636765662430884	0.42572192361703265
0.6088794602351406	0.562860169570349	0.5201481257642673	0.47930903689727344	0.44424672845034363
0.6447827351261441	0.5978655530307126	0.5540590234137299	0.512103940418102	0.4758592994453051
0.6807352719898181	0.6374464459290399	0.5965552999058051	0.5570914920178484	0.5220300425746174
0.629377288126016	0.5878514028929374	0.5492073287962909	0.5118894485455873	0.4786619660308713
0.69327609210766	0.6529966397895287	0.6149665768309607	0.5787060971344512	0.5479035671870749
0.5848343611006885	0.5392767914754478	0.4979361674288989	0.4585607489081873	0.4252466405482995
0.6188187799381577	0.5694925653649476	0.5205834917831024	0.471980090059974	0.42431947621259647
0.587780115586206	0.5350228085939656	0.484561540877216	0.4357609232474758	0.3920822712918721
0.7043299802910974	0.6619925031885943	0.6215728494254266	0.582776281059637	0.5489858170842876
0.6460731748035409	0.600901584521871	0.5589503903470229	0.519062994448214	0.48554099967207753
0.6036111138774735	0.5460403513629924	0.4882208219186994	0.4307909223807958	0.3745627636682203
0.6333318024060959	0.5912629650609951	0.5550537974108127	0.5217187991245739	0.4972486405411316
0.5721069908190104	0.5181537816845633	0.46711598187827463	0.4181787970455675	0.3757205675770443
0.5907629258331375	0.5371199395214475	0.4864708027126341	0.43781597706706366	0.39531223249605846
0.5869559652191384	0.5340044250144435	0.482539695701274	0.4324521010090344	0.38661202137866507
0.6292798325995568	0.5867942756096362	0.5486574979131463	0.5126578436757925	0.4832497484217033
0.636294910775425	0.5891953517794507	0.5438711788154111	0.4998238401328746	0.4597146588096626
0.5809315324951473	0.5290056002440036	0.479584733840381	0.4319074745794255	0.38960804656888337
0.632248336733701	0.5875814736864299	0.5473392306351352	0.5093776515623295	0.4784503554510216
0.653758976171624	0.6112436474206421	0.5702459548605802	0.5298385215960243	0.4912516331133412
0.5905128193824303	0.5413612182788943	0.4948389796026931	0.44985356250024644	0.4096081851025033
0.6090749656695742	0.5655739949697275	0.5248061936380188	0.48585949446397747	0.4525296454702562
0.6318905507472095	0.5877760554533237	0.5473037677785296	0.5087037084527983	0.4758781885156231
0.6311634613532965	0.5884086328736896	0.5484741647150889	0.5097699789354646	0.47486036984836966
0.6206658457249055	0.5733396089595304	0.527957961173076	0.48389574657383244	0.44390307771879817
0.6086679542592682	0.5603442167750551	0.5150018361427257	0.4711574834004271	0.431933518475923
0.6581439635570954	0.6160954851380204	0.5770929478013918	0.5397533035020491	0.5075425428389202
0.6392005464475995	0.590766872197666	0.544073121608507	0.4986774307925164	0.457285363408793
0.6143385985968143	0.56635474224666	0.5209282638680626	0.4769731465244483	0.43755616805451863
0.643717019079083	0.5946178126097549	0.547186960120939	0.5007947682543842	0.4576061314870726
0.6137423894854526	0.5674726553230979	0.5254880559119803	0.4862176529499683	0.4553186830513888
0.5843553815964647	0.5367337644732252	0.4924778735899708	0.4501434413702891	0.4137353902685075
0.6088067856477994	0.5540705463177613	0.5000344737834855	0.4469659753528985	0.396881778904436
0.6057467739769293	0.5567324636471179	0.5092969939512376	0.463018025535253	0.42030606976332785
0.5975211040081025	0.5458272489788387	0.4966035669231119	0.44913602354248505	0.40708496258837856
0.5492884349022846	0.495159135142608	0.4433834371037676	0.39299287339810607	0.34687449837572515
0.6760617562543455	0.6319801256215724	0.5899596903563309	0.5492646476235173	0.5126575311245066
0.6509703313213112	0.6095308316397935	0.5708718534143485	0.5337704172389628	0.5014729292154689
0.6523858609137607	0.6020116939380622	0.5529160506339842	0.5049367409502752	0.4604005542514404
0.6064722944207087	0.555826325894925	0.5087674483322041	0.4638042193831652	0.4253046279868519
0.6346408653414057	0.5869511974570785	0.5405184178359551	0.494865724468539	0.4516190617547866
0.6495227488525118	0.6023903690579924	0.5570747007611027	0.5131751832940584	0.4736435191132721
0.678580435323767	0.62479948070162	0.570185145573791	0.5158505557735059	0.4623787882958695
0.6247012305403412	0.5799536925356066	0.5379223773743389	0.49770644278071463	0.46308971118939724
0.5610913257572421	0.5122087795230218	0.4674181837131379	0.42469758055573037	0.3883614839205801
0.6287893237222114	0.581106235927926	0.5360056930174701	0.49276790901598927	0.45527545768006916
0.5769420536683969	0.5259364308414275	0.477234032956647	0.4298344902253015	0.3864533613828705
0.6469335143328355	0.6022421000525182	0.5588295845128575	0.5162159135751557	0.4760661299200376
0.6033193930062637	0.5533229933298373	0.5053077494544426	0.45859966246153455	0.41592325723902607
0.5522181104662981	0.495475312275966	0.44200861937590874	0.3906401814566402	0.34574341994365176
0.611574848217227	0.5608221672906675	0.5126622076804668	0.4664226566751802	0.42610624807757613
0.5859981356565985	0.534504705998	0.4867529488950837	0.44093251860241106	0.4010689058867772
0.623999918271299	0.5735474278829211	0.5259702064490233	0.4805625486908053	0.4418465057174321
0.6256724388455682	0.5824569404656936	0.5423038974677602	0.5036964274207656	0.46985598907027915
0.7072687499646946	0.6622493672913917	0.6168602075348778	0.5721077713919933	0.5293191905600101
0.6495482332604691	0.6052448536163434	0.5643171482279556	0.525209566167983	0.49171581527194086
0.622834828134817	0.5767386668048577	0.533174023538818	0.49125203895278263	0.4543965288992937
0.6472161469585272	0.6018155079914062	0.5605158137269665	0.5216999111117671	0.4905448008986726
0.6652406505037854	0.6179222359296155	0.5715295478282884	0.5259560702125419	0.4829092946515269
0.6381181054630287	0.5926524676492735	0.55039947112912	0.5098866999813119	0.4747413296436681
0.6125763212115136	0.5627810658919518	0.5168213229397985	0.47321688134895296	0.4368769278156669
0.6567819987236722	0.6090128114717693	0.5634449997813088	0.5194466262273899	0.48028889208687303
0.6292237674700948	0.5872341721550053	0.5491353489472508	0.5131047953671647	0.4834534339604604
0.6322123055651921	0.5922255525828581	0.5561387256810261	0.5219655363518153	0.493694605443195
0.6422646409445195	0.5901986255623031	0.538543584119264	0.4880379511672133	0.44107745447382285
0.609950782707487	0.5659210135216961	0.5253998970951417	0.48653639048518327	0.45278547240193023
0.6074845527785023	0.5625886686672866	0.5205508387457343	0.4799623592941306	0.44384413123078903
0.5820028399963726	0.5346469435015112	0.49154376067559785	0.4507055056714733	0.41685299838647905
0.6397398501452699	0.5952003057613502	0.5521233079222634	0.5101239048827124	0.4714481421554873
0.6119033917911096	0.5714341848540984	0.5350108848170293	0.5005243729956492	0.47201152343848296
0.5599795261273944	0.5116494591232026	0.4674572228589586	0.42503295475842057	0.3880616549371765
0.5671726973013003	0.5107344003061465	0.45609221212051587	0.4029484141739207	0.35442612164308834
0.5721075030124465	0.5217130121157443	0.47413157066666983	0.42802018315396456	0.38644290301289247
0.6088600676761406	0.5600062930085395	0.5124017123774356	0.4656603341625388	0.42158134291298194
0.6578080176825254	0.6154503183927136	0.5769410970482076	0.5403740914614232	0.5097974883806431
0.6187935253940622	0.5695856455251835	0.5222847039698117	0.47648710076845446	0.4353262645212619
0.6381946192094462	0.589833084586665	0.543109178337048	0.4977660671067331	0.45668176075482647
0.6406702290972809	0.5970271570311761	0.5576147230245555	0.5203026195797561	0.489468594284076
0.6308529449268453	0.5892021859554356	0.5523560056661412	0.5175737485430255	0.48915727774293977
0.5653890463412029	0.5173625210779712	0.473473679037902	0.4319031735108269	0.3974831448563588
0.6243023496351858	0.5765136843292904	0.5316912711963427	0.48886247479210926	0.4521826176085686
0.6121930416469936	0.5665341245178804	0.5243817770526873	0.4842157539833403	0.45017617829313206
0.614990765876695	0.5609428902804036	0.5071933383512688	0.45387942385482793	0.4019091518235167
0.5965508730466309	0.5489328456824424	0.505049424693551	0.46331815078565564	0.4282247734224841
0.5583382906244299	0.5134069348413249	0.47420284759723486	0.4376278072248196	0.40916157191480307
0.5993900694133355	0.5515542236378719	0.5069410943649452	0.4639978761998365	0.42620518760143933
0.6708186467989489	0.627345773401954	0.5864482622003561	0.5472194871473115	0.5131376177181202
0.6024707216642783	0.5524274823969356	0.5047818324082661	0.45854994612423755	0.4166785504836965
0.6757259583543652	0.6302123786260081	0.5871455311881505	0.5456544847854117	0.5090237029707909
0.6085893709516406	0.5591288521706619	0.5133929100921254	0.4697041660219881	0.43232962264301816
0.6604974255194435	0.6196377083092465	0.5825015711082812	0.5472450697931341	0.5177859550330168
0.6193521782838534	0.5715227246910608	0.52669220033762	0.48382809572514324	0.44702904629373735
0.648915787629437	0.6087443401387048	0.573001927748549	0.5394161238237687	0.512481976752298
0.6351945997506818	0.5922163049947484	0.5520815375511626	0.5136040648911843	0.48023820909737563
0.5889665372961463	0.5349085592575725	0.48281336657248874	0.43262959404770335	0.3883412407484888
0.6743085787855576	0.6309883224900664	0.5904722487727954	0.5511883882624949	0.5157050597237952
0.5868682149855511	0.5386736243461465	0.4948189083173474	0.45321688027184126	0.4185628484449402
0.6329009728242723	0.5878212155041219	0.5452152709982514	0.503922589617718	0.46668042357554745
0.6342557913962099	0.5895747089506648	0.5471078632149807	0.5058296483725699	0.46821754397822335
0.6253104727358236	0.578914218038929	0.5353723520891761	0.49348232597910135	0.4566870919773629
0.5730144171003223	0.5184528149742423	0.46744982796033	0.4185049858200746	0.37590810793654905
0.6461980298286601	0.5985787318160638	0.5539181037024604	0.5114565942571351	0.47577785646273446
0.6283111450307609	0.5810689710957099	0.537180453165747	0.49534424676456046	0.45983801275506353
0.6053094583503049	0.5577867510915027	0.513883868359631	0.47207556023396535	0.43672757708514454
0.6243241366089802	0.5708513683501111	0.5174484178176126	0.46460756031462097	0.4135003739957793
0.6227536973976667	0.5715271770256886	0.5210796803755398	0.4717226073492968	0.42572874275305594
0.6403115495975906	0.5907965543362519	0.5446601225272134	0.50083422651448	0.4641347475176574
0.6156154127093164	0.5676724897670499	0.5227912158992122	0.47980789131539087	0.4426784375500096
0.5907302758339428	0.5397839673993444	0.4908015432316235	0.44274441720724717	0.39754120084489214
0.6442567935195451	0.5948918458179719	0.5471127712916127	0.5006922824545159	0.4584620979567915
0.6141567942377125	0.5648432625557116	0.5172775091592948	0.4711102832466377	0.4292565546939533
0.6205961267083124	0.5723391875785859	0.526098367831345	0.4814737865892679	0.44183419177475
0.6183894716584668	0.5731678750021311	0.530366619915975	0.4890120511336432	0.45211951661572136
0.49624979775036326	0.4331927999774614	0.37298731054609024	0.31502959555688276	0.2640047218844739
0.6423984515340059	0.6011675537966272	0.5639167846678317	0.5286119874581848	0.4993091779343745
0.5773184433095515	0.5315768376316458	0.4903430507179606	0.45122376189763447	0.41862624833684975
0.6014143125669162	0.5481420565317486	0.49672437813015435	0.44637715794142985	0.3993315665936073
0.6569843347752535	0.6062379416801301	0.5574341768260902	0.5102824209709417	0.46822597896419377
0.6362152432340572	0.5889141528167792	0.5439040553078767	0.50035464813059	0.4613104680313048
0.5691901654515874	0.5151693145278644	0.462963498945201	0.4118534570908234	0.3641231250662315
0.6043441413457302	0.5552508125544459	0.50916355754872	0.4648216569271845	0.42586297659688194
0.5639120269562045	0.5110951750832263	0.4612976898913168	0.41319818109150164	0.3703357639968173
0.624713527421393	0.5835014801793427	0.5438333628383276	0.5048978858243945	0.4682221013466295
0.6350903005601123	0.5840989091266691	0.5337068452007865	0.48433311270605334	0.4381002337096238
0.618295767691866	0.5686809787726209	0.5206995702674442	0.47411971767465166	0.43186270306547275
0.6417093678373879	0.5947924273975396	0.549528066913282	0.5055150517617872	0.4653615780579695
0.5839649071970289	0.5293718291794189	0.47747348484732943	0.4271121454221015	0.3814914111583754
0.6418632335746163	0.5902459302566682	0.5381915928945177	0.4867561919189998	0.4372297848679733
0.6424787981073592	0.5989346367349832	0.5582905788363538	0.5189024948380317	0.4833882282412856
0.6296825675418485	0.5798569626181468	0.5309852370246064	0.4831619518537019	0.4385723857534952
0.684303675667854	0.6352536880596542	0.5865618948733444	0.5386183476182296	0.4929826254765285
0.6235950523532869	0.575556348358783	0.53171810559351	0.4902387068888203	0.4560347230373022
0.6048301874635024	0.5572134764514735	0.5130023599196676	0.47059430937943597	0.43374747982687056
0.6170602829944285	0.5733282603266512	0.5341330653700841	0.4971818021138011	0.4671515279532162
0.6153869018168622	0.5716609105065851	0.5315489922727041	0.493274967403923	0.46066958206516884
0.6822137773306636	0.6355005872909762	0.5897524218624492	0.5450985139487534	0.5038196393870414
0.6286406716404895	0.5821659888318412	0.5384275910918822	0.4961026982777393	0.45813749795203085
0.6424780923226405	0.5982749708057821	0.5571273659383085	0.5173633412143	0.48186671156507715
0.6683149236894121	0.6311734272098655	0.5966731117662697	0.5636092783358781	0.5349760059373998
0.595746075354212	0.541479970625082	0.4883725715409959	0.43619215188965854	0.38687082752414387
0.6271803247780394	0.5783803335584101	0.5310315900182706	0.4845604845259149	0.4407962900139208
0.635608806597637	0.5857603641000378	0.5390531483247515	0.49428906502487135	0.45551821167583173
0.6379435496923419	0.5934469676000548	0.5503141519910151	0.5082426301478961	0.46944447111717474
0.5777472971545936	0.5251876422367359	0.47564548669544116	0.4281661895309693	0.3870493945452192
0.6090850801770473	0.5639752646788114	0.5236687054693802	0.48574875365673226	0.45518984753311226
0.6119337846072617	0.5522102785358329	0.4921430172331975	0.43291056054410204	0.37625290309092685
0.6256914479181441	0.577279836104213	0.5317054556592308	0.488063622320969	0.45038237033678397
0.6296396519008509	0.5876515844897812	0.5485458369406345	0.5108670605019365	0.47758951048828596
0.5961616318401226	0.5463599094057203	0.4989969443585259	0.4529030097113234	0.41072316280544674
0.6549588281370312	0.608258196031237	0.5640863316742186	0.5214701423056669	0.48365214248551514
0.6344224778266065	0.5866061245062189	0.5418095044258096	0.4987744183450923	0.46117245556399533
0.6365167838419187	0.5858581415543695	0.536190841664036	0.4877550998803136	0.4431178695332343
0.6550924956615387	0.6047131398423399	0.5542517188540542	0.5044135582329052	0.4564977280481898
0.6149466517110294	0.5635652214226801	0.513392745561964	0.4640718542345055	0.417377516677821
0.6181627963906349	0.5734868309199779	0.5314210789227273	0.49061621500613384	0.45370032536447913
0.6081343248201398	0.5569180890815437	0.5085173770299053	0.46193149581510234	0.4209431220603902
0.6322487538566068	0.5866451050032239	0.5453353980805541	0.506397880034023	0.4747769364369785
0.6668186256223412	0.6200068685268687	0.5757182105284504	0.5332167639170142	0.4962276377204304
0.636947494778729	0.5910877183631409	0.5467421488256743	0.5031253576443393	0.4617563474695877
0.6198778860160163	0.5729737200924886	0.5290402182809726	0.4870280464610897	0.4509418588944923
0.6150874513481333	0.5607372789220295	0.508971859299702	0.45894911123046744	0.41430130875998356
0.5912024581419966	0.544302431794524	0.5005696533931421	0.4581971107741533	0.4200199618992473
0.5815400415507546	0.5262636568338633	0.47284147210681376	0.4207179476757649	0.3725998988777306
0.5932393730885294	0.5394631165200197	0.48829076362034446	0.4389870571939773	0.3954468425280065
0.606004250972619	0.5600661087036517	0.5179504515874565	0.47780949878113427	0.4437591533645687
0.6797998497361927	0.6379618054839584	0.5995322466118073	0.562839783998674	0.5315050710288645
0.6322064655759925	0.5830971364739301	0.5362125089576937	0.49092971511329997	0.4505874786729225
0.6396703400762712	0.5959554712251139	0.5568208473148927	0.5200286446733975	0.49046120384454206
0.6162925695414532	0.5715633689552039	0.5303589700836915	0.4909749077392082	0.45720533413004333
0.6430209989019687	0.5940572086467015	0.5475799715007568	0.5028476593135413	0.46349724293476197
0.6304768617088149	0.5792117536456279	0.528478614237239	0.47882251515264923	0.4324883462033209
0.646890654091804	0.5984855621412538	0.5508892730988759	0.5040550343471305	0.45957119768256716
0.6423341452416444	0.6018867501168715	0.5650572219469816	0.5301646978152772	0.5012465016120516
0.6211852221179079	0.5791144976898419	0.5404282515286274	0.5034022529207853	0.47149697844710253
0.6682372396216084	0.6226724318738409	0.5791858512384979	0.5373786271475185	0.5007510653117936
0.6276044828980597	0.5833865138158001	0.5419337421041963	0.501829516870558	0.46588463190019913
0.6218490887695174	0.5775250026864827	0.535841846136838	0.4956873382058278	0.46024766202276324
0.6354379190094881	0.5895922641492884	0.5453154999624388	0.5020413694399776	0.4618596755800646
0.6368387902935367	0.5887146567996936	0.5440450406529562	0.5012226026802965	0.46409744150041343
0.6401918904023524	0.5886579054159241	0.5392014193436956	0.491480585355795	0.4491130467235587
0.643868299173812	0.5985015498106927	0.5564068096959809	0.5162479719564533	0.4820600642712095
0.6215939796847935	0.5799617336256011	0.5425182023380842	0.5069052210088906	0.47693822984021783
0.6400908437037751	0.5903150875592159	0.5413477689569741	0.4932839109482692	0.44800660874938214
0.6432429577182853	0.5981818457271948	0.5548782279196586	0.5128234125962968	0.47462029577808884
0.6236634022626781	0.5807094336029841	0.5412204281430042	0.5034099817690202	0.47077673803858855
0.5654680442383287	0.5196335627149901	0.4784914798437184	0.43962476935098677	0.4077760208659821
0.6553213036789002	0.6124038196356387	0.5730616687783394	0.5356580876444491	0.5042336635032891
0.6516767764726881	0.6034668981211534	0.5552632085204402	0.507788842217743	0.4625639376933018
0.6475388117680055	0.6015433843161951	0.5591843754129371	0.5189642907533705	0.48534131926139223
0.5959346953694867	0.5456127497365274	0.49732256152980836	0.4500892421286129	0.40611563757421343
0.5636747078696768	0.5110449236942713	0.4611449956115091	0.4128051466370186	0.3692770708976083
0.6157857581887937	0.5702778942743626	0.5284058819513999	0.4886974788747275	0.45566232525526
0.6873279069910414	0.6434488650153813	0.6009304347686524	0.559371238304437	0.5207706196561872
0.6140389089702923	0.569163090871875	0.5278230924871335	0.4882643580470095	0.45419960024427447
0.6498311979511572	0.6070662337112411	0.5672890324714301	0.5290300103152924	0.49545352857787134
0.6211809043649561	0.5694868746305565	0.5202382743750855	0.4728922630547773	0.43141443269211127
0.6388003575958676	0.588880582762127	0.5402721948759455	0.49278958498780917	0.44877922750720384
0.5985606289771072	0.5521326943071939	0.5098988978103456	0.46980546439648485	0.4363135819818436
0.654787242523653	0.6051566857693206	0.5575209393526371	0.5114997724370157	0.47045847506001376
0.6027014843958515	0.5559179329797265	0.5132187992468604	0.472782611397601	0.4393260583485519
0.6165984108791368	0.5669110997913737	0.5188202518401962	0.47222116958550253	0.43022316057978227
0.6023125352544016	0.5594580773078976	0.5212441115639991	0.4851669109910125	0.4556801643280436
0.5950228965893304	0.5480887145401355	0.5048446716569375	0.46342895363865616	0.4276523628950068
0.62603675021185	0.5842121410287093	0.5470965762552564	0.5125219856866038	0.4857845564547448
0.644277202685676	0.5961679334020309	0.5497318225422957	0.50490439889757	0.4650386711333651
0.6461786119751003	0.5981821751491793	0.5536940563062647	0.5115400498843622	0.47658517818296503
0.6415637378732155	0.5906993007867655	0.5388902684141824	0.4871392998693056	0.4355674183787979
0.6548973225108139	0.6095545444578794	0.5674149448235175	0.5272559695062798	0.493205860737768
0.6330230229234557	0.5900694423198614	0.5500140741777841	0.5113351386211685	0.4769015528288688
0.6191392540916743	0.5721781356231328	0.5273422646615185	0.4836963567271926	0.44372066796001197
0.5710291702773733	0.5167113870302249	0.46540249947268575	0.41610072344612525	0.37298950884262194
0.6163252289131961	0.5656633745579004	0.5176425941292113	0.471594344017417	0.4316299960192357
0.6308264992406963	0.5806438501044078	0.5336103081808503	0.48879977230072486	0.4508456842279526
0.5870545015355748	0.5350804322639513	0.4857902573693983	0.43804543734652085	0.3950669763953105
0.5788306734890138	0.5245449157815176	0.47402655853652953	0.4258594855641799	0.3849445106881125
0.6074120715416275	0.5599013660101139	0.5164453885654344	0.47491525563316994	0.43932503115210564
0.6197123896335708	0.5676245127938151	0.5175413655593007	0.46889744709487957	0.42469256152204266
0.6350766041861348	0.5905461632421187	0.5494832215508636	0.5105494878768033	0.4781828994806548
0.6623166363965785	0.6208938559546272	0.5840828062008724	0.5496485470366693	0.5225450554492889
0.5991156489724204	0.5442015264988648	0.4903140327539887	0.437467860346467	0.3878334495179786
0.6815089882504388	0.6372802652134365	0.5950551427587691	0.5541026067013876	0.5170751261962018
0.5929119165897374	0.5438602498723053	0.4980732125982588	0.4541714615619926	0.4160845245382452
0.5823843315581814	0.5345930961576837	0.4916396443000684	0.45137233786018666	0.4193899463057445
0.6355802648185379	0.5935197374484126	0.5552160063175909	0.5187436907259177	0.4879200350174902
0.6064994927737831	0.5558556083371372	0.5080102229743572	0.4616942086316855	0.4200952541496622
0.6316545923948694	0.5889937447357787	0.5498168849085527	0.5123272969817945	0.4800417847508953
0.6363468179663316	0.5923015491358953	0.5508964651342337	0.5109164324257439	0.4753317048237349
0.6005786354293116	0.5463251729150193	0.49414134598030346	0.4439439746345464	0.399873455308631
0.6043144867791757	0.5495469009189985	0.49619954044137965	0.4442082668769421	0.39639959064278785
0.5936609390632714	0.5443989194034068	0.4967872203430409	0.45030914019049506	0.40732749627025844
0.5577668014840035	0.5068191950936107	0.45959519187719017	0.4142724701453915	0.3748138967837303
0.7081482791113181	0.6617875188006364	0.6158675292738162	0.5703702695322163	0.5261768410228981
0.5857528289711896	0.5327368586778113	0.4814915553972661	0.4317135375051658	0.3864610879146399
0.669454456570451	0.6238818991388362	0.5806064710034494	0.5388533225771416	0.5017953621843212
0.6276142232709268	0.5802176418753583	0.5358828947458882	0.49333092216147195	0.4562775853799384
0.6240661926268953	0.5668664654149674	0.5103184191745253	0.45495410874980885	0.40324081081882757
0.6742942204891641	0.6315786785771481	0.5905746494889101	0.5507726170649138	0.5146779193183625
0.6442947312474568	0.5937609852030769	0.5452326888543161	0.4981574021302344	0.4555636527751716
0.6569956185914811	0.6129203224486551	0.5714149248973984	0.5312872404509199	0.4954088552919208
0.6110304344996	0.5617769692333848	0.5150112687741415	0.4695553340054372	0.4281391273893287
0.6786364187771641	0.6350701630141032	0.5946227295404599	0.5565401884675862	0.5257517172258728
0.600991564012027	0.5545423824698305	0.5123035831918094	0.472333436971916	0.43936052826831434
0.6087737868717784	0.5617716346719152	0.517295234334578	0.47457788709463233	0.4372860112735623
0.6638686685338901	0.6238044896698997	0.5868983978976934	0.5517194549653116	0.5218675807157955
0.6555429966865294	0.6067367485932259	0.5591247445966394	0.5124280876683157	0.46855464816564885
0.5982963075193182	0.5518246975674367	0.507847487284064	0.46499817950227895	0.4256276767632277
0.6210897084330871	0.5730328545427936	0.5280231356505741	0.48486554686298516	0.44742050817499973
0.6350874312353901	0.5921723085660163	0.5528747929395246	0.5153372945947243	0.48322824151556365
0.591743820046797	0.540661738433627	0.49358703130497	0.4488061369225415	0.41110008042497864
0.6790375811077318	0.636697252961057	0.5976811327406466	0.5603729849136766	0.5283327595948907
0.6617843864308136	0.6134037403193788	0.5653342414961835	0.5179402455916431	0.4726297125364983
0.6195830358654941	0.5709935773660204	0.525967043570557	0.48307915995172535	0.44678754419171784
0.5880135043386181	0.5298519964053942	0.47344485889977805	0.41847275980865606	0.36792676923829004
0.6134856036631713	0.5621825391984273	0.5124347282159877	0.46392692897499394	0.41924371483166534
0.6249990594319595	0.5765500371573575	0.5303635930198072	0.48543130767523984	0.4443672413720142
0.5997386545150625	0.5474233222209773	0.49919499568685094	0.4536247911762731	0.4162530686148942
0.6308414994755969	0.5806182465430746	0.5311252588768985	0.48235350376980746	0.43580625606472717
0.6330889089584438	0.5910359075153466	0.5526650810010548	0.5162296104695447	0.48576338474679154
0.5950995384325172	0.5487420110072003	0.5054402829618986	0.4638314372123937	0.4274439713774497
0.6625908101923096	0.6210949700027252	0.5827694900549786	0.5460505264075689	0.5142865628589965
0.6397634562227563	0.5942981838531033	0.5526538797974976	0.5130198809709725	0.47958629393404456
0.5897109970591307	0.5407691535621109	0.4955925487678718	0.4526483056533024	0.4165893660623171
0.5858199261190756	0.5373551956428093	0.4920898144107599	0.4485997190583103	0.41058516211592083
0.6853469508341088	0.6409121233027337	0.5968876742069849	0.5534829343844045	0.511989572310782
0.6511812029335518	0.6070098752381996	0.5657535837535892	0.5257918228719244	0.48982280035475595
0.5904351761879548	0.5371184767861431	0.4855589548526512	0.43534204613346766	0.38926617763168087
0.6141734298367014	0.5677179846711329	0.5251733818918426	0.4847162879495433	0.450697725935894
0.6034024876750315	0.5546892699401378	0.5085565423106101	0.4638248880186688	0.42341458329832155
0.6405140909949092	0.5952007600889375	0.5536666947291388	0.5138508989824632	0.47933478559884224
0.5851517250378371	0.5358219141334277	0.49038636988960016	0.44718062381867907	0.4108522746125288
0.5660324251709303	0.5191506104079608	0.4769294439151725	0.4368763961210836	0.40351050634966457
0.6467845100601745	0.6011854461499149	0.557672942435795	0.5154704754829739	0.47730857274998323
0.6507523616699852	0.6066033812590301	0.5635253174965528	0.5213507219858093	0.48196270590516543
0.6672251047935098	0.6220196797450906	0.579456358029554	0.5385540085014394	0.5027746181061505
0.645396171027833	0.5989513550621124	0.5568733429660544	0.5171232313177744	0.48455309471637376
0.659167216330053	0.6179000902516445	0.580185259085982	0.544300726081493	0.5140614066161487
0.588560264839037	0.5381901496238196	0.48947285680764474	0.44184600633409665	0.3975824220249564
0.5974234713928636	0.5422424590213054	0.48900137705011193	0.437236433007123	0.3900243612746226
0.6512850198031143	0.6066034402672138	0.563366203841594	0.5210521767459166	0.48158561675664485
0.6106599407433695	0.5576843692621042	0.5051722814584936	0.4535052801807072	0.4044447907808935
0.6207530745765998	0.5739162947133426	0.5297820524053154	0.4872419048036171	0.4496184452092299
0.6000933210603344	0.554578337894627	0.5131175658621704	0.4738211348245863	0.441200210186323
0.6582763551379913	0.6155278231417126	0.575130090118946	0.535905338117797	0.5002984274524824
0.624739135147285	0.5754424608179945	0.5290714598305687	0.4845657687475609	0.44581327840009294
0.631974111121249	0.5862778488322135	0.5450204881718442	0.5063464932210331	0.4756404083023268
0.5793363862859722	0.5218546485486635	0.4648422515944814	0.4088159886775971	0.35583127239877277
0.5785285811915022	0.5248085499047884	0.4738655550381479	0.4247166678736492	0.38110137152274753
0.6724798058287739	0.6301612986166243	0.5907230817197464	0.552932717947938	0.5202248500063162
0.5949820710214359	0.5477488454571612	0.5043753098672384	0.46280027145862923	0.4267723623939921
0.6122655112094191	0.5629461936961743	0.5156549542244915	0.46958114192024947	0.42726225680456525
0.5997976977736269	0.5485097579835335	0.4993863217470325	0.45191687923379287	0.40954887208135127
0.662692548040346	0.6084850771615181	0.5528832568554127	0.4975964570972654	0.44328127950438384
0.6619643472559761	0.613340911985452	0.5647424483457277	0.5168193073979519	0.47097907342388723
0.6497252738763868	0.5988176522319605	0.5477639489125058	0.4969567213782324	0.44690970246411343
0.6086946458233478	0.5610609060129818	0.5159643328195389	0.4719557407947699	0.43130282390207525
0.6274511568625893	0.5811111600590634	0.5382074424627853	0.4972889292103727	0.4624934087455246
0.6429725486166098	0.5898468545561396	0.5387396396729603	0.4889698550210925	0.44332512464159457
0.61867318802634	0.5678652966901011	0.5187718466327713	0.4710749408436087	0.4276854155555641
0.6707954957050571	0.6232083782961857	0.5767598435542236	0.5312713799039388	0.48874407659367325
0.5700424226385511	0.5195308492966166	0.4719199160196317	0.42584641463224243	0.3845148353550153
0.6283622845715343	0.5754975642204783	0.522103351808335	0.46897556831946485	0.4166695351862397
0.5814075304881112	0.5313160444451771	0.48473293213962293	0.4399757386465012	0.400850251407574
0.6422388018855175	0.595289011191075	0.5519298979633048	0.511107918184202	0.4781112536454582
0.6376027600095674	0.5888868497349178	0.5413443727412007	0.49476992474550385	0.45118118176871136
0.5711368741024526	0.5217214756921972	0.4759560983850649	0.4323890034204538	0.39560210061584805
0.6164585460563511	0.5724558233793714	0.531134828450552	0.4915485666973664	0.4573127660972479
0.6216548584933037	0.5760229865301734	0.5336091368008401	0.49301333226147714	0.4580249492553444
0.6087010535118218	0.5577218421843718	0.5082180578520615	0.45993105615679125	0.41539699371618816
0.6255795522590523	0.5840417620247385	0.5470317737652102	0.5124112949481001	0.48516081263888317
0.631716316236854	0.5814270482908906	0.5322959988839226	0.48428153004508856	0.4397109458554819
0.6057549915143765	0.5598816355632954	0.5159499950775873	0.4733082855661059	0.43464512772163566
0.6172652088520574	0.5720040302793923	0.5306374273750392	0.49135880908795243	0.45852019018509693
0.6111987859101335	0.5615261821325132	0.5131578025012137	0.4657333688796655	0.421220360788399
0.6457759580970258	0.5962115215182218	0.5478842762128214	0.5005453097152796	0.4562545050008402
0.6193260513897207	0.5751831981784767	0.533998297075496	0.4942211771281031	0.45878609576669727
0.6239323551153169	0.5763757734761527	0.5330876639790958	0.49236172120831223	0.4595383041568513
0.621298911397889	0.5749227829927174	0.5319145957505873	0.4909166210375375	0.4561187721982117
0.653262448160181	0.607749659448335	0.5646315625817838	0.5233010406764441	0.48748396056290333
0.6297195953921239	0.5842105100782039	0.5451370213921626	0.5092081132548989	0.482978077719631
0.6289311768690846	0.5840457327450085	0.5429254410897185	0.5043016270420988	0.4733777328708968
0.5272943887015321	0.47213289396160424	0.4205400573150173	0.37078697751199907	0.32670828479102226
0.6251844621062499	0.582258201299198	0.5426574696793977	0.5047992649501846	0.47231555963518695
0.6676466538481142	0.612960501031048	0.5574140553611299	0.502294346635175	0.4484908284757725
0.6303962148512581	0.5837781180749124	0.5390247289996762	0.49544158127178634	0.4554678248650727
0.6515485647174761	0.6027478232385413	0.5557962340359713	0.5104946390870699	0.4702821438804464
0.5644951021976308	0.5166569003458795	0.47258113720596256	0.4304119799424439	0.39412339314311357
0.641054154990796	0.5935715008505517	0.5490374704691773	0.5065087198470001	0.4701648808892336
0.624090858667484	0.57794739992698	0.5348428379996278	0.49343682409584305	0.45726966498792454
0.6451341748072397	0.5987782939441144	0.5536650861505128	0.50955759230269	0.4685520356712483
0.6183214834710392	0.5710842192484574	0.5276314784023183	0.48617494295478236	0.4508753309977243
0.5916361175297912	0.5386314502227041	0.4879293773901253	0.43910255256677133	0.39605958071092606
0.6521866167766107	0.6032356459035162	0.5552208496835951	0.507842210978186	0.4624256815564622
0.6459958739680314	0.60857277810788	0.5752061845668458	0.5436558717843143	0.517707538475014
0.5798172355809242	0.5324773338836888	0.48920969938815423	0.44804801935103106	0.4133817633238526
0.6360417310936183	0.5885140377469082	0.5414716521358166	0.49512472313368827	0.4509228004196555
0.6907046746028147	0.6393999421141215	0.5878756174976412	0.5369546775967153	0.4878947653894286
0.5583736009437581	0.5107489931587419	0.4681902188235778	0.428312502966013	0.39670401227516944
0.6610267106224466	0.6080217395212967	0.5534984843663323	0.49906158915907123	0.44489105511435545
0.5965987995778324	0.5519345509513285	0.5116003572899288	0.47314879306477614	0.4405038484429993
0.6495359148613151	0.6004553472066018	0.5524152775965605	0.5058154568348033	0.4636578152056835
0.6450141251668469	0.6015406925640155	0.5610977673687061	0.5221556636403759	0.48784256399725817
0.6119818626640495	0.5647178024000575	0.519512537496743	0.47578126533543597	0.4365962490576215
0.6270863792656353	0.5792911654379335	0.5341935573664525	0.4906694219253413	0.4519983695418786
0.6262978372649085	0.576674489030799	0.5288149068591643	0.48280961596279004	0.4425235408940192
0.6412711108113849	0.5876544961929813	0.535183842163585	0.48479763731913167	0.440840527476857
0.6650896626945787	0.623350334835985	0.584977043312297	0.5486962319467785	0.5188692856235084
0.608550410286107	0.5614496986251665	0.5174420159889015	0.47508234437801544	0.4378056556113905
0.6459793913891764	0.6015816123403291	0.5619056752741625	0.5248374964139408	0.4958124616945495
0.5833161168857524	0.5337234522955239	0.486777203663494	0.44143221888343	0.40102603400417813
0.5992971771199965	0.550723912227445	0.5042778019820292	0.4591679049928102	0.4181793087430452
0.6419063916455225	0.5911796942176131	0.5405382951454858	0.49072431098187763	0.44346233388637873
0.6106373280538736	0.5622356013474892	0.5162913384269905	0.4717322508788893	0.43144547859188964
0.6395273171580572	0.5944836758264432	0.5522890030450065	0.5117333831446836	0.47623311636229493
0.6724246645482927	0.6305836797367017	0.589760904158209	0.5498328688786993	0.5126644932857828
0.6439841782595762	0.5948505961862729	0.5473135513058534	0.500944410623277	0.45817745275984334
0.6861059053250957	0.637985140852363	0.5906703353749825	0.5442602181142145	0.5006404430378318
0.6081025738427335	0.560339876375118	0.5160437143227676	0.47365919022401237	0.4371707570936586
0.6025095499785962	0.5560225766117058	0.5131501017706261	0.47231164616207694	0.43774674376684586
0.6440368110873096	0.5949631707648253	0.5480482469575747	0.5028688953524482	0.46304259272121734
0.6308506389958074	0.5820903552114256	0.5339956846602274	0.4869988342596752	0.4433880054972584
0.6491873082825699	0.6003876568242994	0.5542245148441105	0.5102658058383239	0.47310625947019874
0.5964079748901483	0.5478482219039629	0.5023198941652972	0.45876652032841203	0.42130452370100224
0.5820329432915545	0.5366365400830739	0.49562189078116575	0.4567907969062828	0.4246944727654258
0.5752309196542589	0.5252124455979891	0.48057478382213736	0.43881086121276214	0.40591045144227844
0.6423388859278798	0.5954652516193287	0.5522607799442887	0.5112200078347495	0.4768527637551868
0.5778010261390295	0.5287613190006552	0.48409797372472224	0.44149814982182717	0.40526287298590674
0.5848074299493409	0.5333699845358214	0.483697431724311	0.43493739067846504	0.3889918220958672
0.6282462291523434	0.584957574655278	0.5459479700783971	0.5093980599206468	0.48043461875007537
0.6247729657191187	0.5828683358192898	0.5441342415427015	0.5066525929664513	0.47303387971657324
0.6709287890334257	0.6270278185881641	0.5838444662041493	0.5410754736123108	0.4995844965692452
0.6369591576373919	0.5954683864775562	0.5578413480775712	0.5220246779709027	0.4917917514405894
0.6273047360273454	0.5786030140787511	0.5315519897954694	0.4854117169868311	0.44208048735187816
0.5918213376209317	0.5379656049406575	0.4847370566957257	0.43248663069879695	0.38325304046912095
0.6462920615752408	0.6016630614696489	0.5587289894645706	0.5171503603386601	0.4797523421401564
0.6376272100411737	0.5869190742434628	0.5375584977673915	0.4892048239477812	0.44395675370109283
0.6150871580934851	0.5635066255501614	0.514856409160503	0.4680213542308316	0.42678482650673844
0.6313392474676138	0.583182441948727	0.5376034800871347	0.49383387391899064	0.4556448881516418
0.595423963616784	0.540648466578621	0.48912663602715073	0.4398554859498675	0.3975261403035198
0.6715229065823569	0.6347054696950173	0.6033223911041681	0.5745854529042661	0.5540100415409933
0.5902811918183598	0.5391484442884762	0.4902613050958692	0.4430444014372907	0.4009790279776013
0.6129568787416848	0.5606172757132593	0.5108049039517116	0.46320722487974003	0.4224403526246327
0.6047881343851935	0.5578404814883253	0.5135727816037331	0.4705899933970214	0.43157027577325985
0.6903674251418349	0.6448270423070319	0.600666177172496	0.5572920124318124	0.5163442784272975
0.6041698319875837	0.55699369820304	0.512919445506784	0.47058816921760105	0.43363277879245005
0.6016790188822689	0.556382644951089	0.5149278252404793	0.4755037227849244	0.44234298920860077
0.6053110112081661	0.556291396702593	0.5101663794928604	0.46564874303934906	0.42608877293773034
0.6006069165939789	0.5519328845589342	0.50512314614968	0.4597099357563439	0.4186040557370932
0.6293504117570885	0.5889856563146137	0.5530809423921768	0.5192476080437797	0.49180305791870216
0.5947806320069213	0.5498851580411347	0.5086126233203088	0.4689667777680945	0.43433815176700363
0.6087911319884377	0.5591601868254705	0.5115825112200922	0.4654599942010084	0.4238256426225131
0.6551810238118951	0.6124396653388391	0.5739090317549951	0.5375330987913478	0.5078029382881484
0.6123064412752022	0.5679012940215072	0.5276404677124332	0.48953115247379364	0.45805777212384324
0.573981582274488	0.5268674717497667	0.4841083099969777	0.4434693521559889	0.4093697681080473
0.6095404037470948	0.5530149696080197	0.4969030921192908	0.4420641668582299	0.39115142548499376
0.5653660312785412	0.5132990543002479	0.4627397019117814	0.41317893616444695	0.36669812479072866
0.6512237000017133	0.6071120443214375	0.5658825300161684	0.5263016261170753	0.4918055537405967
0.6372793527476125	0.5892358977754663	0.5429027808314743	0.49784049685397197	0.45669786029818715
0.593727063150138	0.5497252385896488	0.5102305713845932	0.4728950177788168	0.44221884764495906
0.6065225658383031	0.5518076185713623	0.49901676144887686	0.44759957873059586	0.4004192386806257
0.6097425369494325	0.5559586888502159	0.5040334244314082	0.45377171165948915	0.4086409138823494
0.6113722011600425	0.5617485881085329	0.514327098685879	0.46853808343752934	0.4277841305121273
0.6255196053492239	0.5756440248247671	0.5278820106024352	0.48198547251794016	0.44184264788498157
0.5741270058620114	0.5246747144407422	0.4783535767446721	0.43397651912097385	0.3955956141343394
0.6538458602667467	0.606994435877335	0.5610704703887909	0.516029724398107	0.4737131043302511
0.5876619708478974	0.5334832847926565	0.4816819753639074	0.4319799261374896	0.38875265373584245
0.6742657369734129	0.6348045152785514	0.5989639099634553	0.5651288469833246	0.5374795055336214
0.6033443799458857	0.5518564998247611	0.5025369547894231	0.45457129716051276	0.410781452893258
0.6465705771267767	0.6025413871029726	0.5615252665932174	0.5222825951178469	0.4885097966458293
0.6538969941364252	0.6019963430445091	0.5504069464325951	0.4996546051877117	0.4514840052083847
0.615547619220781	0.568722178419834	0.5240488265737688	0.480530837884657	0.4405763515115172
0.6295726102376088	0.5858159287941499	0.5434875579416728	0.5017165448482821	0.46166459788001096
0.5508369640706064	0.498844333830808	0.4505755692225939	0.4045335977319863	0.36535975457317243
0.6393547669854402	0.5924043533894621	0.5480265141127584	0.505349820336359	0.4679199927886918
0.6192302633222272	0.5747426717631976	0.5322175708686561	0.49078886996239307	0.4527418104681382
0.6707378199470301	0.6235011601637995	0.5775154719821821	0.5328354259734434	0.4921823898956362
0.6531308063016482	0.6087091858059155	0.5680106313394951	0.5294142131812732	0.49730144266030807
0.6208575251739908	0.5683635277519703	0.5181157538433298	0.4696368363349564	0.4266136267059965
0.6322662586099044	0.578728751887965	0.5262051132431825	0.4747586417472944	0.4266344915550351
0.5651902182731705	0.5051004719867593	0.4458951657886446	0.38784046486106644	0.3333345914356039
0.5954877854796885	0.5446997756124575	0.4957468068217188	0.44805348056744115	0.40424528693917927
0.6127785184801913	0.5630095829463956	0.5147968550245863	0.4676070915676767	0.4235724713381488
0.5786180262577156	0.5288332952868209	0.48230167038624167	0.438094051825585	0.4010543976619287
0.5813123568552505	0.5324238031239035	0.4878652915397815	0.44543383984375573	0.4095629079218156
0.6072660356187871	0.5547252466055483	0.5032486738961484	0.4529219082319832	0.4061415080927662
0.5924415908897648	0.5427654353088105	0.4954590564315471	0.4493542647484009	0.40695554480842006
0.5915322009021771	0.5419465329675991	0.4955387477056859	0.45109639810239893	0.41271606846162967
0.6297109343877819	0.582605026761763	0.5387087075439158	0.4968751071682075	0.4614035786024956
0.60590732533202	0.5539303972749579	0.5039406981599881	0.45559069956471787	0.41229805160788907
0.6351964657447761	0.5849579610089665	0.5368418588227434	0.4902827042200738	0.448525664248159
0.6366095137453198	0.5903636322636268	0.5459850128515565	0.5025395629578738	0.4619723005154309
0.6336856489798297	0.5862602053333268	0.5407383273845798	0.4964668616185713	0.45605205917291447
0.619691390605736	0.5677844485995928	0.5186879335938266	0.4714577569180673	0.42998395296489406
0.649695308096008	0.6037447758246819	0.5606631760512881	0.5193511846302052	0.48349722034446263
0.7057453574831672	0.6622312221356508	0.6211533607566342	0.5815660716025035	0.5465761746566468
0.6700088886465205	0.6289365450015522	0.5916263734573157	0.5562543417879373	0.5268601413235515
0.5989609353591323	0.5467431599058828	0.49698873670358784	0.44897941770899313	0.40635254738287696
0.585779782470122	0.531610369524445	0.47900948621700823	0.4279190198023607	0.38148715277539874
0.6427581850325707	0.5947878006845518	0.5484904822615172	0.5037214921113211	0.4636663456621719
0.618074606084443	0.5663104932425596	0.5171936179132952	0.4701932363745707	0.42972078545137454
0.6729404723990803	0.6278056891351046	0.5850367358375822	0.5438182056297083	0.5073816664672022
0.5575634888000106	0.5044461929799386	0.45326136452214494	0.40337387829764754	0.35748780238741945
0.6481954238923855	0.6023882198228994	0.5576068614222834	0.5136114736677315	0.4720402658783096
0.606830040671832	0.5594898025483703	0.5174109284633238	0.4783707822835893	0.44870302595636014
0.6312549038302293	0.5809216458708152	0.5318768775516203	0.48385997212704845	0.4390133182233494
0.5914720647081556	0.5410551350568322	0.49262919707525654	0.4454195396654892	0.4019612729837591
0.631704587336989	0.5815666294682356	0.531453272727085	0.48188778036931945	0.4340120735887393
0.5541344401353127	0.5020208806382035	0.45368238712913517	0.40759609385799883	0.3684562924458097
0.6268692865963446	0.5741209126177906	0.5201431110558444	0.46632027634575574	0.4129754080068203
0.6595376737286529	0.6142260317427224	0.5705383323475801	0.5282883605731824	0.4904727916749944
0.5890210304659262	0.5382637955443111	0.49009512155697216	0.44357103812033605	0.4021193877113458
0.6102628981800141	0.5606935083300507	0.5125407360056018	0.46557290285928654	0.4222597937537654
0.6598104633855445	0.6147090057791553	0.5736167554128963	0.5347696952278126	0.502847505688175
0.581713970866401	0.5309695428723469	0.48311357177662373	0.4369322075047641	0.39591585586054956
0.5789349420525395	0.526293804455031	0.47663674087033286	0.4288922196918967	0.38704657909753715
0.6265564409631673	0.5778065820865294	0.5305719338024798	0.484195680280304	0.44046698540974893
0.6735242863914318	0.6252727390630882	0.576166223467572	0.5271350900598281	0.47833645896020494
0.6204178747425309	0.571912471436016	0.5271914126748993	0.48475760817073654	0.44937841311367127
0.613989681403819	0.5645043989550962	0.5175118890602002	0.47213169656054554	0.43172439655572825
0.6688272400288202	0.6254373901658621	0.5836275382172262	0.5431360850328113	0.5067109871076938
0.6272967944407047	0.58245421066637	0.5412892131249892	0.5022044733485718	0.4695359009206209
0.6456265782468531	0.5988429389734715	0.5538334536926028	0.5099118758077197	0.4693457455168041
0.6455649931658345	0.6017746615815225	0.5613824275443413	0.5228113842696459	0.4898574644603192
0.6119652698693033	0.5644090918438397	0.5203411615916193	0.4782022564219002	0.44201306957900416
0.5760690368049469	0.5208938967488811	0.46775620366684706	0.4159289034177094	0.3681432656248793
0.6109081232247351	0.5610936177593949	0.5127511680725548	0.46566818557668993	0.4224697948863709
0.619756955866169	0.5685963881203563	0.5181809977494489	0.46915213834614317	0.42439977528468453
0.6186423891535588	0.5680969323001391	0.5186455392801098	0.4702012553209119	0.42486321155044626
0.6346442747464185	0.5868199641038242	0.5404583178760418	0.4951038402334158	0.452855786371208
0.6120445393751318	0.5620382798726099	0.515241385269538	0.47019046855766905	0.43052469522820186
0.6180939276369581	0.5658325257019935	0.514718434521705	0.4647802142881128	0.41846874882562335
0.6622148153995588	0.6177429853697763	0.5757145335334192	0.5349334311454282	0.4979995456444638
0.6122268136830105	0.5613788758665131	0.5131372979814873	0.46649010664231433	0.4247605034350695
0.6363383695306225	0.5896170630994138	0.5446298462363117	0.5009303267813675	0.4612024699751978
0.6390285762347838	0.5907319939516626	0.5440533186259556	0.4985568639579476	0.45670674856114263
0.6767774399020363	0.6346347544516182	0.5947771498243309	0.5567678785373463	0.5244594469380537
0.610701109348961	0.556495143962775	0.5024289392435872	0.4491822788509736	0.3984633501834134
0.5954909317730938	0.547583358960477	0.5028709642896285	0.46011777331422715	0.4234073809724581
0.558730763035499	0.5077387550854229	0.4613225740261836	0.4171642298662385	0.37996976279662653
0.577901121084716	0.5234825166083354	0.47303368712483895	0.4246373331052593	0.3825714571047558
0.6277223972198898	0.579486238539273	0.534638800559426	0.4917630159873217	0.45496842886599287
0.5768683642956339	0.52425804544573	0.47263803472726784	0.42204981108411915	0.37464394236577586
0.5666231639985663	0.520373868736381	0.4780164908393365	0.43761976703811634	0.4032703153601602
0.6771498400508467	0.6334933179743588	0.5924916618619096	0.5532711413756457	0.5195442017524833
0.6403195557245196	0.588477509005318	0.5374300049327663	0.4873856020825252	0.440435077990098
0.6163163057846743	0.5699857472848778	0.5269698935614452	0.4857971455117968	0.45030911338682006
0.6091058235414326	0.561273584582941	0.5163979065664943	0.4733778929126981	0.436081330118638
0.599660053436497	0.5480471821713645	0.49847293539281035	0.4507526491734577	0.40875055874966504
0.6486747304716368	0.6013709526655644	0.5548147583985864	0.5090881245134083	0.4659201150087918
0.6390024226456061	0.5911949431944729	0.5452653331191436	0.5006253788099023	0.459963127339464
0.6797993057208184	0.6354137775518579	0.593333791672511	0.5530277240784768	0.518192976804822
0.6464776751678575	0.6047431022123597	0.5646063729541944	0.5255800882848571	0.48997876298022985
0.6998360423548983	0.6630679808306834	0.6317184108400307	0.602948349441161	0.5821343015135269
0.6725007205932767	0.6264110487400564	0.5845605483047711	0.545491371646467	0.5150006697829423
0.6313951531172837	0.5856181589573729	0.5417473547836826	0.49873532785131713	0.4583720392571508
0.6852578105932344	0.6428005261695164	0.6041469039153355	0.5674577470730873	0.5368276176482691
0.5919518316898048	0.5412434784925162	0.4932889895890306	0.4469598967047654	0.405644034893349
0.6438736789519637	0.6007513498481023	0.5614346621927446	0.5242727494066964	0.4937568380886458
0.5564384230783292	0.5040966347309601	0.45523496348752546	0.40825455906614166	0.36707657151861584
0.6268290023703444	0.5808692096186083	0.5374059784784463	0.4955445354127001	0.45862350911420563
0.6138022953494716	0.5642510362213319	0.5170786438169874	0.4714068734025361	0.430363491823405
0.6230219179265036	0.5726442668624487	0.5239581636164543	0.4763628271091665	0.4321317573055323
0.6335750176083023	0.5838424135399278	0.5349745881403787	0.4868857127628247	0.44119936354399514
0.60498241900282	0.5592316287316224	0.5174892302973894	0.478006716589142	0.4454943961109741
0.6177854895899216	0.5676263200444078	0.5203401034681155	0.47462143713056293	0.43373758733751683
0.6346104366651395	0.5857929756555871	0.5395219877347183	0.4949205663467166	0.4554686117482138
0.6119766167363577	0.5652656773407508	0.5208364179119122	0.477744756346895	0.4387786660854807
0.5881925246400936	0.53963821340866	0.4927042767776927	0.4470089173077978	0.4051337182397893
0.6430407557951117	0.5939241615991678	0.5462177963615926	0.4996954737653396	0.45682511000918663
0.5830468247698731	0.529587084145446	0.4778500452318546	0.4270948202918801	0.3793678175587343
0.6000164476509082	0.5500052147856235	0.5007399985408996	0.45200753530856624	0.40491824944610966
0.6213660795503994	0.5734942891322042	0.529616656078752	0.4882307936812999	0.45453033344514154
0.572982737825917	0.5212341771883715	0.4728098567180896	0.42645009039657356	0.3864580565462721
0.6191819124608784	0.5726874444045095	0.5295975168694472	0.4883901033001545	0.45298895318707183
0.6657656626190815	0.6189648529831316	0.5744564931011993	0.5314704176999395	0.4931795450492591
0.5948108641758961	0.5491870168306621	0.505925208419107	0.4638199706179969	0.425281959298103
0.5774700768197809	0.5229381782423616	0.4707388952305267	0.4204230909528935	0.37591652577988094
0.6483959777917501	0.6097716820873155	0.5757063015691031	0.5438693049918265	0.5189053433443978
0.6613478711659516	0.6208482994024684	0.5832578486416785	0.5469634724505048	0.5146665967012516
0.6620092772182353	0.6158185188800777	0.5724040123850769	0.5306588226725176	0.4940623294408187
0.6416702113823802	0.5913800593932695	0.5417126998302912	0.4926401917411226	0.4454023921518941
0.6404360189884745	0.5909355233413378	0.5426111380297903	0.49512387462659835	0.4502185577232773
0.6309381385182	0.5854375019550453	0.5435100294033213	0.5037727088858059	0.4707905041076698
0.5985369272934581	0.5472288657374201	0.49850016462212	0.45144911930845427	0.40957249062608647
0.6269919981030336	0.5797485882046141	0.5337554100896565	0.48888158008138594	0.4474601706791838
0.5992941530565395	0.5492069608867947	0.5016878841444777	0.45593755782961526	0.4156426125407765
0.6504496631411714	0.6047916220929674	0.5617188810797854	0.5201013332926862	0.48297205778614616
0.6388034954032514	0.5939958287114513	0.5540778029068658	0.5168971179806181	0.48815925079600897
0.6254652043811109	0.5755132288899817	0.5274441129416778	0.48098414147998914	0.43948727626786105
0.6846739642495612	0.6389521304536727	0.5951226140198215	0.5527564185701326	0.5149035639559113
0.659538585446851	0.6136831008610861	0.5700964866114727	0.5279415451760007	0.4902023316942921
0.6197784581851945	0.5687508854685228	0.5201969756331374	0.47335165231075466	0.43177614563388406
0.6136423958783324	0.5622933222263442	0.5135633920630288	0.46652814340242305	0.42471982397475677
0.6165686433617984	0.5649418718179541	0.5159980507136499	0.4688304278812376	0.4271411575628544
0.6151698339238411	0.5601114135570379	0.5064503273297756	0.45399716489652525	0.40526961826777197
0.6093194187052249	0.5608319617195132	0.5155221990815323	0.4720816212878409	0.4344061957594943
0.5746185258487445	0.5258301403726516	0.47987144927744146	0.43558887961316933	0.3964759940997649
0.620358057100856	0.5700989817224315	0.5237455728124265	0.4794747519682136	0.4416272858510416
0.6266483250077451	0.5798208744402126	0.5360557574194578	0.49407142000745213	0.4575795653891224
0.5971598258314902	0.5435882257485201	0.491346671689006	0.44057026905308344	0.39431285290188306
0.6838927111313888	0.6426031809597832	0.6040807202783323	0.5673849751585266	0.5363233937173613
0.6358342218720372	0.5919143509072646	0.550765039364496	0.5110301454039587	0.4756577588504649
0.6670863060230926	0.6142564525927146	0.5609732462265444	0.5084183583266536	0.4581098329888126
0.6167367431952427	0.574373453967113	0.5366734426255897	0.5014380447109829	0.47380428754624365
0.6250265525427581	0.5824360081410651	0.5422286391274371	0.5028668218270491	0.4661129511885144
0.641912329737142	0.5993890214646697	0.5597771609122391	0.5217531589608793	0.48862661091247445
0.6237411541223159	0.5712399800649405	0.5219640924838413	0.47471283483476434	0.43370617085160607
0.6271749601673874	0.5780208448465072	0.529640590492434	0.48188153139337714	0.4360384332773228
0.5920039468271706	0.5442518492301579	0.49913090192512494	0.4553247211850597	0.41557369286268075
0.6518504320902229	0.6044207887460334	0.5596333102836837	0.5166840074153182	0.47940421455937104
0.6342815413665989	0.5875885613402849	0.5431389856869718	0.4998233219890826	0.46000499837421677
0.5898556029385725	0.540425485311081	0.49255003685011584	0.44578801361829185	0.40246014298067845
0.6250036285864705	0.5760995306531851	0.5292446025449632	0.4839719225904636	0.4435793921597726
0.6547858507836557	0.6074445306387136	0.5617385723420018	0.517225231142028	0.47639029509174
0.6192175534521578	0.5746256821901247	0.5337834469013819	0.49466294486889895	0.4608528081611567
0.6050980329084464	0.5575662411830249	0.5138819008586122	0.4724381859218136	0.4379052623755272
0.6355535386372969	0.593648273287907	0.5563233245457313	0.5212731767294849	0.493239228381898
0.6304309773124505	0.5791028122787422	0.5290543060131492	0.48020758826123405	0.4350675631851463
0.6557562333543707	0.6192792013317242	0.5880431522121199	0.5593446192726323	0.5384725820373246
0.5502254852510619	0.49998917642876256	0.45457683528538384	0.4117852259585799	0.37707677545651497
0.6044850912898021	0.5578954892291917	0.5145903384643453	0.4734779121327862	0.4391285356261091
0.59500130077967	0.5458194486289996	0.5013384797914575	0.4592204819926007	0.42439062794166604
0.6619844919162536	0.6192607714125558	0.5801455101579347	0.5428194572336795	0.5110118839239455
0.6208877856151684	0.5757428274417957	0.5337837532060495	0.4935383634589922	0.4585785141132677
0.615465171900036	0.5680397085402208	0.5219709843072794	0.4766153005137118	0.4334588570557892
0.5735922914886401	0.5232600517802524	0.47499621596224006	0.4282437825333897	0.38615298807210535
0.6053682384330541	0.5597219841037617	0.5173114379249751	0.47664387823927395	0.44135223552603037
0.6444464450686637	0.6034516239878126	0.5663302060039644	0.5309807190335057	0.5010964230135764
0.610389587982645	0.5635318803751576	0.5195987437593819	0.47720154196044984	0.43954164482980657
0.6258345893589137	0.5772687994170433	0.5317401266873149	0.48822083462951854	0.45089910273711803
0.6568853933530067	0.6090793080776418	0.561375683240656	0.5142915382439651	0.46911806335329576
0.6077948744233389	0.5577133653710203	0.5103917695775211	0.4649646057254717	0.42538046410429387
0.5975389233216195	0.543236531872484	0.49033189974401764	0.43875283412846455	0.391262231357094
0.579888029712345	0.5297550309834993	0.4826876459656994	0.43758025805715023	0.39851811591923064
0.5361804034500308	0.4806101328966389	0.4275088343828162	0.37590996359264356	0.3289450510870032
0.6311073968127869	0.5843244680030198	0.5397642710536303	0.4967216790170797	0.45835985647632305
0.6022301172328479	0.5471654578903117	0.4934159637247098	0.44081799097963775	0.39177167143057906
0.6126352192418278	0.5658187817126588	0.5205462989507644	0.47626055516911453	0.4350182238592917
0.5949677729509792	0.5404676869844584	0.48688494964317536	0.43416053031695284	0.38408343293110997
0.5894004045861424	0.5394376143206395	0.493138259594238	0.4490327098835122	0.41169354285264115
0.6466031477349217	0.6033738666531866	0.5628952883926324	0.5238854148464821	0.48940548724828714
0.6309150896506998	0.5755876988744314	0.5218838912925803	0.46983310409164347	0.42288075015845156
0.6314417907681609	0.5847762415945996	0.5418388632103703	0.5010249686935877	0.4667605643817111
0.6681299604395592	0.6176151785426176	0.5683619057915232	0.5203731405469313	0.4762845130216936
0.6445857651581849	0.6012829474469821	0.5605676186045632	0.5213466872853838	0.4867349465942748
0.6171503072908892	0.5713092840534035	0.5296468713969865	0.4904124886008528	0.4586669113619128
0.6306229423751963	0.5822606461518187	0.5366360191456556	0.4925181341981183	0.45304751429722107
0.6489015576224739	0.6068194448078984	0.5678138369038683	0.5305138908920004	0.4984747410777652
0.6337768838813109	0.5896553556920724	0.5494362104906225	0.5114395106612437	0.4802975293529063
0.6613536067550138	0.6199464826005191	0.5819739140630257	0.5458856254378118	0.515609047001673
0.6526435378499256	0.6070651973520357	0.5628120527567494	0.5195404004225865	0.4792959780330279
0.5708730564831579	0.523614576194382	0.48093917088639193	0.4405129667201461	0.40702400425964036
0.626141739545962	0.5772918011531116	0.5293995352744328	0.4824367590150672	0.4383408202441226
0.658863071800084	0.6187066998102236	0.5818047122170122	0.5467191599537893	0.5172360639107354
0.6419085626723032	0.5915535635011823	0.5431788943286355	0.4962218104623758	0.4536370042575938
0.6256168516917908	0.5750717127541757	0.5259545580244531	0.4783933699914826	0.43563127122674944
0.6268012494742554	0.5725324842573926	0.5191099292636092	0.46686854919169846	0.4182702830137435
0.6684636443813606	0.6221659713418636	0.5760715304295625	0.5302308281569492	0.48517273542553224
0.6024140033157409	0.5488215417852291	0.49733767096702935	0.44762196496658424	0.40335983378819273
0.6267516509970131	0.5783751111760785	0.5327391994807917	0.48908735206605963	0.45155498112609904
0.6330911285657774	0.5925053478424956	0.557738877201609	0.5256480823450053	0.5018099107408388
0.6562635191535368	0.6081180766085631	0.5619733518957419	0.5179310148405333	0.4803731006630015
0.6890804358108042	0.6407821809997827	0.5928382190182852	0.5458415524779878	0.5017666421649954
0.572215100395645	0.5213774809501883	0.4735545163369587	0.4276025604257556	0.3874213821291486
0.6176522993919517	0.5692409936146663	0.5247246961893755	0.48226520341427154	0.44614954122640116
0.5692378552295789	0.5201322449763801	0.4742330885441016	0.4300552340665068	0.39118641464432924
0.6222600567372616	0.5664802631620863	0.5123315094139451	0.46009525674696916	0.41375775720451125
0.6456793936497791	0.5994418389186399	0.5563044885281316	0.5150335397429295	0.4795191588411802
0.6039788566470002	0.5523760087236378	0.5035418779700909	0.4566560926497848	0.4157796156771469
0.6035420315795811	0.5556313339615626	0.5098693629461606	0.46531865391345173	0.42450385670604107
0.6576009443874241	0.6148038429337354	0.5748923969045815	0.5364930403319239	0.5027574418579664
0.6001922929760205	0.5556706283774066	0.5150443758716797	0.47620190018069625	0.44286115160664574
0.6115011288295915	0.5671824915177439	0.527094546967057	0.48897340301260644	0.456918488916329
0.6119874039389837	0.562122886796484	0.5155440032546453	0.4708516518734511	0.43197795732162947
0.6006276221284407	0.549729793203502	0.5022489486416164	0.45659728416189355	0.41658738471499807
0.6220516066853805	0.5719813268605726	0.5247790186758311	0.479512824353854	0.4402182123801839
0.645830493929339	0.5959378797631333	0.5473814229475067	0.500191410608508	0.4572159415737561
0.5354152136287218	0.48263877180674875	0.43289439423367826	0.38479282291122924	0.34175818127539065
0.5968618039741792	0.5420382993087135	0.4883052856127811	0.4360915499792985	0.3885637443597363
0.6308450704925854	0.58008415470488	0.5315939626887594	0.4848957624528964	0.44372462686395403
0.6181151518745639	0.5685029933693198	0.5215811828290645	0.4765428392438001	0.437313698432376
0.626575224289464	0.5815000774281036	0.5407623262072888	0.5020523290996032	0.46959656161216246
0.6393892042903971	0.6007986791272417	0.5663425251264129	0.5338282480476654	0.5073033283995426
0.5878866907884283	0.5346583146524548	0.4849178036561744	0.4372055013221079	0.3957488305802179
0.5426549806270475	0.48269669675589866	0.42520012408278585	0.369805420006044	0.3208935378593242
0.6141935340842068	0.5619000186047576	0.51226644948248	0.4646123882434015	0.42306375012069286
0.6172590295284682	0.5723556804760086	0.5309377851537829	0.4912347363546946	0.4568208120356109
0.6178988090646313	0.570281974393231	0.5240461655219083	0.4788782946324174	0.43700427940092335
0.6257525316361137	0.5754677445033838	0.5283768037423326	0.48308167571769145	0.44332539736705573
0.6256746881920935	0.5785659266126117	0.5348545919523997	0.4927571753873857	0.4556375883778797
0.6409075377363924	0.5901001899070109	0.5404463066907759	0.4920013326573378	0.4472850136764434
0.6331140569344756	0.5843578521699834	0.5387007790609829	0.4952367641600892	0.4585368285502972
0.5918037948796132	0.5331816668679427	0.4771999032167395	0.4233580998001026	0.3761166048718148
0.6207489813667217	0.5692166706624738	0.5193747533052722	0.47097443003395173	0.4270204350299065
0.7085660073995663	0.6679220230069375	0.6283062261258199	0.589415703111849	0.5527621521613694
0.6017646215968226	0.5447223224493473	0.48836260249694163	0.4332971181957879	0.382223462535606
0.6606666286790238	0.618669609731211	0.5787724688814858	0.5401988223047068	0.5057072471341657
0.603525016366129	0.5508824037081804	0.4995084037106898	0.4495133961037576	0.40377163350285555
0.626886900481189	0.5748557479579449	0.525175197418896	0.47739852521365617	0.4354940108758601
0.6848649408840197	0.6440708685455387	0.6050256212959767	0.5670522735790108	0.5323850001850037
0.604630303138669	0.5563985136492914	0.5101206678700992	0.4646031642451511	0.42143079427906416
0.6549318290861175	0.6137051297918609	0.5746478860324605	0.5366805118348481	0.5020746371659034
0.5909856857749338	0.5442663810599097	0.50057091281698	0.4582049569557942	0.419939634235751
0.63119503482857	0.5844959579896944	0.5403856170490734	0.49779425727674664	0.45988791180365385
0.6285095080207652	0.5858683369101786	0.5473600238905508	0.5112265416099077	0.48241778211229747
0.623097459333621	0.5765705005608314	0.5329193479997342	0.4910555820426358	0.4547046769246207
0.6131383379088841	0.5617828446674337	0.5126420560652508	0.46505726549645526	0.4222716608479078
0.6299203445805972	0.5784335276817674	0.528334138892546	0.4796214490855087	0.43518577382998236
0.6883998645451052	0.6406471371747424	0.5936437367451053	0.5478890488525098	0.505985782039902
0.5957928830908492	0.5395402745162858	0.48492899706780646	0.4318990974309038	0.3837466629096802
0.563903758928919	0.5146465867050541	0.4702113588764872	0.4282721448037224	0.39403141994274266
0.6269238147440105	0.5766537628735003	0.5290249477704971	0.4830139491904962	0.4419928041399598
0.579457292523215	0.5302223580106645	0.4846239667930824	0.4409534450710401	0.4032290774832217
0.6267679489794896	0.5808955285280167	0.5390035661258133	0.4991748585493018	0.46570987592415664
0.6415003954475337	0.5918191017617557	0.5435495281235039	0.4964783182859968	0.45310323823558757
0.668294679465832	0.6221369781410561	0.5767831195781659	0.5320930650502932	0.4894503903457256
0.6297359579120472	0.5817848732302396	0.5375862745142008	0.4955093450871482	0.4599763091359501
0.5764207466674526	0.5262469817893041	0.47885564835957994	0.43311572203513726	0.3924692531304386
0.6478312367291914	0.6021166707073424	0.5590443734398707	0.517329545186346	0.4798015770953146
0.6063817241892785	0.5640354501458417	0.5266623395056615	0.4918154006694372	0.46475996792353835
0.586025412340863	0.5307555617066054	0.4780466707169384	0.4270464169898761	0.38131613643601403
0.632289537069911	0.5829506768119593	0.5363345734333532	0.4912188284798944	0.45073065944542123
0.5667718448512062	0.5109394631441153	0.45717208510710233	0.404472027564945	0.3550639211572966
0.5868738367584834	0.5389874411335049	0.49453178896212246	0.45186343905575116	0.4147076898605745
0.6290040159199202	0.583603259005741	0.5404819538676409	0.49835039836357164	0.45927154113179464
0.5991154461350106	0.5550981916571646	0.5152374840658943	0.4775878038081739	0.44675762525981977
0.6478534562173521	0.605105377359167	0.5640959762470507	0.5239116700505392	0.4862722153364035
0.6375837188709177	0.5895338889331607	0.5435480727639974	0.49893166517501086	0.4585389431152047
0.6733036719575127	0.6249737585816864	0.5782151458911372	0.5326430761598165	0.4907306770331573
0.6578197358209037	0.6186143529196992	0.5835629148564973	0.5505273110312915	0.5237091721931618
0.6426050031032504	0.5968078063406393	0.5541343676484629	0.5132328395704007	0.47779643952510487
0.5846811191764973	0.5364974967576995	0.491059953716853	0.447153383626222	0.40796881425108
0.5824610370160688	0.5301931721759997	0.4809470584502995	0.43363511922054543	0.39228878072361484
0.6564852089941055	0.608495577827757	0.5618872283376678	0.5163928462066683	0.47433428876866046
0.636150076958703	0.5816630918282933	0.5268858536139216	0.4727770601840927	0.4207299601045168
0.6165142428119142	0.5692342225538836	0.5244622277365305	0.4811983695822442	0.4425860778720645
0.6360315900723789	0.5920806890953718	0.5514663848851149	0.5125529176540118	0.47888536507565527
0.6513775869444598	0.6048639213998875	0.5614972395667981	0.5201941635627366	0.4852558951144107
0.608931360573357	0.5610500603855361	0.517114633211086	0.4750264848986795	0.4386359239323132
0.670797683368265	0.6209625090544506	0.5715466936034483	0.522975137373775	0.477007541355556
0.6007740662385023	0.5542734371092275	0.5109633427087089	0.4689543338902509	0.43095828104762324
0.6098101218598593	0.5588225279185633	0.509532067211238	0.46154193648910613	0.4175624312451004
0.6426645770514271	0.598326452420326	0.5570210904527122	0.5170302509508898	0.4810938109883416
0.6256436418118565	0.5793306199708681	0.5346496067488588	0.4911057995046618	0.4510694921415914
0.574066058281563	0.5259241695287528	0.4809536445143248	0.4376777413508792	0.39962858343573837
0.6110027823067937	0.564108280613458	0.5222245971603426	0.4828169264240221	0.4510460554225492
0.6313038623630182	0.5801801590433535	0.5309692348537949	0.4830164936876401	0.4389443835515069
0.6396436687598134	0.5981668774835721	0.5589906961099137	0.5208623070109515	0.4859656378911718
0.630100604105126	0.5851390524079899	0.5433131927106241	0.5031562734236349	0.4681468897680219
0.6418044608458362	0.5951128653623853	0.5498665548453802	0.5056632071613941	0.46467668394386974
0.6450410854552492	0.5957219255438825	0.5485165606700937	0.5028288473699688	0.4618220474822563
0.6215327416445231	0.5716560839105719	0.5240954583501305	0.4781240874263508	0.43705447621710725
0.607079678882388	0.5590913763164079	0.5145721290422192	0.47166671287426926	0.43373885796059586
0.6456042485291112	0.595369629817528	0.5462513772112696	0.49836347307853607	0.454270349494647
0.6352962099298404	0.5904033622397548	0.5470223695319483	0.5045668100919556	0.46496557708022485
0.6137613991548196	0.5675852747888734	0.5245555176659445	0.48312021198877325	0.44660269461519053
0.59204615063219	0.539209176191498	0.48827511798609696	0.43890612740250273	0.3943642961942069
0.6602928765371311	0.6149586201072156	0.5698319473467863	0.5251670192096056	0.4819262563008476
0.5844826296656935	0.5331775146480066	0.48480020603008334	0.4381151714458621	0.396649640705141
0.6300397930731146	0.5788966246668046	0.5298360117815315	0.4820158016721513	0.4380213827333053
0.6143666925704425	0.5650912491796477	0.5181297050651419	0.47275881062061964	0.43229397861090246
0.6106677785754244	0.5638500716978206	0.5201218650290923	0.4778993144473654	0.4403206794352119
0.6784186861225789	0.6329062237703124	0.5881392063166201	0.5439342070042803	0.501462647897537
0.6519863092863625	0.6007671208256904	0.551165532270736	0.5028625223771411	0.45856473632972605
0.5929010925437634	0.5437523308096285	0.49680853088451477	0.45124857612792785	0.40995683386653226
0.6520526303120899	0.5966393154772403	0.5419454805160915	0.4884882162695943	0.4388449239149689
0.6280924162030815	0.5770029815356125	0.5278232275423915	0.48014306075747887	0.4370880912169545
0.6510289855285789	0.6041422488844304	0.5610734282431723	0.5202762979059317	0.4864857729038342
0.5861631204078452	0.5303768180922172	0.4757791499436247	0.42252247565165435	0.37340184697012047
0.5981365052346918	0.546586104109692	0.49793411047664954	0.45143519851455693	0.4115770656657078
0.6703665340466605	0.6272411019715803	0.5844128032163538	0.5418673510387203	0.5001942864114874
0.6284410803484269	0.5791574252345825	0.5327149480631697	0.488243666663629	0.44985217122231813
0.6184614513747669	0.5653889575829543	0.5149456924689735	0.46619677755244704	0.42267377001955037
0.6428602072731906	0.5926912231844244	0.5445411818164364	0.4980700253850982	0.4567770766229212
0.675393136994687	0.6274472558819746	0.5793037351368155	0.5312548489326183	0.4834978453316172
0.6330345720809818	0.5899651111227607	0.5497676574083288	0.5111023412039057	0.4771626175825986
0.6206314453040658	0.5748556865869724	0.5321772271466707	0.4912235909134096	0.4555898503821544
0.6583268391594046	0.6098536543422108	0.5638787390201822	0.5195179042990261	0.4801354003518435
0.6688510514839054	0.6253595103047528	0.5841880984703546	0.5444144265425697	0.5089518228398421
0.6166247744558131	0.5702999113443322	0.5254863527334255	0.48185708153283885	0.4418805241167053
0.6360333133031816	0.5941530009879388	0.5557789867254699	0.5189805068752597	0.4870414692646499
0.6090337020238303	0.5566872813021772	0.5063809862605445	0.45782979265533724	0.4146918823072833
0.6019277363804654	0.5484190419108929	0.49657522220784184	0.4460805779977814	0.39974721413060665
0.6079092988264827	0.551968129818369	0.49658574095400987	0.4420407052919673	0.39007832951290905
0.6256049320175485	0.57460283679759	0.5256705585816412	0.4782887793202313	0.43568922509530367
0.6220308260530802	0.571907752295856	0.5242845863992376	0.4786042585589637	0.43891625258881045
0.656725053992878	0.6117587741748282	0.5696102265063522	0.5289199738928043	0.4927275605727566
0.64385661257917	0.5967598800969647	0.5529131287195065	0.5109363230479034	0.47472701637733117
0.5978157307121997	0.5469081758656914	0.49810926769892305	0.4508383895606515	0.40828043524434215
0.597588715897599	0.5432202673327189	0.4896084934155178	0.4368313262190996	0.38662834789527667
0.6030064984398035	0.5552181784024762	0.5092416755016979	0.46455047951255857	0.4238235731312331
0.6050727298330528	0.5558680557519617	0.5094854405455256	0.4645132620612048	0.4238913127628694
0.6348107407068679	0.5838119777564217	0.5348492056744312	0.48774078145325395	0.44635174758727103
0.6131754236790011	0.5630535849371775	0.5144473744694431	0.46717245731584484	0.42400366625741476
0.6789966404074167	0.6327018599663192	0.5874652858089425	0.5428624460251354	0.5002142417984123
0.6087923709608968	0.5600187428888161	0.5154656396412833	0.4731139646655125	0.4375521848821389
0.6527856270626593	0.6070565482038487	0.5626090154939544	0.5190692128558086	0.47832913443726116
0.6078735979905211	0.561393961100722	0.5173609879642855	0.47447968171640686	0.4351504773335606
0.6138175610236564	0.5663145327261923	0.5214945628648054	0.47819700817219984	0.43959505931328635
0.6635601781406035	0.6227377996335569	0.5854440070750393	0.5499493963165538	0.5200040264808756
0.5728610745775945	0.5223138823976955	0.4762063722290566	0.43269314973975515	0.3971815240626583
0.6619502737746501	0.6174166510832916	0.5751630941073689	0.534328919020329	0.4978725628189291
0.6344034366977928	0.5900001779808487	0.5497736024660302	0.5118083091064656	0.4808175190870993
0.6108023389890712	0.5637333383402996	0.5205375043607114	0.4795852486782534	0.4455528920853337
0.5756344233706665	0.5299190040554129	0.48789224585040986	0.4475456018162817	0.4123809567951721
0.5860198472193556	0.533195722473528	0.4824738990378497	0.43331768136726884	0.3889902828746644
0.6733877831388699	0.6332495529812792	0.5964221312270759	0.5614840255867268	0.5323731633605406
0.6366948790873126	0.5945890128096661	0.554987191770023	0.5166741177597872	0.482335943759437
0.6462981417224806	0.6017455210859737	0.5602174803082545	0.5207029222397649	0.4873985763061595
0.6123069701361837	0.556424929535247	0.5025929163410121	0.4508125963376499	0.40536034157796247
0.613165828315568	0.5656861752976197	0.5193587755234945	0.4737352764672514	0.4302828279792132
0.5455648086918073	0.4975436136124647	0.4531296101723025	0.41050301637662284	0.37338935448410354
0.5971926272836324	0.5467024234696004	0.4976402896085468	0.4496355826028929	0.40489231164486605
0.6850004828445475	0.6411444129320971	0.598155979870267	0.5562004586419301	0.5174307614453671
0.622100550299068	0.5748031725779893	0.531125632709131	0.48939454594335974	0.45366693098559696
0.6019734080483826	0.5523679604978339	0.5051361600556873	0.45941330291449173	0.4183445001416112
0.5788720029387242	0.5269975942552043	0.47764405949885175	0.4301657044524056	0.38847099171695015
0.6324118958498489	0.5905819483122281	0.5524203767360869	0.5160897379090751	0.48540626988947994
0.6259162830326823	0.5788393775547447	0.5348162171502037	0.49231793451085454	0.45452285312483687
0.5968590664887226	0.5529677851388308	0.5123014039244363	0.47316219261258213	0.43873325222449105
0.6020128670390678	0.550041600902298	0.5010156667860255	0.45392261457741817	0.41279117635400037
0.6369878103508749	0.584962546516607	0.5335569705400088	0.4833683697581089	0.4369333021390834
0.6324661817546738	0.5849733714041413	0.5393888928082868	0.4950105807491672	0.4543524645619992
0.6448698992153443	0.5995065421293171	0.5573725626946633	0.5169584551019997	0.48184897164870055
0.6103314452013363	0.5579820099090655	0.5075490805204301	0.4589563613991965	0.41603942786130577
0.6173419547271783	0.5692399529700503	0.5251750825351174	0.48313529727858706	0.4473415098105854
0.5746503670985523	0.5269955725329161	0.4832526076379856	0.4414267267343877	0.405513734087536
0.5830382753615279	0.5361887965830278	0.4921255924471815	0.44952540726043877	0.41143763133831984
0.6502754684264741	0.6055010562084252	0.5617854119111314	0.5187422591309654	0.4777732810934628
0.6210914556004278	0.5731378886444036	0.526603832232978	0.48107223127097093	0.43863251730065317
0.653049135474553	0.6086444117919413	0.565695675009218	0.5241020301061602	0.48668791353796464
0.6259988194348403	0.5775397615082175	0.5305119905940281	0.48458384073028826	0.44204726704446795
0.6873833504164844	0.6444280546062605	0.602998267589829	0.5625456497138172	0.5251069279223612
0.6502844350645904	0.6004557097284525	0.5514827878125699	0.5035559962711345	0.458855798887316
0.6225578992716115	0.5801671299444013	0.5420257925467731	0.5059263978692813	0.4761249949258137
0.69447580098507	0.651458507191045	0.6093267347264654	0.5677834066214328	0.5280550254665839
0.6468140552154199	0.6024635310936145	0.5599010317498646	0.5183635927855336	0.4799877615062725
0.6706836022575517	0.6279471224531619	0.5889940245157556	0.5521775610181969	0.5219511482150541
0.6084874896192229	0.5593716241687974	0.512825978350652	0.4678689418996596	0.42781167494967204
0.6088426816840935	0.5607655376163181	0.5169069502149203	0.47553706796086076	0.44184313287799
0.6394935008777654	0.5906610779228599	0.5435148423095155	0.49770845606816083	0.45603458548770803
0.6350924428808075	0.5883446050087929	0.5452387760311767	0.5042201285086191	0.46963900316616003
0.6308472705324418	0.584136943270221	0.5407736174739267	0.49927498618429816	0.46352765755054265
0.6162205537874063	0.5680246406584358	0.5233314100736794	0.48085580694607705	0.44522006237893846
0.6233966741719671	0.5832173622833391	0.5471171116065723	0.5128867536646422	0.48442373134450983
0.646672875023675	0.607051045485161	0.5698450351390926	0.5333727579292599	0.49916354382174766
0.6554362770913955	0.6055637315473422	0.5570719381855018	0.50954892303545	0.4650139237145297
0.6270225999526653	0.5838752228825604	0.5447214278590132	0.5075586890293178	0.47653699192777577
0.663112969986356	0.6175540325451403	0.5725261351614527	0.5280230992456503	0.48513890070155824
0.6665404123818033	0.6188152560519953	0.5709980470831991	0.5236160826892663	0.47757654906370767
0.6610893673728928	0.6153463890807863	0.5719497223508552	0.5300860303478211	0.49295051316735095
0.6011226423279195	0.5545234150993293	0.5120218123066506	0.47169224677085	0.43806192532006344
0.6118685505223674	0.5681337980079129	0.5280225469715696	0.4900210885785184	0.4585268923612992
0.6377999507774066	0.5962270313674978	0.5598110900239639	0.5258297224224254	0.4993573437615446
0.6715294931450251	0.6314962595631166	0.5941398027296558	0.5580798370102003	0.5260186564861958
0.5975906137464586	0.5498769435204737	0.5060191280420507	0.46455207664410086	0.43045889145127886
0.5996295899837807	0.5542322383605576	0.5118390812997912	0.471033613950956	0.4351250795980035
0.579272783402078	0.5275555749067214	0.4781760839918864	0.4304213042590981	0.38767764334653965
0.6601239899740337	0.6179581583822885	0.5786738344260961	0.540965063181831	0.5081157906190839
0.5652581497692872	0.507791779430353	0.4515357041845365	0.39636278359397725	0.3445306516544461
0.5911021151214273	0.5335599421818716	0.4768083241174451	0.4215773403009205	0.3710364693995713
0.5697155963554374	0.5182672106377972	0.4686726179486661	0.4199765457672219	0.3740517926215461
0.6092942177958484	0.5673761421886074	0.5285910490833143	0.4912620463493262	0.4584240829731213
0.6627985206025754	0.6192371669207916	0.5774760092866359	0.5366928469989134	0.49892612907420386
0.6106441518586865	0.560732143173198	0.5148116298475164	0.4713960796050534	0.43570662110677655
0.6500412617538195	0.6002684370757849	0.5515886444823567	0.5042682000608522	0.4611404117143744
0.6414737880787187	0.5946055014168119	0.5493359321831333	0.505238939981123	0.46475854308324577
0.6491452814088176	0.6103414765125807	0.5760569180664746	0.5436434735182673	0.5170011310417169
0.6416634201256253	0.5954771045439924	0.5522192685589326	0.5108005974828173	0.4750544877767224
0.5820425361283911	0.5318178758578502	0.4838969470885805	0.4371861785515326	0.39420792369580304
0.6208740958978596	0.5747936233991192	0.5325568050563829	0.4923348114871142	0.4583271693997314
0.6201198945796776	0.5689567166548375	0.5191497504034197	0.47052160311914265	0.425529303225564
0.6255345057186388	0.5762652707085397	0.528255984151257	0.48100571870543035	0.43609651240820824
0.6260007736727498	0.5781146910043684	0.5324380981274287	0.48812946371213944	0.44804004220571575
0.619790627170701	0.5671749149053251	0.5152146555442031	0.4640966515163967	0.41557642708096026
0.629789571245372	0.5852135069295487	0.5443906210896011	0.5056685829399624	0.473426217925878
0.7098673010987184	0.666313512804653	0.6229243276039025	0.5799805083803643	0.5384103375042745
0.6282109913510756	0.5784869933837344	0.5295961784555849	0.481566761041348	0.43619416370772923
0.5811000350600992	0.5290601324178358	0.4799971464819265	0.43296314651417905	0.3921871755939268
0.5756143869799945	0.5286312447857464	0.48581328948843144	0.44486022274224596	0.40965905714591505
0.647759185539011	0.6041089056880343	0.5637126925544225	0.5252814477236458	0.49291078138355715
0.59931290271934	0.5553478450765453	0.5141062268232006	0.4744196953391557	0.43952953915112597
0.6215966840115139	0.5759177873629333	0.534364659918106	0.49504289919071853	0.462603373211363
0.6503338854144213	0.6098929207012	0.5731267812429238	0.5378690220735826	0.5072635807669305
0.659034702380308	0.6148597671832934	0.5720380205622865	0.5299536965803257	0.49014381528443773
0.6312008608802414	0.5764465951855386	0.5219903751962733	0.46855693157269307	0.41827805101952487
0.6201223811789	0.5724910076972292	0.5270894463969876	0.48294648583872146	0.4426854446855539
0.6191573322402765	0.568452492864066	0.5188156911088795	0.4702896479317296	0.42518953256048025
0.5708936770014602	0.5174594346876733	0.467674273823543	0.41998614699701864	0.37876593080509213
0.5741812924726664	0.5248158924574776	0.47982349423189	0.43673268914510005	0.3995069936676653
0.6191206959481043	0.5729352766186055	0.5293572855292414	0.48726933178040893	0.44977712048875407
0.6543845519968643	0.6099281901331444	0.569276434969263	0.5306827430602195	0.4984367636698712
0.583316280601773	0.535610216677876	0.4910158040274445	0.4478018389568741	0.4088456071525133
0.6450165338560647	0.5940134659247251	0.5446374592604133	0.49659191823480414	0.45264995049375434
0.6054279205687374	0.5566795777185166	0.5118311313865926	0.4689814821310241	0.4322967499129121
0.676656527965572	0.637227044725988	0.6028612615454914	0.5711062034543293	0.5474034403028317
0.6343457457266657	0.586960192513166	0.5412409128691827	0.496724842118468	0.45591984493969134
0.6047219593195426	0.5514912426459739	0.4999414860330549	0.44984836986525284	0.40424798965538217
0.6499002182592482	0.6051703209124805	0.5637041241540895	0.5242515318989707	0.4910095274297591
0.5509956682733367	0.4921594330138641	0.43638536083565393	0.3825057638037739	0.3344693222601659
0.6034636095930073	0.551379122464385	0.49947245632382065	0.4480319048724595	0.39802899730344626
0.5888682058231574	0.5373993121517353	0.4894512335975103	0.44362858513392245	0.4043614296379259
0.583596490079713	0.5342029044708765	0.48916690453262746	0.44663999025433615	0.41185188303979886
0.5674112861412051	0.5177506702131673	0.47193177890819354	0.42828279832941646	0.3913265029481186
0.6504592925703783	0.6059658362864512	0.5648875699687894	0.5257551386076247	0.4926242724965249
0.6358340353694668	0.5846417081120998	0.533516408097663	0.4829296512568694	0.4340039304591402
0.6802030670590355	0.6326343678947206	0.5878486349130421	0.5454252934634725	0.5102883083818021
0.6513199682022874	0.6051847255238721	0.5621232006209258	0.5206475950169734	0.484063461900176
0.6241990484563849	0.5734681435143419	0.5258958434851944	0.4800314939692897	0.43943499947617803
0.6444451957019557	0.5996285459836624	0.557707594432767	0.5174242894321417	0.4821919999840807
0.621534319843057	0.5781735769319234	0.5401059761919462	0.5046555981746759	0.47727755583614884
0.6282639680922267	0.5839482198979262	0.5421078098259294	0.5017866765512746	0.46615146938855084
0.6533918066992895	0.6073896673529572	0.5641524898015114	0.5226096907439456	0.48629288634506
0.6068066060479244	0.5576844384997831	0.511867765678881	0.4678396502377448	0.4293280066753306
0.6818433919312601	0.636052325092365	0.5929061498163642	0.5516974101355393	0.5164643294402937
0.6586646757557596	0.6193080761490517	0.5837934245100664	0.5503335016063349	0.5232110065171429
0.6281588034214758	0.584015023915848	0.5415380324873104	0.4997173099373001	0.459920726424837
0.6109588437612595	0.5551552863921257	0.5009143882207313	0.44813849201457656	0.3998811213167145
0.6193211252767798	0.5728819750352071	0.5282973753616611	0.4846058047092833	0.44366861562603516
0.571243107244262	0.5215491308641982	0.4747328748791224	0.4296131073614029	0.3897258423222857
0.5984256591218723	0.5432455697750558	0.4890660499101532	0.43629315982627564	0.38785875712814466
0.6772067067781257	0.6320209281452661	0.5879919387128376	0.5449906854823812	0.5051592930129281
0.6016175787255387	0.5511361628162365	0.5021956146563217	0.454405301726654	0.41016267497879816
0.6058173738346788	0.5581668069829793	0.5133316345533041	0.4700237518290402	0.4314265095381666
0.6522261489160539	0.6068297498974267	0.5633640519017912	0.5211366462245596	0.48272852240509373
0.5913217523851954	0.5365813413638076	0.4850142044475501	0.4356897275912931	0.39328231769329375
0.6635647035039863	0.6156432397231453	0.5694550635601016	0.5247698227029993	0.4847201056734022
0.6504070648551192	0.6061767142005189	0.5642785651066804	0.5237350335156365	0.48736956713241414
0.6233611055876397	0.5701737527062403	0.5193772482495966	0.47053655727316884	0.42772820844337567
0.6524038347545983	0.6053385786264557	0.5595620857969332	0.5148878262186178	0.4736131996645848
0.6151503965645951	0.5664699010808437	0.5199402136316679	0.47488823394282303	0.43439396841906813
0.6326349585668912	0.5850621514262667	0.5396488605981227	0.4955766689310865	0.4556408476665465
0.5970408404072561	0.5490767470514798	0.5054623923992525	0.46431714332304563	0.4307873901933516
0.6073547829351273	0.5560889812266832	0.507225183108652	0.4597548522049073	0.4165824112031008
0.6291097668722887	0.5797195573238256	0.5314715056834838	0.4844912542376794	0.4414212961937673
0.6229259591327164	0.569158883723223	0.5166037394280534	0.4651527681001967	0.41710741248941763
0.6985284484388234	0.6535749598887246	0.6091647546970945	0.5658587586137711	0.5259584897176847
0.6644822032901846	0.6160388702004127	0.5683083398899155	0.5217267568798691	0.47868888767222834
0.584687961710137	0.5335458017487524	0.4847236741003335	0.43767818752402016	0.3961124191964643
0.6159025367384245	0.5654793147036485	0.5182681992249919	0.47288436893374675	0.433136459225648
0.6305852707887316	0.5784797369623941	0.5267646295151982	0.47570826962094864	0.4266836937735055
0.6004529825902991	0.5498896626852556	0.5025930341229676	0.457475832332604	0.41908066620912443
0.5878985871491771	0.537221063292717	0.489891036026452	0.444778474012302	0.4065052702674053
0.6030780321056088	0.5509755337166952	0.5012829058993494	0.45314739583153574	0.40981452523972084
0.6516429494054736	0.6091535870250551	0.5708431385421664	0.5347680298521973	0.5055874101210582
0.6840402048799911	0.6383697768700518	0.5942107912785207	0.5510842294308679	0.5111419861935435
0.5940525601498678	0.545806352786582	0.49965461276260953	0.4544951440205138	0.4123961511034947
0.5764619620979563	0.5252761901339216	0.4767908694091914	0.4298483082059461	0.3876641012004374
0.6028967623380496	0.5569045708006752	0.5138189249097541	0.4726876033701984	0.4375840310368885
0.6057419483341332	0.5559981400397896	0.5088578393878607	0.4638826924044633	0.42558555836081846
0.6161077184055629	0.5657255903709661	0.516139377979686	0.46746041143582245	0.42157967561185666
0.6708865889241613	0.6270834137267823	0.584776631041473	0.5433263349103825	0.5045177119200602
0.6573346060598921	0.6111159634338296	0.5667512312852376	0.524031352515089	0.4863847174157645
0.6081155221245589	0.5605926416331201	0.5168723147852312	0.4753482180728458	0.44059798387041915
0.5662156599501065	0.5135204949050367	0.4647503359107506	0.41850596834558934	0.3800519336754837
0.6062453069489099	0.5566969879755844	0.5088058191902044	0.4623977299966103	0.4205639233810037
0.6869195325144971	0.6437197450792074	0.6011655918720169	0.559018955657635	0.518129229652768
0.6400524168180968	0.5866499449650727	0.5344459940475307	0.4837397364577349	0.4376528347907235
0.6798819087997162	0.6337213041098412	0.5882473630558248	0.5438341381185775	0.5026924943425841
0.6491283603426357	0.6087325566570773	0.5718536885623093	0.5367030752718817	0.5068829418057338
0.6429980964791137	0.5967591279530949	0.5529149716254844	0.5104633715252864	0.4723068515578074
0.6526520867372694	0.6058333611899758	0.5604253952260974	0.5164005735685073	0.47664180272716433
0.5621814481012777	0.5167148811605006	0.47628981253449576	0.43786249589560294	0.4055968729111831
0.6212744799516524	0.5750646249426361	0.5314984389522348	0.4894882686338009	0.4522773386385276
0.5789200276531102	0.528006321564191	0.48095551650430896	0.43574911380890874	0.3962314264389539
0.5767333218312969	0.5369682806474283	0.5018447091864535	0.4684937431402533	0.44061004810995685
0.6411826596101023	0.596800362614956	0.555821091883763	0.5167685892348647	0.48365884361632105
0.6305494175175992	0.5902760111746876	0.5534908424430739	0.5181611562296982	0.48732063456461505
0.5924616165808112	0.5452647227261102	0.5025392457104532	0.462351808582404	0.4299924824366793
0.602374455303642	0.5519651509811215	0.5041025592586551	0.4575654782908527	0.41511668819130604
0.6272958316036324	0.5779164798300123	0.5308072245389994	0.4850790282771787	0.44361045118306436
0.5811833869886013	0.5270015881043145	0.47543355466160486	0.4256108832065439	0.38117145549416565
0.6686885857651889	0.6227059087179956	0.579157561932064	0.5373831859869591	0.5010802924599213
0.6648786989011443	0.623463389453279	0.5843154323304945	0.546514330693318	0.5128673537686688
0.6238769468611728	0.572953823333739	0.5244199367128678	0.4773026138046957	0.4345544176429885
0.7410613710902831	0.7033542150550757	0.667870261278038	0.6334917424726384	0.6025227318014403
0.6037867881456633	0.5456628200525915	0.4874097877043947	0.4299578692085224	0.37497683707503304
0.6260055544039752	0.5762708127547806	0.5281034149278825	0.4811108988440483	0.43774208651708446
0.671071482201377	0.624727009402386	0.5800163807502536	0.5365251583315209	0.4967949671614293
0.6300719756005415	0.5870193821599377	0.5468718624937284	0.5083368866757357	0.4747755018045744
0.6601579449910825	0.616156761413918	0.5746264146951462	0.5345239180706653	0.4988253589330639
0.6099256180629389	0.5565907146618253	0.5040409622954212	0.452763445115391	0.4054099002429595
0.6444893542502209	0.5961397352014148	0.548806457183845	0.502582372991375	0.4597793904160168
0.6266263296616215	0.574368925968858	0.5231983690414996	0.47303788266425195	0.42599277063744284
0.6316627396484088	0.5856911487118365	0.5434295693717871	0.5031154676179426	0.46880799749933566
0.6048204077694969	0.549972163591549	0.49554016578009075	0.4421903693113308	0.3921784211786929
0.6505051387999627	0.6079163146601166	0.5691328834402368	0.5319515910356696	0.49971179719327724
0.5802405395116899	0.5281799151309146	0.47914803778274506	0.431793052298753	0.3896101272233587
0.6879415123478159	0.6438056715480566	0.6005336333133122	0.5578126889786135	0.5167914910633086
0.5867073119329425	0.5346105041990068	0.48472122778612	0.4363986713849057	0.39290837084755065
0.6305284614914035	0.5847245754749224	0.5407738645255603	0.4978290508431927	0.4579867397973267
0.6206499208147849	0.5724545120830649	0.5269645616223998	0.4831478717877928	0.4444920424846109
0.5895642686470051	0.5393378301438169	0.49243020894829015	0.4474573453500289	0.40845188095192964
0.6523424432095835	0.606438355814399	0.5623119278218436	0.519661292270493	0.481562463439373
0.6144730378024822	0.5636799095134485	0.515359790539829	0.4687895458381763	0.42761646217916616
0.6210496150870441	0.5721591422903738	0.5269129988337747	0.4838656970332277	0.44760031249102494
0.6432003623723539	0.5970765605954843	0.5540397465244393	0.5126097798086688	0.4761358342689884
0.5987039679515588	0.5449728258204902	0.4929182253550632	0.44245723951784094	0.39691146097643515
0.6430923247710725	0.5906101679434064	0.5384182085253988	0.48713411113070476	0.43865014493561694
0.6075617404707694	0.5595727217088613	0.513712357912864	0.4690742138322846	0.4282057786612424
0.5747927644377003	0.5267083622516442	0.4823155636250477	0.4401289327456626	0.4047468150873341
0.6071957428802508	0.5596125939333124	0.5160129332050709	0.4744995035025219	0.43942066455783624
0.6007702150115299	0.5512400838810101	0.5043288911653814	0.45885637632782816	0.4178211952581088
0.5955601577090648	0.5429170739514281	0.4922889656852422	0.4432561504707461	0.3991437193364739
0.6112886240724887	0.5636433637997833	0.5186412305698342	0.4746619883047328	0.433837662569801
0.6078534429325474	0.5631015948628423	0.5215572247419153	0.4815708974727694	0.44639006298508443
0.6189023423339788	0.5716686555753329	0.527400277012755	0.4849669494779549	0.4481934948134795
0.6196852434231822	0.576537330368733	0.5362348538261906	0.4974039552085762	0.4631118644212567
0.6457991497172411	0.5944161162290967	0.5447310188405989	0.4967774333845981	0.45416437375759866
0.6836773630607631	0.6397422616569473	0.5984274307071267	0.5589346925761274	0.5250618601351337
0.5958125932358098	0.5441240169245288	0.4948119717321211	0.44713838354285224	0.4045183105969657
0.5973695232468338	0.546655354425403	0.49758328914951633	0.4497449519188568	0.4057118188960584
0.6207890433106449	0.577716445788705	0.5384777379460669	0.501193524859321	0.4699375865598235
0.6250182300088438	0.5782855964031657	0.5338725882197948	0.49079620005579105	0.45184236721642584
0.6116317737493888	0.5644985681530166	0.519122397469179	0.47478042994179837	0.4336282692911909
0.6198195682029011	0.5685123117344497	0.5187598732113179	0.47066833452127693	0.42769953180061204
0.6061339850753523	0.5521634812205007	0.49905133087450004	0.44693252774754594	0.3978775189733311
0.6637533044911192	0.6214788282392056	0.5827425761718343	0.5459783065292393	0.5152962491291371
0.6946904539993822	0.6522903420304517	0.6112907648051584	0.5711858322091639	0.5338402642244522
0.583327100554324	0.5310252440623454	0.482003367813982	0.4352113805748001	0.39529707036794887
0.5800517433058412	0.5331440370766224	0.48990700677142573	0.4483985732000633	0.4122216740707749
0.6760267902789786	0.6295010828269985	0.5842922038063408	0.5406696768494695	0.5019399571620946
0.6130797408907396	0.5686989209580148	0.5282507714639483	0.4898839775955252	0.4579367372222131
0.5469996927289713	0.49233731431801203	0.44128446338264027	0.39246010461606007	0.3505091145879772
0.5722147970415161	0.5211233480643316	0.4738367587146353	0.4287727710879587	0.3905639842176826
0.6351576320053142	0.5804102534842749	0.5268309450981008	0.47432320308064035	0.42512050780423927
0.6362753914989079	0.5858012646033111	0.5374047573866781	0.49081067612884904	0.4497758417968974
0.5755965545425824	0.5266747767654439	0.48100015736330515	0.4371411172172809	0.39888189289112025
0.5999311318195445	0.5516074928027865	0.50700715748206	0.46440697856333624	0.4279759092686702
0.646309970406556	0.5969689480138884	0.5496301337436595	0.5037466757495008	0.46235199293319673
0.603203013985729	0.551499891704398	0.5022621343062761	0.4548067455539045	0.41284874068366717
0.6243927882924255	0.5754460834277618	0.5270332665098306	0.4792558206130484	0.4334380582077639
0.6662383631907396	0.6207043394423861	0.5770185451228564	0.5348123399547652	0.49716965175197236
0.6278510545650555	0.5795648273838907	0.5341230108175924	0.4902722645579041	0.4513288781082951
0.5921054455125774	0.5370633263586242	0.48339737000968264	0.43118215405528004	0.3834414764524778
0.6114324860239898	0.55657892378403	0.5044393265774365	0.4545152637823407	0.41142460393849245
0.6090921622760932	0.5610428106027702	0.5166070814596174	0.4742534587437064	0.43832170523049874
0.6463800302819345	0.6004328980213266	0.555582869631234	0.5116847991270395	0.470722865291813
0.5828082040599477	0.5249007453035015	0.46724886630160417	0.410361677113785	0.35583303113124987
0.5984784301838977	0.5463552806967732	0.49815538335328197	0.4524815755040313	0.4145990198761307
0.5883811835284265	0.5377778019079236	0.4899730094446288	0.44399522879455927	0.4036525255559115
0.6219374294054905	0.57033351694819	0.5204697346330397	0.47210611564679106	0.42836947084152177
0.6632474648345664	0.6131395565301685	0.5652842514651992	0.5193284450321753	0.47923128809250476
0.6450699157580962	0.5991461373409729	0.5571356295536708	0.5176351083188224	0.48587617278272
0.642236612848066	0.5993533288152769	0.5593733547931738	0.5208297715827318	0.48671646811004166
0.6255583279222016	0.5754572860985754	0.5250284171322375	0.4749746538989667	0.4260778343854901
0.6372070546455766	0.5882563419242817	0.542248829585062	0.49843299990873313	0.46137700691066713
0.6252184815566757	0.5696889768623482	0.5167870172396821	0.4660609547004281	0.42204604116172034
0.662082388880981	0.6157220092666306	0.5698052436145202	0.5242692048719222	0.4799074473201643
0.6527502589904779	0.603804072476883	0.5552640631920737	0.5075883588947683	0.4625784422384658
0.6486918102261767	0.6064792369821858	0.5680297134898977	0.5313165670562732	0.4999589520265273
0.6536600871296254	0.609882922192605	0.5695987231618609	0.531147166510929	0.4983480537046062
0.5923649143025206	0.5422430562349531	0.49527699859308844	0.4502253496890207	0.41107833772079383
0.6330413384012721	0.5837391777592656	0.535508339096485	0.4882322199391166	0.4439007551513851
0.6461647578260677	0.5990613394141425	0.554924831708399	0.5125948522835557	0.475836772632488
0.640642153733642	0.594621838184442	0.5528896764288531	0.5137586191329039	0.4826501837374596
0.6113796076637072	0.5620360689074697	0.5143925976101201	0.46810996929000365	0.4260246074932826
0.6253145879152903	0.5743464291991534	0.5258669417499754	0.4790881080707173	0.4375546239694713
0.620413588423879	0.5663171026549438	0.5130614918797233	0.46101242458277064	0.41268471576367255
0.629212650040608	0.5827040294550655	0.5390072161411046	0.4971383506326626	0.46090744942941775
0.6223910433564876	0.5732242872730005	0.526847439554312	0.4828001729674929	0.4459380651843796
0.5988052328159629	0.5477787469706399	0.4996975170752923	0.4532557182944789	0.4118704392220874
0.6647782895208156	0.6205940365514975	0.5785945112049048	0.5378904879756059	0.5011821995657352
0.5635677749750881	0.5109314096301064	0.46128865417608866	0.41348022931342304	0.3713294552692053
0.6380053442854511	0.597328689662662	0.5606489359398834	0.5256669730613951	0.49592152960041924
0.6190010917872553	0.5673225324903676	0.5177576832237011	0.46969454269581	0.42626314287761286
0.6062107893318881	0.5593860155670985	0.51603617616317	0.4746052940978883	0.4390930782799812
0.5923897283765949	0.5436546359556833	0.4970005864325619	0.45154063717950466	0.4097636676478167
0.6595536362916352	0.6108634559532617	0.5637801052082196	0.5178819032442579	0.47563907180231296
0.6355646257343353	0.5911599591586711	0.5490077701800654	0.508226690342256	0.47167454109590007
0.5831405369888568	0.5334714210203676	0.48722940279310045	0.4427300917795719	0.4036058363534092
0.6298922389085505	0.5818210866870968	0.5367052375016381	0.49338533251382505	0.4556046826676964
0.6488847597786542	0.6059798305937805	0.5669358775293951	0.5301881382051534	0.500522642184001
0.5990336399138262	0.5493540504927357	0.5024151243960808	0.4571515283716151	0.4170551756994534
0.5692648871058963	0.5187180704852997	0.47075433647759785	0.42438689171669547	0.38294290361415784
0.6422501208602136	0.5914906996578965	0.5426428908836537	0.49538084517520703	0.4530097900817356
0.6016687065864138	0.5522970689676209	0.5062903504255831	0.46215110604339427	0.42377173763923814
0.6061490754858323	0.5576059030419463	0.5121277630046354	0.46849501089042206	0.4305540138735117
0.6684853920389596	0.6244992210161482	0.5837644489268496	0.5448565627316883	0.5115833655739902
0.6556742441895701	0.6058549247388971	0.5570778411676378	0.5099116992523749	0.46771420662066426
0.5898248241502593	0.537199808754986	0.48603706790327844	0.4357841799798517	0.3883375638313292
0.6372644455943829	0.5911051449381792	0.5486358868029821	0.5085905397345181	0.4760212945722204
0.6559750690913637	0.6095525329282659	0.5647809667693965	0.521279917387976	0.4816975402021093
0.6180599359263177	0.5658176644864852	0.5162174918877444	0.4683517441841108	0.42583550679971915
0.6319297481111492	0.5862251914686714	0.5431398461248448	0.5017449550823493	0.4655639552580251
0.583723884533192	0.5253726712413946	0.4682596838473265	0.41234204422378307	0.36011123200426465
0.6195003956630928	0.5753378602889015	0.5336175886609701	0.493227221522181	0.4569386969067222
0.659513101256987	0.6156388328996371	0.5733022487596845	0.5318133508108731	0.4929389829231679
0.5999456898404286	0.5496623873666994	0.5017944974870714	0.45556872974129425	0.4144077816514569
0.5850687185560937	0.5360751672966362	0.48990023584845027	0.44485579164426703	0.40329812463904136
0.6346548967484995	0.58727523333467	0.5421285641884552	0.4984343139345245	0.45921977904564304
0.6013815607182473	0.5502932511142462	0.5021384181160127	0.4558208356104877	0.41516990981492086
0.615601614711275	0.5742351960079394	0.5371458452525615	0.5021260704247319	0.4734895168087903
0.6238578734603071	0.574275959054231	0.5265886945624587	0.4800518186347652	0.43706310181850877
0.5872980866777192	0.5365979065044805	0.4876892999704397	0.43976401233127504	0.39487158854806914
0.6126161274308596	0.5624631554320884	0.5134366463341874	0.4652443985640243	0.4196252743659848
0.6177285252576583	0.5732780079137979	0.5342840032483465	0.49823623863125466	0.4712756023101908
0.578463063613727	0.5273299876029907	0.47904233861744244	0.4322800747705226	0.39022257707573227
0.5963104585427401	0.5460345331962745	0.4979313999043041	0.45105276022596197	0.4079508428723685
0.642121995857318	0.5954694516432092	0.5516005340702481	0.509681944522867	0.4737787782596992
0.6358297110970453	0.582706769761048	0.5301197062120518	0.47835449033929855	0.42912411044434307
0.6442485676343288	0.596225269969865	0.5506351866897351	0.5062866440674085	0.4657674022002858
0.626246293411937	0.5756595942959499	0.5270503175069536	0.48000888106087675	0.4378031559315778
0.605785531336367	0.5577511149659667	0.5125231858228166	0.4687937977383972	0.4296863802449803
0.584016691742501	0.5360778893229614	0.49109703756897854	0.4477699317551192	0.4095434970611522
0.6652681663849266	0.6182267668803554	0.5742085738263752	0.5325839128977212	0.4983416556926245
0.6143550381727473	0.5632235474424915	0.5141054299607978	0.46630396628772985	0.422563475883659
0.653340307065691	0.6101042857099742	0.5694097420724188	0.5302428916257973	0.49578792608845673
0.6108242280736912	0.5603351017366098	0.5130622456536644	0.46783904170440926	0.4289376077383712
0.6395254448019112	0.5906052714076068	0.5446551543994943	0.50056274628772	0.46220009501877257
0.5993972874670015	0.5594298068275835	0.5248161404696604	0.49257688478788103	0.46766105628359517
0.5980908604822172	0.5518820498098387	0.5097738744265811	0.4698621691885307	0.43672506672563677
0.6230629841388952	0.5777086211942006	0.5364835582646336	0.49762612875915413	0.46607122326037564
0.6481334056798101	0.5996332387720712	0.5519010162385111	0.5050087439437368	0.4607071416068899
0.5968031601790775	0.5485427752987015	0.5015373828817301	0.45513154282770274	0.4105749102899788
0.607887050509364	0.5609423442945342	0.5164534261712437	0.4734173058687989	0.43486206966592544
0.6082571940393373	0.5590506660812284	0.5116207053826289	0.46548921203829835	0.42336259923417163
0.554477146416292	0.49980289659256416	0.44823041760499976	0.39874822951550937	0.3557131541035462
0.6333477755284818	0.5846651436002225	0.5401227511174325	0.4982733649065751	0.46473005460717814
0.5983665587102082	0.5546000987036256	0.5167786285929856	0.4816945527341707	0.45505345923756846
0.6482211917066542	0.6021005023814769	0.5592446685523492	0.518416664762535	0.4838431247731302
0.6101751801383595	0.5622793032309495	0.5165851328052766	0.4723840782044859	0.43278826107207097
0.6798200513331836	0.6276901048895875	0.5743130725739709	0.5213772189449242	0.46980209874578466
0.6288359526332503	0.5807467607122535	0.5355745219605831	0.4922711015026571	0.4547317027532391
0.6486157164706401	0.600772262517228	0.5552411588507513	0.5112581321744384	0.47204986043690883
0.6192887505491936	0.5672771044518179	0.5174444889500661	0.46902337713805775	0.42495578537481704
0.6583508545345838	0.6147201673374018	0.5740004265579985	0.5350861159180307	0.5017403180391669
0.5933843835083943	0.5376648770903878	0.4818444328843126	0.4267751394488025	0.3740226305623268
0.574410483320779	0.5230283651515367	0.47502710369217827	0.4291074575106987	0.38960816567325474
0.6032871350740766	0.5595367597856254	0.5185533240781919	0.47898330654546495	0.44377271393354456
0.6644774424647568	0.6192890143858885	0.5756187886819808	0.5332642812997026	0.49496786185114144
0.6487995599805892	0.6016188282746892	0.5553296682031219	0.5097305973920206	0.4662599782829645
0.6005463882678426	0.5503576383370339	0.5020932803655458	0.45516406607477056	0.4123528536172212
0.6843886537464408	0.6379646447869991	0.5938709621942962	0.5516914770126206	0.5154159769687526
0.6648934106529989	0.6231844449866918	0.5837696922599225	0.5455109848294954	0.5108178836468459
0.5826463625955345	0.5322853332710771	0.48355849513974886	0.43598701243605165	0.3919790082086725
0.6303435436854137	0.5888327353398768	0.5510474565396549	0.5152063591076717	0.4853617267409734
0.6375563537918186	0.5894361324057908	0.5437853309064117	0.49982609238986775	0.46108416461295465
0.6349157617653742	0.5876503833491246	0.5426759760733163	0.49961387245949057	0.4624499130675094
0.607485189198761	0.5573290183539908	0.5097632681981941	0.4638073726722121	0.4228167737001298
0.6180172317723196	0.5686376385873644	0.5203350902210394	0.4730562697223496	0.4289349470244924
0.6684260293623607	0.6232061623724829	0.5790886904798781	0.5362478544131204	0.4973445636062056
0.6373666870501812	0.5924659175048727	0.5500901138530552	0.5093572253627815	0.4736916024745595
0.5610899811458585	0.5075886485589863	0.45695989036352186	0.40785998970215936	0.36347556514956425
0.5845634755394797	0.532478784186624	0.4826966066426983	0.4346330238304051	0.39187012614861183
0.5562960876531986	0.5030411777910396	0.45322623396899814	0.40575203476129373	0.3654974260382684
0.6355280628088701	0.584157992434205	0.5338773612118672	0.4850435509836833	0.4406721904471267
0.6401663354745014	0.597769726567394	0.5576530502734521	0.518607098751469	0.4828635982222154
0.5873353953026372	0.5339219979168058	0.4837756324940307	0.4359796884469707	0.3954331810514633
0.6799958442373308	0.6317513267170459	0.5839152033458049	0.5372228019125141	0.4940579976249213
0.6177080776646803	0.5671542662999985	0.5175878682666392	0.4689605643645053	0.4232297212776549
0.7176008472772291	0.6772873882357653	0.6375757345016425	0.5986873509263282	0.5623381907111571
0.6925604686722355	0.6490779964559807	0.6072202714982843	0.5666348091520438	0.5299734037009557
0.5363654115731465	0.480798694659295	0.4283965449801118	0.377977158598969	0.3336732360545155
0.6248659649073123	0.5786370299813143	0.5355452400718385	0.49434855523093446	0.4589969687560487
0.6186710945454457	0.5667289979237988	0.5153587892607724	0.4647430649565403	0.4164544070329064
0.6337763890472338	0.5880554463856429	0.545602958136413	0.5056075686104334	0.47319064213148637
0.6065532706110306	0.5567815316424757	0.5090907517486347	0.46294398510500034	0.4215594395516689
0.6411926346703218	0.5899104562315418	0.5396834804057802	0.4904033240862062	0.44404345606109763
0.6356289996045731	0.5916110216791554	0.5508545982198977	0.511584134822426	0.4768968382757824
0.5891779043320231	0.5438283953344744	0.5016856038738148	0.461326539577738	0.42646904926192747
0.6424576435155991	0.5966666944959124	0.5523396784149277	0.5093564137458956	0.4705176998527515
0.5940315511356421	0.5425254487490451	0.49357612901650105	0.44646861399203025	0.4050418023059751
0.6576672308327705	0.6115407701661046	0.5677274728004027	0.5253836285739075	0.4875720386721767
0.5891833743331231	0.5375562667171049	0.48829092271242225	0.44062896091531367	0.39791233269206183
0.5963253951432621	0.5395166222586618	0.4826479468497966	0.42666675093056095	0.37342282008476935
0.6570068024930428	0.608312421273589	0.5608319785974413	0.5147193689119177	0.4728255851432645
0.6409347374495212	0.5970420942368168	0.5564858059764773	0.517369539447278	0.4826947515502165
0.6433441531101314	0.5946239080247561	0.5490700043682498	0.5048482263493422	0.46473514157219137
0.6233960564583636	0.5705617632752217	0.5179939511651961	0.4663295162698229	0.4174513800176391
0.6153656444902769	0.5698592368637571	0.5289026616007388	0.4905874906422784	0.46041923894471126
0.6706283672146861	0.6346280188310512	0.6022019863811445	0.5711108196074551	0.544136797213941
0.6108175443935262	0.5617346610839247	0.5157368693513941	0.47164988614723474	0.43345643570396525
0.6148088857468645	0.5655903670408177	0.5186064137469472	0.4728148855462101	0.4307011702958261
0.6023356776247342	0.5539813477575715	0.5093726452626292	0.4667004870935175	0.43000123895580855
0.5679728131220225	0.5150633935483258	0.46445793703478555	0.4154022204703859	0.37112638793178404
0.5905381522114853	0.5443457480935169	0.5019661231130207	0.46166639111392727	0.42778170135639837
0.6412025598979952	0.597373634097373	0.5567544028929774	0.5178114633223352	0.4840387328614214
0.571813171715327	0.5244945415433836	0.4818654079265765	0.4413799962393124	0.40750649528743194
0.6360919451865283	0.5875832595828075	0.5411484728000769	0.4964801740182718	0.457260278229543
0.579316631943934	0.5273179510607472	0.47750142987744626	0.42913351735615557	0.38523356825480204
0.6264425798674009	0.5826055116474449	0.5427527121568037	0.5052879148930141	0.4751884654116238
0.6337441979077445	0.5896969140805366	0.5478418586277144	0.5074649391272834	0.471647054470544
0.5962156932628359	0.5419390114689197	0.4888794672463263	0.43707006381817814	0.3891164866637743
0.6504409456779237	0.6036112859003898	0.5579118067492718	0.5131331673762661	0.47119468666869313
0.6868483913014202	0.638643467735903	0.591306439116447	0.5448305268538979	0.5010105674955863
0.5936975803397935	0.544818258718922	0.4988681988310347	0.45444685741893803	0.4147405632161657
0.6490754407955285	0.6028470515739417	0.5598373009167514	0.5188147585355869	0.48392138969723314
0.6323197516498225	0.5843542961394668	0.5379546850047914	0.49292176593019327	0.45210415378484603
0.6071784174289553	0.5589274396310059	0.5143639568707701	0.4718871334766777	0.4358462219767335
0.6488467365917515	0.6066756975847801	0.5660521526389555	0.5265266644737301	0.4903879277876261
0.6006599231433246	0.5515305338853222	0.5055168506905638	0.46116782878772505	0.4219531443729427
0.6566349542515169	0.6134103445649436	0.57160942153412	0.5308621693040216	0.49336476827097764
0.6561331368596207	0.6059873032316281	0.5561623160636721	0.5075218961936144	0.46253505336907785
0.584126538241056	0.5311778720839412	0.48087530261266964	0.4322491614254671	0.38879365082042233
0.65219221563596	0.6099277543010136	0.5707326847366804	0.5330995388883313	0.500283855623745
0.6104155646524947	0.5640775551585061	0.5209654953473164	0.47961647207312524	0.44370520639482697
0.6310428151603735	0.5848929808948706	0.5416933293868607	0.5001413780529635	0.4636714508005353
0.6303920747018127	0.5803307637608879	0.5321469436414397	0.4851673821285319	0.44190213183249943
0.6082330517041007	0.5574478139746146	0.5096881785648449	0.4639503958576355	0.42444864096970214
0.6574194122890707	0.6116916255333362	0.5679614324574859	0.5253708926713011	0.48629540104351326
0.6183985654187066	0.5751580075566654	0.536807560654271	0.5007765954993639	0.47189963947940394
0.6029193975889205	0.5558452774539311	0.5128825740685543	0.47231398692832155	0.4391296051203536
0.5992663276431236	0.550509355791072	0.504748001029955	0.4605651061920804	0.42125067678716627
0.6585294656027458	0.6114754939062829	0.566415163910119	0.5227258564466781	0.48326521244823
0.6251625725533769	0.5759547479833765	0.5277892754303496	0.480553175713204	0.4361835532877503
0.5932760261491284	0.5425050360075786	0.49344667601245146	0.4453935563507234	0.4004409131362647
0.5932783499446643	0.5430595185115435	0.49588951818035604	0.4504524331762751	0.41036020251029837
0.5874852866330427	0.5321138328139102	0.4773572223520368	0.4233897029032711	0.3718559876101936
0.6395891133720696	0.5887156162337294	0.5388853471894433	0.4903825876989562	0.4459742840001114
0.6222398462051074	0.5750457334245063	0.5312351531910866	0.48935346850258715	0.4534211026063857
0.5565391860527701	0.5060265058531371	0.4591411202950163	0.41419052956556	0.37520745286957663
0.6644209958382801	0.6175040852715894	0.5716408275436063	0.5266245045299643	0.48422039378730164
0.627797641785341	0.5765200229692883	0.5257844904287309	0.47549328387379647	0.4265725180060909
0.6411719322075213	0.5962385863371716	0.554220966415434	0.5138117964287942	0.47836359047701305
0.5830329742280654	0.529734622608141	0.47830651766935667	0.4281393061485007	0.3818610853644019
0.6339483563976812	0.5873122080926305	0.5435099066822118	0.5012607891397938	0.46380217774900484
0.6003189010963798	0.5570086318536623	0.5169078608693408	0.4783160755353002	0.44437847518818957
0.6553595752592065	0.6059172753814317	0.5569138238806858	0.5086544484053588	0.4626900367462842
0.6598977165649376	0.6095616470008911	0.5592102223984864	0.5096894367775038	0.4627306022765829
0.665340813404119	0.6181644260535241	0.5707468883726071	0.5236644953081522	0.4776157933474511
0.6390337484428277	0.5951134950928384	0.5542366315802286	0.5151066944598996	0.48136482619676085
0.623321589658804	0.5716343603039271	0.5215005556918645	0.47248223494526304	0.42690441627290315
0.6256866454532508	0.5812900824331617	0.5389501103034683	0.4977760863557844	0.46019821226097535
0.5635311480702667	0.5105586651464759	0.4594034812579443	0.4093685701520102	0.3627889316426455
0.6004485757356541	0.555982962951427	0.5145397307528062	0.4745590160459666	0.4390891639521034
0.6315243211592663	0.5800824788569195	0.5297350437682524	0.48053703606292947	0.4348842228862165
0.6219883712137211	0.578827031006303	0.5397121185573103	0.5027217382112932	0.47228408115729603
0.5963385286904735	0.5495310554598861	0.506087799166475	0.46436559421913537	0.4279516513716577
0.6530330579922417	0.607349505542238	0.5637229782097207	0.5211637682122187	0.4818964996032864
0.6048126380737956	0.5604286229719941	0.5209158050508473	0.4837910857065715	0.4540320113183713
0.6225449197075	0.5768002084843508	0.5334209170170179	0.49143533366813746	0.4537483832451946
0.6550469372495744	0.6082927687974423	0.5624126591401363	0.5178256492405113	0.47722696452985125
0.6284818733134775	0.5778151229886446	0.5294608570532636	0.4826743978058824	0.4407235460729519
0.6597532327648378	0.6190350680976888	0.5825784658049783	0.5479266281274686	0.518841250525605
0.5784669971911538	0.5259704335478257	0.476058443907753	0.4278243748755544	0.38476553922014445
0.6260638707776081	0.5750027246740822	0.5254727847973415	0.4772844985613623	0.4332342929170243
0.5837541402262272	0.5349079780348651	0.49016968527343874	0.44775982600691383	0.4125315858717691
0.6503500592011797	0.6033037816716744	0.5578134651134479	0.5132648545280609	0.4716207604966105
0.689706823652304	0.6494936788357487	0.6110978198963581	0.5735655289940929	0.5386967527467433
0.6012746937178337	0.5577974707797375	0.5183848054418784	0.4807380337192575	0.44853783171784456
0.6590859510606504	0.6167622003651685	0.5772787783935664	0.5394005665438394	0.5064733261289358
0.645106422077693	0.5958745082951541	0.5480517568395775	0.501277949653632	0.4577394155605321
0.6164732950057079	0.5698712362333304	0.526571446718381	0.48516175825195557	0.4495817341843824
0.667813025600707	0.6219787134059352	0.578378048097415	0.5361095426318324	0.4979498359079992
0.6078235141843326	0.5574743971528481	0.5090163005743099	0.4620553610487633	0.4197121234064735
0.6251207135221025	0.5795501039630727	0.5385738458098295	0.5000061605593286	0.4688672695069589
0.6289610339035955	0.5753632731836099	0.5234549694115748	0.4730510010584667	0.4272868749204086
0.6541609046681895	0.6054378203756164	0.5583061398587734	0.5129862250900751	0.47325436408668614
0.6334179053712721	0.5905405826167048	0.5502290918224658	0.5114893263007728	0.47759725443720086
0.6331859201940064	0.5918038308657279	0.5550103975750028	0.5204008191512866	0.4925269340284146
0.5996190803967482	0.5454706459001433	0.49302321478731825	0.44214636625621123	0.39611368696634586
0.610138658105242	0.5634015466073548	0.5192052001916225	0.4763463336223048	0.43761267435389517
0.6530038911399593	0.6046212117875955	0.5564378158161158	0.5091621461828942	0.4646861892540156
0.6511987399434983	0.6111744695464173	0.5742267261617064	0.5388141229102078	0.5081363732734532
0.6238827731506668	0.5734550668579294	0.5233352916785166	0.4740016553859694	0.42709271796594717
0.6376163096869426	0.5904354065298365	0.5450793407220006	0.5010698637453683	0.4612136890354542
0.5921033780270135	0.5469336074109241	0.504859058356418	0.46431580104954995	0.42849552772940264
0.6093815975937076	0.5607364062960339	0.5159345944395002	0.4732347809723884	0.4370181897577735
0.6279820910153515	0.57812368741709	0.5292911128285036	0.48140171237557833	0.436421356751169
0.6170454846147552	0.5703483503185247	0.525195054476569	0.48123378315993975	0.44094908931692295
0.6413332876939661	0.5974714901510523	0.5569765904802086	0.518027350549054	0.4838454099981308
0.6805434238557307	0.6386463063855851	0.5988474462221346	0.5604980431534009	0.5266192203371531
0.6460731564400295	0.6003314141244191	0.5573503698255161	0.5159020350242736	0.47918105699544883
0.6154085842081396	0.5708190016343259	0.5289706372441687	0.4886590896560558	0.4530875670551948
0.5887798534389737	0.5386085808519883	0.492208342892883	0.4483443551480072	0.4123029584714876
0.6756469551755234	0.6291938389898596	0.5837857271387648	0.5394047306966648	0.49819168029533656
0.63616797562813	0.5908918771316348	0.5470412563922746	0.5039095442648241	0.46299517175747035
0.5854551374416175	0.5360280455490007	0.4905674348886642	0.44726276358520006	0.4106076853945792
0.5754208366713206	0.5226338906110504	0.47241762641675233	0.42393130705936394	0.3807806801167203
0.6270699135965204	0.5790567251854928	0.5348131022990292	0.49264515530655184	0.45687924373550176
0.5938543270361919	0.5433312622476963	0.49611105470109024	0.4507288865998345	0.41101580858591213
0.5999496635155396	0.5457275699376649	0.49281925775599916	0.4411107492266344	0.39310281143812703
0.5619336947454925	0.5070772992588863	0.45579858892756886	0.4065518164977147	0.36357217780342976
0.6311339907057671	0.588340483429269	0.5486163109153204	0.5106384912687345	0.47804697154862497
0.6444453534085195	0.6025045679460279	0.5649863772168957	0.529464617684183	0.5001004780732272
0.6089064413297739	0.5610603966983474	0.516381908917351	0.4732412074120601	0.4348435210548351
0.5813681335223152	0.5315944807579738	0.4845488044865975	0.4389418980659413	0.3977726090855983
0.6654951284209091	0.6240835853644456	0.5863028723502128	0.5504524902397128	0.5205558540182398
0.608487350620775	0.5575155694850545	0.5074205752216625	0.4583057363886205	0.41221400429482713
0.6615448631105545	0.6141307726117164	0.5697465428904043	0.5276075664933532	0.4923936554948272
0.6544494542903179	0.6028181381414549	0.552145713636613	0.5025934773987123	0.45649625308459185
0.5856131398600787	0.5316582639876984	0.4794166283491053	0.4283769809483475	0.3810446422353547
0.5605310763871068	0.5090489854097864	0.461843382725469	0.4168432569053826	0.3786455134065698
0.654917571432917	0.6021459345117633	0.5501644330758322	0.49946487672684786	0.4527192410640055
0.5729030173532412	0.520037306776235	0.46800589873713083	0.4167298033365088	0.3677833289908041
0.6386238712467989	0.5944616052965194	0.5523902752188474	0.5114585375070854	0.47404166004575055
0.5575518641349855	0.5053738043051464	0.45600490644587977	0.40857597254334144	0.36713049588634444
0.6453837558373813	0.6003421444212802	0.5562759884726078	0.5129465521535076	0.47188939021878834
0.6348061935864161	0.5819379195900912	0.5308608705404095	0.4810963618934957	0.43538013948188453
0.6116696091492546	0.5700499183964787	0.5332585691122833	0.49884616107793217	0.4717711539312257
0.6536041354906978	0.6100447002840882	0.5707265964868481	0.5337161769601151	0.5038233794494498
0.6242034370233126	0.5780544068070412	0.5350212585032065	0.4937803291184826	0.4580671649481368
0.6901265645910598	0.6456636910051888	0.6012457079245365	0.5570885398431371	0.5137358070150906
0.6831187676172148	0.6404697565112213	0.6001013143850974	0.5611394819055873	0.526516074710984
0.6691248382857624	0.6232104533205512	0.5779441686894745	0.5333640132627597	0.4909000954831304
0.6209476677203636	0.5792823136883437	0.541068309648981	0.5041193853427185	0.4710723636820972
0.5896020103619872	0.5419633799753852	0.4980918095175245	0.4562360872140743	0.4205978728202867
0.5847305427329362	0.5388129343426851	0.496431280005393	0.45607847315101824	0.42198326821221305
0.6180877628471336	0.569614747581083	0.5245052633262314	0.48175817851147906	0.4462974744553483
0.620602785470479	0.5745540869405632	0.5320153820116211	0.4915642294638761	0.4575517431487682
0.561733183042967	0.508774233152824	0.4578862740978188	0.40838659410639555	0.36316880213305247
0.5792957183249137	0.5300397140121639	0.48488508992578977	0.44216125141465934	0.4069347179498953
0.6922860298481684	0.6525986134244335	0.6147333007179805	0.5780456791442293	0.5449904263660602
0.6287310679898704	0.5824842317454756	0.5380870153693934	0.49488080828181824	0.4553480473591106
0.6353602904756585	0.5855806966694784	0.5383626545355824	0.4928782850767302	0.4527411058545369
0.5706103937837774	0.5162645482588941	0.46486609302322135	0.4155145472335798	0.37247631211826504
0.6077464862509236	0.5546671141715713	0.5048168312779444	0.45677923253272135	0.41433252018723155
0.5910270915248166	0.5392119071681271	0.4898541738490524	0.44211315419642294	0.39935858651776257
0.5354722042280506	0.4801578551392174	0.42821194688625996	0.37822221580576804	0.33426594861286846
0.5846712144166086	0.5365300682415204	0.4937093243909917	0.45380637153114495	0.42290280115137946
0.6490553305358729	0.6035445878302534	0.5589186331591293	0.5150101214759376	0.4733144289688547
0.6170687522085279	0.5733379727450247	0.533458490334842	0.49535656867550637	0.46273720184259237
0.6287578055273135	0.5806106130107008	0.5355962650619157	0.49223214863225323	0.4539578637459387
0.6048293099726729	0.555668487142586	0.5111919714821237	0.4693871798818733	0.43582282317770255
0.6112981206201991	0.5590685159385801	0.5094447160010821	0.46157238514228854	0.4191021342102729
0.6559569069462675	0.6117059135130425	0.5706887175850112	0.531597075194036	0.4984444437950004
0.6395934095209388	0.5885161580305489	0.5395551599278514	0.4921429130172152	0.44950750049545424
0.6243149316474804	0.5797348137932659	0.5391693554689506	0.5009216125740436	0.46982243093518283
0.5959416377892843	0.5420683295064768	0.4910361429066403	0.4420959784609853	0.39960826642964187
0.708758736597685	0.6743383102371998	0.6437090969527195	0.6148308557662765	0.5913531616623735
0.5870819588678684	0.5368524083719071	0.48994704174006226	0.44450299105005747	0.40356609701618584
0.5663433076259761	0.511602905565091	0.4590512425111908	0.40821530709420834	0.36267121378845985
0.6158076198315652	0.5665321717578937	0.5203293769516533	0.4760650924113754	0.437779781478417
0.5659236397098438	0.5164175580082632	0.4713637175983393	0.42857829773258527	0.3927893982371571
0.6162787875404633	0.5645575844578388	0.5154588226439262	0.4682655766914387	0.4269495392551166
0.6091874390763704	0.5622434637720473	0.517901661164105	0.4748105171677341	0.4355767965555197
0.5987581925953255	0.5537864898978554	0.5129613726560484	0.4740283097873531	0.44093093598313154
0.6304767811234873	0.5853367955991844	0.5441741889673612	0.505251554577416	0.47323769707169555
0.6960484415801369	0.6493736802554549	0.60410358262331	0.5597621991829237	0.5182852615691949
0.6046571109518178	0.5577429396005215	0.5161364009258524	0.4770767468646913	0.44587248369437443
0.6099990503611199	0.560728087874452	0.5151106389542595	0.4714282826911837	0.433714359057932
0.6454067459006132	0.6034118161388078	0.564017418648876	0.5260406162618748	0.4924361217522729
0.5918319766209325	0.5417981286736026	0.4942003642063102	0.4481650572359953	0.4069488591974293
0.6297231150340497	0.5835096898944352	0.5401311807136018	0.49806482696824167	0.46004557209831626
0.6047958217445559	0.5578871558134926	0.513078919427507	0.46964330346801025	0.430441279379005
0.6220686528088045	0.5655674367926762	0.5095258641901744	0.4544680495194158	0.4024444528320025
0.6282764891924493	0.5773857332360252	0.5289576116528829	0.48269289935251863	0.4431008197591758
0.5732410236785105	0.5246939531018803	0.479890623956835	0.4368158704475413	0.39907258630721776
0.6936247043711805	0.6551616554621965	0.6202024116484705	0.5870554739048962	0.559498256449154
0.5634314449865625	0.5126653513102948	0.46563911153338283	0.42089037400541196	0.38316616767344586
0.6054700983697583	0.5551543031738329	0.5069251557045908	0.46015798864831986	0.41790002768553947
0.6471683799349381	0.600649569106572	0.5563846623674196	0.5138839664966941	0.47682465022827547
0.5968391255352374	0.5468685040245734	0.5006008381519155	0.4565247368631845	0.4192081080601609
0.578438643472744	0.5315853241135946	0.489386705449403	0.4496708886148383	0.41761281126826777
0.6320514006381273	0.5851490570758762	0.5407805229487691	0.4976203940671788	0.4581873659375174
0.6248439516660484	0.5777391348213059	0.5335211957136644	0.49119026620121287	0.4546794660760028
0.6609830232997286	0.617074519920552	0.5751869003106138	0.53476350502741	0.4988562367714685
0.6501242841254797	0.5974074226431006	0.5451423531480871	0.4939975361913914	0.44630792939155756
0.6301717584121248	0.5811384249865132	0.533183686219719	0.4861832530574312	0.44212619766458083
0.6523299764806624	0.6030661625247574	0.555275791828142	0.508761214156114	0.4661815822805287
0.5916305209710272	0.5436081592097237	0.4988850758422857	0.45601214825790365	0.41884568134621136
0.6263007458049455	0.5881838377007879	0.5542647055630937	0.5218597435655161	0.4941249571474591
0.6406128329772685	0.5927158351227984	0.5476535065303573	0.5047438722397595	0.46847382229459555
0.5927105289220163	0.5394758172675774	0.48791585555362593	0.43749720433360884	0.39059871260967904
0.6180638131194407	0.5657153304047402	0.5139522030080764	0.4629536119971861	0.4143130909705704
0.6361758845477139	0.5893050558465226	0.5442553574130322	0.5006010437348147	0.4612505342563081
0.6070265274345277	0.5620317825879884	0.5202233773341727	0.48005445033977306	0.4449421884633962
0.6270990319903785	0.5771258596719611	0.52877825385368	0.4815497458048849	0.4377728862437203
0.5876370889322396	0.5387519762687121	0.49415647682133146	0.45184721680025547	0.4165894361702884
0.6420778145360627	0.590057361096578	0.5401964728998152	0.492350521753794	0.45071926838798365
0.6261631000056977	0.5793454915030428	0.5364317221637364	0.49573846879147265	0.4618939830500509
0.552923201529943	0.4945121998827288	0.4388417765779008	0.38513028038828634	0.3374607297721238
0.680789871772186	0.6421810166759345	0.6051508840975142	0.5688799473675066	0.5349506087296775
0.6376974316841578	0.5931771039314049	0.5512119255536868	0.5106296812888725	0.47431283953798725
0.602033193956746	0.5577871978659761	0.5175068331053122	0.47923490050763834	0.44715760257631565
0.6107860378470651	0.5695916627167131	0.5340620461095212	0.5012313649450001	0.4767250471139762
0.6471089113980804	0.5982675150188921	0.5494037106807448	0.5012135468178627	0.4551011014448708
0.5736646323838877	0.5223627192885456	0.47504105563226995	0.43008580727877754	0.39242932586386103
0.5615763860669385	0.5149658705181767	0.47311896356960725	0.4335739748278975	0.4011288237536389
0.6245898450721755	0.575533780995537	0.5302276523141684	0.4874314649326159	0.4523767236764827
0.6198781228018382	0.5727203331791113	0.5295761404248847	0.48888584454627676	0.45576413621245654
0.5866410404044385	0.5379281136967091	0.4948063484153003	0.4542496215937752	0.4216042778186475
0.5805446493452131	0.5327853501974749	0.489228162302141	0.4475610342709529	0.41172344361307855
0.6492373364668553	0.601282689596546	0.5550499919471172	0.5100519414954781	0.46886193020646344
0.6251666603226227	0.5858738387224539	0.5500292526735621	0.5159700609332247	0.48741758516800454
0.6505334124721567	0.6058239017867597	0.5630991913756316	0.5215841752989899	0.48380023592893817
0.6182205366443148	0.5694183462253583	0.523331520294726	0.4786425597067195	0.4382650542277709
0.6250801668987298	0.5758959653123483	0.5296581059176452	0.4851142012835453	0.4457949843818114
0.6190638089469112	0.5755277428574819	0.5361902907273643	0.49938663582181786	0.47039800619522504
0.5770620159137448	0.5297010137530203	0.48714810519373963	0.4471044113274895	0.41479992250345665
0.6575091218265378	0.6150433934505576	0.5745128907437876	0.535066901418329	0.4989658914811662
0.5965301902653901	0.5479180651254321	0.5021297465425599	0.45787441020309455	0.4183472718694657
0.6407473996777394	0.5941842090335258	0.5495443512896901	0.5062566909454208	0.46713963145163373
0.5742046444012693	0.5204009194040833	0.4691222334282999	0.41948491567475893	0.37491009227731914
0.6662235643217777	0.6228673405985862	0.5818777357670735	0.5422686054488267	0.5069172914678568
0.64027657125751	0.5929013246486358	0.5475625535378627	0.5033683871675667	0.4627045407828233
0.6289426784515761	0.5812176851026812	0.5357049353494566	0.4914666637361037	0.4511592824023616
0.6411474763073061	0.5910906913989602	0.5410474199026092	0.49186429079029304	0.4453341105444243
0.6113516604297773	0.5653978973438448	0.5223777273700634	0.4807229793599931	0.44327962090365786
0.6342631114171152	0.5892296241577019	0.545533020088903	0.502538617556127	0.46171002478181233
0.6182667451662645	0.5730916661454203	0.5326315719633519	0.49491317256623246	0.465651019724194
0.6251460421860381	0.5786958881042157	0.5354861918402479	0.49401524259178164	0.4579071344373379
0.6194987724796495	0.5721640626685988	0.5279850688298274	0.48582775122537136	0.44990591715678047
0.6316722997447474	0.5826634267045676	0.5362179136852327	0.49108834767333576	0.4500175749339083
0.6397966525013626	0.5944598444483378	0.5509222177470443	0.5088365280650337	0.47122906750061383
0.5885634000916395	0.5395466569900274	0.4923126447670827	0.4462240637033857	0.40366835155990677
0.6103004812935839	0.5673493387576352	0.5296844775108105	0.4948372022309946	0.4686802457123917
0.5714110372081462	0.5127949590912831	0.4561755048054563	0.4012959336714276	0.35178270783207033
0.6700053161098212	0.6290831043496875	0.5909675458615071	0.5543340705419407	0.5222718045188052
0.6256332434027979	0.5735110622515436	0.5217996140166833	0.4707506099722647	0.4217447915640109
0.6278904833122896	0.5799543770364916	0.5357041366243362	0.49362259012618265	0.4582299757950876
0.6728080014541589	0.6253193076963524	0.578527056486972	0.5331270083137845	0.492020950920828
0.6476339615254689	0.6071442836082456	0.5699742976263387	0.5346111116120604	0.5048206633386333
0.6394113783358253	0.5898808190496061	0.5424899855064744	0.496578356392562	0.4552290576399696
0.5854975322386046	0.5366320981606157	0.49234881317220597	0.450608399304449	0.4167109974568777
0.5858531990060984	0.5339066465277592	0.4837101246389302	0.43470370880801806	0.3893679532955655
0.5939162950703633	0.5471104804377717	0.5052993249762978	0.4659835991143466	0.4343645607430135
0.6673813550880415	0.6261448855392578	0.5885253527200489	0.5528034261685206	0.522934312465478
0.6092983762559367	0.561207881560105	0.5136461601165638	0.4668867195336756	0.4226017647328469
0.6596266264607804	0.6101159442344682	0.5598753979029925	0.5100445891213883	0.46147753944368247
0.577329984229882	0.5228015892682917	0.4694718822952791	0.41761392515279183	0.3702953060513743
0.6135154689752285	0.5663118952420589	0.5214334786159415	0.4781884269242881	0.4399811849392719
0.6547228604740181	0.6089000761649533	0.5646151877624693	0.5218522490403891	0.4837834804398603
0.6584020609592313	0.6108678726549501	0.5648492676975755	0.5199892619499676	0.47870273952008524
0.6734572254252625	0.6284900585972739	0.5856007888149553	0.543995816513404	0.5063520204182849
0.6117033395161278	0.5664023607273279	0.5238785565929683	0.4828379293620743	0.4463718848489058
0.5666822207051136	0.5126631220704478	0.46142077355203215	0.41165897975609567	0.3664636810493662
0.5817304913673292	0.534939195334986	0.49150517714609165	0.44980150614921366	0.4134347685564145
0.6108317469015748	0.558165013743741	0.5079955659377348	0.45961967662299397	0.41677568418326644
0.6343522013669873	0.5875373632969653	0.5432408906358335	0.5006950112765962	0.4635485106737981
0.6557251387019987	0.6107500744329901	0.5679508563691805	0.5263583137419559	0.488487536593419
0.5993190348970237	0.5448163728512113	0.4917348495718801	0.4399196272217991	0.39201007406927174
0.6467197207005676	0.6008894058105113	0.5575918984967229	0.5157390058415825	0.4783417578474285
0.6567478635627959	0.6107324547245441	0.5663212380737068	0.5231617880712557	0.48386317898599607
0.6424049697804027	0.5966318555158834	0.5533048170002834	0.5114081559248617	0.47392322746365084
0.6538255457710778	0.6021048043853738	0.5495178420731759	0.49746328203579593	0.44705081758362253
0.631196232721037	0.5832353441225975	0.5358886614965018	0.48911133155658076	0.4440900638587153
0.6311295175021459	0.5788929884251008	0.5282101495726864	0.4792299083685236	0.43550101227277876
0.6388793815243694	0.5915549678576748	0.5461761830637833	0.5022915370094718	0.4630152834132657
0.6124160387464519	0.5704162297293178	0.5317052538275364	0.49440690839604695	0.4614655583579126
0.6525832576734838	0.6062120353092869	0.5631141946817532	0.5222113173228509	0.4880783950591653
0.5979133364408273	0.5511894413136744	0.5075166378956772	0.4653648327714493	0.42790426339402277
0.6230603652192371	0.5781641958760214	0.5357396843775349	0.4951343912006434	0.46014013786282504
0.6178067544266598	0.5645929451232279	0.5130163468601384	0.46300604753121155	0.41782670533104693
0.6631800784847853	0.6180099766048092	0.5744027764702688	0.5322170259754834	0.4944154719585062
0.5758537045379407	0.5264376889161568	0.479541505095664	0.43389911861244684	0.392123836327812
0.610117047016955	0.5604656265302908	0.5122235098803933	0.4649621762778141	0.42072588518204385
0.6234650862876678	0.5727083902252029	0.5239931112897942	0.4769495495614965	0.4350620879765503
0.6048666635166355	0.5579471947003337	0.5134401072846616	0.470172327694287	0.4307269621034167
0.6164762465780516	0.5661800722595262	0.5176278990984098	0.47052595317909807	0.4278969628874216
0.6240736444868367	0.5767807562498888	0.5335207525945327	0.49262984066798143	0.4590459506172257
0.6306106826495086	0.5803706481172802	0.5309940625796652	0.4823990363450567	0.436214584110122
0.5942370770667641	0.5419667654926461	0.4905679482815214	0.4400039183748627	0.39201463431751205
0.6655695588208128	0.6185069688303939	0.5720922133644574	0.5265785289137663	0.48384403006403387
0.6065855326861446	0.5605734817923981	0.5181409974564762	0.4778208726300086	0.4440159269996259
0.65326117029804	0.6072313082550767	0.5634880639987733	0.5214398390108697	0.4846195850312225
0.6902278323580406	0.6480789959357844	0.6078891060886756	0.5687722200741033	0.5329648143898316
0.5873533384812194	0.5368211178814074	0.4897975459469507	0.44487594835482386	0.4064374988464205
0.6447289465075042	0.5988863630135374	0.5553174340676528	0.5128331931377179	0.4736944702240724
0.6113666088050744	0.5652834345998798	0.519920615999817	0.4750549629662853	0.43172272445882137
0.6519557199085008	0.6111810384960836	0.5734372404774741	0.5370039530021736	0.5046126910390092
0.5636933448746373	0.5179828224560274	0.4760937366397948	0.4361002736583019	0.40195350599606894
0.6442266460263311	0.599006494797765	0.5569771090777449	0.516810243507524	0.48238797419468765
0.6432143819900296	0.6016373932928459	0.5637993179835391	0.5280590124685852	0.4987888868927812
0.6474409891765426	0.6011199463871342	0.5576633374390076	0.5160452893247672	0.48009793942361906
0.6574660403272479	0.6133549562159795	0.5716836821432574	0.5310573854918925	0.4936541269292305
0.5683322211322245	0.5163874048384356	0.4671246072764073	0.4192182338499872	0.37549549785357317
0.6260044171070125	0.5711169493653158	0.5180810837812481	0.4666484280246312	0.4201605741675101
0.6350734741016186	0.5902501924631539	0.5492624577571125	0.5098369769660395	0.4752299771959527
0.6626909372151031	0.6193329739347596	0.5788961962749469	0.5401311245222115	0.50652211805998
0.6164923205589877	0.5637641253816854	0.5128157724874923	0.4635103313121717	0.41927214512062405
0.6270791334078671	0.5749474807657503	0.5241445719964694	0.47430478781364793	0.427435581906378
0.6101931587938623	0.5613046531768091	0.5144881717840649	0.46885205236765237	0.4268565394661951
0.6237647884370723	0.576019827572864	0.5307674283565359	0.4871635613050386	0.44864428445530924
0.6044300079870981	0.5536605061386778	0.5062503783120997	0.4611520891803716	0.4231842356122761
0.6305963916635243	0.5822446369315882	0.5366868544943499	0.4930255514157075	0.45521358544451607
0.6503627766144273	0.6074325652456914	0.5662052976336763	0.5260322993976859	0.48911099855269546
0.6040146715480716	0.5545251008180064	0.5075154750775865	0.462030081040925	0.42124589560151876
0.6018856563505814	0.5550812841869843	0.5113863830157935	0.4695867302985853	0.43363261819297044
0.6292408902952122	0.5831014049625515	0.5400985062934412	0.4988872817125398	0.46320214191664716
0.6466671699993833	0.5999693087671071	0.555139602068063	0.511618920543145	0.472135683185968
0.5919765893640025	0.5388700569724512	0.488639252617879	0.43999918770491364	0.39626546211059366
0.6304533004816983	0.5791486776039255	0.5307817889780388	0.48453684435779837	0.4448366405257467
0.658844225248094	0.611668529748785	0.5662554611870219	0.5220013058347568	0.48132160227386434
0.6243717269752327	0.5756258089675934	0.5291653104160784	0.484201785268633	0.44385539557357406
0.620369421967401	0.5680889895227784	0.5171481901745744	0.4674650251922953	0.4216607990083051
0.6145207844483264	0.5655441279960135	0.519156503106824	0.47441262759936603	0.43473859069064275
0.5979522667045469	0.5467199806390021	0.4986579496968464	0.4526177483314219	0.41281350345796397
0.5754316127521572	0.5253429365690193	0.4784778218512668	0.4334812918363117	0.394248063062126
0.6337427106520828	0.5867921364106654	0.5420252448722862	0.49839712362077043	0.458281327070086
0.6359972755421034	0.5941418479367666	0.5558042435377999	0.5192968153522001	0.4884342245804635
0.6741289163943046	0.625759092952184	0.58040901191704	0.5371374443776509	0.5002766643134595
0.6389035487843492	0.589822099745422	0.5430584151172917	0.4978311184112412	0.45734252389212876
0.5482512086988528	0.49734821525326617	0.45068248624303964	0.4060729700199243	0.36780545889269933
0.6120120888247447	0.5658133675004632	0.5232705934778275	0.48277064681864357	0.44857142041090703
0.6611626688042191	0.6107086779150099	0.56119079004747	0.5128863696365143	0.46832466342400836
0.6639479439233007	0.6148687015856843	0.5668250865541825	0.5197433037676236	0.4756281132700801
0.6082451782792471	0.5583546176115359	0.5121366389759918	0.46822220150045457	0.4314126073888581
0.6316580204321413	0.5859438512104488	0.5440680473627262	0.5043506719721775	0.47129056686042303
0.5866443634437547	0.5363602911737652	0.48772413003780585	0.4400266049488411	0.3952241277997296
0.5832202963473528	0.5324022700627704	0.48467553992377344	0.43903874505074963	0.39984796597432265
0.6600091511918398	0.6260155547128774	0.5965142086466799	0.5690231231059696	0.5477323114749547
0.6147341268034949	0.5652906252154613	0.5180401969459377	0.47273031626624207	0.43340569293960285
0.591948035757891	0.5384868967326916	0.485104837571137	0.4324335522413182	0.3819545163183455
0.6821358396950562	0.6405267949476637	0.600821854123069	0.5624047788381217	0.5279598847721914
0.6395947706590381	0.5931458531408342	0.5490949844595104	0.506409688258491	0.4679362458515841
0.6029549290317002	0.550488338605648	0.49951070489525584	0.44979516264090763	0.4039723062485884
0.586219362945097	0.5388075999098602	0.4957030325823477	0.4546082150950323	0.41971209640381846
0.5514398014279299	0.502638116472062	0.4593415769548071	0.41871545202214394	0.3863257231520762
0.630547786148452	0.5829518689302393	0.5369929985433939	0.49207764221356876	0.4503808104978978
0.6856189220764457	0.6356966146365934	0.5861041895098713	0.5373686312177367	0.4912759189702905
0.6036974509301651	0.5573241054181327	0.5137483605629163	0.47167641176330416	0.43424264161310233
0.6742486522110844	0.627696483514805	0.5823109435806121	0.5383993708688095	0.4990339753299966
0.5915841245423203	0.5406494426781564	0.4923731003625416	0.44601242509548933	0.4055602677893049
0.6035357929824127	0.5502586573337929	0.4980403509387593	0.4469469917068684	0.39932332232710666
0.6011340168440106	0.5494322531671836	0.4981669377648494	0.44759863482622375	0.3991801369196683
0.590208584549456	0.5426688755521045	0.498738078676991	0.4565072322316134	0.419519566042542
0.6884581461744692	0.6451068803130197	0.602042912019067	0.5593680947613279	0.5178935413431135
0.6285517317594584	0.5865785013122438	0.548181602433961	0.5112990318544556	0.47908712466538145
0.6532764340918512	0.6060777541112264	0.5598512198274961	0.5147243335180828	0.4729891064282401
0.6684545952052325	0.6241978924972111	0.5820354735926282	0.5412031051409208	0.5044730294104735
0.6625839255964642	0.6226081250132085	0.584362588347356	0.5468847225739306	0.5117745945863305
0.5919656016083993	0.543704772242613	0.49875659225386265	0.45598402285647605	0.4199217188283107
0.6205393693291719	0.5640412028632665	0.5079920641794873	0.4535066605153749	0.403844306063637
0.6306473214966362	0.5849222004652416	0.5419579149338322	0.5005816646022208	0.46410341285942347
0.6300274347960299	0.5796863053308118	0.5321806635631796	0.4866657180609994	0.4472907041549083
0.6101433039121819	0.5620525489463035	0.5158526347711676	0.47085525060045325	0.42956684609556284
0.6362915820980323	0.5843336112453961	0.5327804197797428	0.48227521805448303	0.4350023453545451
0.5704855350459892	0.5131987568428595	0.4574582093998569	0.4033496594737512	0.35427470170966197
0.636453524033109	0.5913084307417507	0.5490117190003254	0.508465919491807	0.473320482422991
0.6327756702163504	0.585374397451129	0.5395160154983295	0.4948125427217459	0.4536711720421647
0.6066235218247314	0.5571479428847445	0.5104460920780143	0.46519248218033316	0.42440570143712386
0.6130192949822078	0.5608935082715659	0.5111709739337439	0.4631432581229997	0.4203428941713194
0.6009362781891598	0.5529933654832938	0.5077973152990674	0.4642767509438552	0.4259239103438431
0.6771912036360862	0.6338894934260468	0.5929581983132152	0.553203748261229	0.5170790574538786
0.6161095329158219	0.5662104922637926	0.519078630303482	0.4737806435826375	0.4341389032322195
0.6403993597633494	0.5999912053688057	0.5632017513254511	0.5282509990260364	0.49897137955051224
0.6574615439857862	0.6106565609256199	0.5645588743348171	0.5196174854880299	0.478242481516816
0.6263878596492167	0.5803654582057067	0.5364917947398028	0.49402139451929233	0.4558790982328418
0.6634117705598991	0.6152030986669582	0.5687766782617375	0.5238293841254291	0.48344417927954214
0.6150662557771183	0.5640995104596842	0.515261745312031	0.4679023794128119	0.4251028604448546
0.6566693223514892	0.6126722425005955	0.5717501502471514	0.5322322964689687	0.49704555453960625
0.6809314626409277	0.6393207231471664	0.5998017814499343	0.5616917079671596	0.5279270259008442
0.6623515121571307	0.611845109666895	0.5639225311056808	0.5181731177234055	0.4791264272915132
0.61190967375321	0.5630390189703004	0.5162825482424572	0.4709343138336073	0.429929521877433
0.6051917381388144	0.5508161611790022	0.4975757274607804	0.44543624907153906	0.39669246219365734
0.6245438261527264	0.5720753514992059	0.5206496198466639	0.47059096889643254	0.4247488235699831
0.6279314454419967	0.5773696961920256	0.5276424751137877	0.4790931720551022	0.4341769375822014
0.6419705666273378	0.5952806023779281	0.5495848254868638	0.504646384057745	0.4620438027054935
0.6803119804372155	0.6321199984184048	0.5847757168250665	0.5381228024265963	0.49360228128064826
0.5772982067171826	0.5281530626571665	0.4828397614690212	0.43955664168017156	0.40253523802333946
0.6479264023668547	0.5998276692149764	0.5542560332568776	0.5106428754796759	0.47307027862170237
0.5969411620934407	0.5430420640217515	0.49132334424410196	0.44158871626943436	0.39797364965733567
0.6768860500370903	0.6335154147379329	0.5921236692229129	0.5523967188835252	0.5178045189715514
0.6554173128094986	0.6081000486505612	0.5613680118066469	0.5154392519387779	0.4719880501852367
0.6381981102006478	0.5889086584354101	0.5406038335704298	0.49329211295068665	0.4490434372762542
0.6427409964308496	0.6007067482755698	0.5625361297076706	0.5263086494553874	0.4960744171669828
0.5602936924345805	0.514069679424152	0.47333654956284593	0.4352125427432464	0.40513588964599956
0.6370533108347516	0.5908380577741676	0.5464708783678244	0.5030862651891076	0.4627321944045039
0.555980094064391	0.5055117890642007	0.4588472236223262	0.41421058525791893	0.37582870999001955
0.5904600528291922	0.5392181508188744	0.4908653204557808	0.4443701640776807	0.40360465686487135
0.593701710566016	0.5427759412917661	0.4958282747739483	0.451110671249742	0.4132712813804127
0.6297001803440075	0.5796530361981767	0.5298367869836881	0.48060505384176877	0.4331761515810214
0.5861594040156484	0.53273140157625	0.481878598988901	0.4326986541498378	0.38867832724080065
0.6631630688554919	0.6143785074833353	0.5660928810193924	0.5183656557333408	0.47236071480323566
0.6239710608076593	0.5785817550150605	0.5374107381622999	0.4987407457656491	0.46778469715196513
0.5859066611792584	0.5352820865538863	0.48823648883790277	0.44303586624093605	0.4035257255240252
0.6458282131924713	0.6049525211626449	0.5657084708169885	0.5273133481134501	0.49153658449516885
0.6227191025762416	0.5747062055558572	0.5293554748212094	0.4855310403498656	0.44641418222489365
0.6036466534184791	0.5572192465633113	0.5136612018005798	0.47169907998218535	0.4346592850304832
0.6459731918335365	0.6044619265381636	0.5669305947899056	0.5312823377676519	0.5014420737620346
0.560656534985391	0.5103358684790624	0.46241809350729013	0.41584597907480186	0.3734243037656242
0.6034961020011255	0.553394456822923	0.505830957160019	0.45998105941986467	0.4194164474217925
0.6392955613838621	0.5888341687990644	0.5395594641434825	0.49146555818708765	0.4470136057358966
0.6498582225807062	0.602215556176699	0.5572933743443941	0.514321596337162	0.47736547540355123
0.6061623522141169	0.5532720070423981	0.5007392961559639	0.44885799614349714	0.3989858515589681
0.6553813921199573	0.6116756721161808	0.5704832259821092	0.5307810391096806	0.49567527916873483
0.6090531488223401	0.5598465228986582	0.5135599245930003	0.4691107127425801	0.4303285769531973
0.6417091921064082	0.5960822686654118	0.553813591855022	0.5135409951243761	0.47942493536154374
0.6316473864732588	0.5834542407989162	0.5369115689544561	0.4912284465586504	0.4481964442306242
0.6533329981644385	0.6062202084056517	0.5615919200822428	0.5185983774455488	0.4806469031884584
0.6856027396284706	0.6389115843140905	0.5936757998719332	0.5498858566677512	0.5105553412798757
0.6056058731035093	0.5526701442094677	0.5027242022340954	0.4547543852086584	0.4128795572724644
0.6438414104566553	0.6050483696284061	0.5707162194974758	0.5383738976423647	0.5121688302311004
0.6093752069558507	0.5641260327076063	0.5217748695281834	0.4809704856398975	0.44493685417961776
0.6406226176387538	0.5966026154129057	0.5552938497341597	0.515232888061538	0.4790205452746255
0.6076701352536708	0.5633314323994385	0.522891863363276	0.4844921400150429	0.4523839404958462
0.6674653259428979	0.6279190030268814	0.59138623112152	0.5562976464956936	0.525663388359636
0.6076268717453712	0.5581870393668781	0.5115374079986684	0.46667992444833706	0.427349986813884
0.6665320843921844	0.6228881481550641	0.5821125798729166	0.5431413012494909	0.5097350177869754
0.582196121963604	0.5355234956820889	0.493753152375358	0.4543845318299621	0.4224235774982859
0.6651105131084833	0.6185118086939617	0.5732649504626327	0.5292745650827609	0.4891595360262899
0.5986311318130795	0.5513666369597198	0.5088207987607806	0.4685944593610015	0.4355221816888765
0.5991250700908396	0.5521657964230259	0.508565517656332	0.4664839946515018	0.4290867907217833
0.6365843838500472	0.5867554517811997	0.5388654983987724	0.4927414310710339	0.4520639101453979
0.6011942217982476	0.553148801408552	0.5089067720733299	0.4666307687698902	0.430418606324932
0.6376972535649383	0.5906943984889746	0.5440081060553109	0.49793658340730135	0.4537612035796538
0.6390770403043826	0.596466583853761	0.5570767673968404	0.5193408911339832	0.486706285131089
0.659827281863814	0.6121118111527353	0.5661265519537685	0.5215956505593436	0.48155044474344477
0.6599152787768046	0.614524632677821	0.5728519172610946	0.5336105550468354	0.5018682486193172
0.6161405213585859	0.5659538299996582	0.5165566824023393	0.46787925550567605	0.4214216729654858
0.5906146176067956	0.5383400962668198	0.4886374795115953	0.4403594840247637	0.39647546731313205
0.6384055858230198	0.595490610003252	0.5563448184525414	0.5190711039130272	0.48757146198862766
0.6919021348840626	0.6480872464536355	0.604628087429228	0.561914665565761	0.5215013309814531
0.624826504868743	0.5768828252004872	0.5310037823959941	0.4864030760754076	0.44574516037747275
0.62118429618613	0.5686094959939593	0.5188351328601	0.4712037246232058	0.4301818613526724
0.6559444785710008	0.6070141185344943	0.559978032333276	0.5148782910113477	0.4757508445651411
0.5968290255951108	0.5403948155208179	0.4858603187809206	0.4328404915788606	0.3844923802555105
0.5969365414537848	0.5472237002406286	0.5026329247464411	0.460842682430377	0.42769016272658306
0.6422808975728793	0.5919893870249885	0.5427871771679574	0.49446018791109847	0.4488326534680182
0.6480722820792431	0.6021293138223996	0.5583712367870173	0.5158019096657391	0.47689906009009453
0.6314862581462825	0.582356874375244	0.5358535867999767	0.4912678230711144	0.4525963042499866
0.5918677227539726	0.5437679518322557	0.49834280248284396	0.4546142334220503	0.41611845004542686
0.6787733919975304	0.6310340763594985	0.5834703544530492	0.5366307900780662	0.4920247546372357
0.574096523421147	0.5244322926718087	0.47845454145128574	0.4343375764404827	0.3959598596720688
0.6638147427343699	0.6142414628872865	0.5658624788424342	0.518486591829077	0.4742045706477438
0.688646560023116	0.6415780926983163	0.5959314299860056	0.5514971503512244	0.51080224034981
0.6247886145580976	0.5789281203023265	0.5350161027510986	0.4924663184312836	0.4541180886147598
0.6355295297595773	0.5847003657516923	0.535388184733026	0.4875391802787196	0.4442030712239189
0.6575933755610205	0.6104093884791199	0.5643034874811302	0.5192013356870936	0.4771950612294731
0.6276146207250193	0.5809759515729227	0.538277488911237	0.4977547852790205	0.4639428048456955
0.6370733544932671	0.5916338791857497	0.5501218928926622	0.5107142879362626	0.47779725498905723
0.6231173209876609	0.5786212635391327	0.5381380593646248	0.49992553039636145	0.4687164758833592
0.6423458341505102	0.596144569523243	0.5525783916002915	0.5104950335204315	0.47298515687212345
0.5790442578849155	0.5250053448805616	0.47387004335974303	0.4245253759012678	0.38070358546186334
0.5418710240047935	0.4889616812880504	0.43938071529927164	0.3916867738340689	0.34981300779993263
0.5770761826200008	0.5267744987868721	0.4801671550716362	0.4354759758911068	0.39669484907473274
0.5811221334014893	0.5307594364309486	0.4853260134550105	0.44279783426587527	0.4092303380450596
0.5794429003044195	0.5262923246804176	0.4759310252560266	0.42741502835185635	0.38459052313573305
0.6520470839151675	0.607035843563968	0.5642656015022501	0.5233065354704711	0.48793370432810984
0.6415757320516171	0.5903405991720083	0.5391014165581676	0.4883922848499016	0.439317996366669
0.6354792392516438	0.5908425766383568	0.5498426914006675	0.5103839446788927	0.47567855246530233
0.6173529555098634	0.5718833482083782	0.5301107896432035	0.49052902360189304	0.4577043487709264
0.6502710219401477	0.6017297860304821	0.5551374808103522	0.5099577306347209	0.4691347432156434
0.6650122634820446	0.6222124647135286	0.5814104170794094	0.5416929841964986	0.5053208433584373
0.5563633299126949	0.5031266984801696	0.4539823272913287	0.40683062939429276	0.3658249608626444
0.642007498953475	0.591772970029217	0.5442727228355263	0.4987500100469426	0.45932663354937897
0.5840004723961283	0.5344434028066515	0.48853103996507297	0.44430336478782617	0.40527179471173774
0.6161413418849544	0.5666526304636211	0.520042397668554	0.47509187038272543	0.4352603953969539
0.647208864584508	0.6010562371104037	0.5563942449457855	0.5125952019135548	0.47145776463993105
0.6114696884673145	0.5635257405008259	0.5188622969080416	0.4761952557734932	0.43968574592313026
0.6543656918042843	0.6074924765266246	0.562750791964184	0.5197468635395127	0.48210272003118376
0.637429014183	0.5874374938321211	0.5380430338388765	0.4894423837059777	0.44329009213355347
0.5880704349317217	0.5328192353972269	0.48122314606922056	0.43216394728547736	0.3909293145487317
0.6454856618430467	0.5951620071191799	0.5455212107623331	0.4969929606027893	0.4518961518275888
0.6190168326230701	0.5688324949659317	0.5213410209291991	0.4758096218193537	0.43632370849413393
0.6273802376119595	0.5836065129620635	0.5434379292600882	0.505323591320261	0.47354519155444813
0.6360995176339449	0.5875984024033117	0.5410097625556954	0.4959592071407094	0.45565258648325174
0.6011947739933342	0.5540250737538644	0.5094451989814429	0.4665946341378227	0.4290778034532242
0.6143069380450825	0.5694863916406404	0.5296134980076962	0.4922307739586522	0.4625285138624239
0.6635827598851465	0.6280842651819352	0.5975082357449236	0.5692620389125524	0.548201776504779
0.6412022861491214	0.590748173674681	0.5418245841108293	0.49420396437097047	0.45060211219998875
0.627952982456155	0.5792798054472482	0.5323007193164333	0.48676237466114497	0.4456677285554058
0.6372600026385455	0.5921263185607353	0.5496676208157169	0.5089585573386591	0.47364591465662054
0.6515159096363264	0.6074531241441788	0.5647379404843442	0.5228273843364426	0.48339855177909496
0.6375818191915104	0.5935849412990565	0.5526596112990237	0.5136401652638926	0.48049906309149093
0.5897570398809179	0.5419189850324132	0.49702866625540193	0.4537227893957172	0.4153038283147952
0.6670612317628367	0.6209834819117228	0.577037973946183	0.5344932355508651	0.4962689098133234
0.6431157587786742	0.6007811555015912	0.5614825806118747	0.5238149464043834	0.4911776447493411
0.6548796973868302	0.6061588723178655	0.5594442268700068	0.5142201190173514	0.4735932965641683
0.657035587019267	0.6198372855729483	0.5857455751366447	0.5529797621038686	0.5243034324857014
0.600909216397172	0.5438286247885441	0.4875140091518679	0.43201551553898204	0.37903419819607687
0.6329496879132772	0.5834651479551247	0.536621683423657	0.49152237528010145	0.4518025924315463
0.5708882721816341	0.515881961883331	0.46364712527056984	0.4133265009297892	0.36890990756265696
0.6442052766533549	0.5991366285286414	0.5565319795704864	0.5153932318650294	0.4787757833524168
0.612577326908512	0.5585742569717724	0.5064151709643395	0.45569587949316964	0.4094173659138853
0.6605336877724612	0.6167386396887027	0.576151811765967	0.5373636892241419	0.504123338179141
0.6657886677423496	0.6220014101144513	0.5817376224037317	0.5434031216884178	0.511019147121464
0.6004091691987399	0.5517759326912319	0.5068953312854502	0.4644377926844844	0.42945373968390455
0.6720358043545562	0.6250204160904709	0.5795352840877794	0.5350044220157733	0.4934168276839521
0.6283433426041425	0.5832692288443274	0.5410945784084845	0.5007583346971746	0.4660923138773811
0.6667913187802423	0.6240127277362144	0.584524819673563	0.547088233909319	0.5159785694400697
0.6682592114761995	0.6193336975802892	0.570594915583615	0.5225517824657039	0.47665424865625033
0.6204983251832674	0.5711406965711419	0.5239745496534213	0.47798614969023767	0.43563029069468273
0.6447158353232559	0.597106635812516	0.5516781179045318	0.508038382710185	0.46991581439488816
0.6676027725004828	0.6197287131575668	0.5743630658950184	0.5308438322042298	0.493019517032878
0.6186299253433041	0.5736046522124288	0.5316682221046363	0.49157059966769934	0.4571444367664813
0.6191263295679093	0.5690037442167538	0.5213027387728967	0.4755036371094196	0.4355706031713599
0.6383300282226181	0.5945697921964492	0.5551690269549029	0.5180706684498422	0.48807365439080974
0.6402985299445481	0.5957414662954408	0.5542452067607542	0.5143727283892912	0.4795085003683396
0.561101259811839	0.5147206807597362	0.47245724919373644	0.4322501196403077	0.3983852703820697
0.6568234403342874	0.6104716164385184	0.5645445810973538	0.5191714739500827	0.47550685507331064
0.6450712683044196	0.5931253368462287	0.5417412653680709	0.49166848978226757	0.44564016197135453
0.640368328869489	0.5996514366453881	0.562814291062525	0.5279090285139542	0.4989622991118277
0.5927803410235047	0.5399615308145923	0.49040186351350123	0.44270221936102383	0.4007394699311762
0.5362184286939126	0.48571077169020566	0.4398311549572975	0.39658204679821024	0.36144625204935277
0.6184748032855878	0.5685465351569069	0.5213548980824882	0.47588504693099976	0.4357257235447808
0.6284635742434385	0.5805383338608026	0.5359763656964185	0.4932448839408414	0.4561591963391478
0.5796070997263142	0.5238480479769301	0.47048720035112496	0.4191171170378777	0.37388717519933434
0.6672654101410922	0.6220598463458011	0.5778248956122125	0.5345050145921956	0.49400749554898543
0.6317038161564055	0.5871243698975007	0.5448519800943891	0.5037508737714466	0.4662623730341357
0.6069345111531641	0.5587658039555815	0.5132431302640447	0.4695383883415862	0.4314407181267567
0.6275185445175788	0.5798100741464806	0.5337689922276395	0.48894070496235326	0.4478530567599723
0.6789912712833606	0.6373419364040904	0.5981894897438734	0.5603348579871332	0.5264830944077356
0.5697451965588387	0.5200880829251437	0.4738154855377458	0.4292723574888919	0.39006345526869973
0.6594317478403248	0.6150731474801325	0.5733341379062493	0.5332968183065621	0.49850804426384376
0.6393764549372098	0.5954467720355825	0.5548679307713484	0.5163311713190657	0.48409283260358593
0.6507026037484809	0.6060427462880567	0.5639559577744195	0.5232618105874959	0.48686300600622384
0.6044324740741678	0.5577549539885474	0.5134431935849668	0.47033550373368976	0.43094154508104465
0.6151838157954687	0.5739863432509612	0.5370403889110594	0.5023010318578751	0.4743675128602944
0.594019300022061	0.5464570437274827	0.5009306602672341	0.4570372941395054	0.4181806656050042
0.6467603876314126	0.5992214754544055	0.5538857529819651	0.5099180188266562	0.4701695896638795
0.5708079835060572	0.5228032166907469	0.47946021974966463	0.4385457329347425	0.40512153296759745
0.6006815067933328	0.5510809828998156	0.5048157242742367	0.46058524774692283	0.4226306773500988
0.624780962095021	0.5754648629413697	0.5291918560688997	0.484645803960177	0.44542622194283193
0.6290053300272537	0.5842193177685094	0.5408628816641265	0.49846950320653866	0.4590464965615833
0.6445721999527966	0.5987605744777872	0.5545398020279448	0.5113874838379701	0.4715306136693671
0.614540597062394	0.567287880378466	0.5234719877418506	0.481543989074799	0.44543884748291224
0.628839392057032	0.5842898394231169	0.5439861709325489	0.5057193573510053	0.47373484309839964
0.6070029601700144	0.5566369859982303	0.5093447364771321	0.46405167332824493	0.42492472792732155
0.6449727805477389	0.597945529016171	0.5532478747661558	0.5101603593627579	0.47203901712701407
0.5830306314285941	0.5344552007299223	0.4881043730283241	0.44309184648507843	0.40220706042633336
0.6230125676808029	0.5752627393225398	0.5305695311697465	0.48781402879538843	0.45103501873651586
0.6161253975622965	0.5682742457982648	0.5214509993408319	0.4750069398445636	0.4297324118554791
0.595240877945151	0.545539044106864	0.49923102155799093	0.4548772847327404	0.41655117797366303
0.6808523472835305	0.6336481662529038	0.5870736553077182	0.5417519561683697	0.5002943215395687
0.6231272258176618	0.5678566076062856	0.5130667436243905	0.4593556870144385	0.4089720106703972
0.6141947187454736	0.5662457784419636	0.5223103777456327	0.48080773801589805	0.4468084960589747
0.6540350725067181	0.6104757638800363	0.5682747681660955	0.5270349551505736	0.4887597310188797
0.5662474313072701	0.5152603800780623	0.4664115720203081	0.4187118104286617	0.3745560684974069
0.6664630840488088	0.6257862493643735	0.5888652116074935	0.5540642929213921	0.5258024863520203
0.5920237421561823	0.5440621391868671	0.4978618186871151	0.45286910884331155	0.4116010489880121
0.6230832984886964	0.5785341194165886	0.5376840646465993	0.49854601532248066	0.46468832770506907
0.5895677541761496	0.5386666642800627	0.4900453239832039	0.4430478601798668	0.40105894075557724
0.6140449693720695	0.5629803624049716	0.5145099575030944	0.4676229221804732	0.42561949520970366
0.6564933937346077	0.605264365103797	0.55289274263452	0.5004569963622291	0.4478234721712175
0.6414227808422117	0.5953962886652943	0.5521639481323004	0.5107448930493962	0.4749185789692009
0.6128411076326264	0.5636503804197575	0.5161443627646589	0.47020566720813456	0.42910108454029783
0.5964739105721167	0.5451619609139173	0.49653031137793446	0.44981539282484695	0.40901227373977644
0.6054311881043626	0.5552532027797602	0.5065389351732188	0.4587952858308704	0.4140453276163376
0.6417914926585392	0.5950046811244175	0.5501416661996826	0.5069117854551766	0.4687190026988778
0.5943824666288722	0.5467980952830329	0.5025254192068255	0.4599762490258533	0.422742911544149
0.6113658149115325	0.5601881588830917	0.5112726344453044	0.4637334463338596	0.4204393110934197
0.5894388397188499	0.5422995752778631	0.5001082550549514	0.46033602338441365	0.428025019473343
0.621911696146292	0.5712965060695646	0.5227247790080727	0.4756856073947072	0.4333733174166848
0.5950518692826091	0.5418227570653411	0.4906294126378963	0.44087540338950704	0.3955607552313135
0.6225303179142212	0.5748660252467372	0.5304790461844173	0.4877747541917417	0.4502603968387908
0.6534589215561688	0.6075794816752629	0.5631402618520681	0.5197008545047543	0.47934518238986296
0.5618175241406261	0.5102625865025403	0.4615145470781287	0.41447592681106976	0.372709691325828
0.6059639545708962	0.5555458123936093	0.5075541541068669	0.46118195536624096	0.4198046777536413
0.6515774793757335	0.6105749353010151	0.5727792954049828	0.5364105596730213	0.5044428438824818
0.6393968223354821	0.5934722891545202	0.5504827041575685	0.5092872028135832	0.47362521810799596
0.6442961572107136	0.5950339602891428	0.5472567781882541	0.500690342173053	0.4578582267949918
0.6810980416245266	0.6322316902360838	0.5844206800031044	0.5376711354021826	0.4941954837027245
0.6322382371618842	0.5903731466252113	0.5512092233086591	0.5133719110796344	0.47962628349049785
0.6766540574993587	0.6333174340986669	0.5917342848797881	0.5510998346170354	0.5133914694617829
0.587997863684082	0.5359505496282299	0.4856027305476261	0.4366672958324583	0.3920880974460872
0.6204797071660382	0.5702076804219506	0.5217663631132502	0.4745760358049468	0.431244153987867
0.5862247988222451	0.537455275288765	0.49046599697049775	0.4447364043444783	0.4028920774504553
0.59984424752267	0.5457957128320463	0.4941148964256023	0.44411428172075035	0.39929593600109975
0.6436305298976144	0.5940988704218614	0.5458108084341353	0.4985803970781561	0.45461211196623813
0.6443807183875019	0.5935515119686102	0.5426904796096631	0.49229439931099406	0.44333237698244965
0.6679047498231349	0.618903673394715	0.5708321220504499	0.5241055985184447	0.48152756258117524
0.6722055242356462	0.6276449857041697	0.5858966507209986	0.5462278978217797	0.5129732282588856
0.5633076119046241	0.5129626020429525	0.4661888310142818	0.4215025250648281	0.38325461608132594
0.5613151905680787	0.508961302795863	0.45863506340347043	0.40968940111678365	0.3650018715946329
0.5098062428370146	0.44825104605200794	0.38929696986735546	0.33257623124188057	0.2827438060584432
0.6170038970075352	0.5693764714490307	0.5241923921227477	0.4803206003071996	0.4404963147286135
0.6505840427187037	0.6064649801918593	0.5640916628716034	0.5227311261803325	0.48449432257267205
0.5811026022724766	0.5296150435968191	0.4806727005387876	0.4331860466984012	0.39018919493210324
0.6172643484384821	0.5715668155995303	0.530697399356409	0.49241837599962257	0.4621289366919527
0.6171103341063122	0.5645629248731621	0.5127837797517963	0.461727838078903	0.41290248264899304
0.6466048634995997	0.6079884220814344	0.5730101521919516	0.5398121463505853	0.5121050331522162
0.6110940685382525	0.5623985427714672	0.5164552691042014	0.4722674417745944	0.4334939614857116
0.6691164517261475	0.6235811304877941	0.579997170567351	0.5375705125833716	0.49871333671940515
0.6383920690432257	0.5957062812181346	0.556139141842367	0.5180266624225907	0.4844008105111688
0.6386949718291355	0.5919451119566219	0.5480020415721113	0.5057224210702504	0.4685734016903407
0.6461229609513781	0.6025872451225595	0.5620575709838165	0.5232634500378677	0.4898223194350796
0.6320034052019253	0.5893671368273354	0.5513775125429934	0.5155122153662974	0.48619900921173614
0.6302703921132731	0.5771441982267358	0.525248701832831	0.47460323963610057	0.4278132749337002
0.5970641656673821	0.542387559824252	0.48974735371139716	0.4386524556745462	0.39232377237683524
0.6900460974875987	0.64319726525754	0.5975171627328578	0.5529632323243618	0.5118827699073453
0.6155290773695254	0.5667263919961627	0.520295133440807	0.4754382554948532	0.43543726109863945
0.6870682444521503	0.644178589531122	0.6015656877320326	0.5589863495031243	0.5165105318507145
0.6013539728173154	0.5514766379948671	0.504718196455768	0.4597556078371033	0.4203319928325776
0.6394811316934979	0.5952444406236972	0.5537620298170349	0.5138193756128071	0.4786258136622018
0.5936223382495506	0.5487095685541392	0.5061266630350865	0.46465179825424785	0.4265944786089404
0.6092525131977757	0.5593991199058869	0.5123618219665186	0.46714624434600666	0.4275494235087875
0.6203254634957227	0.5744163299682737	0.5309273673979453	0.48876243067680253	0.45068120490972985
0.550493494960425	0.49699483792647947	0.4461518976929667	0.39720659036916894	0.354114178066246
0.5910148232348256	0.5444533270882667	0.5022491127807514	0.46240992058958347	0.4298651983130982
0.6518266872517131	0.6126464057024853	0.578570212580069	0.5469480879577027	0.5228950802236939
0.6253848387709333	0.5800220151949685	0.5392846022074147	0.5008842025429414	0.46969188489072117
0.6112056281874289	0.5600032229338395	0.5119930807775922	0.4658539385152715	0.42548554670060434
0.6046016953556621	0.5576743458993709	0.5132456122844012	0.470113591811914	0.4309810413403329
0.617255011046393	0.5741872430214138	0.5342944244896065	0.49589419280742153	0.46209756706801525
0.6356114412104648	0.5894713743340305	0.5447300823389065	0.5011883347483216	0.4613463582971924
0.5958774934204862	0.544071444055359	0.4953542966454442	0.4485064964697323	0.40742434942078576
0.5939453137545468	0.5407664849762607	0.4898661046756384	0.4405406229099511	0.3960726221387769
0.6705465895530092	0.6237882976891	0.5778678386100691	0.5330178716491205	0.4914696381033826
0.6676631054339469	0.625254154845702	0.5845809867513377	0.5449192323907418	0.5083769951802288
0.6668763990474091	0.6199542204844404	0.5743703884591661	0.5299690246568678	0.48921476369472694
0.6486481684320147	0.6057375270979536	0.5642180570009762	0.5237780394474468	0.48666739207108567
0.6514465065120398	0.6010278235434027	0.550365108829003	0.5000945394468514	0.45103346925225285
0.667395386113457	0.6200189736715533	0.5739419717761117	0.5291511494216825	0.4883273081377249
0.5653087517097982	0.5156666755904216	0.47014895985233973	0.42695160550307376	0.39091097337848174
0.6057024215442353	0.553968541007073	0.5039668991449618	0.4556838754609184	0.41270160922353416
0.6538266914689941	0.6093596031574625	0.567482527358182	0.5275539007587732	0.49363490255586384
0.7099528744335136	0.6693387190069545	0.630784200824101	0.5934741693121158	0.5600025249835421
0.617998234553289	0.5627395760321312	0.5079533372190537	0.454180718819666	0.40353442366328784
0.6093793037727939	0.5580751990978352	0.5087324632610624	0.46113225254123186	0.41890653576513887
0.6316466758680176	0.5763119916429137	0.521548256343118	0.46756227169801806	0.4159751139867501
0.6816701333337788	0.6405314056105899	0.6023916005069462	0.5657537546159569	0.5337484219746569
0.5641350592582028	0.5127358990418693	0.46465654702045595	0.41848622918818074	0.37820397149814056
0.6892524863576583	0.6429487861801395	0.5991918340575246	0.5569894289643347	0.5195817344401147
0.6337838343959203	0.5918093266743306	0.554029945388817	0.5182628455119681	0.4887022525823151
0.6749240377448663	0.63228148014662	0.5919793763950344	0.5528129812589755	0.5171494676691571
0.6496055091685461	0.602033638913825	0.5560319903775962	0.5112737942552094	0.47035079534320506
0.6853404494959436	0.6385302434279103	0.5911749629350401	0.5441746935648419	0.49826938983399577
0.5688405206202732	0.5213686896248579	0.47706308724820745	0.43450238103217714	0.39732348180218346
0.6623649387367404	0.6171271958703246	0.5739837566621757	0.5322757210949963	0.4949949205215636
0.6357265388083121	0.5863607522931835	0.5366855429589696	0.4872559087648023	0.4385837053187375
0.6616473578009515	0.616438710146352	0.5736811630975617	0.5327970630374781	0.49769126103279726
0.6188546379451719	0.5719381862322402	0.5283640602628771	0.4867157436240137	0.45100722692429085
0.6744207907286436	0.627440030167137	0.5813233252669785	0.5359747604380538	0.492995380489536
0.5700139744659964	0.5185228507942825	0.47112742574408606	0.42605270370347376	0.3881357575531222
0.613362033051504	0.5559461571349665	0.49987237672605467	0.44493482739560136	0.3935017710509234
0.6244509750746727	0.5745665478055799	0.5277093003040875	0.48260820419015443	0.4429236297119534
0.6165420666866327	0.5767626252750362	0.5421232657304701	0.5096631618208657	0.4839245657380814
0.5986240981594185	0.5504893164272521	0.5057634253411752	0.4629666614027691	0.42611993059217756
0.6042873197876268	0.5559592704735586	0.5107093092917012	0.4674493125917552	0.43032699043796097
0.6222854792710197	0.5788288367137066	0.5388378771935641	0.5006786520229877	0.46816907004696856
0.6416804579171593	0.5990451153063533	0.558668034735876	0.5196417826344838	0.4847819091726527
0.6254918048818451	0.581754890460254	0.5425142929885919	0.505681133942173	0.4762732700094878
0.6541492650364533	0.6122454761741677	0.5738895574915479	0.5370772880947547	0.5050261172079716
0.6129746186277589	0.562261605957952	0.5122779578888385	0.46308873043256776	0.4163497452890143
0.5858326179759007	0.5331929438812764	0.4841525667173582	0.43702903783502495	0.39581767020665376
0.6875324424120848	0.6458869640979696	0.6057817088780914	0.5666323961008763	0.5304315096153132
0.6174056872966779	0.5729332635474813	0.5320085277943071	0.4931547484508677	0.46068844815932
0.637098807451245	0.5913906850842552	0.5496148609589047	0.510016034255291	0.4771317503407006
0.65477046695985	0.6093243676922022	0.56519479896594	0.5218970237576953	0.48116476062245245
0.6386302812645643	0.5962722737765963	0.558196361563815	0.5221404366919133	0.4923147862788582
0.6689993561136056	0.6230010323082555	0.5787897036415253	0.5359598038422139	0.4973906639076871
0.5958161013154436	0.5409816909563305	0.488267918819175	0.43702785811557393	0.3903331856519739
0.6069143870821674	0.5562626524684121	0.5083881461427069	0.462506634107104	0.42277214149630804
0.5730276392703756	0.5222291069024034	0.47501108248932516	0.429916084197933	0.3913691642799653
0.5671446119655545	0.5185542683402191	0.4753593384025848	0.43466109239034445	0.40166340260308575
0.6489541818789739	0.6061364846905682	0.5662252390448755	0.5279237915912721	0.4945874666199231
0.5951179063037519	0.5491096010593237	0.5068815167228614	0.46674333737203966	0.433051080423772
0.6941864710035051	0.6514130077091621	0.6099778193689739	0.5696009511676065	0.5324882741800846
0.6745111838403361	0.6319673822967451	0.5919165358238911	0.5534758105241587	0.5200012038814763
0.6970626224009235	0.6558494441005647	0.6156827975257915	0.5761600039527641	0.5386230549594768
0.6454550768609416	0.6036110468027204	0.5641184256444461	0.525611293604187	0.49014371906866333
0.6042200431592023	0.5527547602215915	0.503541275837701	0.45579891077875967	0.41259393908395436
0.6124727734691578	0.5595482383292834	0.5079826382975581	0.4577242587593545	0.411497757187932
0.648092717023875	0.5982051352455287	0.5494080081938324	0.5017434774868643	0.4575722291069381
0.6173794147724817	0.5670447617490264	0.5183359627078132	0.47069599796554	0.4263526534043242
0.6141335493264096	0.5661814758495145	0.5199323541267098	0.4749760860696901	0.4340073841770496
0.5956621252264827	0.5459057798304445	0.4986316124775147	0.4530578627514692	0.4127287342642561
0.6824951960771296	0.6394804760522783	0.5987219640355252	0.5598517651635584	0.5268057162346025
0.6558936301410352	0.6112551543095966	0.5679954206755378	0.526045747610891	0.48813671219776344
0.7032542565021304	0.6587844087470344	0.6144316961801558	0.5707560064014718	0.5291684672264986
0.67796795095291	0.6352212077044633	0.5949751409156825	0.556459387084354	0.5232804610669722
0.6107912698420013	0.5640949416158122	0.5206127192472023	0.4790778219914536	0.44354908609533317
0.5598171779741119	0.5015950540487256	0.44383513185261564	0.3868056680431303	0.3320291669811522
0.6730982458294125	0.6343731533475652	0.6004550670845279	0.5690015371368414	0.5451494717890434
0.6139563396227842	0.5640872322835216	0.5163462579191942	0.4699496237895884	0.4276993565499542
0.6236706166990448	0.5770417419900667	0.5336984119276379	0.49194676334659637	0.45510435963032136
0.5860808860972908	0.5381536078306709	0.4945032101706096	0.4530655004741845	0.4184524143911117
0.6131588046845273	0.5689881187290567	0.528118923031586	0.48911020084577966	0.4558397624434921
0.6226997642555538	0.5779600390539079	0.5360547187685756	0.49567887677026	0.46002042547737887
0.5593140031170596	0.5057206539018345	0.45534841842210727	0.40671324280833937	0.36343570459028934
0.6218007201674709	0.572527509522377	0.5264966484062322	0.4823766400096482	0.4441503006734417
0.6227864677062924	0.57409889815428	0.5280553414048753	0.4834830171356885	0.44344843523697347
0.5967664786842845	0.5435259435015245	0.49131576586840936	0.44040220814400527	0.3934878328583171
0.605699369150719	0.5536825870737181	0.5035058186453311	0.4546419407739471	0.4098274291233414
0.6166929825423723	0.5664475647364944	0.5175920390125519	0.47000231921559105	0.42631674187394647
0.6204359769315676	0.5732563368385015	0.5297075002724622	0.48850025829565874	0.45451522839268793
0.6721820960082697	0.6235441827673185	0.5743532896700059	0.5253893969075495	0.4771256443686394
0.6137157408151231	0.563580586395645	0.5147464154271054	0.46710211673677426	0.42312775731496527
0.6167271284843234	0.5662199981611539	0.5171812069939763	0.4695357705721915	0.42618787716300377
0.6353426086666977	0.5838255969624857	0.5343730345906625	0.48661554564097126	0.4440861947266296
0.596604823694819	0.5444749596144465	0.4959140807426698	0.4497125912112049	0.4107881983466024
0.6055630842632885	0.5542848465647311	0.5037451071127534	0.45365528322246557	0.4049531400249751
0.6413186066346447	0.5975618532228166	0.5560218625932623	0.5154209185620982	0.4777162887400472
0.6874965901778618	0.6486533690705067	0.6133098110097366	0.5797666504947236	0.551776480643611
0.6120510472656829	0.565710415604969	0.5233125915993189	0.48284849981109335	0.44834864463002566
0.6197759226539805	0.5687894735043428	0.5197058821225955	0.47254155975791073	0.431296864954582
0.6057464779212567	0.5590692472530411	0.5150263707312541	0.4724738770392989	0.4345181914018735
0.6519951705786939	0.6071073650150539	0.5654826799685009	0.5256463124469757	0.4913256770169385
0.632280501596582	0.5810314365593134	0.5310295495122609	0.48223929872711707	0.4371861141617525
0.6346049532127735	0.5922661586029024	0.5532636885837949	0.5158306090073927	0.4832380217416437
0.6042011573697562	0.5555448250599662	0.5113545964812942	0.4697466922165707	0.43610348599329435
0.63739480519894	0.5889315818113325	0.5429086458593609	0.4983557875556318	0.45833710975838926
0.5964205754139316	0.5454121287313499	0.4973213243158244	0.4514372603384621	0.4123594759406567
0.6337034475968949	0.5920020413347453	0.553909575194652	0.5175416034979679	0.4864925134931442
0.6198220733296609	0.5729182843815526	0.5290080005732117	0.4871193016845895	0.45146580468897907
0.5905020994022223	0.5414792615513776	0.49647698246852484	0.4537332631637514	0.4179556505341902
0.5973443837814505	0.5506108365948288	0.505834050707117	0.462190667134394	0.42204305175376183
0.5958581432010072	0.5501959640082027	0.5083807584531108	0.4683479500924553	0.43381261366703555
0.6032946562305582	0.5473033075149961	0.4921372365959909	0.43825807916761483	0.3883481665405055
0.648372366576005	0.6050177776244029	0.5649218244839909	0.5265055635446763	0.4932700001312504
0.6291679971232448	0.581820587429361	0.5368813452934038	0.49375794952847984	0.45623519344960034
0.6118258340633379	0.5629268689634619	0.5162656401628087	0.47082748294270027	0.4291616620513383
0.6031560843453941	0.5571492746381791	0.5143914654748929	0.4729826196262837	0.43573439969609873
0.5939352824755244	0.5429622104212267	0.49333875389256165	0.44488898696258405	0.40005924684234495
0.5849189782497117	0.5415037415238217	0.5016917707518636	0.46346204578563394	0.4301124631012642
0.5659576629339892	0.512517564624418	0.46237294859032235	0.4142834451094712	0.3725325532582148
0.6577932119699322	0.612029135693784	0.5675252253008736	0.5238711318235066	0.4828381402295309
0.6375284880803205	0.5871176782772906	0.5384198477889078	0.4914518028245817	0.44981895890419826
0.5590417103043758	0.5035675258624862	0.45035875560234717	0.39871017818246174	0.3518737247827568
0.6385862608601863	0.5920736714906477	0.5467292937831355	0.5017714014861807	0.4580055514032453
0.6684876026355351	0.6240308834944167	0.5816594188001933	0.5404744562419741	0.5029490383767897
0.6206352636865268	0.5684261853011155	0.5195460331364472	0.4730519420996024	0.43391721188699534
0.6011117883140192	0.5535199840966536	0.5095464743885585	0.4677110094776037	0.43246994524526516
0.6151952153055688	0.568380631738539	0.5250085422368939	0.48400304197303695	0.4502968451178602
0.6092436058409066	0.5551093277889982	0.5019403003706605	0.4500625666259825	0.4021675875407318
0.6588289550232852	0.6212607808419907	0.5879387497516182	0.5569322747550708	0.5330677009464306
0.5973213005801019	0.5523626419302637	0.5112471947217007	0.47213945472973146	0.4392241134420729
0.6656429373030973	0.621762611137138	0.5815739845234796	0.5435070881007699	0.511984272994666
0.6024795737877316	0.5550261673646089	0.5101320157883904	0.46681166597366885	0.4283454143602126
0.6729440837453213	0.6288611770433238	0.586428241404748	0.5451691756270605	0.5075306926442716
0.6063341119027168	0.5562113348362812	0.507710837690451	0.4605336366550083	0.417437895830325
0.5880138412836953	0.5381397138961369	0.49213278482005607	0.4484890886548964	0.41213434393376214
0.6291972354174589	0.579956268905844	0.5323584279862398	0.48608690930656706	0.44390618437020885
0.592888198283566	0.5345386705390553	0.4779843004579786	0.42338712894559893	0.3748265716271158
0.629948409608442	0.5809669167976274	0.5336297068747059	0.4874389638726724	0.44478428440458684
0.6201419926672529	0.5737535484298721	0.5305438826120897	0.4891180886198253	0.45319431478751937
0.6682213323887801	0.6216345025146032	0.5779015079765335	0.5360544884040307	0.5000244070965363
0.667058213608757	0.6255015636317682	0.5870605578300361	0.5506027532443526	0.5202617631718333
0.6157060282883982	0.5588310107245869	0.503397813921859	0.44944874101501675	0.4000771716475152
0.5941134603060406	0.5462634979201267	0.5010766267287723	0.457673611144939	0.4197725656996758
0.6200859575557797	0.5683917805053846	0.5191731199037658	0.47179130696396443	0.4300749082773184
0.6599624809865468	0.6153561941457975	0.5743666395058539	0.5350939084236913	0.501116399616403
0.6568293404568035	0.6073158760848423	0.55916868405757	0.5120820082267803	0.4682662969403821
0.5680360632827931	0.5186344818832811	0.47313280534828545	0.4297203699606249	0.392751809489995
0.5877669699865127	0.5396525045320972	0.4955270468315589	0.45358823557670447	0.418393727726811
0.6247910664026087	0.5806760059883693	0.5407691558011013	0.5029388263584785	0.4715131381216733
0.6353866825099812	0.5907281030754126	0.5478562241650197	0.5063593253764617	0.46910329649887994
0.5913654696574211	0.5346389556949597	0.47851192424016536	0.4235208994455048	0.372033675460125
0.6707834313324342	0.6241029488204358	0.5779062427515851	0.5326788595436311	0.4904411720334687
0.5938086454606795	0.5427088318248344	0.4937545123034893	0.44625253288618505	0.40323002582627887
0.5967093777230519	0.5449404743833388	0.4955964552851011	0.44801323122829817	0.40586085129210114
0.6219847518834193	0.5706354796793485	0.5202920136730927	0.47131502534296615	0.42655268271475943
0.6290082949806527	0.5845521421998655	0.5435784515880231	0.5043933873217908	0.47072500764657293
0.6201492082472403	0.5716035279114158	0.5248809160897964	0.47935261978218	0.43750796707574435
0.6359954026959016	0.5929707561688908	0.5528426712638576	0.5142420377943928	0.4803525435848441
0.6161028587678806	0.5609641202834759	0.5060612611184858	0.4522155482587369	0.40163040614194073
0.5797566396776415	0.5253108873822561	0.47274196070305724	0.42147841787160784	0.37424108821537666
0.5535353239184575	0.49942395160353836	0.44835262070302306	0.39929720291035875	0.3564594933641378
0.5503325346908204	0.4976914309093341	0.4488571783895178	0.40191892189344475	0.36082851174855657
0.6277533993032512	0.5870971957229121	0.5500429667840868	0.5144522901822149	0.4833756679803749
0.5997709817231404	0.545027906003526	0.49233490550488945	0.4415227242762053	0.396511579530348
0.6115728766803865	0.563244582608209	0.517509547736374	0.47351966288551717	0.4349123680056554
0.590934494725265	0.5449522744552905	0.5018087481348336	0.46002492916091503	0.4224348740691775
0.591330506568375	0.5401298334133707	0.4921686583661844	0.4463896149870384	0.40734095002269566
0.651193233965781	0.6045997877191819	0.5608768451059856	0.518956334533836	0.48259508964710957
0.6151010104056377	0.5650365287629018	0.5171719981152856	0.4708809943686553	0.4294432410672741
0.6569535237579489	0.6084848344363387	0.5620040346343298	0.5171462513673808	0.47729436009788684
0.6423784078394951	0.590835800306626	0.5411318058958509	0.49305708669538917	0.45000756320968266
0.6358253644847328	0.5842939890737392	0.534294059384968	0.4852388578802715	0.4390974943767724
0.6251667418141525	0.576981306804133	0.5304428957888445	0.48490855604812017	0.4424710870105826
0.6152789487428747	0.5640020669745799	0.5146896018541293	0.46704132498191964	0.42452592658270744
0.5963366367575251	0.5477778410620916	0.5024938722757726	0.45916768930425855	0.4218799317778067
0.6299927135061493	0.5839587196028843	0.5409874531884034	0.4998786808878146	0.4645144245417075
0.5986782214946315	0.5465244173490428	0.4971793826729144	0.44998002423226097	0.40939860421938606
0.6325604737144666	0.5789288062772648	0.5249355800104634	0.47136233453622733	0.41908444153879815
0.6235822418522248	0.5722347143655931	0.5236559305278041	0.4767354326798175	0.434929608888763
0.6418157558274726	0.5930837752609502	0.5462532775134139	0.5009481210471609	0.46034759546323106
0.6325410391886057	0.5830055117447228	0.5354552062377572	0.4891665120341895	0.4467690227513068
0.6135772827736199	0.5690885246260199	0.528371574513366	0.48952632849409744	0.4564540048944613
0.6417781006594436	0.5969965566974439	0.5540817354761317	0.5123072997023723	0.4740501702915504
0.5602950744368739	0.5108094762987992	0.4657902304032947	0.42322136892178297	0.3882102614518422
0.6475388040445768	0.5990525488459179	0.553017443677976	0.5085655437477454	0.46899674528850177
0.6373853371720004	0.5887044758696162	0.5422553095126361	0.49713949186409406	0.45613613979135154
0.6042005644406098	0.5543034361310432	0.5065375041941445	0.45986098190116986	0.4165445406059337
0.6481076312697182	0.6043106806059634	0.563535214164507	0.5243288725651231	0.48996220408074387
0.65793043551102	0.6152781934988616	0.5761993062208274	0.5392712758212386	0.5089771625770801
0.6378532144728062	0.5900498088253998	0.54516506988263	0.5020287753893059	0.4642852319175553
0.5637504497274348	0.5109996070220794	0.46140189549433397	0.4138856124775185	0.37278910775689506
0.6017696225872713	0.549896622749847	0.5001840880165611	0.4521265246430508	0.40917341196794993
0.6088353209132047	0.5621887371555329	0.5186263341377897	0.4766236959765866	0.4394318617995687
0.5846043908998036	0.5335439389642135	0.4862779117157422	0.4411099602863832	0.402413132672507
0.6578136445299423	0.6066896954649725	0.5572022261238271	0.5088339677744739	0.4639177071258523
0.5966779396224895	0.5514406377544899	0.5097699853000861	0.47005802734245083	0.4363872974900308
0.6042272852248365	0.5611874827943241	0.5229761027097477	0.48696046726889525	0.4577171969290962
0.5828615319486613	0.5343371394780315	0.48901783553298106	0.4452592356572035	0.4063143365922314
0.6609929909911996	0.6226571685829535	0.5888717868617291	0.5574307410087174	0.5332203621936102
0.6624689320411782	0.6172549731276625	0.5738046323054846	0.5315277426120919	0.4928701442124713
0.5929048590426519	0.5425185822607088	0.4953305502455073	0.449983536546424	0.41031480070634213
0.5878360565026779	0.5423431362128657	0.5000566088293876	0.4593182794867056	0.4233550784409206
0.6511403798644929	0.6067584869362378	0.5651160822278498	0.5251827785663125	0.4905208785340397
0.6061684155909867	0.5599698815660188	0.5167653416434643	0.4755022674982519	0.4402272826843478
0.6057859732394504	0.5523933428824814	0.4991826506800551	0.44648579375116965	0.39537376595265017
0.5949917953412868	0.5452735077393872	0.4968906727594795	0.4493511211824229	0.40441252008660256
0.6374582731734314	0.592219768441741	0.5499872272109149	0.5095115243483831	0.4744544619856172
0.5936281221722205	0.5411191419195543	0.4899998035704404	0.43990107887871166	0.39295024678673973
0.5577022778870231	0.5053817998959406	0.45543638550745735	0.4065315244242967	0.3608360560685164
0.6710460356272508	0.6273603247945877	0.5869979047728471	0.5484518257475672	0.5155079119882725
0.6390033781155507	0.5959620176693374	0.5554526823573948	0.5160926364655852	0.48027735958057577
0.6708693274658996	0.6327587033833918	0.5978324582089722	0.5646333110255928	0.5367610756914815
0.5838338208966151	0.533351613686316	0.4840256578146602	0.43547153699833524	0.3892979975521767
0.6324733083621868	0.5862841331923305	0.5422452967791447	0.4992909004766747	0.4596812575730055
0.6697767174127323	0.6220294030603353	0.5761493202676238	0.5318579672686403	0.49246675520398736
0.6444738418868693	0.5990066096800247	0.5556824540006643	0.5140136965861234	0.4774507065790324
0.7023952028428209	0.6635977273214817	0.6277718769174564	0.5935965360759818	0.564511884350987
0.6417771828214863	0.5953564350483237	0.5519542976260446	0.5101109165868019	0.4730752290831858
0.6329158989969041	0.5869348658770647	0.5426656070817115	0.49949371458436936	0.4597064439013009
0.6232986374666323	0.5756261020808674	0.5306868992070739	0.48753520570271147	0.4498967516845257
0.6453134620683534	0.5994605530125627	0.5544465290003625	0.5102735481664569	0.46869460825868586
0.629232380226872	0.5824636258379248	0.5390103466327061	0.4975735835006643	0.4623563883492303
0.6577431541857874	0.6158609761969995	0.5760827433799224	0.5375237614067727	0.5027253314123998
0.5921449346590011	0.5362077172201328	0.48001666261408493	0.424092879160141	0.3689934437596927
0.6035157705413833	0.552289784901713	0.5030825768891722	0.4553441944259457	0.41213613060343324
0.6086006589953243	0.5671630224135309	0.5302481706581169	0.49538598573705345	0.4668548690815002
0.6662529920181908	0.6173952957472069	0.5700124497796308	0.5240953897557903	0.4826992732757914
0.5833524898343976	0.5335566533465458	0.4872687569692163	0.4432224547381477	0.4060899318530762
0.5886282992334411	0.5423259930501059	0.4992244809850569	0.4579972667335323	0.4225509747479801
0.6383404654454514	0.593719464898247	0.5511055750809678	0.5094387834274203	0.4706931395355949
0.6357950839849618	0.5868602393371422	0.5405982300495777	0.4962958583210341	0.45803762339745047
0.6109653097039051	0.5603603090083348	0.5130225063573104	0.46763661807576035	0.42827104586049586
0.6093925184485272	0.5610652902768702	0.5164828921981327	0.4742648371124803	0.439339157312386
0.6598858176190152	0.61715572744397	0.5773239410708126	0.5387856335854139	0.5042368206450403
0.6528410039053074	0.6090693852221589	0.567745434283468	0.5281364117784696	0.4938167663913157
0.6220671975302376	0.577531324545193	0.5357267240036083	0.4954034934319502	0.4596492724283006
0.6359913765073987	0.5923248263869629	0.5511058227990155	0.5114699687790882	0.47671704452736186
0.6382353467886227	0.5947806637262633	0.5537912425630163	0.5143865462344758	0.47986963829062473
0.6349468430606174	0.5823831490374214	0.5322261315459452	0.48412820126946843	0.44238114172595466
0.6337726887524507	0.5839793329735148	0.5354843112526794	0.4881957608358324	0.444628346288727
0.6567379656594263	0.6085913823562845	0.5610529915062775	0.5142277225732184	0.46960194527819527
0.6422662283648669	0.5933835662959377	0.5462907008915437	0.5005099963189474	0.4587764072657425
0.6034159112659756	0.5591217061965132	0.5184758167330137	0.47951331794428104	0.44574292393413306
0.6179115566273045	0.5738781826303457	0.533489803376883	0.49482835783716467	0.46149331746401423
0.6172552595038796	0.5611317793748238	0.5075937887657886	0.45617408582451224	0.4112878463786954
0.5716101625315808	0.518091553867613	0.46648894971956295	0.4166718323719782	0.37236171627357084
0.642039907064865	0.5967499245300589	0.5531179630367785	0.5107519358991965	0.4722904473313716
0.6189046903469284	0.5732952154226323	0.5307649691402488	0.4899349554620766	0.4543489923547868
0.6500717747589853	0.601781835801523	0.5538946445483318	0.506549292038936	0.4608751401444961
0.6115217588701658	0.5580689479381152	0.507088629863683	0.45769931652199636	0.4132171607400264
0.5914309299981021	0.53896122519308	0.49075798098967016	0.4450934981145182	0.4072593513709107
0.6447067281265918	0.6013154170858138	0.5615411145064941	0.5235991654135494	0.4913087691272524
0.6041213922903381	0.5611187814925905	0.5218218332284922	0.4842047297934849	0.45176879463696484
0.6165555493647251	0.5664026543543441	0.5201308045564961	0.4760734527876993	0.43884630744165987
0.6262056375441478	0.5817308453468474	0.5408491518047119	0.501727598124634	0.46803486778648784
0.6159039841095216	0.5722483028630684	0.5325263008465854	0.4945426987763843	0.46192086732988613
0.6391006986324294	0.5902910950969346	0.5434074892546233	0.49791694211899495	0.45672302491974054
0.5948900797549792	0.5447801954295619	0.49719811882955545	0.45126462660338373	0.41041588560792175
0.6356828520239604	0.5904581060928602	0.5483295288672299	0.5079591503885339	0.47301160824396593
0.6689157929375523	0.6291167303965525	0.5930577009593221	0.5591775480869129	0.5320177338701282
0.5404500152245986	0.4868681085773599	0.4365642487273727	0.38807682728274207	0.3451918715436802
0.5833732267274524	0.533621248530003	0.48827919749906445	0.4449882995956542	0.40802380121119264
0.5977970206965063	0.5452899798438965	0.49410500593419215	0.4439794161781112	0.39712129939121843
0.6172521071537106	0.5702236944719093	0.5258590593122252	0.4832624011310407	0.44611873841673766
0.6062407491135661	0.5543943773563056	0.5048185394793473	0.4566405586591422	0.4127740073917655
0.5999781514234919	0.5491818378164304	0.4994192299271569	0.4507254290547662	0.40532816421701207
0.6201029650246732	0.5700022603596684	0.521470613330302	0.47398019875346015	0.42970127160696114
0.596937982880501	0.5501696487415608	0.5065951544797003	0.4646437271418332	0.4276983472166948
0.608471495692721	0.5534515240292142	0.5006620299554995	0.4499702237084512	0.405748344586502
0.6363846710664908	0.582661905823482	0.5282706167341625	0.4739897492559725	0.42004945665644694
0.6869241641411123	0.6433632464209875	0.6015117082393053	0.5610070571740688	0.5246566283807829
0.6256555820404742	0.5693289736976437	0.5134116833725091	0.45844225395435695	0.406396324837321
0.5990415438519909	0.5504100627043347	0.5046448715375774	0.46060951102794395	0.4219094907667871
0.5955878073971902	0.5459657461440008	0.4994147291821174	0.4546979190069198	0.4156383777977523
0.655444188869445	0.6122973313364967	0.5717938318066349	0.5326541370798251	0.49772084407611145
0.6463647045155467	0.606605817374169	0.5718925203141422	0.5399332398363297	0.516468210200672
0.5847950398379279	0.5389759747272684	0.49871333104066523	0.46152184754627484	0.433802785248464
0.5959192002802223	0.545568095719396	0.49746293841389144	0.4511383689138665	0.4103056906260818
0.6004383765235876	0.5530949664013202	0.509012743541565	0.4671638432149807	0.43220320998551703
0.5965601299537332	0.5493647363438802	0.5048169994382266	0.4615342843532551	0.422153293293865
0.620849800910511	0.5751542267184789	0.5324845137960635	0.49121740665481545	0.45427637562176315
0.6310626259698283	0.5828512641933334	0.5364916197097838	0.4913107532307664	0.44976560780091657
0.6139042842382088	0.5674473532341343	0.5238693419537327	0.4821200250572678	0.4460109751479794
0.6340572735655475	0.5876041684612815	0.5445443702754994	0.5038732346975199	0.4705694837238982
0.6587059530478901	0.6155709281594768	0.5756470233335549	0.5375429136465674	0.5050516228842266
0.6225132118242	0.5848118686214482	0.5524669935162736	0.522348281969155	0.4990957569947356
0.5961612152766098	0.5446021694936591	0.4946908401507029	0.44608971516345114	0.4015296713097379
0.6018756114939069	0.554114869962082	0.5092806523472698	0.46624863055974664	0.428775145900337
0.6075451630940035	0.5535919350945725	0.5005667730820734	0.4487138619490636	0.40047654016458034
0.6271147900178582	0.5824992295701694	0.5416472864118589	0.502576429309015	0.46899900017763063
0.5743876918671209	0.5248100252405287	0.47979266514070706	0.437149714981305	0.4018301897301926
0.6319491741627015	0.5800932067602714	0.5311425588548435	0.4843705767546689	0.44431828326151374
0.6250745282009821	0.5823500718568474	0.5435226767541629	0.5065842236765982	0.4754718602062196
0.6446069352234016	0.5936855179992709	0.5428267681429474	0.4930228606738291	0.44647241794189646
0.6400772162522246	0.5929083698635036	0.5487279582162049	0.5063202624346729	0.4693801783345429
0.6014256247176718	0.5513631340417847	0.5040391041647088	0.45855099400191174	0.4187254360110431
0.6176312146488704	0.5667588432125468	0.5188739065060665	0.47289340860025325	0.4327867972174447
0.616353158280727	0.5642970318335575	0.5138244189497952	0.4649921993785402	0.42121946723601633
0.6313311755128648	0.5843407936934456	0.540766020663905	0.4993325358808625	0.4645034555914518
0.5805832881674157	0.531313364286523	0.4851158829836098	0.44048780641514046	0.40070026623752814
0.6453217185635471	0.5963278271442407	0.547598148530106	0.4999959240552291	0.455871121733047
0.5909846668904839	0.5389176566824914	0.4905528795202264	0.444250174164789	0.40430754495952714
0.577824575928954	0.5277026266525298	0.4811442283094203	0.4365818136943782	0.39817563886836194
0.5828596793119477	0.5323212878235661	0.48501926752186003	0.4397484146536184	0.40074231915600705
0.61399600376979	0.5614523654814251	0.5099699492642824	0.45951364751148405	0.41222220457224257
0.6089296500550923	0.5622433146693817	0.5194803610980584	0.47859756727312797	0.4435137757535301
0.6300518578173298	0.5812203871238275	0.5336997948506537	0.48680744360696265	0.4418527847243941
0.6415848672420914	0.5908599388147547	0.5420826794397307	0.4946075918114543	0.451148810231542
0.6077217598603739	0.5568326554562373	0.5091087077466685	0.46324606146504405	0.42312425252039365
0.5837954103043547	0.5266581351176771	0.46923001196146163	0.41242743190622455	0.35755422295448996
0.6577809740065035	0.6159155861142378	0.5766310201689118	0.5386669222522561	0.5047755618554137
0.6379029143080935	0.5942018398588691	0.5541338745089373	0.5161401547658254	0.4845440589899602
0.7035905902035602	0.6608827884428027	0.6186186661577905	0.5770088971589924	0.5374173589102877
0.5779034281570897	0.5285079616248672	0.48117580821495465	0.4351629260551819	0.39321909017490586
0.6018099075163503	0.5460227152321929	0.4914643195826149	0.43823651272255143	0.38911265898277336
0.6162428957989489	0.572851193669889	0.5332934961050408	0.49554047315102784	0.46335363267096974
0.677165763971145	0.6315297413457894	0.5880962057063148	0.546117829443539	0.5086276210592066
0.6224408040269092	0.570938592956444	0.5216549032436998	0.47407614196373976	0.43175591466266666
0.6556069060928477	0.605096510208766	0.5565328398723566	0.5097452288930817	0.46843554197115933
0.6484894550014608	0.6005391333402231	0.5546918862894805	0.5101713897436357	0.46974300784457207
0.6175155378831386	0.5774262884049667	0.5424939191636271	0.5097973277906024	0.48399657653831396
0.6895939216097553	0.6481679623393783	0.610172438368772	0.5743860882686797	0.5454135232166765
0.5431142162569563	0.4933615574460959	0.44802974219703556	0.40475865786408605	0.3678435139538173
0.6406443359499114	0.5949795643125716	0.5513538524674035	0.5088485571554623	0.4697989778121132
0.6574454802136729	0.6092620176413791	0.5627137479102462	0.5175770316738848	0.47679398910061754
0.6105936626318224	0.5635325182403279	0.519813538313217	0.4777354850121843	0.44071856404619153
0.6013471659159694	0.5530651323816002	0.5073049993479588	0.4631510368703309	0.42395100810761643
0.6360530473348167	0.5906752891359336	0.5482602053751814	0.5073817872623451	0.4712429279300246
0.6340800177573511	0.5862885381129135	0.5410333906546375	0.4975699783305934	0.45963283907663766
0.646391096674598	0.6009317234363906	0.5580444434203901	0.5165167881832047	0.4791826421634475
0.650016182354636	0.6074329586381452	0.5664246730263384	0.5261961085014605	0.4883724483413806
0.576606397042364	0.5256610643944042	0.4771008669239601	0.43014029643242857	0.38811347721186323
0.5962671244171066	0.5458631520710543	0.49798155544536016	0.4516482572288995	0.41009039687707405
0.6766037014568616	0.6267687006990352	0.5762859798827954	0.5262513677606901	0.4775988633851803
0.6022785837639424	0.553716668836444	0.508012170843442	0.46401004353315267	0.4252585612983793
0.6219273054554936	0.5677831844927913	0.5152940871856178	0.4638346068315792	0.4155507880649636
0.5986646436362897	0.552300837491481	0.5093368583596888	0.46774930490776945	0.4304070799211647
0.6424712197339882	0.5916984666720683	0.5424349888658206	0.4948033663689432	0.4522048974214711
0.6509024546052387	0.6056600108424094	0.5623440981528193	0.5202224923891103	0.48178450373812076
0.6284169583477796	0.5830012249023727	0.5398133481099636	0.49794082161600584	0.4601252479568654
0.6505964833180968	0.6003971993156446	0.5501268542367388	0.5003581475852191	0.4521366511654021
0.63888512308873	0.5874963780129856	0.5373101270856078	0.4885647103802686	0.44426327828380874
0.6201228671676402	0.5759655886748137	0.5359530727643858	0.49805810694209596	0.4666943296883988
0.5780897783260657	0.528200477145745	0.4819707152682302	0.43744331435610223	0.3981665285482097
0.6384633694707331	0.5904871948677913	0.5432238931715522	0.49694970026074825	0.453726229044187
0.6003591949533779	0.5557934269424664	0.5145263971364157	0.4747962212302471	0.4398061847326973
0.6306529300631234	0.5919074338585568	0.5588430346158854	0.528582273383646	0.5069688110402404
0.6800573308776245	0.6370997216096163	0.5963079267318153	0.5568333512641701	0.5214214935580215
0.6488246996502587	0.5966421056526816	0.5446437704568603	0.4936702385311869	0.4458575212849587
0.6600338015986282	0.6118070167130643	0.5651492103122937	0.5196506119670099	0.47772737481059535
0.5764858195810212	0.5330185503797088	0.49509817337595224	0.4597946188896899	0.4325621657237853
0.6372439233796401	0.5924739633102094	0.5508595900116261	0.5109701870064907	0.4764011333639695
0.5526419170564528	0.5008039295842437	0.4506808712794451	0.40150063559722	0.35522836056690865
0.614461126916348	0.5657171889910391	0.5206650374275964	0.47786087957200635	0.4419902393173648
0.6305221054583536	0.5845384478664353	0.5418582266264474	0.5007249073034871	0.46436271862523637
0.5944593267366061	0.5453330860688623	0.49929958951129627	0.4550718102662207	0.4164134295140127
0.5750563511301371	0.5211855606037723	0.4701021964587315	0.42098167694211364	0.37791518583827893
0.6395066432222385	0.5931459696847594	0.5483475339454111	0.5044683912981237	0.4634246368514212
0.646774546674842	0.5978386646638058	0.5498648822512776	0.5029017030711824	0.45905554120086556
0.6175231990912178	0.5624811979030051	0.5101410764374171	0.45974801707021123	0.4153603078434947
0.6614451419511951	0.6162066534986808	0.5740571115123339	0.5341144138010439	0.5009783159348551
0.6086250719591864	0.5573707709486475	0.5081173856828975	0.4606531043057042	0.41870698041173676
0.6438451693391476	0.596075060335694	0.550140357664266	0.5054203773364268	0.4644469816721104
0.6252750853004726	0.578040087167662	0.5345774475967482	0.49318329288513485	0.4581689941887575
0.5876964174140075	0.5376195898836852	0.49082195431638886	0.44622610461511253	0.4084212530390719
0.599613173458272	0.5530713828177071	0.5109335679633459	0.47113814510334706	0.438567393764669
0.6330712011882835	0.5848590204418912	0.5378865310415661	0.4916871479022386	0.44787226693002374
0.6184024607108093	0.5671006806257857	0.5182973419045594	0.4712727561902133	0.42973440259380524
0.6185279227745476	0.575486804772598	0.5369152718076747	0.5006760379028191	0.4716303457446177
0.6218781086608135	0.5735300625479076	0.5271912548181841	0.4820956869195409	0.44083466055937526
0.5885778402344642	0.5416873754126288	0.4992763689409976	0.45930361756678356	0.426851209587878
0.5913164346995674	0.5432902286636547	0.49863715000189857	0.45627403777722003	0.42097390021372305
0.6453298317806823	0.5940789492925824	0.5438714032633271	0.49492171076967034	0.44985163306231085
0.6430504024741348	0.6104938054632608	0.5828186008587152	0.556900486233401	0.5364017881548929
0.631543955938334	0.5819857570728068	0.5348654181700158	0.48964269409170896	0.4502728092537529
0.649575150412139	0.603798568984461	0.560074490422093	0.5176689574313752	0.47933023250010837
0.5768380610714011	0.5227721033398943	0.47169361259271425	0.42238937027113643	0.3785574665261282
0.6089748336607943	0.5676525368138469	0.5322227196472139	0.49923698227626767	0.47378955349680946
0.6578032273571185	0.6067995312697276	0.556022871745275	0.5060392612613707	0.4585016627310808
0.6315122917672329	0.58532110803664	0.5434350568379559	0.5041491375456886	0.4728828404947788
0.636215949791579	0.5855059249726259	0.536817167367245	0.48971595891475445	0.44751124992998254
0.5743380931501062	0.5221151728693438	0.47263274109467	0.4252479287409058	0.38433283252743283
0.6553753640524829	0.6075169756313262	0.560961408325377	0.5156244820879068	0.474046227090495
0.6471321252202719	0.6026053477134174	0.5600815960996657	0.5188857998598195	0.48178583446064077
0.6434101154814726	0.5958625888142142	0.5512377194347038	0.5080885764194024	0.46949103632215394
0.6140975297006082	0.5650975964773364	0.519208743156836	0.47526056066942357	0.43729801565593324
0.6519353465315314	0.6068514723093771	0.5622156432689146	0.5180696533967866	0.4754344811410146
0.5587620718376209	0.5052740324436453	0.45373893485324684	0.4035695675843321	0.35761254094122913
0.5959013356998502	0.5482585999890781	0.504042048993081	0.4619863615183365	0.4265954548236781
0.6020324351980709	0.552939469027304	0.5055758625037828	0.4593030472111775	0.4163945741638799
0.6494311236440842	0.596485639120208	0.5449302823836105	0.49514266299665294	0.45080729998602215
0.6549469340449403	0.6111263071165274	0.5686694045064585	0.5271654911304233	0.48860089542445334
0.5876547185918829	0.5378277813880997	0.49027853505230734	0.44417664163030696	0.4025388385069164
0.6422375001143454	0.595994935840042	0.551444707162622	0.5079910382816931	0.4679195037114193
0.6462595136800419	0.6068730862267833	0.5717948506371259	0.5387993519171302	0.5122276668819777
0.5636879113776003	0.5128898000212744	0.46341103944668854	0.4146530580896035	0.36811818588690887
0.5913855623899928	0.5439809713675698	0.49879529842524123	0.4548992528309142	0.4149808224250987
0.6445432096229811	0.5987370761006451	0.5544509181111935	0.5111041152895888	0.47065457840207314
0.5724648131798294	0.5223968242360658	0.47438436616957635	0.4277918978964217	0.38557912347688483
0.6203065386688578	0.5762262882209693	0.5353932270316478	0.496198180672514	0.46205528575670907
0.5773089264042348	0.5271952653227929	0.4810207902678465	0.4371409946801177	0.40033871021660217
0.6311977920791285	0.5867228076539222	0.546652854225994	0.5086719182831392	0.477134167412756
0.6570992907150188	0.6090113474011462	0.5626445629094936	0.5177226013132858	0.4772569266456515
0.5970566590473084	0.549239934650482	0.5047560900314976	0.46209001550652673	0.42503051403258163
0.6572961866612776	0.6135508910781705	0.5732914608998176	0.5350044146749742	0.5028008191331613
0.6100404895169133	0.5575354385629772	0.5063769159113122	0.45626085602324634	0.40936007823072185
0.633137542138966	0.5873115192875622	0.5435262355626734	0.5010077663331133	0.4623965502999544
0.6486654391607047	0.6002180657870443	0.5548577802227956	0.5114526674275474	0.4740779206246085
0.6716154147328699	0.6305724671129725	0.5919942391561428	0.5544153439516152	0.5199187043615442
0.6151401471123797	0.5656828237993206	0.5183716614073389	0.4724451275391965	0.43078922227970134
0.6652373096564691	0.6194238611355023	0.5759894673058652	0.5338611569894074	0.49576121783577937
0.5952656745857794	0.5469883583472921	0.499233062766079	0.45186389917924313	0.40568568776009006
0.6548158733437448	0.6121828718069053	0.5736472600646991	0.5371323871627642	0.5068501065794818
0.6722955559328918	0.6267592096528702	0.5829512331057357	0.5404166726171288	0.5018097266161822
0.6072856642944182	0.5540673254976686	0.5023592583905816	0.4516565491092737	0.404054678658582
0.6236042550383781	0.5802144564214324	0.5405168023274588	0.5027539313983969	0.47095853852813585
0.6229418733374998	0.570973085363407	0.5223016296437443	0.4756184368813252	0.43506767062935725
0.6150296001222203	0.5647643065767529	0.515702870155862	0.467399206879394	0.42143275362981736
0.6480080421552313	0.6013798896026726	0.5564556321642138	0.5125224121023922	0.47164586211491666
0.6510812769931559	0.6043143284110084	0.5612589642506017	0.5203657219059235	0.48614114131611624
0.6524477530347245	0.6020192881027767	0.5523059804373704	0.5034825752018421	0.45740390814735565
0.6234920181297249	0.5757371914844616	0.5312607265569453	0.4887795339544976	0.45245238695112017
0.6344278886972476	0.587674550843167	0.5427069801442092	0.4988898619616987	0.4586211001397866
0.5991934477216858	0.5536442588172646	0.5118968630800187	0.47202217647919525	0.43792351216592773
0.590965751161521	0.5448428069135859	0.5021891764747093	0.4615869948445242	0.4273121247067251
0.5604839959056754	0.5036112916029547	0.4494815140155431	0.39732269366453665	0.3512429235535713
0.6208973400364362	0.573681252255476	0.5303889382055351	0.4892953369163438	0.4549832553319606
0.5681496715767098	0.5121977176894379	0.45955832788927015	0.4091770005620022	0.3657602460648101
0.576135987053314	0.5274883577492886	0.48343848720233235	0.4419678355818448	0.4084523040139186
0.7098930799066167	0.672753021123913	0.6401137970757452	0.6101255381766947	0.5883136871815892
0.6486531570578554	0.6072849523486263	0.5688368115269635	0.5320443467702256	0.5003585062435847
0.5987760733831419	0.5437832307443459	0.4906391790085822	0.43876258396936874	0.3907952228765285
0.6486006457976429	0.6036475924859511	0.5627453713914735	0.5241337460719471	0.49258703648897445
0.5653372473313752	0.5170553505028302	0.4740153252664075	0.43348398661035115	0.40069022413143174
0.6743710264097205	0.6280934455036017	0.5823101976003883	0.5375235685532208	0.49581082461333537
0.6236156962108587	0.575393484461188	0.5289627941599889	0.483861543319236	0.44286070070747424
0.5881179531397402	0.5368289320620887	0.4892788881849296	0.44372986704644124	0.404352627585992
0.6313004942080265	0.5832941553874866	0.5375437452879905	0.49349923574038984	0.4547162584918865
0.6836439375507509	0.6379115662136274	0.593943673329858	0.551520155168008	0.5138599729885872
0.6811903241180957	0.6334095021615229	0.587201985522208	0.5426145508368134	0.503023956980309
0.6864248331365853	0.6444276322024327	0.6052297657963912	0.5676636075735504	0.535130149116867
0.6609027771873266	0.6193728777395625	0.5803066292351062	0.5424554139396139	0.5083517421139543
0.5867220366050041	0.5324650397078936	0.4805313551328053	0.43026377129919	0.3851349646674872
0.6285735746340841	0.5811733725398315	0.5368893265114038	0.4944616260823678	0.4577594776608247
0.6380685342559813	0.5887121394155518	0.5411782807247764	0.4950402022839398	0.4532071478723976
0.5668192154361976	0.5125816843390675	0.46000878092279346	0.40850758325393544	0.3603118622137662
0.6605170393625464	0.6196149197376474	0.5819263605962861	0.5458122066332319	0.514554011998126
0.6004515320211345	0.5502168093088777	0.501168847100964	0.4530272524299176	0.40768117949358346
0.5871720832063043	0.5348329565002115	0.4855930012761401	0.4381107699558402	0.39604991040443616
0.6075283733225926	0.5611613862013752	0.5167268107059182	0.4735867419191212	0.4344393377993501
0.5931876457098045	0.5425514058787894	0.49388024547687226	0.4466982251658563	0.4041091799127662
0.679498770043724	0.6345539044491589	0.5910613752943972	0.5485694791250817	0.509163848897013
0.613520644811044	0.566693878338921	0.5228399648273442	0.4807504657893792	0.4441029743359652
0.6053797736867564	0.5569673433916532	0.5109049473861677	0.4666243352356075	0.4278393032888785
0.5642546900428657	0.5120846335004042	0.4630619701430809	0.4161808349442069	0.37590484420266235
0.62134270802025	0.5732628958081745	0.5274524395290654	0.4833163077251927	0.44434431769724975
0.6085207089623944	0.564561990820535	0.5240328280591386	0.4850817654066979	0.45099805840711366
0.6140978014981949	0.5643755246873646	0.5174283684174507	0.4722950012265538	0.432755928387925
0.623030696931791	0.5756114792366773	0.5319446694173477	0.4905919970154416	0.4563768501585003
0.6004339391318224	0.5472588759338375	0.49583070459223166	0.4460673224640555	0.40143867237399083
0.5741247340961647	0.5259385938471876	0.48132205901277736	0.43834699287717643	0.40043473099891996
0.6173855490453307	0.5645459153240258	0.5135906248732365	0.46424825697704064	0.41988064807691117
0.6174355949028515	0.568565668951538	0.5223700531886887	0.4781746566445127	0.44014856347070735
0.6270105411348957	0.5819041145347915	0.5394548936995487	0.49858107911129557	0.4625663114607589
0.6094433885166606	0.5603816137448829	0.5142004529656402	0.4698427748040453	0.43110928890790023
0.6668242904216646	0.6165547083756941	0.5678024441855031	0.5202323721381169	0.476308551413058
0.6931579883116606	0.6543019917733546	0.6169351257951117	0.5807186594920309	0.5480503865704534
0.6015088547077027	0.5508399761449372	0.5022075764032197	0.45489764508994646	0.4116666211567458
0.666402632102816	0.6256909953375835	0.5884509109372187	0.5527537728645684	0.5218155651586524
0.5786635270115463	0.5273128824617817	0.4780182726724582	0.43002545849814205	0.3860477902639415
0.592168653740259	0.5436910769598664	0.49805771582852326	0.4538124408277494	0.41384845877913795
0.6739669096218656	0.6278356109501284	0.582397883659119	0.5375314603267094	0.49442711757246444
0.6682404488771163	0.6203576700978733	0.5735659922285826	0.5280138644449046	0.4862848978675191
0.5516415417044342	0.5014223734314309	0.45513157414340466	0.41091769827329644	0.37310970557966416
0.6264145846817484	0.5739196884414873	0.5219589103677735	0.4708424369117983	0.42233006368404097
0.5567595775497944	0.49800103574177884	0.44009974270951313	0.38307143809276817	0.32873570353228887
0.6461096226708222	0.6043902998217017	0.5659544286535197	0.5293682347658702	0.4984870256990619
0.6171638615965509	0.5708639035549663	0.5293030699062836	0.49043759511549784	0.4598854523490943
0.6132335161784088	0.5629179735797152	0.5135144313012501	0.4647889663365735	0.4181549044632556
0.6212328310132117	0.575262386520798	0.5335183934738477	0.4941537767975109	0.4621279030577319
0.6039027396744983	0.554956583007214	0.5087894205438919	0.46428178017139454	0.4248926263790431
0.6336120430926235	0.5892347938355548	0.5492588323385607	0.5116888533287899	0.48153967886329546
0.6343450140546121	0.5835572446739796	0.5343706297920847	0.48650748858427395	0.44272635524934995
0.5894365421518873	0.5349587038735589	0.48206913951886027	0.43050857577640944	0.38304706671747635
0.6532088100359557	0.6077086614385001	0.5649547485887187	0.5239639391132305	0.48841109338081246
0.607912827373956	0.5603904665133876	0.5157667576658277	0.4726191820387134	0.43402446420188256
0.6403011482702086	0.5911088795324542	0.542907526658191	0.495174008823341	0.4488834409704151
0.6183071355079286	0.5691909455976111	0.522778210236519	0.4786232593713838	0.4414320239682541
0.6216255578541715	0.5749430821656705	0.5296952913004694	0.48545730917276225	0.44433389388327543
0.7042860047537192	0.6622747272746287	0.6232416880699028	0.5864173520321331	0.5564053492450599
0.6849588179472433	0.6408717994449676	0.5967760050428015	0.5531706139001281	0.5110777802078504
0.5804996911940787	0.5227766338066471	0.4663158538968683	0.410985995297233	0.35914425269266315
0.6143210971166972	0.56091971536596	0.5089732724214336	0.4586932366452338	0.4135529231874632
0.6050544908906235	0.5570561357187008	0.5121323650650464	0.4690915057734507	0.4318581356328501
0.6366870062662716	0.5896623518129821	0.5456777099308991	0.5036076172981653	0.4674425949829659
0.5991797807666488	0.5514246007793804	0.5056972619480646	0.461143705815832	0.42021046364415593
0.5759663683218668	0.524674780943373	0.4772329386911375	0.4320235968790693	0.3936999865714778
0.6078372587853503	0.5591631527059159	0.5144944399221356	0.47217441062890336	0.43709845780434076
0.5794149407248026	0.5318702891578588	0.4883258750453692	0.4469361877618799	0.41219235377500923
0.5721689436558854	0.5238495437270329	0.4793725479131343	0.43701757572049543	0.40120758987556615
0.6723700092809372	0.6320990611884435	0.5948647769408582	0.5590832559226581	0.5277825123131168
0.5998541727159699	0.5480550437951357	0.4981358711867064	0.44970286148463207	0.40585364426965165
0.6039149100742458	0.5546226708911153	0.5065144198316643	0.45914906277253636	0.41407502379356387
0.6242348235864963	0.580053041601815	0.5389944863593487	0.4996758892065127	0.46572386848012465
0.6273575358329717	0.5808530533486234	0.5373792500482272	0.49577830711520254	0.4599538529134095
0.5589012871712562	0.5108973866709117	0.46640689957240977	0.4235611956845271	0.3857885190478937
0.615675225803814	0.5734902781570951	0.5355655143719018	0.49991191050739375	0.47126327610949553
0.6159849072375998	0.5639327557200765	0.5131897271449452	0.46354974742081256	0.4173119162865047
0.5976847868868305	0.549513523233863	0.5055658653130161	0.4640362732204376	0.4299647544854429
0.6227282002749622	0.5780638739278845	0.5368999188807652	0.49805225005195763	0.4663487343439524
0.6344682165015111	0.5925257258713302	0.553335118223776	0.5157138364157855	0.4829328476620984
0.675607898241124	0.6380227195352847	0.6032849818878512	0.5699941323474372	0.5411659394957763
0.5832752160633862	0.5326425787113456	0.4849705824772972	0.43917249584003654	0.3991541340865814
0.5977265609985917	0.550780809543088	0.5082676703018008	0.46806190698374744	0.43497281464206844
0.6092530518035961	0.5627965833419271	0.5204205666656608	0.4802468953259517	0.44686594769407373
0.6734867443948829	0.6317162403330239	0.5917628956561799	0.552790709133952	0.5168447220670788
0.6161068465432782	0.5663566885803449	0.519127305677515	0.47360184910925474	0.4333318357347143
0.6581491745019313	0.6100363456501533	0.5638659120706876	0.5188549156850889	0.4774199872229851
0.6200335043896068	0.5718862305785346	0.5261729607551748	0.4817158081351594	0.4411329149082281
0.6340060723042217	0.5877517434447539	0.5442657780717631	0.5022117627662364	0.46457433055067066
0.638897226319044	0.5891292890579045	0.539659774740217	0.4909934197166	0.4448042598391929
0.6355637216792244	0.5893035659246427	0.5462058417466176	0.5048542313465552	0.46888818344627775
0.636005480305299	0.5943537290359446	0.5561927206946661	0.5194972700384345	0.4873220589046636
0.6303781390617379	0.5802555180039204	0.5321202990783197	0.4853338286586005	0.4427073216196126
0.6086631095529502	0.5601038685397377	0.5153224569397947	0.47269723005647546	0.43672235305242146
0.6462015635793554	0.6013515719030207	0.5595706569346259	0.5198152841322642	0.48630731861160165
0.5899100021059542	0.5442378782270096	0.5023590039069541	0.4621159699356832	0.4269183806251427
0.6546583709502313	0.6115577136618421	0.5711707261515084	0.5321687118344801	0.4974383891948263
0.652199065371382	0.6017123980026904	0.5515153086457056	0.502240149908737	0.4558085143357372
0.586736687538552	0.5363028916895763	0.48868408981317424	0.4428833807367487	0.4026902400377439
0.5856349707038105	0.5341774971377885	0.4843816660201049	0.4358034588743251	0.39098078592378815
0.626017921486075	0.5829988404608883	0.5445531113267986	0.5080493770534824	0.47753536397070584
0.633784607385953	0.5872484550762159	0.543339956002866	0.5012582510232418	0.4648109519398224
0.6258934723351786	0.5747276008011266	0.5243175406998762	0.47470456926009086	0.4275500692317152
0.6492765120989845	0.6046949958178389	0.5614498956738452	0.5193519592310876	0.4807922354113925
0.6113298207349452	0.5646972070970185	0.5199683465190884	0.47645628436438314	0.4366972101538899
0.6773829508288964	0.6321981468211018	0.5890675237826704	0.5477654580422523	0.5121032364730304
0.6014829398238326	0.5557013161997829	0.5131073148444881	0.4723296487993396	0.4371541304817987
0.637362973693832	0.5937425763497406	0.5520488511617159	0.511224654275343	0.4730823553689187
0.6620073125035237	0.6222605169816727	0.5847692291572857	0.5484642153778683	0.5158180427872024
0.6184860928791931	0.571594565741297	0.5268999156753427	0.4835649123379731	0.444423485918005
0.6274702954265039	0.5818835874812085	0.5384172314272703	0.4958823705915791	0.4562205331404087
0.6247308854154644	0.5720619418955938	0.520843242585095	0.4710594700767745	0.4257014618418246
0.652518240912795	0.6048985670332989	0.560136901907209	0.5170368296705665	0.4790616310064577
0.6123359446962833	0.5652858034254516	0.5215180497791035	0.47955138412391657	0.4431398386827899
0.5923225208997569	0.5474881055958818	0.5070049245243085	0.46841904037235954	0.43568501494247447
0.6336225132255252	0.5846303729611809	0.5376127226418678	0.4920425022731022	0.45093660980846095
0.6612374966095538	0.621265074002386	0.5843899694210863	0.5491313328592629	0.5188583906191173
0.5938916712821024	0.5446987213207313	0.49916857414914145	0.45570251131822603	0.4186027319230319
0.6240528970125603	0.574612594066736	0.5255476573754639	0.4771054386054456	0.4305838771986379
0.6256834916164203	0.5775772347631503	0.5329820139205413	0.4904914749050708	0.45449243470558165
0.5803747324915494	0.5345134094827199	0.4925751769290931	0.4526042033834041	0.418700873581341
0.5866168116366136	0.5339787510778085	0.48420950619626385	0.4364427988757293	0.3948525454204
0.6529388577389811	0.6040056881552159	0.5554721441850039	0.5074217970655099	0.46086178057170823
0.6632308783896714	0.6182032187333458	0.576073506232956	0.5357254451352879	0.5008725557173154
0.5938560330857583	0.5439344986987341	0.4966034142630933	0.4508045075230526	0.4097313173110942
0.663750989298217	0.6231671730073665	0.5833900068666626	0.5441294728189566	0.5064623941699478
0.6633990405944847	0.6119414078650465	0.5611954925263384	0.5114616482906308	0.4648493487378784
0.663873603436256	0.6204674288325549	0.5796922915879525	0.5410599694617242	0.509036761180844
0.6436525248505545	0.5955281782201695	0.5492376909823696	0.5043298888143063	0.46368672103293973
0.6040229566467409	0.5565531141427684	0.5119342372063422	0.4690359782243853	0.43144464462667065
0.6884226221653625	0.6459262561028463	0.6042273069424832	0.5635389324747406	0.5259674872910449
0.6962003728969766	0.6605311885655922	0.6271911022215788	0.5947435922193086	0.5650490675808537
0.6084317874698068	0.5539767746273878	0.5003616485807416	0.4480490126420035	0.39975366467729123
0.6439304226689808	0.5972550856759293	0.5528487891226377	0.5097371174046023	0.4706184746930622
0.5968994939360718	0.550270977600925	0.5062036274918158	0.4635961414955155	0.42549133425929997
0.6381424794162328	0.5913548964072987	0.5464049367885904	0.503047715528888	0.464602998875981
0.6402625050819568	0.594690809044782	0.5530018030749316	0.5134967772459255	0.4807278311015593
0.5866636917465797	0.5318770674240133	0.479353979940794	0.4285024784012204	0.38280667214730574
0.6319263776767072	0.5878637770616834	0.5468720439133296	0.5078111413118468	0.47470552565552526
0.6228742219180002	0.5819316256987667	0.5449019735989995	0.5101714998392106	0.4825324131381457
0.6461582970669241	0.5972903415981509	0.549708247347233	0.5032296040933376	0.46015434977372305
0.6171624586031821	0.5680497122704204	0.5213445246884719	0.476364608584632	0.4367059707913557
0.660684046404716	0.6158580272880833	0.5730992693784569	0.5317642357545685	0.4948204143300648
0.5981067107966007	0.5480009075596	0.500640097430416	0.4547775445366417	0.41353608683373566
0.5907055418248502	0.5408534152733567	0.49425498634032977	0.44948876875616106	0.41037366558196164
0.6767123699311164	0.6361172917595964	0.598093874474149	0.5614441631139038	0.5290313916426119
0.6117893847519388	0.5620242487948863	0.514434214174639	0.4683895648548512	0.42711136845864334
0.6533573042609067	0.6101317670772415	0.5692172444393677	0.5296402045426989	0.49418838087537975
0.6494342966101099	0.5988422012791105	0.5478803979853151	0.4975381085871869	0.4491065943325286
0.660523744675107	0.6215315874186494	0.5853910688408007	0.5506662240318951	0.5203077611038109
0.6488359731438236	0.6051958892284873	0.5642758440859064	0.5249536991746392	0.4905599797032086
0.628862662055342	0.5800598608662219	0.5328442011047568	0.48708675587638167	0.44582690158690436
0.6386406785602344	0.5927098930198288	0.5494055568496892	0.5074767823431465	0.4697906714047553
0.6552634181077464	0.6094834652465406	0.5656740016285156	0.5231336033591601	0.48450740062381287
0.584091489927261	0.5301074878135985	0.4778905221131367	0.42716207577281523	0.3810246899620823
0.6222098206434643	0.5704062572798009	0.5183764679354959	0.467000599185073	0.4176416266258925
0.6268418955067315	0.5862424594784457	0.550177350623407	0.5163044536886193	0.4891930258277766
0.6032219408744242	0.548581538585199	0.4950478035063799	0.4427208601086228	0.3941160407239775
0.6493909275500889	0.6056794146013158	0.5636521954996595	0.5226888334922813	0.48500674040585484
0.6033580297942363	0.5604156778387294	0.5202994114383287	0.4816151989681864	0.447347889933436
0.6291527449155068	0.5837646487024868	0.541516056424639	0.5013911431879569	0.46781632213313995
0.586646910661645	0.5350463018460134	0.4859069192463037	0.438493432376381	0.3964031492049736
0.6446242700860354	0.5957902151384529	0.5494916451819903	0.5050995687118255	0.46658771605953114
0.6482106154306274	0.6019136166663982	0.558314459823425	0.5163846706789454	0.4796037350563991
0.5592194446173763	0.507849540591313	0.4607294812548237	0.4159327213159687	0.37830174534238964
0.6300865052296664	0.5874477810546108	0.5465217828593307	0.5064631091959381	0.46907953639540395
0.5427726654510394	0.48520791679951797	0.4299288915553133	0.37624366346067056	0.32747420561495144
0.5890708294539572	0.537771510288184	0.48879047689095445	0.4413538024290033	0.3986804152585294
0.6286023078351066	0.5791582371460823	0.5310578904426894	0.4839131244896106	0.43971566925554645
0.5815374200965533	0.5384236707670478	0.499818297169568	0.46287768424385634	0.4310717153248208
0.6349955179110933	0.5827805493367038	0.5302400419867217	0.4780164371774785	0.4267702591894597
0.6331572351389725	0.585196816710482	0.540333751102686	0.4973555901480735	0.46019106627941236
0.5926034268195917	0.5428936613807321	0.4971193841051638	0.45360962316944964	0.4170843408135318
0.6463358010159674	0.5989613872575222	0.5532941084100463	0.5090402699228612	0.46914592478378186
0.5761720085023327	0.524922067999773	0.47725397104655337	0.43168963329964644	0.3926139487167472
0.5797687746368526	0.530563934238119	0.4856132173818063	0.44296910054469674	0.4074392615525949
0.6424350168333897	0.5963890794002208	0.5549218564348011	0.5161779542638691	0.48583362749906556
0.6059165034588343	0.560181169046383	0.5165564282270897	0.474183691679843	0.43567252895567854
0.6364396062034272	0.589394889843501	0.5448946032781816	0.5019099850044516	0.46360016307922747
0.5813552665261212	0.535038284721898	0.4932139410647639	0.45364331129411223	0.4210238419492402
0.6198231703535714	0.5725978580916307	0.528826390624833	0.4870868375136957	0.4516143455154865
0.6490389303978693	0.6088736537135907	0.5730189948801616	0.5392104315352979	0.5117126683646664
0.5719130122108441	0.5205789860288385	0.47176691093275525	0.42427470568546666	0.3808533929836563
0.6044952171424939	0.5506732490151165	0.4978583732140803	0.4459644051892745	0.39691080555742253
0.6055420344151822	0.5497570325015568	0.4941808266277774	0.43938064796168175	0.3869739805783333
0.6328944403311627	0.5876373255070976	0.5451889294166977	0.5042302790213603	0.4678664715571093
0.638525153419107	0.5901136054491812	0.5450191447680448	0.5020626286819064	0.4657002042195535
0.6137014630036259	0.5569019268022949	0.5022417718085088	0.4497208519262926	0.40379800402569443
0.6079206838018001	0.5608397992624911	0.515223839309706	0.47082961960504116	0.430203629982399
0.6151247532004781	0.5655786231201619	0.5190316392398187	0.4745228605400437	0.43630054583011396
0.6315075940692947	0.5791836411441178	0.5283712820225499	0.4787213579262338	0.43265674800557063
0.6336785718585517	0.589622813897605	0.5482207611812349	0.5080372030920562	0.47161186457207827
0.6037874893892913	0.553892306070539	0.5073759706308749	0.46284490913676063	0.42443705510363217
0.5537322217873215	0.5005557886393474	0.4500348170107491	0.40100772968067677	0.35658825003270256
0.6657904862825395	0.6197626525811076	0.5749776068399128	0.5311295115719726	0.49017126540584893
0.6113089834562494	0.5625921215157164	0.5169380456240852	0.47320559217319363	0.43540002498034797
0.6518303808463527	0.6048186281489528	0.5590057016960427	0.5139431914232153	0.47119519999199516
0.6320395793796776	0.5809172084145096	0.5316003532420521	0.48392119605102457	0.4412932130423879
0.6571661631463835	0.6114443565258859	0.5682947382409931	0.5273801274702493	0.4933589808063989
0.6166627958291148	0.5691311091936557	0.5247097597288456	0.48211480511229915	0.4451530249937423
0.6068665972057081	0.5622841655133367	0.5220870875661701	0.4841648600219831	0.45325898454919566
0.589535694260515	0.5358131410304757	0.4828993523869535	0.4309407483212049	0.38192823305410994
0.5942574659746866	0.5475956551562129	0.5043388755076834	0.4629700241284018	0.4274241356152681
0.633554863417924	0.5803914489973904	0.5279709625907223	0.4767545106355181	0.42925167853263435
0.5977146366513204	0.5537421034498223	0.5133906124957045	0.47457418438309	0.4404923714933501
0.5963442482398832	0.5502713199058221	0.5098189540003096	0.4722947440089537	0.4438018851722767
0.6387500737779911	0.5890854817182367	0.5407247864192782	0.4932977089819362	0.44875020182696
0.6548278089378616	0.6094104280037731	0.566938316280771	0.5264234163623597	0.491945171461492
0.6187106226655988	0.5712891511919879	0.5262715893431885	0.482962592936082	0.44492334818395984
0.6005115579500782	0.5504771091204829	0.502344734532189	0.4554286826564037	0.4122641514837918
0.6383852197944118	0.5937509161778294	0.5507425190449985	0.5084225472697136	0.46822589519804264
0.5832648616229708	0.5302441177480124	0.4800742019500868	0.43190446290901224	0.3899038962727315
0.6080231040789141	0.5646389018066205	0.5259290468417708	0.4893555923687443	0.45937146702105663
0.6636627662499993	0.6221160825962763	0.5832196822533143	0.5459363889596053	0.5136284237013524
0.6284601466997236	0.5795984368841114	0.5317200027014551	0.4844683951553492	0.43915011753898625
0.6307993966454792	0.5874094707029649	0.5478478584517414	0.5101364755375448	0.4781317801595518
0.608477550501515	0.5630578032627119	0.5212562622801394	0.481186973074331	0.44646049160927087
0.6644872758966213	0.6204918408822587	0.5776642882462898	0.5354388974487807	0.4950707626084372
0.6310105470431275	0.5862687964681965	0.5445439223609974	0.5044898828007789	0.4695892209832543
0.6720366660130376	0.62565364879171	0.5801146034907435	0.5358516002466825	0.49552431089283394
0.6852676457204133	0.6446521483607132	0.6064406519570832	0.5699670789347804	0.5388538066604018
0.6248924555718833	0.5716128022781034	0.5180297701736124	0.46544189769532557	0.4159234096018515
0.603930257742049	0.554536306294086	0.5075439205297223	0.46207640350533447	0.42131205989768106
0.6839854202404267	0.6358111397155579	0.5869728384323257	0.5385922001494362	0.49162313808986724
0.6102811921547737	0.5528871036229781	0.4958784197995959	0.44008490224016034	0.388039338533852
0.6086082766903878	0.5620150868193886	0.5189596130533467	0.4779820951248441	0.44341364467871264
0.6489259364106034	0.6027825879452383	0.5580840690834716	0.5144371317816097	0.47403360180289267
0.6982058027970908	0.657307210394726	0.6205913545087383	0.5861852479053661	0.5589031324630243
0.6637144400766287	0.6211363675920292	0.5812397219130563	0.5427795662925087	0.508749996517859
0.6023089157894875	0.5596144589939843	0.5214047262284134	0.48531676028426646	0.45577298863659965
0.6477598902621204	0.5995168620948726	0.5526233257842141	0.5068341924547246	0.464451384277181
0.5885915515209822	0.54011477958065	0.49684577833115257	0.45636161470389197	0.42446676367217556
0.5837996404437579	0.5289889266628461	0.47640253952166234	0.42580840371940115	0.38135899584750804
0.5772059670186428	0.5272054111753727	0.48048531333285854	0.4358545528034981	0.3976679637967116
0.6179997223157963	0.5714116823924534	0.5267170182812664	0.48335800635146936	0.4441185646304603
0.641842736981986	0.5962550558980246	0.5541460210041478	0.5140222190905247	0.480021498288068
0.5629864141942347	0.5037853725497891	0.445342339445603	0.38788693087032655	0.33347766607668217
0.5857735178541699	0.5337207962838422	0.48476616745853673	0.43800677717385617	0.39801819100954955
0.6219681681754596	0.5732602634114323	0.5275968297203046	0.4838528105811501	0.44602886787865764
0.6399904758142702	0.5942209581952422	0.5508353300250192	0.5089111008200683	0.4714942843415533
0.6542634618344358	0.606789156576636	0.5615518986265163	0.5178642934026462	0.4789563031818233
0.6132542924188505	0.5618861486507458	0.5130417197007607	0.4659694682815274	0.42436316814968006
0.5992002738983322	0.5477251011727262	0.4975582603688706	0.44839708079025953	0.40233767582136737
0.7400559027910601	0.6991647369768599	0.6580330897588831	0.6174531299648417	0.5785747472040085
0.6758912789922606	0.6344296341224778	0.5950431465612991	0.5564554943906996	0.5203317010918987
0.6455282176539916	0.5998968257216478	0.5577957545280301	0.5176916657510665	0.48374689703193496
0.6018868431854063	0.5541100989046661	0.508918953659641	0.46530258852227285	0.4265433391125516
0.5667679996435476	0.5128151445184262	0.4599611687753248	0.40796653089053453	0.3586223604625477
0.6725699433717034	0.6317151908385311	0.5953701981765616	0.56144381962696	0.5349772055150557
0.6091954713283524	0.5639824773808404	0.5224697571813223	0.4828552557137731	0.44909545612665247
0.6102355957139047	0.5649061936681675	0.5236236774211736	0.4841461765498644	0.45023590917817646
0.6473293556896138	0.6013192404355023	0.5583641010527465	0.5172283042067799	0.481703930318502
0.6483505091105283	0.60345242573359	0.5616347544412936	0.521536107274259	0.486739469622341
0.5917884554388491	0.5446628559935853	0.50022841878074	0.4571780185658671	0.41839642250835624
0.6470462628017526	0.6005755300950651	0.5574667824200212	0.5166316611849087	0.4828091169353006
0.6735793161710972	0.6291595983873731	0.5862033303768219	0.5443114813177832	0.5057026341236134
0.6460040455809359	0.5982038738461594	0.5520231108315243	0.5071538266022824	0.46632955424742006
0.6204946503217781	0.5674708430947777	0.515975301505564	0.4661152595684498	0.4212996114766407
0.5944345769135135	0.5488617957135103	0.5076149949735528	0.4685264862702465	0.4360948270820589
0.6054695309803634	0.5527218503244321	0.5020991480223178	0.4529880071149047	0.4085389955980077
0.6225654974395901	0.5754991861363324	0.5303220353939464	0.48629159831670477	0.44579798581008034
0.6477520113089379	0.6072294630762156	0.5698960060623376	0.5339968202418058	0.5025213765913975
0.5927572660370641	0.5412281279368698	0.4908222555602383	0.4417302211771303	0.39669047520616035
0.6250740080927197	0.5742022293743286	0.5246022952921899	0.4762042858317776	0.4315133888470996
0.6325975144475751	0.5831185757411513	0.5347455110940805	0.4872972946606781	0.44270160016507126
0.6298795159453328	0.5823485239779215	0.5377263069472595	0.49498607978841425	0.45805049961566424
0.6623061836495175	0.6197680242809056	0.5802753739763561	0.5427683162924016	0.5113854489632147
0.5931519123305271	0.5434449007106521	0.49676092707913544	0.4517038952704823	0.4116648622779016
0.6593742063648482	0.6195760072129936	0.5816259294447308	0.5446927898761497	0.5108962066430861
0.5963281261058346	0.551314142643932	0.5102767223508332	0.4712735206366674	0.43854448698264314
0.631298575944302	0.5822372633904542	0.5342146209701757	0.48695516578735504	0.44204961939229026
0.6226720396640858	0.5772648547269794	0.5359356675760233	0.49620486955308357	0.46140400488073713
0.6464969207056828	0.5995210961257555	0.5547086341096452	0.5115217996155941	0.4733489102217497
0.5683106368773996	0.5165222159502185	0.4692517814725144	0.42468372244542657	0.38845063681518066
0.6375342875026782	0.5856374854001395	0.5344090092173965	0.48439661801284345	0.4381350142642666
0.6270316149153484	0.5802658843574822	0.5352782126677267	0.4916952913921674	0.45244506094565523
0.6427781102406981	0.5981717362556503	0.555885025514045	0.5148113374840927	0.4774789919197431
0.6050141719773721	0.556691479604424	0.5126202502969163	0.4710594381464939	0.437241539814546
0.5630351672344792	0.5087556519823226	0.4565920089972565	0.4060043162744836	0.360277348403235
0.6368973731038178	0.5880101548891586	0.5423365025202698	0.4987452916528439	0.461576983462104
0.6404210768096135	0.5929871557322843	0.5482179761844506	0.5049827501870917	0.46647871801118485
0.6755996737310499	0.6352732734155843	0.5977460820268552	0.5619780356560665	0.531635744215954
0.6409413279656109	0.598525722933591	0.558140466152454	0.518998919922598	0.483693367079942
0.5944507482484467	0.5467889373791638	0.502610326224923	0.4602477474660287	0.42348638215050144
0.6101571020184684	0.5591094196006443	0.5109245649989835	0.4647304484315162	0.42467639228803633
0.676160380204833	0.6290985429791707	0.5835543757698883	0.5391692897351477	0.49835917354864934
0.6523581905903194	0.6054502913946378	0.5602041359933255	0.5161265652475482	0.4756532760658366
0.615290012551741	0.5662130630558401	0.5197583113549642	0.47523218610045287	0.43665454965390055
0.6431580429028169	0.5947071738736897	0.548086209400147	0.5030308963340515	0.4628045432212542
0.6083902857279334	0.5583084768223965	0.510855958185122	0.46487813322781724	0.423448726066506
0.7397403725428422	0.6958401363324473	0.6527901227041892	0.610725106629696	0.5716981319216288
0.5760437463603251	0.5245603450573366	0.4768088177123501	0.4309331326525716	0.3908431334938077
0.5881501285949	0.5374248602080768	0.48924230221728043	0.4424013585478894	0.39969837419691423
0.6481063177526503	0.603825205619367	0.562991791543331	0.5240675929898049	0.491032013867501
0.6345320550245259	0.5896015271155097	0.546951979550664	0.5056038024232632	0.4682694598550335
0.6188503889286727	0.5733278527221547	0.5299694219004243	0.48742011132503205	0.4473663813420906
0.6373401205892892	0.5930137641136141	0.5519723633324127	0.5128608413066673	0.4797016706028619
0.6164395746198345	0.5684180225640608	0.5231334193462414	0.47945488151617666	0.44072995302913365
0.6074506177726697	0.5566382590951672	0.5085405953629536	0.46225398715199967	0.4215532421439032
0.6438462970089799	0.6031743756954223	0.5657000413263881	0.5297905618470157	0.49870758561029016
0.6315049028182704	0.5870863079623744	0.5462101342080683	0.507188967664506	0.4738892251181066
0.6616964949741747	0.6113786836219839	0.5614992523533212	0.5126117386677018	0.4667836098890317
0.7009727943492837	0.6591094417693414	0.6190871798731752	0.5802504083476866	0.5450700609136605
0.6414519948981157	0.5985455171366947	0.557415326094291	0.5171490746424767	0.4795474838329869
0.6356027262046331	0.5829150940750222	0.53143989213372	0.48157637676495607	0.4366838082359771
0.620369169342848	0.5685646187663361	0.517261449353624	0.46695061891075085	0.4197004730638586
0.5869687830267009	0.5351799337018124	0.4864264669921092	0.4396158095277202	0.3987973850711981
0.6461614283651271	0.5967581789103232	0.5484028788414953	0.5010815203896565	0.4569491621448496
0.6353382452119584	0.5902940989586423	0.548725220585017	0.5092702176836046	0.4763350696828546
0.5826992143630504	0.5312527790150691	0.48172780788371666	0.4331259097178598	0.38737105806768757
0.6078478049074495	0.5585719792700761	0.5120188546582157	0.4670763387055892	0.427101444970066
0.5895336998334657	0.5389873946876065	0.49235227374102675	0.44835698164666954	0.41250374962411807
0.6250799487749137	0.5752255564519174	0.5276695449667909	0.4820809046403516	0.442560253965621
0.6133734315610301	0.5683540725597834	0.5266910795978574	0.4868534564182389	0.45264584611172487
0.6680420989556499	0.6218151031902509	0.5781230184373901	0.5359767028176217	0.498598023981649
0.6773138754859062	0.6345852297940364	0.5926501807019633	0.5515832598172545	0.5131939185826195
0.5745478828168091	0.5232798794221698	0.4763752678143933	0.43191755684059	0.395006854808209
0.6032132995160936	0.5562873363363655	0.5124624567055267	0.4704827624160576	0.43419419839830925
0.7103102989593003	0.6732837713959047	0.6391365470081303	0.6064801527672208	0.5784219462468569
0.5673974074126019	0.5172001775060755	0.47061255787740125	0.4257719546965648	0.3863196981324992
0.6621267293562358	0.6171106989971021	0.5728643315975066	0.5294007081937611	0.48835131275395766
0.6633619423632456	0.6244082550196806	0.5888741041082018	0.5549642360554686	0.5260641657395757
0.6468881478789871	0.5991033504966691	0.5529559703042637	0.507954482529432	0.466487286340154
0.6177590512725136	0.5684712336041268	0.5212635871176549	0.4753130845109636	0.43324000788946765
0.6020024971508655	0.5504628425248842	0.501920888727436	0.4552983259875016	0.414595767219948
0.5582461836370729	0.5050520710651607	0.4564300430325362	0.410157684983598	0.3711324460575469
0.5931733536202017	0.5449128701253333	0.5000551929570187	0.45734239662374815	0.4212450854538768
0.610339658789812	0.5651121266150697	0.5237592763132513	0.4844868457258927	0.4516310819900379
0.6075304232846858	0.5607532914529326	0.5188065951950667	0.47950844034705825	0.4483792178309953
0.5816430371140231	0.5335576451094654	0.488626338740767	0.4451941553858934	0.40638573755404256
0.7024836533262034	0.6606192205910035	0.6199849654845269	0.5798762641482225	0.5413885354609986
0.6177802190195387	0.5681648225655466	0.5200842969053826	0.473098934257002	0.42949139779718326
0.5703469611461648	0.5190939485657108	0.4693809466082484	0.4208172140325595	0.37579818865908465
0.6823534034967992	0.6405012646766987	0.6021475188640513	0.5660165371026474	0.5367412567687959
0.6338699783407505	0.5880460932019144	0.5445204142281274	0.5025286862409032	0.46526814416722234
0.619162440659411	0.5633822346129649	0.5084018776743748	0.45468907065276143	0.40488578509855205
0.568208853451536	0.5209700756618999	0.4779723307315782	0.43714974156608893	0.4030360149421575
0.6351911562772867	0.5844774982942419	0.5361317898047089	0.4893364411455921	0.4473228884205316
0.591973504858364	0.5413771805333255	0.4937543750918991	0.4477865623018307	0.40692326588009
0.6507473830034192	0.6046811629568266	0.5612876517439925	0.5193366658136409	0.4818348802529196
0.6418359531300581	0.5966969790866445	0.5549025820084675	0.5146474138592146	0.47913971045299203
0.5732671031378387	0.5208924166042764	0.47108455838704894	0.42263163263626763	0.3783577435399862
0.6861635401852367	0.6424069133371682	0.5998537850109983	0.5583592974210598	0.5201299898679254
0.6390764410650274	0.5903935331513344	0.5448621698209646	0.5013448369300239	0.4640394055456784
0.6354017793354443	0.5849449611170736	0.535764535833066	0.4878260146240419	0.44371791506277797
0.624401968568263	0.5750982945339816	0.5293820158776766	0.4858898912742377	0.4492577552992804
0.5989119165059039	0.5473173706604048	0.4990936250831905	0.4530378615563906	0.41366883458609444
0.6255851363971797	0.5801418345964588	0.5378633285737789	0.49733329962696443	0.4621961223318337
0.6014119665828119	0.5566682400120829	0.5149077868856762	0.4745548805842278	0.43854329011961535
0.6008950328752503	0.550406672203481	0.5020383894643685	0.4549811522583051	0.41196759064051747
0.6057933794798877	0.5554067679058499	0.5078244050588896	0.46203054394189436	0.4217529830621822
0.5671781785301943	0.5119875224570063	0.45990373768107573	0.410047052219006	0.367059439494006
0.6069805009715965	0.5582750712114773	0.5122737874398485	0.46775346351341707	0.4278008842017079
0.5741500489604312	0.5204580896442828	0.4707041559662702	0.42333738595082554	0.38333337732254236
0.6385181251561897	0.5906529651403137	0.5447769327289642	0.5001185513880338	0.45921578782266614
0.6437193140091416	0.5949071680028454	0.5481303303393397	0.5030433964266792	0.46316865566183074
0.6296808340234309	0.5846628732770364	0.5441982655540087	0.5060108646049226	0.474847083514276
0.5704038653956401	0.5180180106208527	0.4693222864808533	0.4232515423541068	0.3852770598229556
0.6214436939364276	0.5718877369932298	0.5260983350976155	0.48240969549664375	0.4452004656442108
0.6034278976903386	0.5561920869930339	0.5106680504434378	0.4661861732081972	0.42491864213586417
0.6145269700298014	0.5667596495748354	0.5209534985251553	0.47617652308088104	0.43457384796922
0.65693638848185	0.6081753670333014	0.5608458702645501	0.5147206680407472	0.4723098878791408
0.6049701451552582	0.5588755415497636	0.5163415575612242	0.4757953121894896	0.4413798760978509
0.6276287998985599	0.5849532319726635	0.5452726266922673	0.5070161560217812	0.4731521631191107
0.6419153066982974	0.5965205563207472	0.5524413438604194	0.5091521284685222	0.46829951179108203
0.6720903676085878	0.6185609798854068	0.5647049433126088	0.5120316323300623	0.46300621798906544
0.5810851979524196	0.5336036461887194	0.4899473778187675	0.448174732017047	0.4122117689492033
0.6503505780233155	0.6076887342089513	0.5681155074970595	0.5299364143530545	0.4960572663544693
0.6728771535750905	0.6255809809909647	0.5799867168194494	0.5359815402215121	0.49687760806316794
0.6415010537959	0.5934478607454705	0.5472569416420067	0.5023162655879222	0.461231731193867
0.5846993834962159	0.538980503813042	0.49816544337434804	0.459660587284191	0.4282811259210811
0.6535586012978123	0.6104526784378406	0.5707856309569532	0.5333782512012141	0.5029403953769169
0.643734996857268	0.6003568547775552	0.5598418992337406	0.5212268731688251	0.48847182546438783
0.6638211215708154	0.6206734897216593	0.5797497747834772	0.5403503869083569	0.5056525017484894
0.5787433273982121	0.5287100050707909	0.48378196639713594	0.44164501817264407	0.4081166682229209
0.6222793592192115	0.5723992685439042	0.5241889218016661	0.4774089215765352	0.4350405585891665
0.5830903446959735	0.5380681157416125	0.49869590560337157	0.46221119480211936	0.43463243752102326
0.5915984363766826	0.5426691804353191	0.49657897151119107	0.45215567421890795	0.41287365516875246
0.667968511473619	0.6272433513974353	0.5896383481976806	0.5532874962077277	0.5208048398702074
0.6278819520848773	0.5821322851414332	0.5391545373715946	0.49768706761268816	0.46087776888626486
0.6508994621961146	0.6093479192373172	0.57014071026288	0.5320159543996059	0.4972298234053576
0.6025077196672456	0.5525438580013606	0.5043949194692713	0.4572901049085035	0.41340569612887346
0.5826054398300351	0.5307404971548596	0.48152505922155103	0.43425307650384815	0.39297531916897743
0.5845767370888921	0.5308565877030265	0.48040778473679213	0.4320246990905345	0.39001293350029403
0.6240867688604812	0.5756202960395805	0.5281750790951802	0.4816255661818297	0.4378386854070082
0.6328316424057221	0.5887313503764149	0.5480349894165205	0.5090115120734302	0.47514773244698955
0.6308742477560378	0.5864273440078315	0.5462377616685696	0.5080039865121949	0.47580253407951767
0.6165815865204379	0.567422782928722	0.5202211617805336	0.47422465730785823	0.43194511060587354
0.6200267715763876	0.5735198647498134	0.5291041716549331	0.486068278400801	0.44728812058231365
0.6165750808183708	0.5694566173006903	0.5234447476002692	0.47835825727289577	0.4361259271454235
0.5986711319515271	0.5524391916437175	0.5085379045520623	0.4660530299809695	0.42793681583237575
0.628937804874664	0.5809205745788912	0.535384438430311	0.49122022737867155	0.4512874635831316
0.6653444257133765	0.625169625925648	0.5881479616287838	0.5528516623134798	0.5228769297027087
0.6467879135596368	0.5975599402632348	0.5508523382080417	0.506146181227816	0.46761310854321947
0.6894221856309874	0.6515366957624205	0.6187070460042173	0.5884740249262125	0.566249821041241
0.590245107205906	0.5406823460425644	0.4951736607623072	0.45221300287408844	0.4171112605640962
0.6132162147495569	0.5718148071613366	0.5348034093752831	0.5003746563830163	0.47391158989252474
0.6286603631451767	0.5810115787199932	0.5369941242700524	0.4950761526726994	0.4596336446233344
0.5901667442818983	0.5401199029032434	0.49359445241343747	0.4492199202832076	0.41147949493549635
0.6255155736863853	0.5770722366970228	0.5314018964629077	0.4875515538780602	0.44931465482323796
0.5984245808709014	0.5570529219142241	0.5197901371793021	0.48421115521619723	0.4538255490682199
0.6164101322459742	0.5608416347700467	0.5054547449614692	0.45101133869528126	0.3994779315649946
0.6102450259957648	0.5656452973073323	0.5250134049877921	0.48599681109771814	0.4519623041469293
0.5685659297413205	0.5153164629211748	0.465325642990002	0.41702742495109696	0.3739497219743306
0.6378024290621259	0.5893634478976473	0.5426176234310581	0.4975532418337158	0.45767495737187136
0.6710666289292643	0.6319121233007087	0.5953488005601326	0.559968662884423	0.528237839014075
0.6810320700500888	0.6403881046895458	0.6022174264558453	0.5652341756383925	0.5319133233684282
0.6090012066497004	0.5599247237688587	0.5137221811808218	0.46923473006906785	0.43003715894964006
0.6764930569511401	0.6305436256640835	0.5866561888107091	0.544276681082888	0.5065480996883948
0.613416745189686	0.5673303367436163	0.524512732766867	0.48355478248757783	0.4483325874276951
0.6034748811820316	0.5502999026272567	0.5006493175686695	0.45338318820523277	0.41347146800818185
0.6498912265173071	0.6031309515990185	0.559962131801328	0.5185007248558623	0.48230551461799104
0.6544638727238324	0.6093127513487251	0.5653542504597427	0.522561648994006	0.48336504699382465
0.5563019970329299	0.504847064884173	0.4565283859131656	0.41005311825046953	0.36926350918517814
0.6036569969925328	0.5562336391728676	0.5122356991317938	0.47012007899149455	0.4338101237500992
0.5948246507821122	0.5503365736164342	0.5093861039901906	0.4702182316923585	0.4365484486057064
0.6060009560132673	0.555830507787778	0.5065618064785687	0.45856656844088795	0.4144990905105686
0.5863356439368689	0.5371293003413001	0.4911030736894217	0.446927848025165	0.40846168990954823
0.6456536272303383	0.6013266341772591	0.560472973766805	0.5215258302761354	0.48845898287955863
0.6252829789408034	0.5789828901280245	0.5360446310293531	0.49515229619662854	0.46057023343388287
0.6030586605754977	0.5547631575222635	0.5095999665559826	0.4662710054830112	0.4285993846441436
0.589825358493288	0.5440783675735719	0.5015756244227589	0.46069092798527056	0.42479679505639184
0.5787036791994867	0.5267220629477644	0.4776717177121596	0.43019865989001377	0.3875904511129386
0.6115325515023626	0.5587960099350124	0.5067201765311385	0.4556594568158791	0.4077296660718108
0.6282422168698063	0.5785662626629251	0.531565473401374	0.4864343578377578	0.4470699023174411
0.6026102646370026	0.549587038833906	0.49837287618789633	0.4485841259269931	0.4031917944933412
0.6660412983388934	0.6212836947669609	0.5777559043938828	0.5351783302724109	0.49553152107354725
0.6107401199983201	0.5574459017287786	0.5059085850388879	0.45577197773996875	0.4099555974871438
0.5764799235984777	0.5247212842697375	0.4747144075473244	0.4259214041641622	0.3808723668488846
0.5956593007476911	0.5473513597516518	0.5015014605471121	0.45687938296944663	0.41604429235309714
0.6399509953092535	0.5920804949277073	0.5456570190799174	0.5005899762996682	0.4597065984983062
0.6239924375671149	0.5717817491036875	0.5210793465809023	0.471986102576022	0.4278560080976001
0.6309532380212212	0.5869151890053115	0.5479345309858336	0.5117178606566308	0.48402619519393797
0.6184500090389836	0.5726029828880835	0.5308390640439639	0.4914518775238445	0.459395278871313
0.6416143426183781	0.5951321105442566	0.5525843342984272	0.5122145685845938	0.4785624704095504
0.579142834083483	0.5303079096132046	0.48385326511331944	0.43885673587093793	0.39835749137041193
0.557648483076274	0.5064251808741852	0.4579964336139904	0.41090121538905755	0.367919018924402
0.6168166050342778	0.5668785855453473	0.5180829310903208	0.47003671301710687	0.4243019917803551
0.627327822888445	0.5769182114851016	0.5274934944762163	0.4793095619972207	0.4349525981378092
0.6880565182144297	0.6475382139794835	0.6094979211479784	0.5733011266384027	0.5427902591035192
0.6525638887219524	0.6116035478754003	0.5741629177225708	0.5387282445143488	0.5094805716227183
0.6212419945849251	0.5723314974431363	0.5260251507483854	0.4810594229308799	0.4402285841698138
0.6781717246268401	0.6357815730963003	0.5973982906147809	0.5607332627436151	0.5293678709622579
0.6486299882704759	0.6013824865447305	0.5538801550919036	0.5065270656609534	0.4596342854300992
0.6355769653917969	0.5910987475176828	0.5502156254008278	0.5114352752357794	0.4791405332322227
0.6009186436941929	0.5510443044355952	0.5042039805302932	0.4593404074699956	0.4205737539556245
0.649576908491449	0.6042535914215487	0.5617477178699614	0.5206259174293512	0.4837730325299349
0.6551066614303331	0.61209105813591	0.5713136919243086	0.5321051411398752	0.49773530913784453
0.6346442508438875	0.5869619417994353	0.5412457250892113	0.4970644960404018	0.45761765033549545
0.6413297182774892	0.5964989124286325	0.5535932640939136	0.5119127221797128	0.4740107926788937
0.5637050844986631	0.5094394995031682	0.4587745285998802	0.41044623559473625	0.36932499004614694
0.6438755340235289	0.5998344725277315	0.5577625423727784	0.5170279284482726	0.48041801718171934
0.6434691042406003	0.5993193038383867	0.5590411102939992	0.5205540482245599	0.4875913973506615
0.6453119740817437	0.6014633458264376	0.5599183509663008	0.5197517053680656	0.48383632116538733
0.6531601176223243	0.6113118926673551	0.571842783301155	0.5332946046719321	0.497586865253807
0.6155303795602397	0.5729559672024315	0.5339524074474549	0.49663707111507216	0.4645287452711974
0.600395994937711	0.5473236673644007	0.4969087277573449	0.44831852184165305	0.40535636689510807
0.6665595456959017	0.6178546329840414	0.5704339489493117	0.52436149557108	0.48244740836367667
0.6302286924518132	0.5795787232256135	0.5312126937316659	0.4844089852741082	0.44242396486105107
0.5945090351922354	0.5455782157125263	0.4995329857302047	0.4551362586305771	0.4158240314174246
0.6299583660422909	0.5875087682391764	0.5480315240913511	0.5097682101703971	0.47524903777658967
0.5969731304487241	0.5469321689407626	0.4992615330266347	0.4532249488498495	0.4122282926951712
0.660410181539673	0.6195626672459424	0.582603563624824	0.5476728157664006	0.51899815320417
0.622067824019441	0.570544314399881	0.5219117668979547	0.4756511085606614	0.43670610026857726
0.5557812865968137	0.4993501302680741	0.4455768367242382	0.3938690919302057	0.3485321472689103
0.6456276263445556	0.596704072457073	0.5497552293054937	0.5043473748950188	0.4636924130402429
0.6031583297409353	0.552808597333806	0.5043687889734858	0.4572846231910767	0.4143816842696281
0.6447199661155382	0.5995709888840018	0.5563758120833585	0.5144061849342557	0.47621653726201263
0.5470305444050543	0.49209414675292873	0.4383631101108989	0.38544225376746105	0.3350202475500743
0.5921869864640837	0.5489409929123767	0.5094736529490216	0.47178321982255544	0.4395733246467867
0.6479693414120394	0.6075328137985929	0.5708573091081381	0.5358159732769079	0.5058149267083987
0.6138718049092955	0.5604562654907702	0.5096741694034366	0.461066670249381	0.4191663100251114
0.6331677854847728	0.5820881917124506	0.531791771985737	0.48218983561063605	0.4347299036927322
0.6253666860136585	0.5805243684142362	0.5379254040016606	0.49682813771362994	0.46036257939767855
0.6140535390541588	0.5629475641911961	0.5146722805110625	0.467873657412649	0.42562951865207743
0.5813057688027045	0.5317181604515475	0.48611998873470824	0.4427130873025228	0.40606475064478936
0.5923315472653602	0.5428345091290394	0.496521830326153	0.45180752769931387	0.4120231184751332
0.6460139336487669	0.5967864336394427	0.5501197787344659	0.505349283265589	0.46642713816285347
0.6505357691274684	0.60597631535838	0.5634164905297813	0.5221464228580728	0.4848543707461985
0.6057374704916653	0.5591995386697016	0.5152330468429778	0.4727397923157984	0.43479046365063745
0.6423919863963019	0.5905280880069778	0.5375666198332603	0.48459911275488077	0.43161297980062874
0.6295894792248281	0.5849196294056327	0.5442517449998833	0.5055282672961905	0.47280194965794553
0.6030682370810568	0.5569673507613445	0.5146156860075427	0.4743305205451966	0.44041908698414756
0.6325370147402831	0.5879704298491882	0.5452887193521143	0.5037429173820175	0.46570061354776976
0.6271475513558198	0.5790497841589627	0.5330751048764572	0.4884687429126091	0.44808270068517986
0.6452804463796444	0.5968777854547235	0.5507766901051184	0.5065027776027005	0.467864470034081
0.6111237538686278	0.5597260891829796	0.5094814070399304	0.46019553393630463	0.4138669286077483
0.6454740170481434	0.6003094836011107	0.5568294357801423	0.5142903938848986	0.47465370937874274
0.5956129467933157	0.5464213106435907	0.5004899513338654	0.45618320990844374	0.4168872995437525
0.5774081384238642	0.5293644195167636	0.484216951864363	0.44058621420444305	0.4016335475115444
0.5621120306758365	0.5088530375902005	0.4583266548320781	0.40955504981024476	0.36619572965282754
0.5975367051856877	0.5459063963359345	0.4965672913191964	0.449071638653743	0.4072617711750957
0.6880208815558787	0.6467483572739857	0.608694814703184	0.5726407503003511	0.5427537036351112
0.6385779175405001	0.595886833918437	0.5562384799868811	0.5180727778884203	0.48448003902599224
0.5706424621663821	0.5196168037482848	0.47208902093823046	0.4265910624605542	0.3873537188085402
0.6948565562751048	0.6493055989780298	0.606443941990626	0.565560671568911	0.5307793657687018
0.6102323136239981	0.5632289115322474	0.5190073952056035	0.476555020204855	0.43955923188351453
0.6273279609616088	0.5832628268616934	0.5433879530135584	0.505927210257133	0.4759124048967496
0.5833668693045873	0.5344468033481601	0.48862937562539044	0.444582229150525	0.40599518523203965
0.647818917243767	0.5999028789400926	0.5540157321286115	0.5093932305807178	0.46867129163823107
0.6202158938884865	0.5715797399048573	0.5248763494306198	0.4798999516239933	0.44025014081614844
0.5948415446994182	0.5402176034159993	0.48837291991200693	0.4382863441186839	0.393622323875098
0.6113207971514152	0.5633058103489403	0.5183247251246793	0.47503642155400555	0.4369691874857553
0.618215947083231	0.5710670705688351	0.5272115789754238	0.4852132754204659	0.4489431222192681
0.6622942017579503	0.6149807335122552	0.5694029113278474	0.5249666266646233	0.4840512017207225
0.6008867709003255	0.5478875772065882	0.4973417979617306	0.4483192536504517	0.4039948435845915
0.6411500973354722	0.5934112034662322	0.5480990684707989	0.5043969892057683	0.4656608267519188
0.605307139485057	0.5562749158837197	0.5098344066001431	0.46482563075959243	0.4242327698712993
0.6650187238225564	0.6276155752974341	0.5936858660461596	0.5613139967497192	0.5337469944369239
0.6560573360563468	0.6081470859210024	0.5617381219305103	0.5165290380943082	0.47502076095508927
0.6353189461489739	0.5842996834086902	0.5348132402382006	0.4865721471466316	0.44217210425968534
0.6105753037165673	0.5615662476794001	0.5159482710526259	0.4721565955218998	0.433997805327929
0.5935562332554628	0.5405140585233319	0.4893624142978255	0.43987858350095366	0.3955388123703263
0.6195262691739964	0.5679651499981463	0.5187505502382335	0.4711357651375032	0.42845531017255123
0.60933819754515	0.5597572808630336	0.5118073592952836	0.4651715366498354	0.422588807202708
0.6281413163957025	0.5837441731596134	0.5430606290966498	0.5043288206549686	0.4716167769640918
0.6151956635152588	0.5652451205393576	0.5178648855028706	0.4724228706528036	0.4329589347137735
0.6497597349594882	0.6073675929789797	0.5663667265044203	0.5263915983766538	0.4895801689979599
0.6320889175015584	0.5826688577821483	0.5354151328525882	0.48997981842348515	0.45015305225972063
0.5598709346661789	0.5048347364201089	0.4512221878270524	0.3985571827984129	0.3488146992868939
0.6512129275497136	0.6076857047310543	0.5670773409693299	0.5281441341717623	0.49437763680703717
0.6590199617280087	0.6077558151590495	0.5568139437323774	0.5068338262186222	0.45982005939334825
0.6422554996231828	0.5981990348607359	0.557055754659257	0.5173075159901163	0.48186202291351554
0.6401561375952826	0.5906931969238267	0.542971929250159	0.4964915837642353	0.4538386314778903
0.6393154603748136	0.5978580177860274	0.5598796627314543	0.5235768088650008	0.49244172612604564
0.599802852636295	0.5504717277486235	0.5032298035925726	0.4572316184811167	0.41506951463917824
0.6670304377146064	0.6221031364366086	0.5779977786760792	0.534820559542383	0.4945060110126075
0.5780300065323993	0.5314138448963457	0.48758265650336086	0.44536151554345915	0.408106265803203
0.5524055370154302	0.49992282244205416	0.45137106368099694	0.40514685196851813	0.366101525308956
0.6034704114355276	0.5561326200630816	0.5107734206096628	0.4668330563919775	0.42726882501018015
0.6444704105768734	0.6030695692338205	0.5654680723740367	0.5296336105672034	0.49924923903345564
0.6116877803091534	0.5640213668431522	0.5197981310452968	0.47784028827863373	0.4428696280827984
0.628193108587031	0.5825426648748975	0.5385111671988769	0.49577047159039866	0.457011014373906
0.6006719278285988	0.5526811617576536	0.5073330763221884	0.4635598554578375	0.42464401083292563
0.5900255255655855	0.5444190871449418	0.5023288690288514	0.46187458602482506	0.42646603996120164
0.6379643121133732	0.5922228849983856	0.5495423301119227	0.5086595552542627	0.47332169781732175
0.6339510102089512	0.5883893102544688	0.5464500442288069	0.506786169747741	0.4741403163885295
0.6584576564876641	0.6127849401364884	0.5691979453361892	0.526929925336571	0.4887300372733474
0.5950775850776907	0.5442438121570424	0.4951813073715648	0.447291441573732	0.40301836217169407
0.5816548677738462	0.5314599048618427	0.483914830266134	0.43789683530817336	0.39658883286904845
0.6193107364739364	0.569531925449704	0.5215134034790287	0.47475486529819655	0.4318825122758325
0.6405968654506506	0.5888868310240917	0.5383865648582752	0.48933204305308736	0.4447366502640863
0.6309687730494435	0.5817146635512263	0.5343110149247918	0.48802962645740383	0.44520964027882626
0.592615390050372	0.5371805035466728	0.484263434493096	0.43350069412926673	0.3893825790757372
0.6267207620548945	0.5766797724790242	0.5289946557403585	0.4827800748675353	0.44110108778798124
0.6315222387211559	0.5864917277500215	0.5441171448120943	0.5033677094457062	0.4676307388616016
0.5963201500155674	0.551995509527223	0.5114083852978261	0.4726634122072618	0.43960021095622104
0.6069718831320422	0.5570958733843419	0.510574768705839	0.4662295180543397	0.42859528360392074
0.631706390188072	0.5843809153351415	0.5395842168373084	0.49635174333484644	0.4579438302834943
0.6492831506771891	0.6021019134793465	0.5558291046788649	0.5101356516291606	0.4662291134098644
0.5948437520708493	0.547352457241954	0.5038744263887068	0.46235320529418217	0.4268673991816551
0.6215920882707298	0.5671639451886762	0.5141282308867723	0.46247863950407864	0.41510428591402243
0.6145452136053658	0.5647095496314638	0.5184316680710496	0.4745056526476671	0.4378335299728372
0.6626115801910075	0.6184194444244446	0.5777094018622511	0.5386910092354553	0.5048901955372627
0.6644730603572451	0.6233235804938041	0.5855405707718964	0.5493912880713681	0.5182809318670792
0.6284649454739155	0.576138935255268	0.5235408419871731	0.4714250643029459	0.4207968991410657
0.6699443810740506	0.6262533512961811	0.5842953035313847	0.5432614103371404	0.5050778996677829
0.6099692927642025	0.5562822521851338	0.5035299501567425	0.4517923118407075	0.4031842146279649
