0.6286504135737833	0.5874361812123396	0.546221948850896	0.5085461936767592	0.4725815936880879
0.599420361064806	0.5525935480384471	0.505766735012088	0.4618147928618218	0.41925309570870206
0.658245436322427	0.6107254092205706	0.5632053821187142	0.5178625186145096	0.4735724991961995
0.6773288055108599	0.6424201495764801	0.6075114936421001	0.5759725155565736	0.5460630637952797
0.6133165331535192	0.5707810738949357	0.5282456146363522	0.48796244897922325	0.44876845916563074
0.617832562864554	0.5749938877518593	0.5321552126391647	0.49372226532490043	0.45741986275318175
0.602685920760329	0.5518335304769554	0.5009811401935818	0.45188068858433106	0.40362744858282984
0.6495760926615435	0.6062846404384501	0.5629931882153567	0.5215428077929455	0.4809827424387936
0.6464449523396568	0.6111338108232555	0.5758226693068542	0.5441865091461691	0.5143275155660347
0.6131694499036423	0.5654082669347021	0.517647083965762	0.4710484631251925	0.4250120401197605
0.6462619135106786	0.6050876012447788	0.5639132889788789	0.5251523818592593	0.4875585617412177
0.6392475655071982	0.5971794773483257	0.5551113891894531	0.5143805889606635	0.47429648137814273
0.597463370012647	0.5504300099343968	0.5033966498561467	0.4584642977774129	0.4145479620646948
0.6150359064095381	0.5702905459365994	0.5255451854636608	0.4835004619701456	0.44276172654064216
0.7391533137764574	0.704737094882248	0.6703208759880386	0.6363223078177008	0.6025257093546795
0.6644096835148248	0.6269784076272134	0.5895471317396018	0.5555983910965463	0.523333752943586
0.719136517509242	0.6852077512199207	0.6512789849305993	0.6192582451205327	0.5881601986701109
0.5707177841653064	0.528909072689143	0.4871003612129796	0.4504367414326902	0.4162612118304785
0.6086254334047597	0.5683614431246545	0.5280974528445492	0.49214542768161285	0.4582786050165922
0.6410427435248313	0.5986785365393791	0.556314329553927	0.5151278759359574	0.4745109664114742
0.5977181714221861	0.556266925063222	0.5148156787042578	0.47496500744442194	0.4358883506081988
0.586331829168581	0.5482473245557398	0.5101628199428986	0.4768830799207956	0.4459268529268042
0.6662980676002045	0.6262556643823493	0.5862132611644939	0.5490807657284259	0.5133554586184248
0.6790702026396376	0.6407777770317998	0.6024853514239621	0.565388425570678	0.5288696257009569
0.6155858739251691	0.5750709169347581	0.5345559599443472	0.49713561688400837	0.46121178330872503
0.6844850119373426	0.6476623503206471	0.6108396887039516	0.5745808326679616	0.5385946246644301
0.7119628811577082	0.6746188309398226	0.6372747807219369	0.6020960344892604	0.5679643972094667
0.6464731931994874	0.6066600394256135	0.5668468856517397	0.5288186827252621	0.4916536556048289
0.608575016869229	0.5649935719986464	0.5214121271280638	0.4811075723901681	0.4423876732105622
0.5972672241772953	0.5537141240334971	0.5101610238896988	0.46817877417202824	0.4269561644661407
0.5929640913213898	0.5466146358715906	0.5002651804217915	0.45682188342471575	0.4147839616336753
0.6876333771694689	0.6472382145819819	0.6068430519944951	0.5684697244239438	0.5310741263370802
0.670205177486657	0.6254581260457889	0.5807110746049209	0.5367141714387191	0.4930800288732266
0.604756573278345	0.561560870127341	0.5183651669763372	0.480046965931622	0.4440874527007592
0.6510055956376852	0.6145180022434789	0.5780304088492725	0.5440810028860332	0.5113590267900157
0.6358287501010359	0.5913007970885766	0.5467728440761173	0.5035697545910107	0.46100734949493904
0.6530615537299793	0.6152857776303015	0.5775100015306236	0.5442679447944528	0.5132183276269585
0.6813167966548938	0.6412221099600656	0.6011274232652375	0.5643954482121977	0.529289630728779
0.6785600111542919	0.6437737993292947	0.6089875875042976	0.5766876582850206	0.5455900585278557
0.5879685238766467	0.5454743038917975	0.5029800839069485	0.46355698281585633	0.42561902935806956
0.6208883250415107	0.5779399037342599	0.534991482427009	0.4945883688175645	0.45541612833097933
0.6402306242454913	0.5954437335540737	0.550656842862656	0.5068480034920396	0.4635121352614502
0.6234284496987545	0.5806008273229505	0.5377732049471464	0.4979469719409153	0.4595721664023444
0.6308705843202415	0.5863933797248598	0.5419161751294783	0.4997745026557992	0.4587622589418161
0.5933021748711909	0.550544188703016	0.5077862025348412	0.469475052577928	0.4333143267834517
0.5992011143991868	0.555139007090679	0.5110768997821713	0.47022545226292783	0.4309266322883447
0.6517735728268539	0.6153572352383493	0.5789408976498447	0.5453793164423922	0.5131982531600521
0.6583935571751659	0.622373073227376	0.5863525892795861	0.5551455499771726	0.5262662212487974
0.6558831167573345	0.6189406388978094	0.5819981610382844	0.5474318629714511	0.514014650276271
0.6740765461606092	0.637332447708231	0.6005883492558528	0.5647399743507051	0.5293247580930358
0.6081565829891863	0.5668506407785833	0.5255446985679804	0.4895711891453397	0.4561763652795821
0.6377986994735803	0.598451900858529	0.5591051022434775	0.5222637566623031	0.48663401107850524
0.6568187419368509	0.6160442669096968	0.5752697918825427	0.5354127674557477	0.4959994085576848
0.6025766937746724	0.5627279668951689	0.5228792400156654	0.4884159287718361	0.4565569248057046
0.5997582350837064	0.5570040982214588	0.5142499613592112	0.4743173995073607	0.4357493095609785
0.6373565095987308	0.5953961105653711	0.5534357115320115	0.5143378206168833	0.4766241962522133
0.6525093142046196	0.6100104369945736	0.5675115597845277	0.5271755127445847	0.4878853783571605
0.6441213240532795	0.5976662166621252	0.5512111092709708	0.5058080324048748	0.46091370192682357
0.6805091275568474	0.6429517433461761	0.6053943591355048	0.5700228542506155	0.5357084082487201
0.6394516153502551	0.5932308562767596	0.5470100972032643	0.5031306502380841	0.46038342714856095
0.6422073015541442	0.6016355021713884	0.5610637027886325	0.521115568817226	0.4814690302062343
0.5973739678441878	0.5551434008982205	0.5129128339522531	0.47404971400112966	0.43681504156626505
0.6258673087440056	0.5815165144453839	0.5371657201467621	0.4939330433766669	0.451241071691166
0.7178960743458933	0.6792519265479312	0.6406077787499692	0.6017013148588293	0.5626679987882597
0.5968651573870944	0.5485468879976335	0.5002286186081726	0.4531505671963714	0.40667226683883523
0.6461514150705749	0.5993472275878561	0.5525430401051371	0.5070918678464374	0.4622949937205333
0.6058797337285221	0.5674194007171227	0.5289590677057232	0.49374072851332074	0.4600901695385
0.6387220570272598	0.5984797028158195	0.5582373486043791	0.5203295313150581	0.4835506615216471
0.6901024592512298	0.6529711347856486	0.6158398103200674	0.578245585226949	0.5404275082429645
0.6264139649790557	0.5825191155122769	0.5386242660454981	0.4967926707096914	0.4559588345279668
0.6766709155399917	0.637280492221321	0.5978900689026503	0.5588689829864147	0.5200265031704616
0.5787932884844472	0.5326812694776818	0.48656925047091637	0.44385776557187195	0.402790728627064
0.6742479533103904	0.6353692435436977	0.5964905337770049	0.560412412818826	0.5256886151495568
0.6470823231326276	0.6057292780294198	0.5643762329262119	0.5255926895321229	0.48805171912660483
0.6295538639060978	0.5814773525734004	0.533400841240703	0.48545537755805923	0.43757328657900024
0.626607841814372	0.583091944951253	0.5395760480881342	0.4993442963618002	0.4607007086063377
0.6309498164903055	0.5894644232312087	0.5479790299721121	0.5098716232399684	0.473397760785788
0.6608940992208004	0.6228036697949672	0.584713240369134	0.5490964466692947	0.5146758665877517
0.613939403563182	0.5701540532006989	0.5263687028382158	0.48369287423453977	0.4415535939284704
0.6442595171883474	0.5992185444924906	0.5541775717966338	0.5106138964125445	0.4677646201390594
0.6139187668657593	0.5677240058791482	0.5215292448925372	0.4774513151594909	0.4343970536838766
0.6443672855251096	0.6016784603218149	0.5589896351185203	0.5190877445408962	0.48053357429149024
0.6325372830539535	0.5874570155945507	0.5423767481351478	0.497580944958598	0.4529227044981312
0.6178600899914926	0.5773973582114389	0.5369346264313852	0.5002821529995144	0.46547226409916026
0.6264338891446468	0.5821681748385107	0.5379024605323746	0.49470953909787635	0.45203540441487067
0.6568687759675979	0.6116794199761897	0.5664900639847815	0.524463634638596	0.48396674979523635
0.6286030488989581	0.5881046616362872	0.5476062743736162	0.5092444432691269	0.4719158190939419
0.6429326778430783	0.6004411947259266	0.5579497116087748	0.5173671023399891	0.4777075962060059
0.6228763810170478	0.5805152988634008	0.5381542167097537	0.49934404790001113	0.46225104821696444
0.6176541207866486	0.5777555276343284	0.537856934482008	0.5013811641625155	0.4665606202947672
0.6578679004910369	0.6178269460213183	0.5777859915515997	0.5409690431475247	0.5057111763497939
0.6393574657176835	0.5965037187332675	0.5536499717488516	0.5125043012683083	0.47218463129930077
0.6031215553837097	0.5578733974925095	0.5126252396013093	0.46977303060106523	0.42807946701574057
0.7083372441800241	0.6758739765669705	0.6434107089539167	0.6138179069410237	0.5856132195990503
0.5679739047703458	0.5221393710461828	0.47630483732201967	0.43471597044335525	0.39518024519988215
0.6361035307472388	0.5855904030016041	0.5350772752559695	0.48378806880200076	0.4321235621734657
0.6725344318411	0.6288955552553525	0.5852566786696048	0.5433844500578379	0.5023665462534804
0.5865589154187798	0.5423263628195284	0.4980938102202771	0.4562965608301088	0.41567698802051917
0.6509364676456311	0.6122674648095633	0.5735984619734955	0.5368791466356623	0.5011026713095179
0.6445641240099097	0.604388441786657	0.5642127595634043	0.5270100504914744	0.49124502722472213
0.605380450198995	0.5646542847953592	0.5239281193917233	0.4865908281692153	0.4508923463330525
0.6423445246334476	0.6033223344705754	0.5643001443077031	0.5282230374608967	0.4935701293078085
0.6362260411075679	0.5859969214417071	0.5357678017758463	0.4871067865533516	0.4392040834260268
0.6553617927792734	0.6189228563784448	0.5824839199776162	0.5490653428516885	0.5171073667588142
0.610965912531799	0.5669427095196928	0.5229195065075868	0.4797684654549565	0.4370391890147635
0.6123435024877769	0.5716633162755818	0.5309831300633865	0.492947040196442	0.4561895961798301
0.5973574878756747	0.5502848175881419	0.5032121473006089	0.46085328482532995	0.4207739500265782
0.6419622047040675	0.5985354722738477	0.5551087398436281	0.5130260368723168	0.4715932866508156
0.6874949583312236	0.6460826802301008	0.604670402128978	0.5631743508323621	0.5216377880585532
0.6249272671878192	0.5796599314072406	0.534392595626662	0.49230692350547356	0.4517598568297866
0.6536906381357867	0.6109138801865724	0.5681371222373581	0.5264446643027171	0.4852765578035445
0.6851589568840912	0.6535800742136573	0.6220011915432233	0.5946097681752843	0.5692433381364232
0.5945454219765189	0.5453441346269717	0.49614284727742447	0.4493615427024381	0.4037505059726936
0.6076855456929566	0.5659044473229253	0.5241233489528939	0.48733181838744866	0.4529531689485728
0.6231084105440278	0.5796799483473402	0.5362514861506524	0.4938885039971443	0.4520407722195428
0.708470645508294	0.6710373664722971	0.6336040874363	0.5967290886369473	0.5601240658954602
0.6677578544860714	0.6287379806666497	0.5897181068472279	0.5524868145762457	0.5161204538645848
0.683685021413985	0.6445260889292552	0.6053671564445254	0.5680386117000692	0.5315952153704218
0.6125528592291036	0.5719014607868155	0.5312500623445274	0.4930641767772218	0.45607057673771123
0.6791062397559501	0.6345426142859643	0.5899789888159783	0.5450359292120335	0.4999093808779095
0.5617708308296442	0.5160413684115404	0.4703119059934366	0.4261513602953773	0.382749519497465
0.5935065240055812	0.5536087741689599	0.5137110243323385	0.4787683800686887	0.44622195150656585
0.641064484325189	0.6049848752212197	0.5689052661172502	0.5364399970729152	0.5057225693760572
0.6014201643181697	0.5562697956749431	0.5111194270317164	0.46956096372252226	0.4297394926596194
0.6534551500939956	0.6115583283787721	0.5696615066635486	0.5290156230666216	0.4889746746252748
0.6642354517406472	0.6251882587984177	0.5861410658561882	0.5502519894254431	0.5158901313880554
0.6058448658385925	0.5660265260543614	0.5262081862701303	0.49022459930165085	0.45609544202659724
0.6509484210968931	0.606458439569969	0.5619684580430448	0.5185798414510627	0.4757238286374168
0.5938676163229003	0.5560291723995029	0.5181907284761055	0.48593729242356143	0.45638468349895783
0.5779127727367676	0.5361653932349849	0.4944180137332022	0.4564907894694956	0.4204109357267482
0.6487789935964594	0.6026648990072634	0.5565508044180675	0.5121759228630047	0.46864209898457804
0.6138726913408098	0.5730983833616153	0.5323240753824208	0.49494004098017297	0.4591954926913722
0.6718844199890823	0.6352429537428734	0.5986014874966645	0.565599063723893	0.5343564270202283
0.6772623668654592	0.6401868359999974	0.6031113051345355	0.5683416015306666	0.5346869618558846
0.6068537513724327	0.559394618481059	0.5119354855896852	0.4659555823386812	0.42069101264378794
0.6307986598220792	0.5918218875160087	0.5528451152099383	0.5180683476545476	0.4853226402212585
0.6449356075975026	0.60472061886694	0.5645056301363772	0.5265369027828217	0.48965443417835874
0.667169433846014	0.6272526052930918	0.5873357767401696	0.549834744144085	0.5135019547101713
0.5815075814068331	0.5384252041025426	0.4953428267982521	0.45558110829885	0.41742521123967924
0.6161185348893462	0.574219122545584	0.5323197102018218	0.4943678945885861	0.4583250783154616
0.6464079925356564	0.6069391267424937	0.5674702609493312	0.5292785383652253	0.4917044233306607
0.6382704513209497	0.5949828811646724	0.5516953110083949	0.5125608783977877	0.47543484162274463
0.6299289149866105	0.5847674433309545	0.5396059716752986	0.4955361716332932	0.451994287822944
0.6661338818059734	0.6236418427771078	0.5811498037482422	0.5393469053412211	0.4978772651371395
0.618726564528276	0.5747294832638705	0.5307324019994649	0.4890365724358322	0.4484535941278087
0.6343926560732316	0.5893400892587439	0.5442875224442562	0.501694266615595	0.46029029717294334
0.6357541430383241	0.593027500636664	0.5503008582350037	0.5092200753871143	0.46893520585472825
0.6429555141242826	0.5979637812863126	0.5529720484483426	0.5098491606178249	0.46763001856721653
0.6156462446808466	0.5725508578218368	0.5294554709628271	0.48969383703421215	0.45154435667108284
0.6722774501412556	0.635108688637102	0.5979399271329484	0.5628020719183496	0.5286463329205893
0.5820539639824698	0.5280227902520238	0.4739916165215778	0.42157552664106446	0.36994046740127073
0.6118076246610701	0.5685396999319579	0.5252717752028455	0.4831691200009675	0.441629971892238
0.6403338410226097	0.5967062986397551	0.5530787562569006	0.5103117989499454	0.4679610078459099
0.6459821439091572	0.6045799212377397	0.5631776985663224	0.5235460171674331	0.4847705433174959
0.6213229535452509	0.5787319082009059	0.5361408628565609	0.4962063763698626	0.457556562420001
0.6599989665641997	0.6229770280135176	0.5859550894628356	0.5525305282882361	0.5208456055584574
0.5999992408298267	0.5547524726035588	0.5095057043772908	0.4679519467364868	0.4281840743448417
0.6180369481118227	0.5800760835074803	0.5421152189031379	0.5072308283976447	0.4738341752233628
0.638061678920837	0.5993959885459478	0.5607302981710585	0.5247186055881174	0.48999034704855443
0.6316897363542197	0.5836522798594127	0.5356148233646058	0.48790661534333785	0.4403576270098001
0.6668504987834919	0.6301361603648936	0.5934218219462953	0.5584666396387128	0.5243621591845167
0.6287757867182108	0.5898077409496195	0.5508396951810283	0.5149492862867158	0.4805471770245991
0.6485078662499589	0.6076802397526703	0.5668526132553817	0.5287398665775978	0.491939995590443
0.6119718756379977	0.5643926070753598	0.5168133385127218	0.47041375177898237	0.4245846417141218
0.6422313250994127	0.6039186755624336	0.5656060260254544	0.5301648621065237	0.4961123061240634
0.7168581756920079	0.6786670329702685	0.6404758902485291	0.603645144472037	0.56747226651945
0.6438873410641202	0.6067132545810162	0.5695391680979123	0.5353230268211443	0.5025373040578267
0.644004659594493	0.6012293119620734	0.5584539643296537	0.5170934574330622	0.47641714657153506
0.609343244387186	0.5659578274795087	0.5225724105718313	0.48358950779387083	0.44673559567584
0.657634504238046	0.6119229372727751	0.5662113703075041	0.5216845422956609	0.477730636503255
0.5780825550518647	0.5358621149707343	0.4936416748896039	0.45444521177875297	0.41671109916488525
0.6948874004523267	0.6452810446058838	0.5956746887594409	0.5431013454184567	0.48909321084730506
0.6239642679296713	0.5784666592834536	0.5329690506372359	0.48816392273130793	0.44369366826015366
0.6334600198700948	0.5992851386319331	0.5651102573937715	0.5353956543500932	0.5078379758129475
0.6771191295817299	0.642372699487209	0.6076262693926879	0.5766959000751241	0.547610921257735
0.6408135445752973	0.602934615617069	0.5650556866588405	0.5305336269452818	0.4976348995045864
0.6488733203143668	0.6072101622117233	0.5655470041090797	0.5263975094865077	0.4884635853115479
0.6271097844328405	0.5819553304741727	0.5368008765155049	0.49397873407552356	0.45228446295929636
0.6017797188955559	0.5577164998084913	0.5136532807214267	0.4717702108538556	0.43094142887470377
0.6568715741280187	0.6190135316903301	0.5811554892526417	0.5467454881753536	0.5140029088564179
0.6566158740741926	0.6175412387063359	0.5784666033384791	0.542010843527076	0.5068215331659024
0.5555883253892947	0.5118032131974747	0.4680181010056547	0.4293625981761027	0.3931876984972914
0.6690436705921374	0.6334878863552177	0.5979321021182981	0.5658877979593053	0.5355415935833374
0.6217800823575392	0.5782852167582203	0.5347903511589014	0.4922518166916855	0.4501757498027801
0.6406152138014862	0.6019941537969656	0.5633730937924449	0.5286841679785207	0.49589676404929905
0.6559585473515189	0.6207101414293733	0.5854617355072276	0.5550879090430563	0.5270713570432782
0.6581148006027859	0.6208039407793587	0.5834930809559316	0.5494795624238623	0.517060589327665
0.5959691891497189	0.554669120972255	0.5133690527947911	0.47626983151089886	0.4412020775969441
0.6305007894669723	0.5907318639933872	0.550962938519802	0.5131331190174906	0.4762410224570749
0.5800298696479428	0.5331631389960932	0.4862964083442437	0.4420957971835246	0.39918448194046285
0.6790849341146775	0.6361750049343746	0.5932650757540718	0.5504218016950324	0.507610761065898
0.6244234499756194	0.5825305518856796	0.5406376537957398	0.5026765621292044	0.46661683384400976
0.6059662729373458	0.5605204981234191	0.5150747233094923	0.4701628981381524	0.4255092831095732
0.6614273731826644	0.6195496311189402	0.577671889055216	0.5360556408365433	0.49456584717027874
0.6177537655204643	0.5771885904071758	0.5366234152938872	0.5005414597770673	0.4666275228891641
0.6158825147667969	0.5755081076771463	0.5351337005874957	0.4968580257569761	0.459597266778111
0.6432781736391787	0.6038768338594938	0.5644754940798088	0.5263556588004986	0.48885554012664784
0.5915556914430106	0.5471693607002609	0.5027830299575111	0.4622254904084791	0.42351949760071106
0.6021669770654412	0.5530094700399286	0.503851963014416	0.45589788443871254	0.40852576604622415
0.6461394510863445	0.6036296991408332	0.5611199471953219	0.5201707880797157	0.4799763085542089
0.6246811449238616	0.5789250549397811	0.5331689649557007	0.48924918067424245	0.4462174066465775
0.6727520779458717	0.6325939306387715	0.5924357833316712	0.5563893588516089	0.5223313026622681
0.6069932301325486	0.5651528913610653	0.5233125525895819	0.48521884420759503	0.4489369508182291
0.6528716100622975	0.6156624266774051	0.5784532432925127	0.5434161296855857	0.5094293968687599
0.6289805001401683	0.5800603136321836	0.5311401271241989	0.48244942026441107	0.4338696863653589
0.6470615343244674	0.6102148790302435	0.5733682237360197	0.540683794032797	0.5100121550093244
0.6066423102282883	0.5618224360040963	0.5170025617799043	0.47555550606907276	0.4357394954613364
0.680416025220673	0.6444717782900915	0.60852753135951	0.5747477892799849	0.5420147697038964
0.6505910165922565	0.6110831966950877	0.571575376797919	0.5353920510558866	0.5008164014726884
0.7002051356530197	0.6613511984553954	0.622497261257771	0.5860512437378	0.550769660527984
0.6060534899672988	0.5586881298590726	0.5113227697508465	0.4659898024958051	0.42163967033776706
0.6887691836705274	0.6487769952176543	0.6087848067647812	0.5721469660092313	0.5371312381435764
0.6319648323542866	0.593310588463092	0.5546563445718976	0.5203727237095982	0.4882026714429752
0.6765013367276062	0.6406523433660882	0.6048033500045704	0.5705374122741769	0.5370370168120213
0.6296295192665561	0.5875856393493699	0.5455417594321839	0.5044961480245627	0.46393328449016685
0.5996757060660296	0.5608272979164715	0.5219788897669134	0.48821269175556437	0.45690417533188177
0.5915681805118678	0.5437621905790493	0.4959562006462309	0.4505574156359168	0.4063227192907486
0.7217980846235484	0.6846390367560476	0.6474799888885469	0.6104874894819123	0.5735755304454306
0.662335425872593	0.6212994340722612	0.5802634422719294	0.5407050007905357	0.5018610807702687
0.6613214627956807	0.6189731993046693	0.5766249358136579	0.5355664301403587	0.49513163225460416
0.6491760592920625	0.611036638164397	0.5728972170367316	0.5378667121352178	0.5043396330974176
0.6413348764669885	0.604910925119216	0.5684869737714435	0.5356442966836309	0.5045334708120668
0.5981024386505661	0.5535511339734378	0.5089998292963094	0.46747859137050496	0.4274226488696461
0.6204992702491251	0.5822342877979354	0.5439693053467458	0.5084531660728157	0.4742663266665439
0.5974562376092889	0.5541050070565687	0.5107537765038486	0.46949824355891473	0.42925615895316904
0.6291156450091586	0.5872365601862007	0.545357475363243	0.5085927174283492	0.4743011722659074
0.6258791435349336	0.586526231698471	0.5471733198620083	0.5099348049919199	0.47371878119401434
0.641176854495758	0.5957779874420533	0.5503791203883488	0.5073899322696033	0.46556602921180246
0.6347944644553202	0.5912581849033045	0.5477219053512887	0.507030707657729	0.4677153494333722
0.651098750555831	0.6106828641972294	0.5702669778386278	0.5327209956783125	0.4965628567032815
0.636626254024638	0.593499938298251	0.550373622571864	0.5106442986791642	0.47255770974941663
0.6000453113193972	0.5553084673839037	0.5105716234484101	0.4694792520179926	0.430149293539598
0.599923012388684	0.5564846711304623	0.5130463298722407	0.4732550813088354	0.4352275127824232
0.6246883954677777	0.5823137537875563	0.539939112107335	0.4998322112589516	0.46082195630604306
0.5873757588048119	0.5392994056603114	0.49122305251581105	0.44513958702555123	0.4000198525029056
0.6210390130712956	0.5796621925833394	0.5382853720953831	0.5006934814644868	0.464931926881754
0.6694624377796266	0.6362741979144207	0.6030859580492149	0.5729321868248551	0.5442458397140498
0.6698537632730188	0.6281066207363465	0.5863594781996743	0.5460832981118383	0.506518453688672
0.6690832815840134	0.6305895620697868	0.5920958425555601	0.5569495965203866	0.5234221391049158
0.6278525448132903	0.5859734759584575	0.5440944071036246	0.5045090322331611	0.466032853818536
0.6801046273060796	0.6452824453638293	0.610460263421579	0.5793028019667841	0.549917545088547
0.5763689665345546	0.5309361561987199	0.48550334586288535	0.44449588388373745	0.4056284548586523
0.646632564338651	0.5996750696566757	0.5527175749747005	0.5070745906634434	0.46206728410793707
0.6499888089619055	0.6081786281006223	0.5663684472393391	0.5247974374954216	0.4833420873632609
0.6094119719997967	0.5640952090027456	0.5187784460056944	0.47678217498627723	0.43639164473190073
0.6513721461463223	0.617545662342041	0.5837191785377598	0.5548585193209876	0.5283992593624924
0.6410890481234962	0.6042340451997177	0.567379042275939	0.5338155060541471	0.5018436744037721
0.6843102081233479	0.6436647541599448	0.6030193001965418	0.5624805099443193	0.5219933006838134
0.6579532321531966	0.6162527835351665	0.5745523349171365	0.5345949567901099	0.49548050174875746
0.638974191352441	0.5925758217872367	0.5461774522220323	0.5003181408529523	0.45471951004749855
0.6029591682041205	0.5593839219361054	0.5158086756680903	0.47436651395539575	0.43395588035625415
0.6208244559889412	0.5784928252226083	0.5361611944562753	0.4967026879891561	0.45863358190046033
0.6557191285921762	0.612442113852696	0.5691650991132159	0.5248759926211858	0.48009745354025707
0.6392223325405394	0.6035189721316356	0.567815611722732	0.5356246175899391	0.5051321517924937
0.6500495066268036	0.6076419485010368	0.56523439037527	0.5240995907777909	0.4835802783631422
0.6494218490211116	0.6124499329025364	0.575478016783961	0.5419131900836859	0.5099959813888008
0.6853157100585678	0.6494737127714394	0.6136317154843108	0.5813804725290841	0.5508656652125573
0.6688487902706671	0.6323474405661801	0.5958460908616929	0.5629403212135705	0.5317733208530603
0.5875670378780465	0.5375914161622802	0.48761579444651393	0.4383477992672494	0.38942200180559394
0.6614822347189417	0.6180459418848558	0.57460964905077	0.5325349515088592	0.49111870129368773
0.6869089276866684	0.646565019304296	0.6062211109219235	0.5672509989015853	0.5289452344647501
0.6486480153667638	0.604393956504757	0.5601398976427503	0.5170040410495843	0.4744089305201743
0.6013735754921947	0.556460990941984	0.5115484063917732	0.4686917150905778	0.426829223329918
0.6333919433644878	0.5947672734541987	0.5561426035439097	0.522908691823767	0.4922816709615758
0.5977958061524038	0.5552618375623641	0.5127278689723244	0.4732471682191857	0.4352429825925173
0.5910361135205864	0.5477714736948386	0.5045068338690908	0.46478879801081685	0.4267858473285914
0.6624313228917792	0.6238050939155317	0.5851788649392842	0.5486952417388344	0.513247750973212
0.6180439359383318	0.5700644332664898	0.5220849305946478	0.47630220412316593	0.43158180610191055
0.7050645281096611	0.6772258513299405	0.6493871745502198	0.6260526219406897	0.6048961971024645
0.5824538531241837	0.5409317142070105	0.49940957528983726	0.4619702714945564	0.4265053663234318
0.5893443078470264	0.5475899030434789	0.5058354982399313	0.4670232670768397	0.42963382753141516
0.6432926733924857	0.6012662207336701	0.5592397680748545	0.5201492074280343	0.48247840069634845
0.5715409958548069	0.5277695600319781	0.4839981242091492	0.4443369166744822	0.40666335469366105
0.6753952776701584	0.6425459626377223	0.6096966476052863	0.5792357688529032	0.5499299025280207
0.6178319618978911	0.5787473120862066	0.539662662274522	0.5032306595426004	0.46808143766963967
0.6038632954814909	0.5620048250444256	0.5201463546073604	0.481751730266536	0.44503217062034883
0.6350053181517226	0.5962069989836769	0.5574086798156312	0.5214877393486731	0.4869582566259041
0.6560273716898634	0.6176302488514037	0.5792331260129441	0.5452296966213898	0.5133509923381355
0.6794356846998543	0.635997511256863	0.5925593378138717	0.5517069646137165	0.5121050461317601
0.5837149940915463	0.5396639443069648	0.4956128945223834	0.4552592378511236	0.4166935857546172
0.638193388331927	0.5925163309845362	0.5468392736371455	0.5028300775009062	0.45962743435597553
0.6305887571536768	0.592287580231298	0.5539864033089192	0.5188307835168373	0.485196308587295
0.6550516590616078	0.6138129314442828	0.572574203826958	0.5327933521185929	0.4937175076179416
0.6418850762960381	0.599603443428804	0.5573218105615699	0.5190040165213929	0.4826030762587673
0.6481625362301456	0.6075785241638342	0.5669945120975227	0.5284424231271448	0.49087294208611765
0.6657098886644748	0.6308194505554534	0.595929012446432	0.5641132862275975	0.5337844451619522
0.5944587063872082	0.5506945208611562	0.5069303353351042	0.4659160834054727	0.42623165865406354
0.6461353189583989	0.6101317743029039	0.5741282296474087	0.5424010996327056	0.5127419804318183
0.6497815529952052	0.6114924153618374	0.5732032777284695	0.5381016250445855	0.504541392895916
0.6473661773784379	0.6096575945552264	0.5719490117320147	0.536213435521511	0.5014319761012479
0.6206086584803254	0.5819158629350268	0.5432230673897283	0.5084454434028205	0.4755611384227895
0.6852652046680943	0.6520641984557474	0.6188631922434005	0.5890071420279507	0.560768663015101
0.652864271127932	0.6083616112358583	0.5638589513437845	0.5205932020123067	0.4779256043171638
0.6549964401176415	0.6186623150142342	0.5823281899108269	0.5506938962204408	0.5213323714268148
0.6180248882843012	0.5773322940035631	0.536639699722825	0.4977246076343397	0.4596690892925384
0.6770172986936891	0.6357972272926935	0.5945771558916978	0.553242721195767	0.5118529821033978
0.6187761600289697	0.5812807480453226	0.5437853360616755	0.509988869337731	0.4779811577835524
0.641898256504525	0.6015959591126174	0.5612936617207098	0.5234625813715617	0.48682654500130307
0.6409768184040449	0.6054642656582601	0.5699517129124753	0.5377284400218172	0.5070958141758081
0.6586317762687185	0.6209434307214211	0.5832550851741237	0.5495826071793978	0.5178521432836679
0.6382503313008745	0.598801679305571	0.5593530273102676	0.5245046977046371	0.4918810159051705
0.6071812834970567	0.5671827943213364	0.5271843051456161	0.49003068876546974	0.45425281075481144
0.6103849688578091	0.5684335604274113	0.5264821519970136	0.4884509290316599	0.45231544972421633
0.6425628568523736	0.5994190750897276	0.5562752933270817	0.515628379690047	0.4761889145158399
0.693832617896025	0.6585530531513301	0.6232734884066351	0.5912395061639538	0.5607750395728357
0.6244911202248173	0.589135821918818	0.5537805236128186	0.5225707984257483	0.493365811029451
0.7097680670015345	0.6733432748160876	0.6369184826306405	0.6026513961514743	0.5694277442099831
0.5981581555445465	0.5580384371538818	0.5179187187632172	0.4819648110533687	0.4480254277196324
0.6462429236827935	0.6026270444675784	0.5590111652523634	0.5154650693570075	0.47195271964208896
0.6055103120261565	0.5602114576275621	0.5149126032289677	0.47234812170425156	0.4311059424226917
0.7198652043491436	0.6843824558822506	0.6488997074153574	0.6160785028033162	0.5845443813989641
0.6691755577382756	0.6300187043912355	0.5908618510441953	0.5548373032091197	0.5203274919501305
0.6297818855226026	0.5843503052661569	0.5389187250097113	0.49459358911298495	0.45080351332922314
0.6526023851122207	0.6153260076178679	0.5780496301235152	0.5447349764726207	0.5133361538245188
0.5797387484000419	0.5332034570993609	0.48666816579867983	0.44324206445365577	0.4013195213438817
0.6643864431707809	0.6212550522755734	0.5781236613803659	0.5373434229012449	0.497700166924947
0.6116823254605831	0.5652403446742396	0.5187983638878961	0.4737615409086207	0.4294042314434036
0.6589800588358166	0.6249819406406769	0.5909838224455374	0.5613655251519446	0.5338652444090808
0.652418437420638	0.6105136980591592	0.5686089586976804	0.5280874354854873	0.48823481512646516
0.5855443752031639	0.537737725202304	0.489931075201444	0.4438951471773962	0.39871551408821726
0.6450758703983118	0.6062670395208655	0.5674582086434192	0.5335862198380366	0.502101614775508
0.6989925754347607	0.667427658745943	0.6358627420571255	0.6059217260631042	0.5767660044054573
0.5902219107564299	0.547714983223365	0.5052080556903	0.4662234169359122	0.42894210489222373
0.6297107159702305	0.5950325180689131	0.5603543201675957	0.5285671109276167	0.49817794100712703
0.6206256756932792	0.580779775078861	0.540933874464443	0.5061972043314635	0.4739312824241373
0.6248960045259747	0.5886708977076265	0.5524457908892781	0.5201664091969301	0.48979512176445106
0.6151070081274537	0.571302917486935	0.5274988268464162	0.48528265799014725	0.44383438460173086
0.5884994710613483	0.5401482725113106	0.4917970739612729	0.4460420906890219	0.4015425986916915
0.685760617225324	0.6515206062897301	0.6172805953541362	0.587094648052018	0.5588691859081806
0.6563076042789827	0.6147132637706435	0.5731189232623044	0.5326425986242582	0.49270692991038967
0.6233023581660095	0.5807833423256141	0.5382643264852187	0.49779939864337713	0.45832779734967233
0.6794815674211189	0.6377528961847897	0.5960242249484604	0.5547797628464686	0.5137694571137883
0.6414095420387403	0.6045486579944399	0.5676877739501395	0.5356242228838867	0.505880591027863
0.5938068281883689	0.5506520475642782	0.5074972669401874	0.467451071524793	0.42890814189797105
0.6249426705110493	0.5780388617725254	0.5311350530340014	0.4846052468022076	0.43825630264607296
0.6314988729711181	0.590586092715785	0.5496733124604519	0.5106140033991069	0.47245100556906805
0.6212915155562312	0.5757708888203018	0.5302502620843724	0.4862178381647955	0.442905087096399
0.5813764182891096	0.5377221279543057	0.4940678376195019	0.45306412229970616	0.4133421858190298
0.697232146791002	0.6610179829201766	0.6248038190493512	0.5913468613888173	0.5592232478349128
0.6567034973889281	0.6205432107034075	0.5843829240178867	0.5505389833020989	0.5178151932069395
0.638034460073552	0.5891264941667437	0.5402185282599353	0.49241971371626037	0.44515726835232744
0.6120525801728155	0.5693309880434687	0.5266093959141219	0.4883611997191704	0.4522762715755828
0.5978369964447355	0.5554559874616336	0.5130749784785318	0.4743105390475327	0.4372950191135638
0.691695908000235	0.6562066772266706	0.6207174464531062	0.5875236011212963	0.5554397702090761
0.6831502076678745	0.6374541505695382	0.5917580934712021	0.5459225672214554	0.5000195957547365
0.6566656584192241	0.618313875373039	0.5799620923268539	0.544599034778921	0.5106812806379489
0.5934142660257323	0.5536657471162152	0.513917228206698	0.47896782373547003	0.44633919996227195
0.6558576692791465	0.6135306906128892	0.571203711946632	0.5313046384526724	0.4925796639582201
0.5758599076547298	0.5295669340474203	0.4832739604401107	0.4399684624088182	0.39810766334059694
0.6189448569205258	0.5768644514047565	0.5347840458889872	0.49545273894552716	0.45745085537499075
0.613804302516217	0.5731980877103391	0.5325918729044612	0.49419949724919476	0.45687770143430273
0.5786411909670061	0.5312296598572017	0.48381812874739744	0.4399305832986793	0.3977471851478736
0.6408251792541938	0.5968096451600252	0.5527941110658566	0.5107675013111019	0.4697027059235828
0.6243976416884353	0.5808407746863773	0.5372839076843193	0.49740907040685606	0.4593148081967917
0.6518236831912145	0.6096462958726581	0.5674689085541015	0.5277204606496787	0.4891466118888045
0.6375904082959039	0.5985147516706725	0.5594390950454412	0.5232296071866803	0.48840615611367544
0.6581160523749217	0.6110487208945597	0.5639813894141978	0.5170806805947179	0.4702605480274199
0.6766238436147953	0.637910638390403	0.5991974331660106	0.5622612501747621	0.5261844088290778
0.6528567283019742	0.6152223584781675	0.577587988654361	0.542519881576766	0.5086927811732284
0.6473571112670604	0.6081989877274963	0.569040864187932	0.5340422182053496	0.5010550339939464
0.7147833365666508	0.6778833936173186	0.6409834506679866	0.6047404695595028	0.5688151854718317
0.6279855903092996	0.5869776118546242	0.5459696333999486	0.5079105622457494	0.47127753900752034
0.6044661531251976	0.55523612091029	0.5060060886953823	0.45888693758906385	0.4127885773381507
0.6808719978563909	0.6407877857671008	0.6007035736778108	0.5633359653662423	0.5272820664259759
0.6747212880707992	0.6405091573352335	0.6062970265996677	0.5751149648870048	0.5453981996977892
0.6452634950856349	0.6099578812220796	0.5746522673585244	0.5422908002246526	0.5113530788651894
0.6685022082829685	0.6252123014965086	0.5819223947100487	0.5397477962512748	0.49811254438915514
0.6222558487902112	0.5821835894613766	0.542111330132542	0.5045321008000472	0.4681584638678823
0.6237325152210282	0.5877715240414678	0.5518105328619074	0.5205261924189564	0.4915034110408106
0.6039044088537203	0.5618399458523374	0.5197754828509545	0.4806026279068787	0.4428281118130134
0.618787748820979	0.5777017458414991	0.5366157428620192	0.49687465576468204	0.4577839500783085
0.6139846828408566	0.5793719427597555	0.5447592026786543	0.5148554994278431	0.4872290166773094
0.5867442520313556	0.5410068791620937	0.4952695062928316	0.4515123147118091	0.408712709487903
0.610828918234757	0.5615762859322699	0.5123236536297828	0.4636411929744072	0.41523445888696303
0.5715489515699449	0.5278502507581808	0.4841515499464168	0.4440088679604768	0.4055858240367093
0.6691168025999659	0.6354101575477404	0.601703512495515	0.5706426516416239	0.5408612528588301
0.6784980180494705	0.6401233147813907	0.6017486115133109	0.5664396187511791	0.5326131582060719
0.6168096085893747	0.5697710854332368	0.522732562277099	0.47711942539243946	0.43219558420777243
0.6587587963485199	0.6172376391556187	0.5757164819627174	0.5359462273396621	0.497022683279666
0.699119070795265	0.6666091401060129	0.6340992094167608	0.6052978997065667	0.5782900242007829
0.6145975099925537	0.5746255124359597	0.5346535148793659	0.4986786884117867	0.4646368347102032
0.5690357997259758	0.5225470323069802	0.4760582648879846	0.43282520814230346	0.39116656488189283
0.642472132423975	0.6027046279568329	0.5629371234896906	0.5261804904934594	0.4908798703687259
0.6397244121814556	0.601358643986229	0.5629928757910022	0.527924040500203	0.4944495531554016
0.6521516161361939	0.6068714138005536	0.5615912114649133	0.5160956323131719	0.4704959001215232
0.5929811972006334	0.5510967858544008	0.5092123745081681	0.4706607529187124	0.4337208191182389
0.5778674958860273	0.5377935927642278	0.49771968964242835	0.4624690436094189	0.42955085330282267
0.6164075852285691	0.5759022610722969	0.5353969369160247	0.4974551299007626	0.46075300182552725
0.6772079401682771	0.6398053582575013	0.6024027763467255	0.5682781665693695	0.5357387355898403
0.6287066581478628	0.5886640960750733	0.5486215340022838	0.5113024118454679	0.47530030491521313
0.7024799204787916	0.6677507800151924	0.6330216395515932	0.6020302906488277	0.5728464824119888
0.6394887745453334	0.5987647545092512	0.5580407344731689	0.5191514308263943	0.4811493688650215
0.669178077400659	0.6303008489712513	0.5914236205418436	0.5550495494146471	0.519885968102979
0.6049015291320476	0.5618919656853942	0.5188824022387408	0.47904319842596177	0.4407371335992854
0.6389748377365004	0.6017755042285381	0.5645761707205758	0.5314609723863084	0.5003208013620034
0.6548310608800766	0.6190189852251788	0.583206909570281	0.5500721177997941	0.5182320208822815
0.6043037380945119	0.5599808433335289	0.515657948572546	0.4738878720868911	0.4333523007282011
0.7320960554769603	0.6977348408168681	0.6633736261567759	0.6309707571379383	0.599514915080582
0.5989236902808694	0.5535703488706181	0.5082170074603667	0.46668750806261905	0.4270071620553661
0.6388161901277731	0.602324431128641	0.5658326721295088	0.5336360899760921	0.5035165917610438
0.6608164179359621	0.6215917074267914	0.5823669969176206	0.5446950327340141	0.5077739536871646
0.6207076318332174	0.576753436431336	0.5327992410294545	0.4915690400879308	0.45165612254242304
0.5342333342427278	0.481572143641215	0.42891095303970217	0.38031868250014533	0.333694081467753
0.6789125456101357	0.6399892797800233	0.6010660139499109	0.5647480697936365	0.5296900206306051
0.6770125428832651	0.6418404937736324	0.6066684446639996	0.5748290416451558	0.5446012569405494
0.6362733067917595	0.5992406711724291	0.5622080355530986	0.5283145878092259	0.4959392048505407
0.685480987998195	0.6447563071084752	0.6040316262187553	0.5627589788044097	0.52122134289065
0.7005790425858791	0.6641500132907239	0.6277209839955685	0.5923943458193882	0.557600807668951
0.64744688798025	0.6025802494347008	0.5577136108891517	0.5159827011137698	0.4757681833514642
0.6334637431594785	0.5950103257931183	0.5565569084267581	0.521883828873112	0.4890388647229626
0.6139674941986855	0.5689032912329046	0.5238390882671239	0.48096562337638304	0.4391515669878502
0.680475219472403	0.6394923367576326	0.5985094540428624	0.5598370606734501	0.5222819857478176
0.6283754519858157	0.5882548346249264	0.5481342172640373	0.5103967633754696	0.47381177206263997
0.6426275764971395	0.5994244378654796	0.5562212992338196	0.5148532207635208	0.4743725502216998
0.6751827770675446	0.6401538028617173	0.6051248286558899	0.5726326596662089	0.5413672521251242
0.5740341822100564	0.5217096343855612	0.46938508656106603	0.4186854506732323	0.3687715981433688
0.6297013595547296	0.5914793294050423	0.5532572992553549	0.5192413650656852	0.48725943661678073
0.5944981314320344	0.5530728270737222	0.5116475227154098	0.4732704992183621	0.4363675792201922
0.6392218062457419	0.5940232913261636	0.5488247764065853	0.5040355604987667	0.45944427553392303
0.6897377734978143	0.645143177653341	0.6005485818088676	0.5571964338610145	0.5144451153232246
0.6628715966152032	0.6241811210345376	0.585490645453872	0.5495022852921173	0.5148206281458242
0.5887564487823544	0.5419550270650405	0.4951536053477265	0.4501337700199725	0.40597548349625956
0.6539967424594687	0.6149235639366297	0.5758503854137907	0.5401401375057334	0.5060561530593956
0.5956369464857312	0.548847080315329	0.5020572141449268	0.45792007207551555	0.4150657481113908
0.6201097164075039	0.5853235853053622	0.5505374542032205	0.5180040055932583	0.48655992088863026
0.653995338207707	0.6092800544304919	0.5645647706532769	0.5214509843095486	0.4791116584166751
0.6281040776727268	0.5860481473810264	0.543992217089326	0.5031839548032809	0.46297904629475206
0.639219718942068	0.5996901891014506	0.5601606592608331	0.5235541741572661	0.48836123021685635
0.6308838358477631	0.586242623180533	0.5416014105133029	0.5003993884159484	0.46086050796567246
0.6505520866494858	0.6073409293313696	0.5641297720132533	0.5210951319804871	0.47814585309381924
0.6732951200630303	0.6357383527388709	0.5981815854147114	0.5638127605814937	0.5309855775437661
0.6445487227603413	0.6017376427214458	0.5589265626825503	0.5177400894166603	0.47733925193611404
0.6863296718525254	0.6421692062652631	0.5980087406780009	0.5536956594270056	0.5093087755002952
0.6699060890622763	0.6269751154757595	0.5840441418892425	0.5425828546731695	0.5018322860291463
0.6054397149008143	0.5614891406451262	0.5175385663894381	0.4757933204400773	0.4351145386127865
0.6234626746307095	0.5813793727228618	0.5392960708150141	0.5003224798862447	0.462852699151939
0.6153014653327521	0.574812403598158	0.534323341863564	0.49786734837001023	0.46336168697376345
0.7282460473397028	0.6935615357741419	0.6588770242085812	0.6248922181773143	0.5912457793842485
0.6619499222599347	0.6196756513174844	0.5774013803750342	0.5367897810517785	0.4969822251099859
0.6375992725410178	0.5963455787524368	0.5550918849638556	0.5164578217253523	0.4790905730408183
0.67806857677742	0.6471969953568413	0.6163254139362624	0.5880654735092659	0.5610684840049921
0.6237276055592087	0.5771101475290259	0.5304926894988432	0.484598766930584	0.439054735400758
0.6158239058046814	0.5700120815502527	0.5242002572958241	0.4793913560314017	0.43506745347804293
0.679325696073173	0.6389123983844084	0.5984991006956438	0.5608741050799814	0.5245974910698719
0.6515206681119846	0.6147889823423367	0.5780572965726889	0.5431698598991279	0.5091742747868485
0.6115311512068597	0.5679404093816882	0.5243496675565166	0.48322765793234546	0.4432994906543738
0.6247255310188949	0.5833206826292878	0.5419158342396806	0.5043591885682464	0.46866347676394154
0.6334114689973894	0.581685915296505	0.5299603615956205	0.4778918097034249	0.42565738896353034
0.6183532805196132	0.5739395382191905	0.5295257959187679	0.48840426464089526	0.4488747978768456
0.6644991830130849	0.6298243519534196	0.5951495208937543	0.5625839201151581	0.531038311876217
0.6320389060471706	0.5917547181365757	0.5514705302259806	0.5137675079323026	0.4773126991203385
0.6735722068319265	0.6338542453058126	0.5941362837796987	0.557230440900657	0.5216844969697683
0.6468852149526287	0.6050562479503774	0.5632272809481259	0.525678129312085	0.4901986330303295
0.6412666428315279	0.5961933094734083	0.5511199761152888	0.5068986868208866	0.4630894334223508
0.6783503777872516	0.6371812220316216	0.5960120662759917	0.5542992218639873	0.5123234576663274
0.6586861986847738	0.6188496491880296	0.5790130996912856	0.5410285031162854	0.50393948355861
0.6110538573123665	0.5693676045565635	0.5276813518007606	0.48834390876407957	0.45014231533664983
0.6518411165397959	0.6130413164837188	0.5742415164276419	0.5384063821557175	0.5040049163691865
0.6367865447611445	0.5956678071272816	0.5545490694934186	0.5172468283514309	0.4817901884149022
0.6691495386995466	0.6268800516619445	0.5846105646243425	0.5441102870514053	0.5044655729848535
0.6594800975822075	0.6185745492169732	0.5776690008517388	0.5383399187970134	0.49977319251262203
0.6560299438128407	0.6153137522695383	0.5745975607262359	0.536982824477281	0.500867906095868
0.5956451529100819	0.5477546789620379	0.4998642050139939	0.4556747232770486	0.41327498658526196
0.6065297161169146	0.5656842755534014	0.5248388349898881	0.4868518819836352	0.45024725124407394
0.6096981279201219	0.5633336402229341	0.5169691525257464	0.4720158508666046	0.42774497788478216
0.5963236297562889	0.5455334342107574	0.49474323866522574	0.44599816930495517	0.39824209269258043
0.5975088486148045	0.5559672525023934	0.5144256563899823	0.47693878654818395	0.4414127223061762
0.6815544513792791	0.646259324468484	0.610964197557689	0.5803932422290383	0.5521068263426125
0.6558021883841265	0.6137071091405878	0.5716120298970491	0.5319405083986973	0.49344098354845967
0.628037639261358	0.5845889396098115	0.541140239958265	0.5013090602184723	0.4632272595555685
0.6077455558438651	0.5648563860390124	0.5219672162341598	0.4822827258899897	0.4441479710921087
0.6572700256861911	0.6174276966430694	0.5775853675999476	0.5406921751331485	0.5052251414567247
0.6714583225558032	0.6315448754539111	0.591631428352019	0.5534913788165828	0.516208918091559
0.6515659819193022	0.6115213356224197	0.5714766893255374	0.5328311082244584	0.49486209434082284
0.6450103749046588	0.6025824292485282	0.5601544835923975	0.5188194087467378	0.47801283004656414
0.6272536497923847	0.5919813535738466	0.5567090573553084	0.524934205848868	0.49485066683031154
0.6558367424335254	0.6164214087009222	0.577006074968319	0.5405918779999843	0.5056289863431239
0.6203296841190888	0.5803079343792468	0.5402861846394048	0.5032013530717853	0.4675367716551952
0.6423043623107584	0.6033920990690794	0.5644798358274005	0.5273062122758506	0.49097336914026407
0.6422056652686671	0.6008410308097459	0.5594763963508247	0.5200664724933344	0.4816018177458786
0.6532329808936028	0.612876715549581	0.5725204502055591	0.5363839427426131	0.5022880477232106
0.6397453146265605	0.5948646229725522	0.549983931318544	0.5081919441456011	0.4678936087356553
0.6264404292175169	0.5839053806248482	0.5413703320321797	0.5029498613716038	0.4665191396882881
0.637084144324319	0.6006056716223729	0.5641271989204266	0.5314137246008277	0.5005209477632795
0.6589650370629887	0.614520378518637	0.5700757199742852	0.5264656528842827	0.4832591818666183
0.6742709302857565	0.6374571157515256	0.6006433012172947	0.5664595547505639	0.5335476702667147
0.6769723503516277	0.6410744078575836	0.6051764653635395	0.5715954244255754	0.5391348027815723
0.6164188637602372	0.5799205978368421	0.5434223319134471	0.5114638731512441	0.4817007979265565
0.7020621943600822	0.6678954957507229	0.6337287971413637	0.6021683350131901	0.5718682102655508
0.6700625090380239	0.628131684076683	0.586200859115342	0.5437959516000819	0.50116178477989
0.6455584722845231	0.604148624514506	0.5627387767444888	0.5246504329206086	0.4881683192347565
0.6137678315430216	0.573027202681114	0.5322865738192062	0.49404347627061507	0.4570081478926081
0.6101487944885672	0.5672009036273091	0.5242530127660511	0.48366671323594934	0.4442224443134646
0.6259983400707113	0.5887564829193773	0.5515146257680432	0.5192501762004662	0.48939272725668115
0.6870873182679127	0.652860316685722	0.6186333151035314	0.588068757783797	0.5592753042919075
0.6166616519281215	0.5763034712930064	0.5359452906578912	0.4985718717326839	0.4626418393850723
0.6606399619798674	0.6241935792750588	0.5877471965702501	0.5550670245159891	0.5242081361787345
0.6763170346497241	0.632453884811979	0.5885907349742338	0.5466953175726307	0.505751466447558
0.6349318270945535	0.5907070288084679	0.5464822305223823	0.5046804945555307	0.4640505156561365
0.5971678174884956	0.5487477445404004	0.5003276715923053	0.45424909254316465	0.40930282528094303
0.6612142011975838	0.6205391983487465	0.5798641954999091	0.5428445853103744	0.5075926688977888
0.6302614941367553	0.5918222326870882	0.5533829712374212	0.5193031654025856	0.4873315277673034
0.6619235943133459	0.6216232505678696	0.5813229068223934	0.5425859768249442	0.5046050905718383
0.6075399248400294	0.5697976442673953	0.5320553636947613	0.4995073594297646	0.4694712302929837
0.6148326662824809	0.5754007901695409	0.535968914056601	0.5000819051693242	0.46590914159546604
0.6058453496128307	0.5623781307816744	0.5189109119505182	0.4785732804801303	0.43974907112814876
0.6896095557585599	0.6558019703605252	0.6219943849624906	0.5912857566004447	0.562075737985182
0.7081276111147901	0.6720828035291003	0.6360379959434106	0.6042436940659075	0.5745048738259587
0.6955011577098389	0.6580363893353214	0.620571620960804	0.5833046103284495	0.546133232412672
0.6731384564716906	0.6317588187405214	0.5903791810093522	0.5499594890422886	0.5100040126360623
0.630214902760155	0.5917527352340664	0.5532905677079778	0.5192545644044831	0.48735898859572635
0.6473918482160278	0.6119482706198317	0.5765046930236355	0.5448650167934983	0.515064850952429
0.5743551138435943	0.5262663312499211	0.4781775486562479	0.43387350519944845	0.3913997055613537
0.6308616913393346	0.5863794629240966	0.5418972345088585	0.4995142880058001	0.4581465231584737
0.6492588674123394	0.6053901730304753	0.5615214786486111	0.5204542744031215	0.48074182931535225
0.6089873209607274	0.5677538332611577	0.526520345561588	0.4897478736546388	0.45513268294576226
0.6024309934579539	0.554908196345786	0.5073853992336183	0.46291193672586645	0.4199130872915813
0.6184328219410026	0.5747821353799816	0.5311314488189605	0.490992925440416	0.45255283218414405
0.6020550959595035	0.5524500422843641	0.5028449886092249	0.45602011086950567	0.41053968505545263
0.6530613482853513	0.6149944874747524	0.5769276266641535	0.5421700664768706	0.5090128350813529
0.6672792905845087	0.626949355977632	0.5866194213707553	0.5492952365236334	0.5134245877643139
0.6247309509378622	0.5817566774720222	0.5387824040061822	0.49743614624916666	0.4568771727883923
0.6616936455532666	0.617332765197884	0.5729718848425016	0.5301836873479635	0.4881560160035106
0.6368792996940318	0.5927432443776348	0.5486071890612378	0.5056888344286491	0.4633593418203566
0.6198547766318193	0.5798213229231535	0.5397878692144877	0.5038970539460151	0.4700095573011228
0.6031585387449996	0.5593092482028572	0.515459957660715	0.4749459698029982	0.43604488494887433
0.6340068876397796	0.5906744516754077	0.5473420157110356	0.5073449619695578	0.46896084969529883
0.6346116914372665	0.5957465383392397	0.556881385241213	0.5214285740351033	0.4876259208528694
0.6554537320273239	0.6206701748400224	0.5858866176527209	0.5544537823466544	0.5246413065394978
0.6253167633241971	0.5782701269590884	0.5312234905939799	0.48541909096197416	0.4402154186244808
0.6087061676862431	0.5607625804382407	0.5128189931902384	0.467662358322307	0.42385345236835903
0.6225758275242461	0.5801204182486863	0.5376650089731265	0.4966997950932406	0.4564552176463975
0.5774539799332661	0.536434359097864	0.49541473826246174	0.45845119462117095	0.4234491098662761
0.7270244877633545	0.6891041382936255	0.6511837888238965	0.6146958362391608	0.5789005695833309
0.6357034283895031	0.5935170554845188	0.5513306825795344	0.5105045568837847	0.4703362266018211
0.6353499326499947	0.588556364371827	0.5417627960936593	0.49662774472856985	0.4522947275905702
0.6398541436935512	0.5975436593750375	0.5552331750565238	0.5162283426270347	0.47882207451542197
0.6277980164445641	0.5779821678838601	0.528166319323156	0.4799102350196822	0.4324084296208279
0.7132124381261914	0.6818594629135752	0.6505064877009591	0.6212051091362953	0.5928958523394986
0.6438124310344543	0.5997618949468219	0.5557113588591893	0.5147109166755383	0.47518545475138324
0.6681884380836581	0.6305994349758759	0.5930104318680935	0.5582828289278103	0.5249389567494128
0.6097426481583478	0.5666275521216895	0.5235124560850313	0.48373867307673185	0.4455806995853765
0.6984533580157595	0.6577611324480046	0.6170689068802498	0.5779408012561069	0.5395690808820377
0.61871095087533	0.5781654152138539	0.5376198795523778	0.5007920062663251	0.46576193947011935
0.6753807018253546	0.6376440119078924	0.5999073219904304	0.5631146925762882	0.5267785968460267
0.6639526866213161	0.6227252885472971	0.5814978904732782	0.5411654502178334	0.5012657983148245
0.6807196198629203	0.6388977102795105	0.5970758006961007	0.5568223469431132	0.517327375210874
0.5722067850221347	0.5246184488031507	0.4770301125841667	0.4305948008045808	0.38471707457493765
0.6122544647038252	0.5725090103425321	0.5327635559812389	0.4981901207640102	0.4661177974401801
0.6220257841954194	0.5802097696504523	0.5383937551054853	0.5001176214861724	0.46355332187940956
0.6226496547035448	0.5764208037956352	0.5301919528877257	0.48633974456534	0.4436368454143702
0.7261339079514275	0.6951307265971108	0.6641275452427942	0.6366464014013389	0.6108684627621542
0.6841377918349036	0.6423554741555354	0.6005731564761672	0.5601921437513014	0.5204887813580295
0.6285827749023193	0.5869861456661686	0.5453895164300179	0.5070210131961399	0.4702135839089697
0.6035732365390328	0.5544240640146122	0.5052748914901917	0.45885140987457057	0.4137460320323183
0.6174118781556475	0.5671073480233599	0.5168028178910725	0.4678821441556721	0.41963068288770466
0.6372655565143736	0.5934970603597829	0.5497285642051922	0.5078315085904928	0.4668394539167665
0.604707529791718	0.5553625247155481	0.5060175196393781	0.4594540700294371	0.41423573946583947
0.6641598540449758	0.6251314489168639	0.586103043788752	0.5484279240974393	0.5114072332098225
0.6255803369763543	0.5910371943986799	0.5564940518210054	0.5273019284339537	0.5006974787129654
0.632739118174486	0.5916629534715313	0.5505867887685766	0.510928830242724	0.47195669522951483
0.7025704862621798	0.670590959270841	0.6386114322795023	0.6102595637512355	0.5836619771531872
0.6470440359185956	0.6090872265847309	0.5711304172508662	0.537701088088445	0.5064611813137809
0.602866614764086	0.5614358827553667	0.5200051507466475	0.4826054155002919	0.44715501061482055
0.6062418096882631	0.5633896918929514	0.5205375740976396	0.4814366534679869	0.4441497562563025
0.7062411275401663	0.6750517367181655	0.6438623458961646	0.6152573596242177	0.5879021531341014
0.645839942492494	0.6073029490520403	0.5687659556115865	0.5342817704974384	0.5017574634936064
0.6139406968960833	0.5676497991848148	0.5213589014735464	0.4764721854033681	0.432264510787832
0.645803637448911	0.601038246840467	0.5562728562320229	0.5130347891151025	0.47053531302874696
0.635143380473586	0.5970173623742656	0.5588913442749451	0.5240424889583415	0.49077842104954594
0.6536411095728655	0.6134174042670916	0.5731936989613178	0.5366440085599016	0.5018710173774663
0.5880295342987575	0.5412570568404463	0.4944845793821352	0.45164358112538716	0.41070378801034163
0.5787369039481266	0.5371988217833684	0.4956607396186103	0.45863993376548023	0.4238036158645549
0.6316095632032438	0.592716786761788	0.5538240103203322	0.5198116293784949	0.4881593354526916
0.6373826317374185	0.5962409406483993	0.5550992495593801	0.5151942609474038	0.4758873233456366
0.6794547194962223	0.6385162437097606	0.5975777679232988	0.558779727071739	0.5210167688684857
0.6859608307714612	0.6463385620439639	0.6067162933164665	0.5713990121353695	0.5381635592022581
0.6720335800670009	0.6368116050072008	0.6015896299474007	0.5694674686346202	0.5388443313613946
0.6184748407161167	0.5774311221409959	0.5363874035658752	0.49721813319564706	0.45895531822866253
0.6321109321883362	0.5881512274989831	0.54419152280963	0.5027599416178998	0.46255092352420896
0.6638343761560509	0.6218247378075901	0.5798150994591292	0.5368891099459133	0.4935199865747477
0.6416657091856225	0.6017645998322473	0.561863490478872	0.5234666440347461	0.4857972368649778
0.626345071997256	0.5850482190589733	0.5437513661206905	0.5043790036035882	0.4659372961647198
0.5815519200501922	0.5396784340179656	0.497804947985739	0.46028200752374443	0.4248629264956362
0.6643683814964655	0.6277965042857013	0.5912246270749372	0.5569171885199234	0.523704798976913
0.6273567629165577	0.5839048273964522	0.5404528918763468	0.4997845124864988	0.4604622196345013
0.6209834676224598	0.5785022443522675	0.5360210210820752	0.4979547168786511	0.4620234021790767
0.6080469359483078	0.5607873218409535	0.5135277077335991	0.4672047995752745	0.42133486854724994
0.5809076034627638	0.5327232755142055	0.48453894756564714	0.4385555075511649	0.39363638436046566
0.6596600100158652	0.6215730190649398	0.5834860281140144	0.5483667641153148	0.5146826489375723
0.6143051594816877	0.5726984221326534	0.531091684783619	0.49263439059502623	0.4557001204956237
0.6397687822449087	0.5993212923954326	0.5588738025459565	0.5208748877032876	0.48406006748610597
0.6031197654627003	0.5569828600576685	0.5108459546526368	0.4660044316243187	0.4217893363370147
0.6398957988971453	0.5913547627708516	0.542813726644558	0.4940500091142283	0.44517860615340055
0.6682618194406644	0.6235064785302336	0.5787511376198027	0.5330628690109518	0.48692345037786366
0.6798776688453552	0.6399845693475994	0.6000914698498436	0.5615576478678622	0.5236811523702644
0.6022600764557972	0.5598364302254186	0.51741278399504	0.4779616455789061	0.4399479679378274
0.6647726660179067	0.631700917919077	0.5986291698202472	0.569462346889953	0.5421838879640855
0.6713337011239874	0.6248432711401167	0.5783528411562462	0.534273909803383	0.49136114348953536
0.6752741382649283	0.636301260573793	0.5973283828826575	0.5601224401862507	0.5237709610962382
0.6931651726545754	0.6556197832590989	0.6180743938636224	0.5813158803246312	0.5449378883012154
0.6155349491962933	0.5734882885309963	0.5314416278656994	0.4916605881298687	0.4529751691361082
0.67467293505326	0.633096965814122	0.591520996574984	0.550375561709334	0.50943832689323
0.6065490817445444	0.56315159549632	0.5197541092480955	0.47909695764522775	0.4397649913099474
0.631445579085907	0.5884457467359412	0.5454459143859753	0.5059311951254712	0.4681018249626975
0.6597263210543508	0.6193838684919462	0.5790414159295416	0.5395861768837147	0.5005599811605217
0.6227434841729272	0.5808569057808214	0.5389703273887156	0.5000309237652919	0.4625167302311104
0.6550960767920538	0.6227509012176551	0.5904057256432562	0.5609710485548669	0.5329438454483615
0.6171670350715616	0.5720955384817248	0.527024041891888	0.484287012005535	0.44267889565839946
0.6290423979686405	0.5874298268155909	0.5458172556625412	0.5059974542411634	0.4670446097225176
0.639598469156867	0.6029876773071295	0.5663768854573921	0.5346927123450997	0.5053909791223824
0.6377503079984521	0.5967255010824792	0.5557006941665065	0.5170920175111103	0.47965174568222446
0.6098979053399494	0.5694084876231299	0.5289190699063104	0.4911352565699624	0.45465983345923716
0.6535349804997199	0.6175726886347744	0.5816103967698291	0.5499380907595718	0.5203403584012676
0.6165081088468575	0.5771124721779312	0.5377168355090048	0.5012610364031651	0.46622689922255905
0.6189878396043759	0.5725652758153054	0.5261427120262349	0.4806923596422624	0.4357121543015349
0.6213824904230495	0.5813815280168559	0.5413805656106623	0.5046708447104787	0.46955271948027183
0.6265594391419933	0.5835996553436209	0.5406398715452485	0.5010612891008085	0.4631178055770679
0.612496579224536	0.5670145400552433	0.5215325008859506	0.4795407200054741	0.439236776364968
0.6759831149703642	0.6377608013286822	0.5995384876870002	0.5639782208244551	0.5297052803763381
0.6129902643870883	0.56242836023702	0.5118664560869518	0.46484292536935373	0.41953049966291817
0.6484487934653778	0.6079079933217616	0.5673671931781455	0.528814133643592	0.4912223160417996
0.5450652637596833	0.4961824956896326	0.44729972761958187	0.4015977973737718	0.3574340732118102
0.6709988578223701	0.6391178159588013	0.6072367740952325	0.5789083846300256	0.5522980052725058
0.6902327345493311	0.6452013859636784	0.6001700373780257	0.5556252482367847	0.5113157520400143
0.6609440754704009	0.6252220594986948	0.5895000435269886	0.5569051972400816	0.5258226039192726
0.6955040903449724	0.654004162761365	0.6125042351777575	0.5712755333498949	0.530177992282384
0.5918853235268607	0.5512301631400216	0.5105750027531825	0.4732894942278672	0.437633499459697
0.6840406093068159	0.6464554844856607	0.6088703596645055	0.5743983216715031	0.5414317263836019
0.6223109847322003	0.5777301059656549	0.5331492271991095	0.4908108197543414	0.4495568382440632
0.6435022230264423	0.5999157928733572	0.5563293627202719	0.5134135689306621	0.47082208495857486
0.646679957998017	0.6056123151559354	0.5645446723138537	0.5263473514002271	0.4895380756800102
0.6243075024308647	0.57825741863631	0.5322073348417553	0.4885175219433016	0.4459691011096194
0.644625017290678	0.6010739336756878	0.5575228500606977	0.5161483337227465	0.4758263730988692
0.639984511892101	0.604869341900512	0.5697541719089229	0.5382266049390526	0.5084339496809286
0.5958944246939385	0.5509854244983895	0.5060764243028404	0.46357811353059925	0.42224557647650945
0.6651293664085709	0.620935895246934	0.5767424240852971	0.5318636937818866	0.48665358230183897
0.7108893023660782	0.6702841477194718	0.6296789930728655	0.5903007689927607	0.5515158703715871
0.5610091048531941	0.5154440589741051	0.469879013095016	0.4285000532322125	0.38914542259760554
0.702933073884518	0.6613368001459856	0.6197405264074534	0.5773873269985746	0.5346680895407658
0.6132925229531255	0.5756509511597796	0.5380093793664336	0.5036726253349396	0.4709340322497696
0.6618454904428421	0.6198189213271094	0.5777923522113766	0.5366109827241903	0.4958383392653443
0.6447674606466695	0.6038905747089077	0.5630136887711461	0.5243885206511942	0.48685224993433207
0.6475200117470056	0.6068086017362859	0.5660971917255663	0.5269227896512881	0.4884916618617723
0.6276637343596158	0.583174921805067	0.5386861092505184	0.49589654185234117	0.4539287042567843
0.6527038889544768	0.6084217709038685	0.5641396528532602	0.5213425965460213	0.4792636941135676
0.6866297726077598	0.6391039000387954	0.5915780274698309	0.543168233664424	0.4943309886343188
0.6519762641938448	0.6121354527167147	0.5722946412395846	0.5364325073330867	0.5024944030008658
0.6112645491314899	0.5714090559845265	0.531553562837563	0.4952670509772647	0.46070644563331
0.6840871514343744	0.6464754648071843	0.6088637781799942	0.5758358777997149	0.5450246285917545
0.595993889158476	0.5524351722175258	0.5088764552765757	0.46722382826188547	0.42649295811847976
0.6247613042656379	0.580730179473414	0.5366990546811901	0.49387293380653496	0.45162953498798086
0.6205510227558418	0.5727905624587382	0.5250301021616346	0.4781651236563488	0.4317331868892028
0.659619021927735	0.6189264213796366	0.5782338208315383	0.5380479497914078	0.4981071256398931
0.6280998527154786	0.5814539184315799	0.5348079841476813	0.4882897597329462	0.4418332939203687
0.7050184595282525	0.6765115612838439	0.6480046630394354	0.6218181847270163	0.5967538271430634
0.6631402383622955	0.6174161394130624	0.5716920404638293	0.5252832860819412	0.4785434424682087
0.6832976190785606	0.6426814337417838	0.602065248405007	0.5630038553293216	0.5246943367745267
0.6072173867161044	0.5643368955344271	0.5214564043527499	0.48278714461000954	0.44615437404961644
0.5917651727458538	0.5450008709203521	0.4982365690948505	0.4538536365127368	0.4106222988438104
0.6435962584216224	0.6010209242806768	0.5584455901397312	0.5187087044876743	0.4803444505054957
0.6585247182402388	0.6172067984589985	0.5758888786777583	0.5356224752823237	0.4958645696448025
0.6014968307947544	0.5492850660456357	0.49707330129651695	0.447792193371122	0.39992830770131316
0.625452212190737	0.5850070949982216	0.5445619778057063	0.5072983918685376	0.4715733473482352
0.5947428648082257	0.5508535107246023	0.506964156640979	0.4657874330583503	0.4259224974292175
0.6040117671785874	0.5593369160020427	0.514662064825498	0.4741769877055846	0.43571802329558235
0.6374026014139743	0.5974229843657675	0.5574433673175607	0.522357334434487	0.48963776641084966
0.5510584864395482	0.5005895150229738	0.4501205436063994	0.4029064866513121	0.3572664581452424
0.5803023396981387	0.532645931503343	0.48498952330854744	0.4391410090413149	0.3941667655140546
0.6004091691610197	0.5574979485358783	0.5145867279107368	0.4754444546577499	0.43812478855982506
0.627226025997356	0.5893088201635814	0.5513916143298069	0.5172337396080152	0.48489382176022194
0.6502482050202213	0.6100017050803015	0.5697552051403816	0.53119441494209	0.4934488090202221
0.658763688150889	0.620704098575879	0.582644509000869	0.5464379505460716	0.5111274905094172
0.6363162759446224	0.594364727900977	0.5524131798573316	0.5128570557855471	0.474459323285578
0.6116191835678068	0.5662872736137429	0.5209553636596789	0.47722462985404357	0.4342682011305649
0.691692641372836	0.6542323854839789	0.6167721295951216	0.5809209279597943	0.5458478411416261
0.6265016154444648	0.5780820870967026	0.5296625587489403	0.48289765334491325	0.4369328991020466
0.6483249685555902	0.6067935275193517	0.5652620864831132	0.5274297341935381	0.49138620646189907
0.6559108935055912	0.6149466723197068	0.5739824511338224	0.5363697733226976	0.5003778522725901
0.6408184830421978	0.5964155028195806	0.5520125225969633	0.5116697373886633	0.473290402383652
0.6712200777458035	0.6360787907370387	0.6009375037282739	0.5694246276555153	0.5396663973977469
0.6264427224295092	0.5845091300767069	0.5425755377239045	0.5025625874770797	0.4634784313202256
0.6347423567351449	0.5914182339721599	0.5480941112091748	0.5078937933072901	0.46920410119257405
0.6288893982653909	0.5871976852869584	0.5455059723085257	0.5059442788042597	0.4674126311856752
0.7053072748215805	0.6659497445467125	0.6265922142718445	0.5888243524305111	0.5518252307107677
0.6263884009696985	0.5826743425155579	0.5389602840614174	0.4974918904218941	0.4571094670427231
0.6392296905270628	0.603581439289077	0.5679331880510913	0.5366725442448367	0.5075336824400389
0.6317892657436462	0.5882079820255429	0.5446266983074396	0.5038231680825462	0.464362918326127
0.6389551023818624	0.5984522987606561	0.5579494951394498	0.5188850940886142	0.4805162832272267
0.6531743730481874	0.6171656504096389	0.5811569277710903	0.54847328754817	0.5173976079581494
0.6204453064983115	0.5841304732375899	0.5478156399768683	0.5151193659166712	0.48417297351802696
0.6534935435010599	0.612320609707807	0.571147675914554	0.5309977148156264	0.4913424481679628
0.6587749347989266	0.619180966015856	0.5795869972327856	0.5434328218975834	0.5089420797523319
0.643651433847243	0.6012909756969806	0.5589305175467184	0.5186871593262319	0.4794675992910155
0.5511354630727932	0.5071017138886103	0.46306796470442724	0.4223638266803787	0.38326983932303105
0.6150753094134994	0.567298027799622	0.5195207461857445	0.4729933936740314	0.42707048837263395
0.6031213910145645	0.557510722698254	0.5119000543819434	0.4682735703113657	0.42560660836888986
0.683366159590261	0.6440730729284166	0.6047799862665723	0.5671049090656288	0.5302122772875595
0.6737182932756405	0.6368633854539367	0.6000084776322329	0.5650647330872139	0.5310451988106409
0.6057283237532822	0.5656618770239915	0.5255954302947008	0.48908817780423713	0.45430209895866663
0.6159328142111938	0.5675175398992865	0.5191022655873793	0.47257584286293347	0.42696284080431923
0.6327833856739675	0.5834352119157673	0.5340870381575671	0.484474737320851	0.43473470853900487
0.6048615121809549	0.5616468327081281	0.5184321532353013	0.4785390887888593	0.4402523081972087
0.6738865020242332	0.6343936466545578	0.5949007912848824	0.557628241959789	0.5214293997692606
0.6191065995299473	0.579569524206372	0.5400324488827967	0.5024668941319637	0.4658547375444426
0.6971967085967395	0.6626354840803403	0.628074259563941	0.5955470272961013	0.5640034035691912
0.5776933917753163	0.5269056574647916	0.4761179231542667	0.4274582460065579	0.37982766579981064
0.6990202958310626	0.6692792175991777	0.6395381393672929	0.6143555672299311	0.5913774211574316
0.642445726518886	0.6008538833998043	0.5592620402807226	0.5187122115848349	0.4786662856384052
0.6618548607883762	0.6205900153960877	0.5793251700037992	0.5403243056682275	0.5024182690565405
0.6563674953702752	0.6104271480887893	0.5644868008073034	0.51957234240257	0.4751539886717521
0.6418563483828704	0.6010491210279852	0.5602418936731	0.5207491044033878	0.4818919579332071
0.6518321404007508	0.6119499518752798	0.5720677633498089	0.532800814674673	0.4938313868833744
0.5837749404766304	0.5387977086131363	0.4938204767496421	0.45181989410455825	0.4112587749562764
0.6374332108911168	0.5941402604212773	0.5508473099514378	0.5101543022668039	0.47071858842449776
0.6689697875624353	0.6358950606874264	0.6028203338124176	0.5725553859100986	0.5436492055240371
0.7028687716287421	0.6650207255710748	0.6271726795134075	0.5902745263148031	0.5538357272409767
0.6655551760655335	0.6231115457406303	0.5806679154157272	0.541007531040232	0.5026930832037203
0.6420799597826422	0.59752849624932	0.552977032715998	0.5115325581697419	0.4715905775029076
0.689387854862761	0.6433483918084545	0.597308928754148	0.5501780768371326	0.5025194454226309
0.6136254238310224	0.5631105646656229	0.5125957055002234	0.46212839025561914	0.41168406654728884
0.611490439403389	0.5674438719596011	0.5233973045158131	0.4819537821660633	0.4417690538892674
0.625197761159666	0.5832815607832668	0.5413653604068674	0.5009942644067863	0.46137035800993503
0.6146595858514287	0.5710474365664764	0.527435287281524	0.4862001863556669	0.4461145908273179
0.5558729714095979	0.5069279721841258	0.4579829729586536	0.41303970883545643	0.3700316245675036
0.675671918223518	0.6382353761297742	0.6007988340360304	0.5645009514383276	0.5287537077166135
0.6079840170297902	0.5628027766359026	0.517621536242015	0.47429745477338503	0.4318714678683113
0.6010618336379604	0.5566335750942374	0.5122053165505143	0.47125715159753084	0.4319919083870024
0.6302699252278035	0.5861838102476258	0.542097695267448	0.5012017581486725	0.46184854381745044
0.6041316259629639	0.558144332798507	0.5121570396340501	0.46804828318559477	0.42484795928383046
0.6339385075529282	0.5903077588244433	0.5466770100959584	0.5067574712556193	0.4686326185778002
0.6204900963527574	0.5757729789961509	0.5310558616395443	0.4892219204404146	0.44878224054956045
0.6546537303095713	0.6193856983288326	0.5841176663480939	0.552232792426869	0.5219839636601962
0.6150651644590547	0.5680547145617496	0.5210442646644445	0.4762144251920878	0.4324390966402807
0.661545571513856	0.6180386992095176	0.5745318269051792	0.5330443510334297	0.4925334253820776
0.7580599892178227	0.7254108895012203	0.6927617897846179	0.6626096759155508	0.6336650674378906
0.6797235643862964	0.6418343537567046	0.6039451431271129	0.5682949919670455	0.5337276168202265
0.6238873638030425	0.5762434026599789	0.5285994415169152	0.48265846833856973	0.43754103492955393
0.6455895202262745	0.6057789947976681	0.5659684693690616	0.5288161593291524	0.4929493228999733
0.6322227292289414	0.5869522367860586	0.5416817443431757	0.49826098420947407	0.45573472723773495
0.6212736522572073	0.5753875854301143	0.5295015186030211	0.48631571733010875	0.44443572450545915
0.709019305734834	0.6678278414988612	0.6266363772628886	0.5869145815568191	0.5479034957953779
0.5865008575189983	0.5393162015337313	0.49213154554846433	0.44645175117176006	0.4014996855915385
0.6466553455727457	0.6075012416959445	0.5683471378191434	0.5304903773358917	0.4932609929123658
0.6144172866358113	0.5673587219098419	0.5203001571838727	0.4777876344016571	0.43747351020550646
0.6535214088589095	0.6118105709162425	0.5700997329735755	0.5298193160707866	0.49023062960745517
0.6214425026322844	0.5788296963905949	0.5362168901489053	0.4949340024030017	0.4542942435540354
0.6822864675957774	0.6458585440981309	0.6094306206004845	0.5739677318397512	0.5389715195917695
0.5675144737226502	0.5210228364319399	0.47453119914122976	0.43078412420304285	0.3883642789890437
0.6428917760447259	0.6007749722734084	0.5586581685020908	0.5165729699193983	0.47450305513805335
0.6758270137499244	0.6411500686281251	0.6064731235063258	0.5750183227461116	0.5451217032997189
0.6035619994084951	0.5612515429362517	0.5189410864640083	0.47999307918664114	0.442671102563454
0.6560554849060886	0.6173275493842386	0.5785996138623886	0.5417723682006341	0.5058642680181077
0.6933704774172242	0.6543060259532745	0.6152415744893248	0.5795235753841453	0.5454238711000162
0.6213425094587565	0.5787815151716863	0.5362205208846162	0.49722924648989586	0.4599642357902943
0.6000774486482624	0.553779449249762	0.5074814498512616	0.46448682339448594	0.4230896591904091
0.6645607589977311	0.6241946334191311	0.583828507840531	0.5458106130941321	0.5089282880158397
0.7312713732222371	0.6984513984547224	0.6656314236872076	0.6341133601368314	0.6032248815780481
0.6381268720290626	0.5940466720995773	0.5499664721700919	0.5081173574121032	0.4673471624148851
0.6311380099490771	0.5873870835674939	0.5436361571859109	0.5030048800947725	0.4638822192183517
0.658725692938608	0.6198213047102714	0.5809169164819349	0.5443429156157604	0.5088958555797294
0.6369246808043059	0.5984420668882708	0.5599594529722357	0.5248088619779462	0.4912695879425699
0.6656452369252487	0.6239407268298843	0.5822362167345201	0.5415386196028986	0.5013279506745738
0.6274329301373323	0.5860465164258181	0.544660102714304	0.5071566913840272	0.47153104252277656
0.6209690746583573	0.5786452581862694	0.5363214417141815	0.49616910909589623	0.4570668739234609
0.6501883530844875	0.607016782958191	0.5638452128318945	0.5217584860440664	0.4801963734350995
0.6254387797516284	0.5816556785599012	0.537872577368174	0.49490582864558547	0.4523338558920905
0.6214799305196891	0.5793509325633974	0.5372219346071057	0.49659251933361626	0.45668828004625894
0.6449414716292042	0.6030416835775841	0.561141895525964	0.5198051135338593	0.4787405929376012
0.6606912762327664	0.624981495823269	0.5892717154137715	0.5560504855181237	0.5240326818113862
0.6702632540166156	0.6331625038201448	0.5960617536236742	0.5633731014331642	0.5328180745232594
0.6389364874653957	0.5971206232770886	0.5553047590887816	0.5164027948721451	0.47890994954550414
0.6513592143101885	0.6115254593499014	0.5716917043896145	0.5344552732001125	0.4984748693363357
0.6822962928279636	0.6426868634069142	0.6030774339858647	0.564737063161996	0.527010390289047
0.651721466888757	0.6131644284531459	0.5746073900175347	0.5387351100718389	0.504161139587688
0.6674777294872432	0.6231994385680732	0.5789211476489033	0.5356132923759	0.49277472541541034
0.703359240849393	0.669166268678601	0.634973296507809	0.6028182410610945	0.5716486919735735
0.6234918957974864	0.5816762490055141	0.5398606022135417	0.5002645466106652	0.46174185244882304
0.6109953363270113	0.5670017595479957	0.5230081827689802	0.4807359951724547	0.4392962459017684
0.5840190209885946	0.536577101718757	0.4891351824489194	0.4455545610971948	0.4038412062574342
0.6333716964298352	0.5872147976667551	0.5410578989036751	0.4976714838399643	0.4556248336800458
0.652711039750582	0.6112361367797096	0.5697612338088371	0.5308505557992067	0.49317989902098885
0.6058523977256834	0.5647004516458992	0.523548505566115	0.48432229298084173	0.446027336605663
0.569979852121921	0.5265116874125171	0.4830435227031131	0.44296576117935227	0.4045275484458855
0.7054499397155988	0.6692856807622877	0.6331214218089767	0.6008375568846016	0.5704301930686925
0.6613773857992518	0.6164921422780475	0.5716068987568433	0.5281002185200525	0.48526019107985957
0.6222205769476187	0.57849097623121	0.5347613755148015	0.493878642595319	0.4543726127984452
0.6459431358271109	0.6096182694751131	0.5732934031231152	0.5400301635875504	0.5082474814572144
0.5811893663578394	0.5324071598202649	0.4836249532826903	0.43714043614373005	0.3917670475837901
0.6782084341036977	0.638274912585991	0.5983413910682843	0.5591000041509921	0.5201933232803542
0.6865104637914866	0.647175955703415	0.6078414476153435	0.5697982462979371	0.5323795018187932
0.6712511238123511	0.6314351780777335	0.5916192323431161	0.5541717050768648	0.5178695099207186
0.6462488925416474	0.6121534849830681	0.5780580774244889	0.5465752206251452	0.5163557546977264
0.6915195133041642	0.6553732475370064	0.6192269817698487	0.5869006442269957	0.5564215674246029
0.7115634563761652	0.6699775337543179	0.6283916111324706	0.5900651545740452	0.5533149275519527
0.6738318455849586	0.6364820641650917	0.5991322827452248	0.563176152837272	0.527893972169376
0.6949082655987181	0.6557482866558992	0.6165883077130804	0.580301713400331	0.5454046453581528
0.6260053833164845	0.5829847765080183	0.5399641696995521	0.4990414675645651	0.4591332810730627
0.6491088911857812	0.6166970867195181	0.5842852822532548	0.5569820098103997	0.5321491478292338
0.5475751695602684	0.5003796960378186	0.45318422251536894	0.4101762501311176	0.36919329130707085
0.6685265188996844	0.6309059628745082	0.5932854068493318	0.5577031123883387	0.5231064910461094
0.6652828888290503	0.6243963852920688	0.5835098817550871	0.5440856282902349	0.5053684973136517
0.639511554010149	0.6005077959364944	0.5615040378628396	0.525768856671442	0.49161431087349294
0.6839464011138068	0.6434218070974922	0.6028972130811777	0.5630751382777042	0.5235927913657241
0.6144223517625018	0.5746585878010784	0.5348948238396549	0.4998199619486452	0.4670125836861043
0.630090858172908	0.5822922021697654	0.5344935461666229	0.4880210957992729	0.4421899788447312
0.6814544396246948	0.6414852391768373	0.60151603872898	0.5632795971115532	0.5258810920133977
0.6444724816924265	0.6070989489976435	0.5697254163028604	0.5352204625776276	0.5021027111766803
0.606405294004954	0.5632968023365093	0.5201883106680645	0.47801265758802	0.43628811143992613
0.6907410223112999	0.6524822799081742	0.6142235375050487	0.5769298059748551	0.5401027394171453
0.5995170429998464	0.5543804408733799	0.5092438387469134	0.46709014117374276	0.42637893208472327
0.6098374687237713	0.5643157681533096	0.5187940675828479	0.4742033867562052	0.4300629332951993
0.6244893678522311	0.584061082730247	0.5436327976082631	0.5082193722098847	0.4752310587357014
0.6218833472467026	0.5815785333223663	0.5412737193980302	0.5044893658292188	0.46940745477273765
0.6253777583937622	0.5833449930469274	0.5413122277000927	0.5029456171253038	0.4663519047258684
0.702916875293762	0.6645618543990728	0.6262068335043836	0.5897683214351236	0.5542566046625487
0.6045796619869789	0.5661311230091258	0.5276825840312728	0.49292472988956704	0.4599516362990801
0.61202800808327	0.5635943867742532	0.5151607654652364	0.4674566010113415	0.4201051910939723
0.6597160944042698	0.6249866949065871	0.5902572954089044	0.5593234712602142	0.5302251311619939
0.6775234283648752	0.6414877114928218	0.6054519946207685	0.5725656590305799	0.5412023176060178
0.6457732197193248	0.6000266628427301	0.5542801059661355	0.5104471845519862	0.46753966891871934
0.6553009800754684	0.6123777573321122	0.5694545345887561	0.5269542778652324	0.4846585612474663
0.6326022779486129	0.5878165644898291	0.5430308510310454	0.4995741455599032	0.4567601286774385
0.6303464135979807	0.5882274356656797	0.5461084577333788	0.5070569579369728	0.4694888451572665
0.6357867539299221	0.5928810111891427	0.5499752684483634	0.5093335591377269	0.4697867028779886
0.6591266669242052	0.6185102555948037	0.5778938442654022	0.5391747345993253	0.5013731319306756
0.6212380084140138	0.5787010467787793	0.536164085143545	0.4958353459807058	0.45657447051580297
0.634984435872204	0.5962554077574004	0.5575263796425967	0.5224773080221536	0.48920780888565957
0.622684270785265	0.579668355858919	0.5366524409325729	0.49877247284452025	0.4633761726167965
0.6551173182527446	0.6161100604673533	0.5771028026819621	0.5408801620667795	0.5060041210926604
0.6872442734140553	0.6489595130041925	0.6106747525943298	0.575857374402655	0.5427167709218437
0.6750461991811643	0.6367547361819936	0.5984632731828231	0.5637480199413705	0.5307621687978551
0.6315531281249636	0.5867196620707533	0.541886196016543	0.49897003474861346	0.4569810536922538
0.6167609923730004	0.5742622432566585	0.5317634941403168	0.4923438601416118	0.4544132406317074
0.6476683841040666	0.6044875814065113	0.561306778708956	0.5205017431085621	0.4808455933063724
0.6550950894282823	0.6131257958620668	0.5711565022958514	0.5322099843725359	0.49472523600206686
0.6153857985525656	0.5740481069811655	0.5327104154097655	0.4955282034983615	0.46035552003433783
0.6112945862770977	0.5698713473094498	0.5284481083418019	0.48926389566042183	0.4511624429453586
0.658487000016748	0.6151248064880686	0.571762612959389	0.5311014368423891	0.4917464327608081
0.6502560032274819	0.6105529439829855	0.5708498847384893	0.5335505617317227	0.4974136499854941
0.6023503527900775	0.5545455345161653	0.506740716242253	0.4600721029285135	0.4139529415135528
0.6751435614017187	0.6388617468067426	0.6025799322117663	0.5705939094422364	0.5406852680061688
0.6515149932324634	0.6130818463831642	0.5746486995338651	0.5390647631834571	0.5048586628516476
0.6647290174095233	0.6182036205353558	0.5716782236611883	0.5256068606277222	0.4797550616382693
0.6386951990389079	0.6026308142740274	0.5665664295091468	0.5339592450426544	0.5030239114613395
0.6373418085033622	0.5990524607585128	0.5607631130136634	0.5249727054892497	0.4903907484620456
0.6375487782291118	0.6007139096409608	0.5638790410528098	0.5303078287781756	0.49831487238278926
0.6472646333224142	0.6034291314695807	0.559593629616747	0.5188215749837216	0.47953095807604845
0.6372014751766789	0.5944589916245452	0.5517165080724113	0.5108399220760848	0.4708656565156847
0.6072576782540189	0.565790413808248	0.5243231493624771	0.4859957922723933	0.44918684789748514
0.6477045842172667	0.6004576500125307	0.5532107158077948	0.5082633216793575	0.46442795109027213
0.6427752674838106	0.6002373367157455	0.5576994059476804	0.516869927549274	0.4768666314255334
0.5942689675529356	0.5517012089223952	0.5091334502918546	0.46897076629352397	0.42997114078348886
0.6279765908916184	0.5863924753055136	0.544808359719409	0.5054137597578199	0.46707797713946175
0.6550641336226558	0.6142669484564185	0.5734697632901812	0.5351025433424366	0.4979104186020428
0.6257709584027532	0.5880117564526435	0.5502525545025337	0.5161228945569146	0.48374842739426105
0.607445069629739	0.5657815846883685	0.524118099746998	0.48667120203914843	0.4512633834966217
0.6444835880203675	0.607521113564371	0.5705586391083745	0.5378162493970852	0.5071146301957524
0.6345825199928117	0.5895498730082195	0.5445172260236274	0.5017693965714076	0.4601264710542438
0.6459490410139573	0.6109990871051524	0.5760491331963473	0.5458978460985033	0.5180671232327401
0.6066300591685736	0.5614564256358905	0.5162827921032074	0.4729695348627597	0.43055592805691023
0.6295587728535829	0.5907594287599119	0.5519600846662409	0.5168085203649797	0.48342096837093623
0.613638828191723	0.5703759850470523	0.5271131419023817	0.4880371183945147	0.4509857788828666
0.641713976846935	0.5999671263994649	0.5582202759519947	0.5198461603049119	0.4831030492785696
0.6209538665733846	0.5743565401315675	0.5277592136897502	0.48224104849517874	0.4372447497042686
0.6100415843042329	0.568666974272428	0.527292364240623	0.4878071082685776	0.44923551595052874
0.6085686362080944	0.5677309138933665	0.5268931915786385	0.4879420537034022	0.4499032401348013
0.6212738323197532	0.5819018140456622	0.5425297957715711	0.5056849748097711	0.47006226905649484
0.6645830572427047	0.6316250165626127	0.5986669758825206	0.5694488649789188	0.5420393287506814
0.6086321067211516	0.5635078400342459	0.5183835733473401	0.47612440746790724	0.4352507619250686
0.6154094109725704	0.5698816807878315	0.5243539506030928	0.48238833507462	0.44214530546168107
0.7115764282713268	0.6755993260718208	0.6396222238723148	0.6036424072247	0.5676612779101635
0.6840252228332854	0.6453519920067862	0.606678761180287	0.5690426484999512	0.5319080708019844
0.6305938330786122	0.5846249904639893	0.5386561478493666	0.4953024359309062	0.4532133625036763
0.5859240223476117	0.5401170598585664	0.49431009736952114	0.4517532049467778	0.4107679982952551
0.5370671205708794	0.4900614351472565	0.4430557497236336	0.3986235053129565	0.35543573887986474
0.6413873584855198	0.5993468720106608	0.5573063855358019	0.5165851755312079	0.47650194809754964
0.6491655534065723	0.6042658141243772	0.5593660748421819	0.515963264426137	0.4732843466497776
0.6199961282193424	0.5760373512659573	0.5320785743125723	0.48934499097875933	0.4472038931420552
0.617553069186463	0.5736402863442148	0.5297275035019666	0.4874500553222306	0.4459634307763922
0.568649773627026	0.5215429179369634	0.4744360622469008	0.4301046247011706	0.3871153382837692
0.6635474085046916	0.6270204793459305	0.5904935501871694	0.5562852159273646	0.5231981198370682
0.6542067355498704	0.6068688825849192	0.5595310296199681	0.5130696556804416	0.46703213402253707
0.654531001073252	0.6176324665725724	0.5807339320718928	0.5477818165021927	0.5167381307061785
0.6834503434053245	0.6430026901105388	0.602555036815753	0.5647444247899042	0.5282090468839233
0.6688715148404882	0.6310111179876235	0.5931507211347589	0.5573413448492016	0.5225238117474397
0.6597959798072969	0.6190584943741905	0.578321008941084	0.5403185649111487	0.503638746415239
0.6357489102156372	0.594146672905553	0.5525444355954688	0.513612918967902	0.4759729233260328
0.6597760231785111	0.6225285550083697	0.5852810868382281	0.5507546363599344	0.5175440297564722
0.616944835113284	0.5800694966657685	0.543194158218253	0.5113886049034477	0.4820347246275849
0.6655018859987426	0.6259674788411741	0.5864330716836057	0.5491330929577838	0.512913650743897
0.6557594774803128	0.6153141459657631	0.5748688144512134	0.5362817479567805	0.49859331091700354
0.5859189553312357	0.5443048452659354	0.5026907352006349	0.4649376109414922	0.42905160226159217
0.6271368512861683	0.5796080082465817	0.5320791652069949	0.485070307008635	0.4383129057818278
0.6682673476353538	0.6325269241980065	0.5967865007606592	0.5642535182978535	0.5332716068085586
0.6629719275106307	0.6183165699446922	0.5736612123787537	0.5305544893692222	0.4881966631057525
0.6422895031402941	0.6004151752460656	0.5585408473518372	0.5192916425579881	0.48131190843412464
0.6430660288545726	0.5972106908886518	0.5513553529227309	0.5070419994083664	0.46347432674780326
0.6737135664242822	0.6347832743207814	0.5958529822172806	0.5578113242315742	0.5201993965502203
0.6359392495442387	0.5909238819845044	0.5459085144247701	0.5029093743378016	0.460885252009172
0.6438394990173332	0.6023992782457693	0.5609590574742054	0.5224598351502874	0.48538283613819067
0.6540418370990783	0.6191375425187091	0.5842332479383399	0.5546941457334275	0.5277495711369493
0.707789674692226	0.6689219088399063	0.6300541429875867	0.5913125226950043	0.5526319045276986
0.6849151744447899	0.6430142490408501	0.6011133236369105	0.5601930463741248	0.5197469960352464
0.6063956133421725	0.5648429585994663	0.5232903038567601	0.48569884258232116	0.4500229558290838
0.615364788555626	0.570485261675157	0.525605734794688	0.48380375596315073	0.4434900338091865
0.5901822120202358	0.5465637242812736	0.5029452365423115	0.46217560616232545	0.42278364102770283
0.6754944740061213	0.6298262703407009	0.5841580666752806	0.5396276286083318	0.4956473971417401
0.6567662064512979	0.6163497322262727	0.5759332580012475	0.5379082120124199	0.5010396253167926
0.6318464381817271	0.5887255968706152	0.5456047555595033	0.5048597315815253	0.46526361769512403
0.6027214671104245	0.5625778565660786	0.5224342460217327	0.48514224103290277	0.44922923027659944
0.6618457015186117	0.6185390374280263	0.5752323733374408	0.5329692619283042	0.4912107971475458
0.6285698780489275	0.5903210245059977	0.5520721709630678	0.5166770756796295	0.48266201564449285
0.6085150560274715	0.5671961344806172	0.525877212933763	0.4888801604934471	0.4539730999736911
0.6435088551171706	0.6045991254078146	0.5656893956984586	0.5314233038776992	0.4994028065971563
0.6162737242539554	0.5699630081060736	0.5236522919581916	0.48068347270364337	0.43933074531449756
0.6770266759872934	0.6378257064259946	0.5986247368646958	0.5619010729102756	0.52637539727422
0.6769836384588414	0.6332864732151623	0.5895893079714833	0.5459418250078961	0.502318367659483
0.5658217454615199	0.5245499471030683	0.4832781487446169	0.4455965796091696	0.409651192177533
0.6298944403848777	0.5866019395416076	0.5433094386983373	0.5019862329095076	0.46161534905628493
0.6574823961646362	0.6142818390891845	0.5710812820137329	0.5305415933774373	0.49128866132779914
0.6287648315783694	0.5846569255925765	0.5405490196067836	0.49845373253492076	0.4573317181757637
0.62131067324889	0.5769404272168293	0.5325701811847685	0.49164140697695863	0.45237687759707224
0.6802994795290904	0.6491252948349848	0.6179511101408792	0.5901251773856434	0.5639184097017538
0.6042545192607534	0.5564897519431747	0.5087249846255961	0.4634172118605863	0.4192976052887544
0.5825220233016548	0.5308058929349015	0.4790897625681484	0.4288917765588281	0.3794279426867111
0.6262818367022706	0.5809849404436253	0.5356880441849801	0.4930071508410684	0.4515913177803761
0.6321763005833699	0.5916026506216088	0.5510290006598476	0.5128331158767818	0.47578708313457124
0.6436869303100807	0.6032280648796821	0.5627691994492834	0.5241872937205048	0.4865130579176081
0.6297208711101561	0.5886084628181871	0.5474960545262182	0.5109850664893718	0.47669925717016803
0.6080993366786732	0.5642686124586165	0.5204378882385597	0.48075912921012853	0.44308819908420044
0.6518520734236464	0.609758119056387	0.5676641646891277	0.527978781285303	0.48945814714379576
0.6245290263490582	0.5773004783781752	0.5300719304072923	0.48554110648025206	0.4423148619646988
0.6201363369194962	0.5710219649245639	0.5219075929296316	0.4751756774199781	0.42959588259759507
0.6589839464570075	0.6176643218866233	0.576344697316239	0.537553049937385	0.49998389490510947
0.6735891822689357	0.634472150689034	0.5953551191091321	0.5587478184121324	0.5233541864169702
0.6328180178249221	0.5868643069184168	0.5409105960119116	0.49734100131353276	0.4549243299198235
0.6906803735046976	0.6552807215869195	0.6198810696691415	0.5857929048753943	0.552338955840055
0.6411815666646313	0.5971166221431136	0.5530516776215958	0.5096327704161032	0.4665262772929415
0.675576059039023	0.6364037438099096	0.5972314285807963	0.5606295161195578	0.5252706123855655
0.6969555296019173	0.660240428617947	0.6235253276339765	0.5881820810358531	0.5535022429102971
0.6056757369593497	0.5617515667157216	0.5178273964720934	0.4766078601242753	0.4366962446900646
0.6294665066232958	0.587574688752375	0.5456828708814541	0.5051909156313281	0.46537591322156663
0.5906557192171169	0.549764467069305	0.5088732149214932	0.47109548756722053	0.43482341471162655
0.6324591675908517	0.5930471764582	0.5536351853255483	0.517267793934263	0.48237272590676683
0.6590294590234012	0.6229264029657243	0.5868233469080474	0.5550365471522581	0.5253370250477896
0.6460402537984293	0.6108062985316369	0.5755723432648446	0.544159936787352	0.5145955747315606
0.6183686901144214	0.5750843791507209	0.5318000681870203	0.4918045532086424	0.45339945128263925
0.6741077075325929	0.6315958270996805	0.5890839466667682	0.5471769704331699	0.5055625169155804
0.7260057050878377	0.6862129942841361	0.6464202834804345	0.6071520313903804	0.5681373997703522
0.5915410442497226	0.541367020218476	0.4911929961872294	0.44288802054778476	0.39548688904191004
0.5665904889063296	0.5225245289129296	0.4784585689195295	0.43935374408887307	0.4026480507800975
0.646928538411062	0.6026807373964042	0.5584329363817464	0.5171283886052062	0.4772471545237801
0.5714186314208887	0.5263811794355658	0.4813437274502431	0.4407447706918294	0.40229220451929654
0.6352643847354382	0.595054178074521	0.5548439714136038	0.5179264858744168	0.48260131152546487
0.6565369600010744	0.6170289751896834	0.5775209903782923	0.540548251111858	0.5048015190601214
0.6430442990119436	0.600776707005555	0.5585091149991663	0.5184147006816808	0.479371202923625
0.6267810831954848	0.5845137308140529	0.542246378432621	0.5040837987099785	0.46790622627958034
0.5542912114124704	0.5066190271028836	0.45894684279329695	0.41496624509587193	0.3727708440351966
0.6572259701484933	0.6165853035749217	0.5759446370013501	0.5384071102364483	0.5023702159452779
0.5694281051279059	0.530884721293803	0.49234133745970027	0.4595029945315548	0.42942352493020114
0.5890566565957444	0.536778335472493	0.48450001434924156	0.43361785972738826	0.3834108705572752
0.6163295219081286	0.5697672533135776	0.5232049847190267	0.47975644108515153	0.43781364874781914
0.6148194932087587	0.5688537910436762	0.5228880888785937	0.478434377885221	0.4347118434395254
0.6238437040763689	0.5846731036033679	0.5455025031303669	0.509499246696387	0.4750276709514807
0.6134359160036776	0.5716742749583795	0.5299126339130813	0.49132647865284335	0.4542759413095358
0.6354652103502866	0.5977169161592075	0.5599686219681284	0.525371312521563	0.4922977726514242
0.6379988685366019	0.6008751904536187	0.5637515123706355	0.5288511071967539	0.4950258438891986
0.6544897395327169	0.607114466983166	0.559739194433615	0.5126933243393891	0.46580674839620534
0.69307325712276	0.6500166545887451	0.6069600520547302	0.5654260814561369	0.5246284331210299
0.685996420986191	0.6537970749212134	0.6215977288562358	0.5933376880459927	0.5669826369409118
0.649299072443216	0.6104912846147983	0.5716834967863804	0.5363627166096722	0.502728201712951
0.5903929097927421	0.5462654537411056	0.5021379976894692	0.46044082621847704	0.41991890439364443
0.6088695020587208	0.5626014228795527	0.5163333437003845	0.47275559193783306	0.4304788426873388
0.6859564303762857	0.6461535322614266	0.6063506341465675	0.5674819832576974	0.5290651204970627
0.6596935098373392	0.611883493216256	0.5640734765951727	0.5160142698196366	0.4678345583743264
0.6095694476102426	0.5667633821625775	0.5239573167149125	0.4832411080159032	0.4435355231030724
0.6399022478433287	0.5981339642554608	0.556365680667593	0.5173570114681755	0.4796828509346952
0.6723042418681167	0.6343161774564706	0.5963281130448246	0.5622823298083102	0.5301429753880074
0.6212720555365719	0.5808486172021518	0.5404251788677317	0.5043505104431931	0.4703788427694815
0.6823073769303499	0.6377209778349581	0.5931345787395663	0.5491284601185595	0.5054029565447065
0.6047563599735262	0.5619739378936873	0.5191915158138485	0.4798075239062145	0.44206696252074745
0.6077113634224114	0.5617725377240821	0.5158337120257528	0.4715331814565527	0.42802490615908034
0.6562879987659865	0.6148580313185785	0.5734280638711705	0.5334067786358601	0.49406671126470614
0.6392562657249693	0.6009075423744674	0.5625588190239655	0.5267539740549338	0.49217931101254053
0.5843811591596368	0.543382398167189	0.5023836371747411	0.4652183207606715	0.4299068013958007
0.6504365694808262	0.609947857891927	0.5694591463030277	0.5339552529919481	0.5008619440066039
0.6948821222345221	0.6551413450622998	0.6154005678900777	0.5766533899370735	0.5383867018576054
0.6523561678670116	0.6150888502793432	0.577821532691675	0.542179104134457	0.5073224478581048
0.6353686291344253	0.5950894184753086	0.5548102078161921	0.5173974816515058	0.48137094495394295
0.6296567024768799	0.5912985989665711	0.5529404954562623	0.5178835683775429	0.48442304135173736
0.6602962222933028	0.6148420405392504	0.569387858785198	0.5238996462008747	0.4783949768108122
0.6325422232458167	0.589516983597781	0.5464917439497455	0.5053735646782508	0.46517761157343007
0.6663772705571684	0.6288195137451109	0.5912617569330533	0.5564788013259202	0.5230376985043512
0.6503003911396947	0.604260075531022	0.5582197599223492	0.5139916407110063	0.4706398728503228
0.6411255353710518	0.6054125359761715	0.5696995365812911	0.5367756711055479	0.5052005895037858
0.6334259903815311	0.5906148290644321	0.5478036677473331	0.5075366884294578	0.46850003786327155
0.636352091160553	0.5939732657196057	0.5515944402786586	0.5108405295902659	0.47087240362156785
0.6812719497378213	0.6460931383020849	0.6109143268663486	0.5777030649447015	0.5454432808411881
0.6228503293744099	0.5792409766862042	0.5356316239979986	0.49323954527719444	0.45143612222694907
0.6933663248910265	0.6518029144565122	0.6102395040219979	0.5699141991929247	0.5301876239061825
0.6590528421078871	0.6167394377671824	0.5744260334264779	0.534085868192083	0.49469993217839275
0.6364207935182624	0.5967704973666461	0.5571202012150299	0.5206748713399972	0.4857794157111774
0.6596882105324849	0.6188328628006436	0.5779775150688022	0.5391212567828805	0.5012317285592199
0.6753488807124847	0.6358685049165145	0.5963881291205443	0.5591926354743826	0.5231020770113126
0.6026884727856431	0.5571223764881095	0.5115562801905759	0.46751611261581644	0.4242138615821026
0.6880335467178736	0.6391919672405966	0.5903503877633195	0.5413248265810765	0.4922102945699094
0.6324191095537989	0.5888719204755509	0.545324731397303	0.5040013369284743	0.4637533366125225
0.6317209242933413	0.584325685934184	0.5369304475750267	0.4927918084759868	0.4502280125696409
0.6230762023756949	0.5791535536143428	0.5352309048529907	0.4930641967088671	0.4517466354529355
0.6050795836173193	0.5607159219084659	0.5163522601996123	0.4753342454127582	0.43593413594965535
0.651065592657492	0.61059599478358	0.5701263969096678	0.531010819678016	0.4925500267845372
0.6690088044167775	0.6276336099724533	0.5862584155281292	0.546847626959146	0.5083867959911351
0.6421396873134934	0.6017300146402782	0.5613203419670632	0.5244253952687417	0.4892301180211669
0.6472912731729151	0.6030038752502587	0.5587164773276023	0.5167009863160763	0.475784155854298
0.6914281737287441	0.6523664956313713	0.6133048175339986	0.5754911079498215	0.5382808974641586
0.599255148618236	0.5553957426008906	0.5115363365835452	0.4705438113254038	0.4309376671621641
0.6250971298148743	0.5863515702921771	0.5476060107694799	0.513307316000389	0.4811590591963905
0.6840891121493899	0.6413993933781125	0.5987096746068351	0.5574059829777663	0.5167725535564331
0.6690962476262203	0.6302703286341533	0.5914444096420863	0.5548371822789496	0.519302881342868
0.6497538232380184	0.6121124843892634	0.5744711455405083	0.5391253010308091	0.5048895236018229
0.6449568869517227	0.6079367789631418	0.570916670974561	0.5369656241098117	0.5044987297712944
0.6025708464926162	0.5584537528947461	0.514336659296876	0.4739433685469431	0.43535085372846355
0.652524607311684	0.6066162744851281	0.5607079416585722	0.5167025482636739	0.47361738820750915
0.6512058585313973	0.606682202697765	0.5621585468641326	0.5182893513860388	0.4747366432474928
0.6083638323610666	0.5667047292809447	0.5250456262008227	0.48786431008588604	0.4528483854598001
0.6253992238379359	0.578707375919712	0.5320155280014881	0.4889275824757225	0.44758243079610305
0.6673567520120136	0.6248514993491007	0.5823462466861878	0.5411705531055657	0.5006378146148354
0.6463730832105636	0.5987381070089525	0.5511031308073414	0.5046567999936995	0.45878528049341016
0.6295782361576696	0.5881429098958013	0.5467075836339331	0.5078411257399996	0.47021693456021607
0.6216390547807811	0.5756489270359569	0.5296587992911329	0.4853885384686906	0.44194997982963424
0.6201390150640819	0.5765768422735345	0.533014669482987	0.49009437669671335	0.44748448757835074
0.6472039538614052	0.6032373471873061	0.5592707405132071	0.5167762793638531	0.4749937259971641
0.6357214005368338	0.5940122558855548	0.5523031112342758	0.5140097313939683	0.47736816485051947
0.6462894062323045	0.6051071330241318	0.5639248598159592	0.5242681636944031	0.4853492140678522
0.7053869898924126	0.6659691858949499	0.6265513818974873	0.5872144481576806	0.5479166220773029
0.6104432814617635	0.5680620282439961	0.5256807750262288	0.48727847000409064	0.45080032542647186
0.6480885118035192	0.6065984629281411	0.565108414052763	0.5257673848532134	0.48746558975559684
0.655479753669248	0.6141712576193589	0.5728627615694698	0.5320066404910154	0.491369281251954
0.6032584837319852	0.5561988315789139	0.5091391794258426	0.4640456798850856	0.41990298264144293
0.6795938702600034	0.6398682089983944	0.6001425477367854	0.5621506408623773	0.5249971519437566
0.6141870970104368	0.5715605080768764	0.528933919143316	0.48955210188238146	0.45173940816792113
0.6669534612456467	0.6239799779078165	0.5810064945699862	0.5392188503432842	0.49800466035599716
0.645754455390088	0.6034821461597477	0.5612098369294074	0.5220245876435774	0.48433219484721146
0.6486194849830583	0.6075532955439739	0.5664871061048894	0.5283001055213574	0.491505438045917
0.5943194728490653	0.5556674989860162	0.5170155251229671	0.48186447250722897	0.4484064135803386
0.5971468745309406	0.5563771061878037	0.5156073378446668	0.47890601340630035	0.4441721282125324
0.6466591910462541	0.6093729827343444	0.5720867744224347	0.5379194735100655	0.5052604300449549
0.6491111962038617	0.6135814953014794	0.578051794399097	0.5460539953681233	0.5157641717971853
0.6496132853824726	0.6093582033117906	0.5691031212411085	0.5313278813130787	0.494751856334564
0.646300141489519	0.5964206351660626	0.5465411288426062	0.4966444631374038	0.4467394994092101
0.6522242486568011	0.6109345309625354	0.5696448132682695	0.5282153647070181	0.48671834436701683
0.5309138511165397	0.4848378311016505	0.4387618110867614	0.3953511586777835	0.3532294385859016
0.6274895798530652	0.5833060923957923	0.5391226049385195	0.49624047398738963	0.45398765977782696
0.7036480809037386	0.6694202350347819	0.6351923891658251	0.6037085233621279	0.5735516056971176
0.6497962048101978	0.6102453631496341	0.5706945214890702	0.534667761528109	0.5003451953078654
0.6028729530067546	0.557745306149956	0.5126176592931574	0.4688342387145601	0.42570086606466906
0.6236161263027915	0.58166498071484	0.5397138351268884	0.4997905574437526	0.4608479266595745
0.6400222524228925	0.598274425771566	0.5565265991202395	0.5171998554486165	0.47904391166515525
0.6281935817498849	0.5843287077528844	0.5404638337558837	0.49792911027918146	0.4560376279030359
0.5989243069713367	0.5600268708796696	0.5211294347880027	0.48600220558960244	0.4526981926320287
0.6339309278059135	0.5892863974163499	0.5446418670267862	0.502910783654181	0.46258860012937764
0.6905459054954285	0.6478981887202194	0.6052504719450102	0.5626367482968625	0.5200394632217401
0.6237801781361744	0.5834493431314878	0.5431185081268012	0.5063434875348718	0.47128800615398186
0.6365631446496351	0.5971803504215828	0.5577975561935304	0.5221863135486056	0.48839893741661733
0.5981495468591134	0.5514337904507086	0.5047180340423038	0.4612954109590006	0.41946529840138097
0.6277747390121109	0.5859410643437758	0.5441073896754406	0.5061909093649446	0.47016872625719375
0.6257808265344209	0.5888923848429389	0.552003943151457	0.5191477996296885	0.4882416158101331
0.5992530898929245	0.5592973167242182	0.5193415435555121	0.4826166367129553	0.4474541289971664
0.6602061736012167	0.6213257630027194	0.5824453524042221	0.5451475274143118	0.5086150173966983
0.6384888600485221	0.5942702841627187	0.5500517082769152	0.5066502720115744	0.4636439923700547
0.6580800147682454	0.6205144383707986	0.5829488619733517	0.5482649530294462	0.5149745758069273
0.663429706557763	0.6275937761194157	0.5917578456810684	0.5588355399054492	0.5273222198844962
0.6884115021405611	0.655780609902973	0.623149717665385	0.5936062404037084	0.5655557913194257
0.6816158880127959	0.643296760558008	0.60497763310322	0.5684508774270886	0.5327908862095021
0.6348195755990899	0.5974141176659223	0.5600086597327547	0.526315244266974	0.4944169175867089
0.7437915488388651	0.7100736211255235	0.6763556934121819	0.6436427762341753	0.61141586727325
0.65147929657048	0.6107295077781681	0.5699797189858564	0.5296160993340573	0.489439225361904
0.6585261156742601	0.6190182977252299	0.5795104797761997	0.543840712480234	0.5100269696629987
0.626924590794875	0.585616334772746	0.5443080787506169	0.5054378694774814	0.46774666352021077
0.6256194362818076	0.58539918239558	0.5451789285093523	0.5093436750116639	0.47562894278793844
0.6375100242922793	0.5944970822928538	0.5514841402934283	0.5111186699645575	0.472033477743369
0.6345973856629153	0.5925896178430524	0.5505818500231895	0.513152011762891	0.4779359924676109
0.6291295818629313	0.5879166345819542	0.5467036873009771	0.5098450787008101	0.4750921638266531
0.6473208712052672	0.6067198106940732	0.5661187501828793	0.5286081469996126	0.49259204323013683
0.6521162527737973	0.6159890488161187	0.5798618448584402	0.5469542599392275	0.5156036351249599
0.6200673234953992	0.5797178957034949	0.5393684679115904	0.5000422667855252	0.46121088292758805
0.6795286114659801	0.6357037301128424	0.5918788487597048	0.5490156321577939	0.5066174623934446
0.6213896777961002	0.5763203871925839	0.5312510965890678	0.488182985254962	0.4460826145908207
0.6962982792976204	0.6619502718197263	0.6276022643418322	0.5942157085463738	0.5612940965515639
0.6941528101303227	0.6582773699837416	0.6224019298371606	0.5876121536512139	0.5533473884848598
0.6581304209990343	0.6188448077846795	0.5795591945703248	0.5447580635926214	0.5121255618379353
0.6234061618711015	0.5831200956944214	0.5428340295177412	0.5061935741638475	0.4713160822355702
0.5899636614716736	0.5472060400966374	0.5044484187216012	0.46564545687824793	0.4287549098410899
0.6517431770541324	0.614673221560755	0.5776032660673776	0.5443709957796274	0.5129945732456374
0.6806331193333972	0.6461214965013666	0.611609873669336	0.5792718874449729	0.5479850397063604
0.6307248586020651	0.5931638828870224	0.5556029071719797	0.5220895361946899	0.4905335269493243
0.6337583116044383	0.5979873990147176	0.562216486424997	0.5303685150837893	0.500417620056582
0.6292738552014541	0.5869072559665193	0.5445406567315845	0.5049899431130608	0.46680095009329736
0.6768332090037227	0.639953556682097	0.6030739043604714	0.5686938419129648	0.5355225441255722
0.6215984266840908	0.5731973242465609	0.524796221809031	0.4771269724822792	0.4298116364858151
0.6165689477424687	0.5702540118049182	0.5239390758673677	0.4794258656272958	0.4357839432624393
0.5680242970458609	0.5199925528000628	0.47196080855426475	0.4251644662647342	0.378965546072818
0.5873228549052695	0.5482738149455731	0.5092247749858768	0.4744439299777054	0.4417271208633018
0.6783541472002692	0.6387894712485391	0.599224795296809	0.5603427995306898	0.5217909377961852
0.6526365953310389	0.6099196904379686	0.5672027855448982	0.5273921081074451	0.4889868392448051
0.6683853347874097	0.6296572722737751	0.5909292097601405	0.5542201518942669	0.5184874547874474
0.6538176119813963	0.6128803945107969	0.5719431770401976	0.5321481191845642	0.49290539281061707
0.6283289536250428	0.5895956093796222	0.5508622651342016	0.5161772794974026	0.48345002015331984
0.6647996453078545	0.6241772513934756	0.5835548574790966	0.5456356863588909	0.5090237537644305
0.591131173499564	0.544968180247309	0.49880518699505383	0.45493995255439146	0.4121858802598382
0.6145434473760221	0.5706292211298101	0.5267149948835981	0.4858756818307622	0.446523351278358
0.646771653928156	0.5982786767049434	0.5497856994817306	0.5021436998264609	0.45491322032548925
0.6280298605947645	0.5816685744250947	0.5353072882554248	0.48968793258695925	0.4444273635256095
0.6591686942773677	0.6168058082475678	0.574442922217768	0.5340395157636129	0.4945836846248238
0.6340474653268658	0.5898998934731428	0.5457523216194198	0.5031350938505573	0.46125791782648196
0.64222480925322	0.6082281821610627	0.5742315550689052	0.5451804139064564	0.5185208365284583
0.7362276016154633	0.7023194983390477	0.6684113950626321	0.6354703899060954	0.6029970590837669
0.679391927510142	0.6406726421786476	0.6019533568471531	0.5640109705897216	0.5264442812235784
0.6190592572600042	0.5734129027747603	0.5277665482895163	0.48538870974854503	0.444591477132315
0.5952940456673284	0.5525867690010506	0.5098794923347728	0.4708713057893363	0.43365194446636757
0.6681704043434535	0.6302040552489236	0.5922377061543936	0.5565858809137714	0.5220533251455381
0.5852314993653046	0.5414789561268954	0.49772641288848624	0.45552034279042447	0.41406212420961463
0.6426327307207872	0.6053511781258013	0.5680696255308154	0.5353692514430979	0.504884267463412
0.6361297077723048	0.5981825483654313	0.5602353889585576	0.5259350099899925	0.4933981600557959
0.6909815085561404	0.655637655578211	0.6202938026002816	0.5863458479429525	0.5530729290491
0.6279815521741625	0.57779799609105	0.5276144400079373	0.4782133000091513	0.42919052484614534
0.6151792451593233	0.5717265985651566	0.5282739519709898	0.4866347730914285	0.4458725603527406
0.6414968990047286	0.5982008231327501	0.5549047472607718	0.5123751232117767	0.4702161439181051
0.6009690295451668	0.5544904985419998	0.5080119675388328	0.464267819663732	0.42184597899056087
0.6077344675213835	0.5632297142712974	0.5187249610212112	0.4768248888946307	0.43618440200063513
0.6718419704768241	0.6358421741577022	0.5998423778385802	0.5661072788743836	0.5334673540252813
0.6978175512261453	0.65877721688725	0.6197368825483547	0.5835200509451514	0.5486686234668319
0.6210403482212471	0.5807882229642765	0.5405360977073057	0.5024058474686273	0.4653017045773368
0.6878471163292615	0.6435875952037984	0.5993280740783352	0.5567284236790033	0.5149314621907124
0.6607072181885701	0.627495386442655	0.59428355469674	0.5650317976296203	0.5376950740536757
0.6654073551769027	0.626679855550852	0.5879523559248013	0.5532192749658629	0.5204178357424338
0.6525230377290003	0.6141657378880687	0.5758084380471372	0.540096116463018	0.505662867208607
0.680101322896181	0.6441625144519882	0.6082237060077955	0.5751465896932225	0.5434533453290948
0.6688274836387292	0.6283267456469083	0.5878260076550873	0.550021150326927	0.5135199809788864
0.5701101989748152	0.5164243013526457	0.4627384037304763	0.41088589996788527	0.3599199983348974
0.6225080368927715	0.5828403223568277	0.5431726078208838	0.5057518707679073	0.4694177387622646
0.6287090365906361	0.582645001098338	0.5365809656060396	0.49220092341228583	0.44863523544849016
0.6162478916842433	0.5732600963959669	0.5302723011076904	0.49117656168985147	0.4539629628743911
0.6068984162443248	0.5690223540987687	0.5311462919532125	0.49751248622210775	0.46593017289222666
0.6759629333565395	0.6386705802290362	0.6013782271015329	0.5675225744440183	0.5353288592581393
0.6374352131277282	0.5897000922715687	0.5419649714154092	0.49425606669331096	0.4465598397055507
0.6785498998476449	0.6368285910625003	0.5951072822773558	0.5572273403051425	0.5212050264574802
0.7018139062472203	0.6647845045247665	0.6277551028023126	0.592085753458981	0.5570741053124773
0.6234734803654208	0.5796461318147449	0.535818783264069	0.4954665967370095	0.4567949471195493
0.6871993741142534	0.6478439905741588	0.6084886070340642	0.5709070561673991	0.5341833045224375
0.6483184318533033	0.6114972260380056	0.5746760202227079	0.542490568918206	0.5125468998691187
0.6125904486995974	0.5712088857925559	0.5298273228855144	0.49114742565846603	0.45377401395979655
0.6944109281188229	0.6564445466235047	0.6184781651281865	0.5808552399647916	0.5433984051991133
0.5781310693581055	0.5296421784842195	0.4811532876103335	0.43566626488063526	0.39163090114691324
0.6588305040381945	0.6159741408853978	0.5731177777326012	0.534551959675772	0.49806098571169954
0.6848976019331864	0.6550152334208557	0.6251328649085248	0.598881927049504	0.574387095296059
0.6587594811123001	0.6226895827084136	0.586619684304527	0.5534708878822083	0.5217346931352553
0.6097163398614867	0.5608486261894459	0.5119809125174051	0.46502211256407044	0.41898643502624494
0.631313103502049	0.5889394298376628	0.5465657561732765	0.5053069155913293	0.4645871917844704
0.5698362612332846	0.5255196457912527	0.4812030303492207	0.4400676731355232	0.4004707253068705
0.6442687169397209	0.5988280980413574	0.5533874791429939	0.5092350569689261	0.46570558766073683
0.6717081445712139	0.6327687659263265	0.593829387281439	0.5569299459972485	0.5210169882222082
0.643133083091345	0.6002933376385999	0.5574535921858548	0.5153694149480181	0.47365061931375696
0.6300757777523068	0.5846904657691233	0.5393051537859399	0.49568358423714665	0.4529149344198297
0.6774373375647615	0.6406682533210941	0.6038991690774267	0.5690945696748843	0.535239966059998
0.6307373495943026	0.5862194415505053	0.5417015335067079	0.5003056497030313	0.46041953060457735
0.6896880360843535	0.645645354783161	0.6016026734819686	0.5587394233000801	0.5164465285476222
0.666830798752826	0.6315107474383718	0.5961906961239176	0.5643449027663121	0.5341792091250006
0.6280904064812604	0.5811853064323603	0.5342802063834604	0.48982055803524244	0.44654349392790577
0.6451957381772775	0.6013337146862646	0.5574716911952519	0.514399553579175	0.4717093930790369
0.6187924175988069	0.5740622896350083	0.5293321616712097	0.4861654180057777	0.44375470384326915
0.6295055711320618	0.5905616433760138	0.5516177156199658	0.5153571361606268	0.48039418421427416
0.62292049014249	0.5832352729022798	0.5435500556620698	0.5083488477255453	0.4753160403086572
0.6534943893190731	0.6115906221177752	0.5696868549164773	0.5301384253219145	0.49172900212641624
0.6369118033554677	0.595938144796641	0.5549644862378142	0.5160753349664718	0.47819422056107685
0.654070327774757	0.6064566002264539	0.5588428726781507	0.511722895487143	0.4648416886596246
0.6882624770674887	0.6506501392642329	0.6130378014609771	0.5785554495309336	0.545586712434015
0.6740240185185339	0.6334347709955936	0.5928455234726533	0.5539143336206738	0.5157849559130945
0.6225331583677375	0.5819483859088691	0.5413636134500008	0.5033807577117196	0.4666561503816955
0.6437645249953022	0.5980067088042564	0.5522488926132105	0.5093821830500662	0.46791356985329485
0.6652631527619249	0.6213597927992464	0.5774564328365677	0.533884137810058	0.4904719408857157
0.6520782617179238	0.6129379147375152	0.5737975677571068	0.5374052613308413	0.502341866635577
0.6160211637975039	0.5707525045847851	0.5254838453720662	0.48174924516259093	0.4387564931774385
0.634711802047802	0.5902176074503244	0.5457234128528466	0.5033948541287735	0.462113564853801
0.6304257256821926	0.589124086458023	0.5478224472338535	0.5110139715242548	0.4763783231751607
0.6603614565225924	0.6168832706646129	0.5734050848066334	0.5321489302964826	0.49196731725200604
0.6257860043998996	0.5865716989026364	0.5473573934053733	0.5099439958518984	0.47340149072006016
0.6240353007057289	0.5813027257656315	0.5385701508255342	0.4980260780722874	0.45854033257881943
0.5995710687241551	0.558840316141015	0.518109563557875	0.48078091134798173	0.445097464515147
0.6339075224937802	0.5904292752775883	0.5469510280613963	0.5059444128731823	0.4661330423445661
0.62044973679181	0.5795473654633153	0.5386449941348206	0.4995042335736267	0.46121536190126106
0.7345756787303227	0.7003889622351473	0.666202245739972	0.6336296269046046	0.6018375618030116
0.667452237107355	0.626421431931471	0.5853906267555871	0.5466620119141824	0.5090467022377522
0.6239176765679858	0.5817160579177109	0.539514439267436	0.5008935529350893	0.4640042557438473
0.6039463771885057	0.5564401309204342	0.5089338846523628	0.46391110460099927	0.4200892920477144
0.6494073699884878	0.611097670155471	0.5727879703224543	0.5363976767733655	0.5009355796889988
0.6947247013458149	0.6601675431393663	0.6256103849329177	0.5933084971052092	0.5620972246464655
0.6467443100502142	0.5978855372934941	0.5490267645367742	0.5009470274499992	0.4532440204806519
0.6638303776700362	0.6240728748084986	0.5843153719469611	0.5481138938414988	0.5136320566659904
0.6495376981051207	0.6085489305624678	0.5675601630198148	0.5287076234215388	0.4908881320332299
0.6447612656281115	0.6107560610623536	0.5767508564965957	0.5472101256872539	0.519828348296086
0.6872192944345861	0.6461996616603033	0.6051800288860206	0.5642104356109593	0.5232650406969551
0.5636259760883299	0.5202690243829836	0.4769120726776374	0.43773072342631586	0.40056863370767626
0.6336689374817452	0.5898142362916461	0.5459595351015472	0.5034634517808516	0.4616243759493201
0.5994785788602357	0.5574134818424924	0.5153483848247491	0.47784510991426826	0.44254786464332146
0.5744395632488789	0.5349373741978929	0.4954351851469068	0.4596445232969173	0.42564870105724484
0.6523878691268129	0.6156539672723745	0.5789200654179362	0.5447383096653429	0.5117907339865687
0.5983531299495198	0.5585284315269514	0.518703733104383	0.4830860575846991	0.44950283606162894
0.5980441723299812	0.5584096654233821	0.5187751585167831	0.48412975173560735	0.4518969999182813
0.6215224877309804	0.5812941414631283	0.5410657951952762	0.5043400421208319	0.4693080912636171
0.5836145504640047	0.5363973051227425	0.4891800597814802	0.445836013456112	0.4043649888374151
0.574145835344306	0.5280375097387776	0.48192918413324914	0.43894871585833295	0.3974808330848504
0.6433642062970975	0.6011174266244085	0.5588706469517196	0.5205021974589175	0.4840092510277337
0.6851800346224713	0.6526765027771151	0.6201729709317587	0.5902177764387615	0.5614949201647152
0.6754457324871851	0.6378175719510629	0.6001894114149408	0.5656244493733708	0.5325408047773014
0.7467717542451274	0.7124697566212329	0.6781677589973383	0.6459331364521902	0.614698265890463
0.6454905696535039	0.5968907818280328	0.5482909940025615	0.4986567192941715	0.44852218204336547
0.6008241159780112	0.5528952890233565	0.5049664620687018	0.4582222782274995	0.41205097025894144
0.6850368131148658	0.646394594242431	0.6077523753699963	0.571574408503664	0.5365881174276017
0.5986894258296721	0.558316779740936	0.5179441336521997	0.48109743107698977	0.4459558225881489
0.6709359045867002	0.6347562991811572	0.5985766937756141	0.5656031020563513	0.5341798910951252
0.6455973214336695	0.6026500725161115	0.5597028235985535	0.5189478343033396	0.47925298930808535
0.6583186660586147	0.6182219583995001	0.5781252507403855	0.5389881066551515	0.5003149933092198
0.6366367621317078	0.5911839822369549	0.5457312023422021	0.5012924648805901	0.4573441033281336
0.6514004343787574	0.6125087977361284	0.5736171610934995	0.5375572434284942	0.5028667031413405
0.6564207832239529	0.6146423859024851	0.5728639885810173	0.5320824551337587	0.4917829902988613
0.6596192735229075	0.6176692601813721	0.5757192468398369	0.536136120938	0.49769758676346926
0.5938078492784371	0.5506544541491314	0.5075010590198258	0.46711796439419156	0.4280745460816221
0.736521581209627	0.6970904616472693	0.6576593420849116	0.6174432172711327	0.576847475538696
0.5946532521754886	0.5488442436319828	0.503035235088477	0.4602004635068357	0.4188039888904409
0.6466211007928637	0.6051661349394745	0.5637111690860851	0.5232786049267505	0.4833404590914019
0.6715515297667681	0.6343467232640106	0.5971419167612533	0.5627204634229758	0.5296449984713034
0.6287823302216506	0.5857345619789528	0.542686793736255	0.5016997548245863	0.4617092541111234
0.6413465437369467	0.5986608187329542	0.5559750937289617	0.5150861394749482	0.47506607695689057
0.6062347443591886	0.5595730016122075	0.5129112588652264	0.46834584152488007	0.42479417611795134
0.6496667926371537	0.6051110867912393	0.5605553809453248	0.5182401528902422	0.4770083867275959
0.6418007833530218	0.5983608621401372	0.5549209409272525	0.5139769710234503	0.4742400062235744
0.6109735609131571	0.5637708841292278	0.5165682073452984	0.47008766956056264	0.4239563475055565
0.6600094698545171	0.6130783982446042	0.5661473266346913	0.5193026556250933	0.47249976666676485
0.6232110398637428	0.5807808059944795	0.5383505721252162	0.4984444877905554	0.45975904480424623
0.6131438476534391	0.5762942915605186	0.5394447354675981	0.50702910120618	0.47675764590432723
0.6016867907410145	0.556339020315344	0.5109912498896735	0.4683063539269292	0.4269091846342411
0.611927274648442	0.5695438774354364	0.5271604802224309	0.48849903996234034	0.4516374829861965
0.6305327794914404	0.5880791180277798	0.5456254565641192	0.504131821984244	0.4631024421934822
0.6095562244712703	0.5641182605795584	0.5186802966878465	0.4752979458502801	0.43290965905515827
0.6172441018974486	0.5772942628403831	0.5373444237833176	0.5007930939498391	0.4658852328666054
0.6378525043802451	0.5961786861676689	0.5545048679550927	0.5149103380723006	0.4763213212447718
0.621138596715055	0.579524833176273	0.5379110696374911	0.4989605005883872	0.461297812969539
0.6837467858380113	0.6433453035359216	0.6029438212338318	0.5642123887801348	0.5262885677103161
0.7129865408552841	0.6768821205629418	0.6407777002705997	0.6063222923068836	0.5726643222939185
0.6604396873722027	0.6191440123912305	0.5778483374102583	0.5384171868289835	0.49988769264566824
0.6294496726802257	0.5855922322990773	0.5417347919179288	0.4998322402118482	0.45887504372957677
0.6292322202923732	0.5905789953419424	0.5519257703915115	0.5165650510819145	0.4827965387591814
0.6785868008936891	0.6426810419007601	0.6067752829078312	0.5736200992291783	0.541795053054003
0.6365156868638318	0.5992320592975177	0.5619484317312037	0.5273242761918843	0.49398620195497295
0.6451780235792077	0.6008351704914779	0.5564923174037482	0.5126138232789673	0.4689598862744691
0.6505296637204822	0.6050560653148364	0.5595824669091906	0.5146756700644478	0.47004297006383583
0.615061483534386	0.5698754130988014	0.5246893426632168	0.4830159515628743	0.4430412401886409
0.6809430762767448	0.644320399851041	0.6076977234253371	0.5737775275871491	0.5411642113545543
0.6079295255443123	0.562752159777758	0.5175747940112037	0.47515030762958826	0.43405707296591445
0.5793841777437037	0.5408140493350523	0.5022439209264009	0.46849906574705885	0.4370876412698389
0.6735583653509045	0.6304123034306981	0.5872662415104917	0.5445743858263359	0.502102177554032
0.6309616334679109	0.5915430772305401	0.5521245209931693	0.5153559534702582	0.47986888126020055
0.5966263565878837	0.5542647739845544	0.5119031913812252	0.473814652373356	0.43779249399168396
0.5602904724391311	0.5118270301714543	0.46336358790377746	0.418541086823815	0.37547929100307587
0.626259244379997	0.5796515661065227	0.5330438878330483	0.4891578570456637	0.4465879746922828
0.677444682409529	0.6344875808463506	0.5915304792831722	0.5503083562180616	0.5099252430706326
0.6211263724653437	0.5827776087057639	0.5444288449461839	0.5097435882474508	0.4768299493301308
0.6259536155242098	0.5810567267664426	0.5361598380086753	0.49298133106471703	0.45063380812762377
0.6191008109230476	0.5721471056142574	0.5251934003054671	0.4804303177369898	0.4367265878965537
0.632235882149472	0.5886118769666688	0.5449878717838658	0.5036045120280092	0.4633046952309324
0.6400984867125515	0.5978657191758778	0.5556329516392041	0.5145194942246833	0.47394731861538014
0.6750304743173545	0.6380548822647393	0.601079290212124	0.5666617665814654	0.53348128697096
0.6279328971017728	0.5832291331456363	0.5385253691894998	0.49583930021019595	0.45412895865247344
0.5853036411402358	0.5351970672023248	0.4850904932644139	0.4366937113275661	0.3891237594913
0.6253890323108346	0.5749035861442037	0.5244181399775727	0.47649308022255904	0.42980618543318394
0.644537553086875	0.6027518238582424	0.56096609462961	0.522204704001693	0.4849058387498848
0.6604563038029406	0.6225652762413199	0.5846742486796991	0.5492486199020709	0.5150152214795239
0.5642694536875597	0.5086337750286741	0.45299809636978866	0.3989988209210486	0.3457908858400231
0.623314281568103	0.578131541706829	0.532948801845555	0.4915336600926231	0.4519404730107474
0.6222712831246607	0.5817082815100645	0.5411452798954681	0.503953357053979	0.46839163800295325
0.6542303497719149	0.6138583889642215	0.5734864281565283	0.5361666664369398	0.5003229030127252
0.6938002905951457	0.652782258815955	0.6117642270367643	0.5736115751321824	0.5368445785169307
0.6310967716475222	0.5903841332283826	0.5496714948092429	0.5127900881722391	0.4777614085089288
0.6370869638270308	0.5970070796197411	0.5569271954124513	0.5194786201910723	0.4833025070423484
0.6321217004659584	0.587728522777121	0.5433353450882835	0.49846134273814807	0.4533548206997605
0.6692158926310902	0.6315902113864282	0.5939645301417662	0.5605372205887157	0.5291401814345768
0.6338309838239387	0.5847770336363349	0.5357230834487312	0.4894408432752463	0.4444989610332127
0.6685456240998541	0.6335558244158532	0.5985660247318523	0.5668407730940958	0.5366942085643333
0.6586491170669211	0.6168115754358966	0.5749740338048722	0.5339998949602714	0.49344328492168765
0.673949780612532	0.6372350752510599	0.6005203698895879	0.5669753218902132	0.5349630732687058
0.7169486515671418	0.6821005587920427	0.6472524660169434	0.614192323522588	0.5819968073158412
0.6149095668094553	0.5723108505160273	0.5297121342225993	0.4895319170377487	0.45052125021923395
0.6508529692458783	0.6080404207287898	0.5652278722117013	0.522876442766978	0.4807480036794132
0.680706105977449	0.6409967255135489	0.6012873450496488	0.563508941057885	0.5266643287025803
0.6932656671034375	0.6567854850506328	0.6203053029978282	0.5873854072061281	0.5561872131451285
0.6098980355360875	0.5690044085544049	0.5281107815727224	0.4911031328531193	0.45597468569446353
0.6692538097423372	0.6321877971329809	0.5951217845236245	0.5612024039498822	0.5288046880469786
0.640398762764903	0.5965958384249997	0.5527929140850963	0.5112854622402742	0.470888066912742
0.6823568614693399	0.6434322873254805	0.6045077131816212	0.5670595869862669	0.5303254491620167
0.6242806569269617	0.5826743229115965	0.5410679888962313	0.5025725509947968	0.46558149640149643
0.6344000384564883	0.5933023000814563	0.5522045617064244	0.5144066438360367	0.4782044703123648
0.6734617783852797	0.63573846874698	0.5980151591086804	0.5628904275345118	0.529022329843762
0.5702997907908991	0.525757059052425	0.481214327313951	0.4399273013029753	0.4002146863855467
0.6139433795264574	0.5758748902146059	0.5378064009027543	0.5043457264253036	0.4731133229893716
0.6412143400250176	0.5963619494542902	0.5515095588835629	0.5081197464706477	0.46543721520338094
0.6027400762974835	0.5607337155066825	0.5187273547158815	0.4806322629480432	0.4444286029787203
0.6198471116089819	0.5791956661629138	0.5385442207168458	0.5005914300741073	0.46394366894436495
0.6835973972364002	0.6423128660458999	0.6010283348553995	0.5598717557024813	0.5187770522607826
0.6619785838435526	0.6271660249618626	0.5923534660801726	0.5605829167911536	0.530283438308358
0.6043188369771737	0.5605405043803453	0.5167621717835169	0.4757394490020282	0.4360492983342026
0.6358406451575536	0.5943640876631698	0.5528875301687861	0.5160317434512814	0.48141049307728284
0.6320967690765205	0.5905115979450117	0.5489264268135031	0.509881166627508	0.472064169774855
0.6172032074826254	0.5730078847419586	0.528812562001292	0.4863495422842037	0.44472423866494054
0.5654299845745409	0.5224532633599949	0.4794765421454489	0.4410869857861984	0.404915714444266
0.6665203959550232	0.62483834674132	0.5831562975276169	0.5428911693583562	0.5033112432306095
0.6187010983621365	0.5743610773254326	0.5300210562887286	0.48870116768870153	0.4488417704261206
0.6151361560180376	0.5785275857586718	0.541919015499306	0.510685051199905	0.4820501667790513
0.6451529512588688	0.6020813951972992	0.5590098391357295	0.5196207937210781	0.4820125559407419
0.6602463418460612	0.6210401766917505	0.5818340115374397	0.5452581948047286	0.5099543756299916
0.5750488549987891	0.5267575620889202	0.4784662691790514	0.430916613843264	0.38372560345937223
0.6262330629086612	0.581397013723456	0.5365609645382509	0.4936413139633873	0.45164840538682405
0.6653748431790886	0.6271869908167323	0.588999138454376	0.5536715186222347	0.5197270648998742
0.6557394746571972	0.6120918628743939	0.5684442510915905	0.5266927370975912	0.48585814792512283
0.6327618543936303	0.5897824027370004	0.5468029510803706	0.5065862563014223	0.4677055898496832
0.6334801750689144	0.5877937217448785	0.5421072684208427	0.49827898955696925	0.45534929635429855
0.6274839935638209	0.5878797188041126	0.5482754440444042	0.5113888301117728	0.47581643672386364
0.6746994789709557	0.636392332066431	0.5980851851619062	0.5610703403743615	0.5246804337598225
0.6453113644885121	0.6027147517840007	0.5601181390794892	0.519435386253942	0.47967814773378353
0.5795973591581995	0.53688257612506	0.49416779309192055	0.4546170579571475	0.41659640954662214
0.641925629027354	0.5969038295616557	0.5518820300959574	0.506837333087763	0.4617815631669844
0.6013327540763856	0.5533148057467331	0.5052968574170804	0.4600251636832403	0.41608151801739124
0.6423629536384585	0.6078451290782036	0.5733273045179487	0.5426225770292306	0.51376180683662
0.6645155672388	0.6228574814307907	0.5811993956227813	0.5411751155495421	0.5019409197433781
0.6284113891625439	0.58883267034053	0.5492539515185162	0.5122774744165353	0.47655940288773213
0.6591062901889204	0.619531524885279	0.5799567595816376	0.5419154632683809	0.5046157298579627
0.6420853802294576	0.6060018120240928	0.5699182438187279	0.5401002889377715	0.5133122919066616
0.6152508956665578	0.5737755379426305	0.5323001802187032	0.49271043149372956	0.4540325353667871
0.6181754502817016	0.5776114475805485	0.5370474448793953	0.49891265215578057	0.4619525894161717
0.6411823931070477	0.5992590041505119	0.5573356151939761	0.5180909363634637	0.4801416420952559
0.6393722082216751	0.5914070455950374	0.5434418829683997	0.49603235768251425	0.44889153038916574
0.6675704501627897	0.6252248219503226	0.5828791937378554	0.542874724754043	0.5040024057155472
0.6027444496526134	0.5591935301236315	0.5156426105946496	0.4760542653539044	0.4383821623784569
0.6332547574531671	0.5930319120139307	0.5528090665746943	0.5160558653428318	0.4809805326863172
0.6237625658992978	0.5832562737603966	0.5427499816214953	0.5040962337998782	0.4663383489857143
0.684447007228956	0.6443870745817986	0.604327141934641	0.5673389975111923	0.5318363243991051
0.6514918129904433	0.6070768240281825	0.5626618350659216	0.5195281860437321	0.47701417404807533
0.6720419553836513	0.6383321447750473	0.6046223341664433	0.5749275324606825	0.5471743296236201
0.6348686214935199	0.5940851619170585	0.5533017023405971	0.5173045484052508	0.48362198102323795
0.658325567375009	0.614473346340585	0.570621125306161	0.5296835422887014	0.49015543506901554
0.60441670018806	0.568270219433462	0.5321237386788639	0.5009802183319458	0.4722560555761945
0.6128374699488762	0.5715773020275629	0.5303171341062495	0.49214316152682763	0.4554616273278427
0.5854483663178289	0.5418259248836484	0.498203483449468	0.4582803186150894	0.42014606918164343
0.661021520579509	0.6196937640403443	0.5783660075011796	0.5383360529535434	0.49893369623682665
0.6603795645605861	0.6234953311633921	0.5866110977661981	0.55088464661943	0.515718081829585
0.6338708308343496	0.5979043872011388	0.561937943567928	0.528817737209569	0.4970739290626777
0.6192421187239402	0.5785292858507224	0.5378164529775046	0.5000183189505336	0.4636296901374769
0.5765974476330166	0.52685375650629	0.47711006537956335	0.42900423976694224	0.3816904616705833
0.6500849043202037	0.6079867149454115	0.5658885255706193	0.5280241094010671	0.49220708327834634
0.5835396619848412	0.5418963532068156	0.50025304442879	0.4643501907180033	0.4312233360981459
0.6262332810817359	0.5793449904388077	0.5324566997958795	0.4882937616384165	0.4454487635978077
0.6126270435251004	0.5691289873175936	0.5256309311100869	0.4842869021941952	0.4439845289891
0.7044456816520597	0.6641244703492443	0.623803259046429	0.5840266999421796	0.5445135265783255
0.6477331352902416	0.6022229510583209	0.5567127668264003	0.5133235311007677	0.4709599546750337
0.6488534543727452	0.6056200155143571	0.5623865766559689	0.5221963738940204	0.4834778350573612
0.6226427331815458	0.5774990204413099	0.532355307701074	0.4892852578130952	0.44721800058272504
0.6886325018671595	0.6498245659474896	0.6110166300278196	0.573505130611101	0.5366205686952399
0.6397593369230065	0.5948484219381104	0.5499375069532144	0.5048875455360695	0.4597703433226813
0.6096719206009693	0.5657332504998365	0.5217945803987036	0.4808759418913146	0.4414177459552221
0.578321251070563	0.5380787374071382	0.4978362237437135	0.4606562987288962	0.42495739624710843
0.6718709632867526	0.631442971482506	0.5910149796782596	0.5525121202808634	0.5149402264164673
0.6671067905144673	0.6305179755634567	0.593929160612446	0.5606190784316065	0.5288945428812668
0.6479113102756583	0.6062625851385469	0.5646138600014357	0.5246959959721176	0.48561515075149664
0.7236204040675475	0.6868444555017192	0.6500685069358909	0.6152945440832116	0.5814887118847503
0.6720515524384825	0.6382781377151824	0.6045047229918822	0.574508434292167	0.5463387078222719
0.5984297918118265	0.5558869560768998	0.513344120341973	0.4722119603348613	0.43176198222659595
0.6372453663698546	0.6010140083244562	0.5647826502790577	0.5328224261421934	0.5029276591351994
0.6501187522570734	0.60980411242918	0.5694894726012867	0.5321872116304914	0.4963416924808391
0.6424351892908357	0.602640863808233	0.5628465383256305	0.5258536932485328	0.4902156026234509
0.6242899415245312	0.5834122353338347	0.542534529143138	0.504527138193673	0.46790778920377535
0.6112398032411792	0.5667503030531374	0.5222608028650956	0.4799753343688185	0.4387557029710035
0.660899041295721	0.6208021016675863	0.5807051620394518	0.5423351848871102	0.5048003412227442
0.6446035042766551	0.6065592298938797	0.5685149555111041	0.5341301739637138	0.5015150689777284
0.5590436553075782	0.5081006708991809	0.4571576864907836	0.4079107724466538	0.35948405292268126
0.6242066634742734	0.579568938274984	0.5349312130756946	0.4918382345636247	0.44949227268163183
0.5742791028148225	0.5250955740707615	0.4759120453267005	0.4293282001633392	0.38400152349484384
0.6761679946178065	0.637251684616591	0.5983353746153756	0.5615471645753065	0.5257880721728382
0.642755058384738	0.6035990132521676	0.564442968119597	0.5275801125999171	0.4918262096294947
0.6219869995445334	0.576656072026942	0.5313251445093506	0.4885251280697192	0.4469490227607116
0.6950210827780724	0.654316033987365	0.6136109851966578	0.573439603207577	0.5335262945835556
0.6157540018258101	0.5690634052214033	0.5223728086169965	0.4763503225971557	0.4306509249655475
0.7430758529744119	0.7116342438963736	0.6801926348183353	0.6503724647745676	0.6213363986445856
0.6588591491707341	0.6166437110041854	0.5744282728376368	0.5355146258738779	0.4981976762572844
0.575776084937594	0.5294112867394004	0.4830464885412067	0.43919499461985556	0.39655889744075246
0.6218354358453345	0.5803323220907385	0.5388292083361426	0.5007374838007886	0.46429545659090765
0.6681970078702255	0.6244619605085703	0.580726913146915	0.5361838156639066	0.49124995710428876
0.6250567649904162	0.5808937185073074	0.5367306720241986	0.4952033699857104	0.4549506749420486
0.6454743837311802	0.6031481724629879	0.5608219611947957	0.5201986419891524	0.48039881617596963
0.647545469908103	0.6041724521643071	0.5607994344205113	0.5197195861126944	0.4797486805968795
0.6653034110001859	0.6274193450977283	0.5895352791952708	0.5542707069413487	0.5202728830378369
0.5762786763138247	0.5336738312991176	0.4910689862844106	0.45254663911952436	0.4159985274790135
0.6347751883162953	0.5928547400400523	0.5509342917638095	0.5104529465606152	0.4706675302995943
0.5963284465645973	0.5475007395689183	0.4986730325732394	0.45193282852290223	0.4062021099943058
0.6694991182078185	0.6279759123325802	0.5864527064573418	0.5462437237345315	0.5066702798729584
0.6108046537285429	0.5626380964722383	0.5144715392159337	0.4669976472998133	0.41985871808824277
0.6231812005377242	0.5742766913636319	0.5253721821895396	0.47661349572192385	0.4279253269564544
0.674413965951527	0.6315361043909576	0.5886582428303883	0.5462756255429191	0.5041325010545068
0.6596843257074986	0.6219133096340642	0.5841422935606297	0.5490284516819601	0.5151995799080481
0.6483593539023218	0.6022259711363077	0.5560925883702936	0.5123310981329577	0.46971662000986525
0.6479697273875158	0.6056444183766545	0.5633191093657931	0.5228148735812341	0.483191281850416
0.6084965571578527	0.5639231768196515	0.5193497964814504	0.4782186357261376	0.43875208140375577
0.6427036020339105	0.6084004190463175	0.5740972360587245	0.5437845990723242	0.5154017310575241
0.6641813464963084	0.6253937039254347	0.586606061354561	0.5500209600015616	0.5145009749759155
0.6446831096732424	0.6031642713196183	0.5616454329659941	0.5226350899234712	0.484837818078554
0.6262988904085863	0.5842254656444023	0.5421520408802182	0.5032384714473511	0.4658529612753718
0.597341997972548	0.5517339182758636	0.5061258385791793	0.4625075150720915	0.4198514082026731
0.6126334900483865	0.5731131776247157	0.5335928652010448	0.49677888397040404	0.46127364444118024
0.6644364058987968	0.6275987119228549	0.5907610179469129	0.5561171505617079	0.5225341852391803
0.5850356881717945	0.5392755575860166	0.4935154270002387	0.4506915067735847	0.4092874944100238
0.640033444780036	0.5991935720106983	0.5583536992413607	0.520456126809666	0.48398140726452243
0.5813462729275436	0.5365013920820857	0.49165651123662774	0.4497398189092558	0.4092391552014034
0.6317540126750246	0.5953368067487137	0.5589196008224028	0.5270122202903531	0.49728572455717024
0.6554481024054403	0.6201542962605998	0.5848604901157595	0.5518343714699827	0.5199048729287407
0.6117122285124524	0.5647338317638722	0.517755435015292	0.4729708530333115	0.4292471673960311
0.684270232316518	0.645814710553669	0.6073591887908201	0.5700758336645855	0.5333593209714935
0.6980755633030845	0.654524432215123	0.6109733011271616	0.5676040584996787	0.524322774439073
0.599791821430499	0.5549378921334155	0.5100839628363321	0.4669376337467184	0.42461707483875116
0.6834580616103895	0.6445889850811038	0.6057199085518182	0.5688197095920852	0.5328716306784477
0.6474250005359379	0.6072672085138102	0.5671094164916827	0.5285531751629405	0.4907714200407518
0.6288119893268214	0.590417119411404	0.5520222494959867	0.5178520162690076	0.48572475480458815
0.6610307379494657	0.6272910501351826	0.5935513623208994	0.562842715061653	0.5335998341444116
0.6065734616810894	0.5614956415675243	0.5164178214539593	0.47436257632636797	0.4337690037169041
0.7028559005508291	0.6711909236164483	0.6395259466820674	0.6105989234839488	0.5829959341810257
0.6758096282519768	0.6324945466097205	0.589179464967464	0.545746211329139	0.5022558114628901
0.573916008263964	0.5269607032684337	0.4800053982729032	0.4367789350780504	0.3953556845776014
0.6755849623611265	0.6413505874417877	0.607116212522449	0.5769845315781595	0.54883685270543
0.6507833749801999	0.6152559568460215	0.5797285387118432	0.5475140396596384	0.5169016192322393
0.6662142956686986	0.6275290552638865	0.5888438148590742	0.552301571172845	0.5167956489755863
0.6525403601126117	0.6099353749088375	0.5673303897050633	0.5271887229700034	0.4882382805803524
0.6629387510590106	0.6219779473841516	0.5810171437092927	0.5412365760281606	0.5020267530018147
0.6563170462459034	0.6150775460169778	0.5738380457880523	0.5343788486914699	0.49578057983473534
0.6410977976167169	0.6051806473964377	0.5692634971761587	0.5385353154516886	0.510316442076209
0.6437591466648768	0.6049377448002643	0.5661163429356517	0.5308140961175885	0.49721366058375827
0.6525928579559488	0.6143736275739344	0.5761543971919202	0.5411446879178736	0.5076870555390692
0.6637676826404847	0.6201196455341672	0.5764716084278498	0.5340848779172559	0.4923080966044346
0.6459570099576386	0.6052542212909818	0.5645514326243251	0.5252837075571825	0.48670995800261074
0.6221549322952239	0.5839863835143804	0.545817834733537	0.5115133405170543	0.47907744588585266
0.6112503577976759	0.567132657178746	0.5230149565598159	0.4818014707101802	0.4419924201300469
0.6058947736326309	0.5591470081208589	0.512399242609087	0.46821418999492653	0.425268427400591
0.6771624853512163	0.6342253298259259	0.5912881743006356	0.5487223556331704	0.5063361099730149
0.6706201893795356	0.6291325310123794	0.5876448726452234	0.5468352297903811	0.5063534652002015
0.5522568323152545	0.5026533116856898	0.4530497910561251	0.40628400388762087	0.3608905026121221
0.6492018106517035	0.6087106377037561	0.5682194647558088	0.5310907497764928	0.4955880696942149
0.6314557519648962	0.5889064570040177	0.546357162043139	0.5059101890818428	0.46647986791754226
0.6352814253204462	0.5942305836321683	0.5531797419438903	0.5151088442732596	0.478479003415567
0.6469069523095805	0.603738869054779	0.5605707857999775	0.5183585999310962	0.4766086718872924
0.6469937250083619	0.6069953195364935	0.5669969140646252	0.5301602792608415	0.49485262994645235
0.5822668193843988	0.5417080224279435	0.5011492254714881	0.46336684210601187	0.42692709125212663
0.6445172381611396	0.6004455297143415	0.5563738212675434	0.5130479041373608	0.4700826406474728
0.6605120593033862	0.6162208517385674	0.5719296441737487	0.5281867969506833	0.4847091286711648
0.6928709699127138	0.6577099295676014	0.6225488892224892	0.5884503088371835	0.5548655183601734
0.6527144777259849	0.6130705333569164	0.5734265889878478	0.535579047365049	0.4986002195170599
0.6314377691050292	0.5843748474687461	0.537311925832463	0.491542249317571	0.44639796699865825
0.6433562473646953	0.6068903790929442	0.5704245108211932	0.5373484913286747	0.5059117525237173
0.5985359813856803	0.5539082503549748	0.5092805193242692	0.4667387573450459	0.4252057391192
0.620320365185247	0.5836454105931034	0.5469704560009598	0.5142196018169733	0.48336638449943115
0.6504592472013764	0.6061993386672322	0.5619394301330881	0.5189963289827805	0.4766900163897635
0.64524341697895	0.6088229423193274	0.5724024676597049	0.5401798745345342	0.5099873147755285
0.5994858773319277	0.5556211638053441	0.5117564502787606	0.47026227625823436	0.4299144600502418
0.6579853570438615	0.6142382879994528	0.5704912189550441	0.5286744026532681	0.4877910280030772
0.6051206390199004	0.5642327607587792	0.523344882497658	0.48730963094275775	0.45362103782648344
0.6583704065859054	0.6201570515392035	0.5819436964925018	0.5459075958698169	0.5109243832553121
0.6636185529276449	0.6210722327271933	0.5785259125267416	0.5366483191762451	0.4950941122308006
0.6236526747794832	0.5773211268905938	0.5309895790017045	0.48685737338143864	0.4437887371240243
0.6671406929988353	0.6308972414081314	0.5946537898174276	0.5613811329268517	0.5295451083747045
0.6174893188220542	0.5746389146655021	0.5317885105089499	0.49106058097201133	0.4513590487407834
0.6524352372851479	0.610107582865935	0.5677799284467223	0.5271495410819996	0.48733992693911066
0.590355899806924	0.5478509834227762	0.5053460670386284	0.4672952749267635	0.43139843137575556
0.6679512097916596	0.6296260252191901	0.5913008406467206	0.556221220299196	0.5227111067647146
0.6959799962405514	0.6586509082842572	0.6213218203279629	0.5862294214873637	0.5522186523919907
0.6638035044214728	0.6286450468070466	0.5934865891926204	0.5608454521849975	0.5294216541573354
0.6681168692369732	0.6313250968475047	0.5945333244580361	0.5597927114177873	0.5260440086742119
0.6643966702091744	0.6222736979035602	0.580150725597946	0.5398615544757458	0.5004591824589256
0.6179065266163463	0.5753784007475793	0.5328502748788122	0.49235813586940924	0.45285056996519335
0.6900194278722235	0.6543522116675792	0.618684995462935	0.5867845097579503	0.5567055591613068
0.6468021441978535	0.6063743999589115	0.5659466557199694	0.5271810893638975	0.48921932762571113
0.6168658392403881	0.5732711352187112	0.5296764311970343	0.4898617638799862	0.45187506635502217
0.6820867278914818	0.6401348112037076	0.5981828945159334	0.5579091254102382	0.5184468836325562
0.642111779391206	0.5971099847406068	0.5521081900900077	0.508367724914125	0.46523721999995704
0.6401127997770216	0.6037184579631125	0.5673241161492035	0.5337911387820219	0.5016418749026896
0.6202951206976983	0.5816540843770676	0.5430130480564368	0.508671793901144	0.4764098507486136
0.5994144922533631	0.551741346673037	0.5040682010927108	0.45908274632041457	0.4153970190352946
0.5950044782773793	0.5557089813982843	0.5164134845191892	0.4817579532073503	0.4493462405554912
0.6835876929930429	0.6452984149874923	0.6070091369819417	0.569098670425596	0.5313713914783006
0.6183582601183433	0.5782104047810783	0.5380625494438134	0.5013239245053385	0.46623395291872427
0.6286813021967407	0.5873541195294653	0.54602693686219	0.5062734305597777	0.4672809308512866
0.6883745241356064	0.6562853963440016	0.6241962685523968	0.5951541224849222	0.567585451672839
0.5863921329531455	0.5471848301898258	0.507977527426506	0.47336012855678333	0.4409623392627536
0.610311644852239	0.5651978417282995	0.52008403860436	0.4779989173808092	0.4373784218887923
0.6410899858005444	0.5973324509914488	0.5535749161823532	0.5112558767336418	0.4696324723462555
0.6031909433690613	0.5603178096877787	0.517444676006496	0.4770083794829316	0.4377505013347981
0.6425502913392934	0.6050268815746062	0.5675034718099188	0.5334652876446079	0.5011125069851563
0.6942531393517675	0.6556965394646568	0.6171399395775462	0.579722329627077	0.5428555183487791
0.6465007547697944	0.607695500426446	0.5688902460830978	0.5330867839254619	0.49873494403140817
0.6249079159327506	0.5858563197379824	0.5468047235432141	0.5101036145801894	0.4745391664466868
0.594508199739951	0.5563471626873825	0.5181861256348141	0.4852684525655803	0.4548863926978534
0.6830994251675868	0.6434739931342636	0.6038485611009403	0.5654188067290074	0.5275672643737499
0.6440368467046873	0.6010897227363762	0.5581425987680649	0.5160591970191921	0.4743934785494135
0.6047171953712058	0.5641865407023747	0.5236558860335437	0.488320971856524	0.4554986408655113
0.5897547279056851	0.5406000752934864	0.4914454226812879	0.4444838335309343	0.39858277740542336
0.6528268190395167	0.6135393513213677	0.5742518836032189	0.5394152989311091	0.5067310954108268
0.6264885760013724	0.5818831875785285	0.5372777991556846	0.49380606682385525	0.45088255379541237
0.6346467380636467	0.589027282927855	0.5434078277920633	0.49870562984763	0.45444700390219916
0.5723783655787786	0.5231539397689328	0.4739295139590869	0.42886803322082856	0.3858196910924808
0.6397418646729595	0.6015133440902741	0.5632848235075888	0.5282468204430801	0.49475170441911265
0.6559671216513758	0.6168388141936526	0.5777105067359294	0.5423978606042213	0.508930411804126
0.599027513539917	0.5529542720398465	0.5068810305397758	0.4631254764767986	0.4204907217482065
0.5980850092978479	0.5569580215299657	0.5158310337620834	0.4791585802691896	0.4446402736083917
0.6887313517085435	0.6554505491768916	0.6221697466452398	0.5931929881428859	0.5662976016176141
0.6466470245720608	0.604393904970157	0.5621407853682532	0.5205054616267432	0.4791688948176965
0.6987380234866679	0.6578738882167029	0.617009752946738	0.5783247434708475	0.5406935269699938
0.6418349014099705	0.5929499100926663	0.544064918775362	0.4961719775877641	0.4487587771569467
0.6036281216605869	0.5554313356248219	0.5072345495890569	0.4604840542168625	0.4144329635992153
0.6092124368460159	0.5647892451436899	0.5203660534413638	0.4798370425146879	0.4411911997630951
0.6443068345945553	0.5974303010991471	0.5505537676037389	0.5054240597971954	0.46113909103442124
0.5997243426385905	0.5569782033441996	0.5142320640498086	0.4728354712097912	0.43209149905691896
0.6297931910284505	0.588446458311807	0.5470997255951635	0.5075981186210093	0.46898878714135944
0.5863305873071588	0.5427789613102344	0.4992273353133099	0.4590288238463156	0.42045182892772015
0.6496092656876132	0.6113925492491885	0.5731758328107638	0.5361446664046211	0.4996868144436429
0.7239871861198685	0.6818147511338541	0.6396423161478398	0.5988430729601745	0.5587078849979638
0.5965544439679493	0.5537869798963563	0.5110195158247632	0.4722542989639747	0.43542450960653417
0.6516086513205583	0.6133438641002983	0.5750790768800383	0.5408378772221866	0.5085424249458038
0.6053245371180412	0.5607760148319186	0.516227492545796	0.47389621776036855	0.4326371710429601
0.6831618331450975	0.6414887402728155	0.5998156474005336	0.5579186959837483	0.5159134898887608
0.7060579420178876	0.6698243043761716	0.6335906667344555	0.6003823725923634	0.568637089780616
0.6832891157780739	0.6427350993232291	0.6021810828683845	0.5621524383556358	0.5223778559366716
0.6293999807374708	0.5930727010714862	0.5567454214055017	0.5232511897680868	0.4911269782178864
0.5994177559286796	0.5557048321871657	0.5119919084456518	0.47142522921157165	0.432380027245439
0.5864921310513057	0.5410347249774743	0.4955773189036429	0.45259459958820175	0.4108086021547647
0.6318930781003453	0.5904878368894378	0.5490825956785302	0.5103612430374485	0.47293777917743424
0.6249380677905125	0.5852389654783425	0.5455398631661725	0.508631890210297	0.473073666092272
0.6117548611457659	0.5666029468664325	0.5214510325870991	0.4777893907710016	0.434848422656679
0.5979659290812964	0.5541608844079966	0.5103558397346967	0.47003152163455225	0.4313904313777887
0.6802133025745467	0.6450477328011337	0.6098821630277206	0.5766474071008021	0.5443463641669896
0.6386306935157817	0.5972119777672834	0.5557932620187852	0.5165471760665664	0.47835174172101524
0.6445986856248362	0.6000163292091434	0.5554339727934505	0.5123463255989976	0.46998149765681035
0.6004327073743816	0.5550980803982855	0.5097634534221892	0.46855320338757184	0.42933744098609283
0.6425091297525504	0.5942520740218912	0.5459950182912319	0.4992924541778179	0.45334161919838106
0.632552841333252	0.5904364583561211	0.5483200753789903	0.5089572694013964	0.47092605249783664
0.5514370297341823	0.4992214204142662	0.4470058110943501	0.3966879470712562	0.3472878045801814
0.6173927330934488	0.5738627685663911	0.5303328040393334	0.4898837308928537	0.45092453120963777
0.6793821126328206	0.6388873338290468	0.598392555025273	0.5590522422393912	0.5202702121294713
0.6403963605884211	0.6028807282265172	0.5653650958646133	0.531438483227247	0.4992474673981378
0.6385643120953961	0.5950527841868345	0.5515412562782729	0.5106272823517698	0.4709694470777555
0.6068006668849139	0.5604967753638694	0.5141928838428249	0.4720461881903641	0.4319098509183503
0.6271329888900559	0.582261005203252	0.5373890215164482	0.4954853795721971	0.4550171837524042
0.6661154765048319	0.6294235652961558	0.5927316540874797	0.5602346797694628	0.5297663148314645
0.6570297992121235	0.613623046428254	0.5702162936443848	0.528882788227182	0.4885518745449073
0.6141923192695061	0.5736277086106404	0.5330630979517748	0.496441613936215	0.4617269675927603
0.6352708132481198	0.5943201617796422	0.5533695103111647	0.5158997172804095	0.48011321586078776
0.675975074178777	0.6418882782528882	0.6078014823269995	0.5789517679669456	0.5526346287242985
0.6088783182366879	0.5641350896716959	0.519391861106704	0.4769212341187683	0.4355496036107384
0.5911094208137638	0.5457820365918208	0.5004546523698777	0.4571349435596339	0.41478611685759875
0.6296181793807489	0.5878634607202349	0.5461087420597209	0.5077073600617331	0.4709276020321793
0.6049288305084614	0.5602162367371092	0.515503642965757	0.47391052970270564	0.4338259510338254
0.6401081754866791	0.5963335521126882	0.5525589287386974	0.5102397170599312	0.46862432093159573
0.6189174874325634	0.575968591677832	0.5330196959231006	0.49199578436407976	0.4519027666653458
0.6160338101005547	0.5762715782050185	0.5365093463094823	0.5005254056009456	0.4663685905780073
0.6514358110392158	0.6113113542918379	0.5711868975444601	0.5337616418991492	0.4976416799488167
0.6835712473004979	0.6406527557210426	0.5977342641415874	0.5566308112543116	0.5164050842094079
0.6151480676902542	0.5737098850560025	0.5322717024217507	0.4950856060917235	0.45995575575209613
0.6073162363766194	0.5586519768715154	0.5099877173664114	0.46350128357169307	0.4180680140507858
0.6311565845902054	0.593108882210863	0.5550611798315206	0.5204492934736634	0.48749891688123875
0.6176429571054916	0.5729636528723068	0.528284348639122	0.4855027052033141	0.44363874243684465
0.6392417373548877	0.5998831623781042	0.5605245874013207	0.5249325701678527	0.4911620045003153
0.6191071392173824	0.5795499183934577	0.539992697569533	0.5031580675918896	0.4676400422432734
0.610702595429461	0.5598970549517345	0.509091514474008	0.4600790782004234	0.411933760575506
0.6391512027614703	0.5932879366351761	0.5474246705088819	0.5028752226416198	0.458961117835143
0.598080265284612	0.5546101124879571	0.5111399596913021	0.47078000958127986	0.4319241074482154
0.737539594392782	0.7085035921782775	0.679467589963773	0.6537693816891017	0.629685281152259
0.5614892058280507	0.5148133116948532	0.46813741756165567	0.42494545843173054	0.38343827869449426
0.6592940002548052	0.6188906384740495	0.5784872766932938	0.5396054907172404	0.5014595162754919
0.6502409127040459	0.6089600971097258	0.5676792815154057	0.5288702460923657	0.4912565269688313
0.6147670284784175	0.5686466579797855	0.5225262874811536	0.47947888189569393	0.43791751665120093
0.5953171513189865	0.5503335099070026	0.5053498684950185	0.4627134327468803	0.4212120709106077
0.6669235587562793	0.6263531465898321	0.5857827344233848	0.5460330426589078	0.5066802391311804
0.6522125931543762	0.6120467358807339	0.5718808786070916	0.534083171068972	0.49743066568573263
0.6643269322155618	0.6253734160218164	0.5864198998280709	0.5491649710562442	0.5127314540163933
0.6753480240669759	0.632250170055625	0.5891523160442742	0.5470443009759438	0.5054149573672461
0.6755217827905339	0.6365788157044258	0.5976358486183176	0.5592449246229446	0.5211209604940079
0.6442104143857409	0.6033939099748727	0.5625774055640047	0.525143139133151	0.489344472920024
0.6353663485943948	0.5943504095911234	0.5533344705878521	0.5152014298662523	0.47846251607630197
0.6291643227552556	0.5927523838471351	0.5563404449390147	0.523642023401011	0.49273940388964915
0.6333435641207665	0.5901151056883993	0.5468866472560321	0.5064414614075716	0.4673422249781439
0.5964430764919529	0.5504650243514544	0.5044869722109558	0.4607912371318386	0.4181991967970223
0.623401074518873	0.5796628659759815	0.5359246574330898	0.4935782447566675	0.4519048839576351
0.6578884433027847	0.6167340803938773	0.57557971748497	0.5354855720849427	0.49590413217713936
0.6145741021332938	0.5715767079453752	0.5285793137574567	0.4874927867535187	0.44733032683197804
0.6537191681579725	0.6100854260530106	0.5664516839480488	0.5237977764826078	0.4816177025437274
0.5980791686035073	0.5548850899976511	0.5116910113917948	0.4731289575448485	0.43680688230051856
0.6787475196991474	0.6357310345675637	0.5927145494359802	0.5515612683463059	0.511309005149111
0.6892217444913935	0.652992621402202	0.6167634983130105	0.5834786860248445	0.5516176988535596
0.561912838758604	0.5087694001166114	0.4556259614746188	0.40496828235066895	0.355512679731374
0.6616210095079447	0.6262373043427015	0.5908535991774584	0.5577433132186647	0.5257324191332471
0.6655050080672703	0.6262447353083945	0.5869844625495189	0.5493982472217052	0.512621581285422
0.6027700277206269	0.5622076318063615	0.521645235892096	0.483993035817034	0.4477481633683411
0.6052366693789627	0.5649712358509285	0.5247058023228942	0.4889094231149726	0.4552742124180194
0.6868475220187273	0.6521436943446807	0.617439866670634	0.5847091047608162	0.5529324882460388
0.5923624679431151	0.5479491975245238	0.5035359271059325	0.46176195535429704	0.42126430936679377
0.5612922360099222	0.5185341342329264	0.4757760324559307	0.43765152735779334	0.4017677610194893
0.6480135271176847	0.6023535314668687	0.5566935358160526	0.513640557622691	0.471848294478426
0.666268862450321	0.6264855356552093	0.5867022088600975	0.5498964483328493	0.5145305947739431
0.6294407858378798	0.5868564068181933	0.5442720277985068	0.5058750987376192	0.46950315848733615
0.5911554791793613	0.5511978223818894	0.5112401655844175	0.4758611937954636	0.44269640629545864
0.6431686827740103	0.595568210327268	0.5479677378805259	0.5007690680037123	0.45376470390157864
0.6241845606807482	0.5875003645587895	0.5508161684368309	0.5181509757376341	0.48742931359783526
0.6316855871605146	0.5909706551304242	0.5502557231003338	0.5131220023957993	0.47772010247336705
0.6010903893985615	0.5550718876263009	0.5090533858540403	0.46621531963809903	0.42491526497519466
0.6400316454458359	0.5994839146742941	0.5589361839027521	0.5219880595708893	0.48678065162600437
0.636050309183896	0.5991283855672982	0.5622064619507003	0.5290780682629468	0.4977841694907591
0.5970568211373575	0.5533641494148847	0.5096714776924118	0.4696017587345219	0.4312840461007229
0.6758760691045224	0.6408789410976244	0.6058818130907265	0.5739411982806307	0.5434786680050103
0.6279508565048219	0.5856567411984178	0.5433626258920138	0.5033007530420256	0.4643183595986632
0.6083633920719826	0.5664545270478271	0.5245456620236715	0.48601779952845736	0.44912493980512036
0.6234823721234776	0.5792196757268094	0.5349569793301414	0.4921267727497086	0.44998929703835433
0.6522407407903444	0.612896754604431	0.5735527684185175	0.5359441312839783	0.499174683261214
0.6377911228016607	0.5948301722740625	0.5518692217464644	0.5114166322438389	0.47217704900003543
0.6443073954541196	0.6019888141071513	0.559670232760183	0.5191452028982902	0.4794875079835029
0.6725901087293731	0.633683733448053	0.5947773581667328	0.5570653828389452	0.5199310016472279
0.6084631290384169	0.565692783810284	0.5229224385821512	0.48399184550499813	0.44691809972577906
0.6602573384171665	0.622625068484781	0.5849927985523956	0.5495131205886263	0.5150744042346993
0.6037102166068887	0.5629670111971588	0.5222238057874289	0.4862203509856928	0.45250896941245616
0.6298928561575572	0.5895307427878362	0.5491686294181153	0.5130163905569868	0.47889998468677836
0.6079161812087286	0.5686871562981415	0.5294581313875544	0.49485905104176126	0.4624989433475045
0.6506189246682158	0.6105899937803738	0.5705610628925318	0.5343607510491948	0.500011902698311
0.6491310850340831	0.6113602663034474	0.5735894475728116	0.5377586693864491	0.5028660660876497
0.6454000535941621	0.6064348267287801	0.5674695998633983	0.5298513554528763	0.4928844918172912
0.6217268635617762	0.5863984703426612	0.5510700771235463	0.5210279220732776	0.4935421135459357
0.6087857647878968	0.5595913023407602	0.5103968398936236	0.4625544121672693	0.4153658084168601
0.6596116925155726	0.6226172488443016	0.5856228051730306	0.5522195247497457	0.5205528777109258
0.6183885771911155	0.571874052523106	0.5253595278550964	0.47957623757124007	0.4341465614106352
0.6384242198324214	0.5969921330241217	0.555560046215822	0.5189875970794307	0.4847651967808838
0.6716861880679177	0.6312995060517727	0.5909128240356276	0.5525553277164175	0.5151791155609258
0.6963902393499739	0.6636916719498631	0.6309931045497523	0.6006434355325689	0.5714296590011407
0.6471718763458287	0.6025570071424874	0.5579421379391462	0.5152864984172799	0.4735783133656587
0.6070356886231167	0.5631337702805179	0.5192318519379191	0.4783758128021356	0.4389927157606913
0.6125137479906664	0.5695017786468631	0.5264898093030599	0.48574103893973747	0.4460867180998096
0.599525914453317	0.5590132617078512	0.5185006089623851	0.48343247898391495	0.4509972396168494
0.6790946141359326	0.6396439685843499	0.6001933230327672	0.5632228633310985	0.5274517847906884
0.6311553498187703	0.5936346916033984	0.5561140333880266	0.520786863355402	0.4865204317363611
0.6561175415610833	0.6112950766456458	0.5664726117302081	0.5216502397680922	0.47682791275682673
0.6126683758336617	0.5690832438861947	0.5254981119387276	0.48296711484470256	0.44094588176077704
0.6355089214926527	0.5948771077434619	0.554245293994271	0.5166307934850882	0.4804754209915768
0.6455420089245457	0.6057591662436161	0.5659763235626867	0.5291826824591329	0.49383457498735633
0.6798826773570873	0.6390085722958833	0.5981344672346792	0.5585716561876634	0.5196429675139941
0.683068760089621	0.6437832272812529	0.6044976944728849	0.5675161553580976	0.5316487934860501
0.6267460626314764	0.5865838182345935	0.5464215738377105	0.508224343933278	0.47097736594804207
0.6037207531129309	0.5610935496294822	0.5184663461460334	0.47955545308134373	0.44244171272027216
0.6105462596411751	0.5739082272333613	0.5372701948255474	0.5050251076987606	0.474904383878331
0.6502884814914482	0.610099178833635	0.5699098761758218	0.5326696277285011	0.49685549824065967
0.6428802535858964	0.599705923678829	0.5565315937717618	0.5146651632889137	0.47343121360595564
0.6393929821629349	0.5957864861741129	0.5521799901852907	0.5109168453133645	0.47078691035146014
0.6341667958482724	0.5858642080409221	0.5375616202335719	0.4896221747592776	0.44185833954142356
0.6443781767151553	0.6015796484801236	0.5587811202450919	0.5175782174400514	0.4771469354719021
0.6880562738253237	0.6507196718914472	0.6133830699575706	0.5772600710739961	0.5417239526598139
0.6869576161194011	0.6496895179562262	0.6124214197930513	0.5769587755824752	0.542369222176099
0.6728242869310874	0.6311425341693346	0.5894607814075817	0.5480446665063547	0.5067570101420726
0.6819130774978676	0.6459460685102723	0.6099790595226768	0.5750113651768207	0.5405269245982228
0.6497513519411245	0.6056486065021107	0.5615458610630969	0.5198144688951151	0.4792298280643619
0.6850767679080876	0.6461247702745513	0.6071727726410149	0.5697861721593767	0.5331565745668322
0.6264471283744447	0.5903070566029928	0.5541669848315409	0.5217884988171282	0.49122905998968625
0.681170765617264	0.6419319601511153	0.6026931546849665	0.5660089831762737	0.5305601948315439
0.6123902552980757	0.5739403273160575	0.5354903993340393	0.5006467095065033	0.46754694306505007
0.6622320677938996	0.6223040448211627	0.5823760218484259	0.5434011420502441	0.504887188181296
0.6616558162618679	0.6200708876260862	0.5784859589903045	0.5381365765002551	0.4983846858357108
0.68168529616749	0.6414287971484502	0.6011722981294104	0.5610748683564691	0.5210543621161384
0.6028907999578231	0.5573801641345034	0.5118695283111837	0.4671375376208768	0.42278208819011853
0.6077967162414726	0.5630386528714387	0.5182805895014049	0.47568455096421824	0.43413403563037545
0.6704105102339016	0.629069294240945	0.5877280782479883	0.5480729310611078	0.5092331417889023
0.5979286296025698	0.5576412738385164	0.517353918074463	0.479758943818943	0.44346596540392336
0.6441741812368983	0.6011006845832859	0.5580271879296735	0.5161389683819732	0.47482393129628503
0.632953851014388	0.589451810277412	0.5459497695404361	0.5057715173410472	0.46720060007429143
0.68634152737303	0.6475547875511122	0.6087680477291944	0.5699024770129566	0.5309987848432091
0.612974208297431	0.5684096557181875	0.5238451031389438	0.48148818315594916	0.4401988416155187
0.6718774958049365	0.6320547267070095	0.5922319576090825	0.5545768652493823	0.5179700292707986
0.6176101098668927	0.5722144915814891	0.5268188732960855	0.4838362007912311	0.4420203931454877
0.6534046683150558	0.6115833275241446	0.5697619867332332	0.5298519781266879	0.49086626146984275
0.6853747023953792	0.6474951329554239	0.6096155635154688	0.5734269335114998	0.5380560167867277
0.6306463482631909	0.5871511136648818	0.5436558790665729	0.5023477588038231	0.4620972946565128
0.6873819887720758	0.6485625538637666	0.6097431189554574	0.571845751724167	0.5343942827715317
0.6321113246039038	0.5907001913034007	0.5492890580028976	0.5082553295990999	0.46740410861638565
0.6571703990691911	0.617882534085735	0.5785946691022789	0.5408407294519852	0.5038285733851422
0.6045335868367282	0.567908722130987	0.5312838574252456	0.4984967160551772	0.46756544087799407
0.6513326635501302	0.6092653266048865	0.5671979896596429	0.5279890273367597	0.49016233266692255
0.6490436241044177	0.6104120607472965	0.5717804973901753	0.5358269804766805	0.501168527178508
0.6786887551042999	0.6407473211692826	0.6028058872342652	0.5680942290434987	0.5349444425902387
0.6722646550673987	0.6306399831433828	0.5890153112193669	0.5470735741789895	0.5049785091420551
0.5869039298645577	0.5428459198331749	0.498787909801792	0.456802784657898	0.41582007595936743
0.6370762286902928	0.5885218664518159	0.5399675042133391	0.49273069344632114	0.44613103106635293
0.678606859692171	0.642823356689127	0.6070398536860832	0.5739246409274857	0.5420997738307144
0.6809529665285041	0.6445433554625186	0.6081337443965331	0.5740347440389412	0.5410531208144962
0.6494861053459347	0.6050816703655381	0.5606772353851415	0.5186522530216284	0.47777793871909796
0.6619286446788686	0.6222198365781534	0.5825110284774382	0.5456194272195135	0.5100901854858675
0.6005791092384278	0.5566636978218583	0.5127482864052888	0.4720771942919024	0.4329750069658245
0.6363471612363497	0.5951246063673667	0.5539020514983837	0.5155074517340761	0.4784804091943814
0.5985315701415209	0.5526382051900451	0.5067448402385694	0.4637438084298697	0.42214146611197945
0.6597371663362149	0.6206506575629528	0.5815641487896905	0.5458284639147335	0.5117131878726312
0.6650422721305539	0.628732393164393	0.5924225141982322	0.5586783283226144	0.5261748736440055
0.6256457255225168	0.5829237535860754	0.540201781649634	0.49955375135329416	0.45990864853223756
0.5962164872371527	0.5539891484819665	0.5117618097267803	0.47286381527882654	0.43557584245146064
0.6397956265682153	0.5993925687950125	0.5589895110218096	0.5218998874537483	0.48641259161643086
0.6720154345963686	0.6361175399410666	0.6002196452857644	0.5676094033579475	0.5365890216199395
0.635101234334699	0.5868322562453774	0.5385632781560556	0.4913547064811838	0.44465893165047304
0.6697420275880257	0.6258471861931231	0.5819523447982204	0.5409868546941944	0.5014379555093962
0.6670628031413549	0.6205944810431967	0.5741261589450386	0.5268813314508266	0.47926099744218337
0.6862655970900334	0.6463936172408303	0.6065216373916272	0.5672748885856311	0.5283304922564395
0.6338612921981853	0.5946859808609966	0.5555106695238077	0.520247319248554	0.4868757354316182
0.6426514925437946	0.5989383156497751	0.5552251387557555	0.5127391416791365	0.47084659059549333
0.6151710629661932	0.5718762795902056	0.5285814962142179	0.4881932641356656	0.4492105972370356
0.5980510115636765	0.553366997973059	0.5086829843824414	0.46714805095080064	0.42713596606621546
0.670848080355978	0.6332656864457394	0.5956832925355009	0.561076254328382	0.5279080540932194
0.6618494580762373	0.6269090949743064	0.5919687318723754	0.5602727572608153	0.5301457208944633
0.6913678688333563	0.6509837827528014	0.6105996966722466	0.5735967281678925	0.538228818070567
0.6252257843203576	0.5780414595910357	0.5308571348617138	0.48503236978901254	0.43986506763983146
0.5698311129131505	0.5240308503229733	0.47823058773279614	0.4351401646438742	0.3933601798222911
0.6463602430398676	0.6081868832340507	0.5700135234282337	0.534576572060954	0.5004629073057657
0.6695432749142135	0.6283118084036866	0.5870803418931598	0.5483343322652128	0.510790252791891
0.6725494770689933	0.6301282094494658	0.5877069418299382	0.546804487256029	0.5066365081870305
0.6323556928606522	0.5908356923377825	0.5493156918149129	0.5113010799123953	0.4749816220541947
0.6439382245214971	0.6016077304926034	0.5592772364637096	0.5187547228771512	0.4791065218678279
0.5950593157698414	0.5490019167271146	0.5029445176843877	0.45791866767174294	0.4133916594993729
0.5837549934332726	0.5378403437075625	0.49192569398185226	0.44941319850836314	0.4085459344670067
0.6556200447779158	0.6213655750597189	0.5871111053415219	0.5572394763079114	0.5294873241474041
0.6271273838523514	0.5843706995582065	0.5416140152640615	0.5016715325660552	0.4630899560995354
0.6181639697493237	0.5738000638558182	0.5294361579623125	0.48532206308832193	0.44132877312525837
0.6940017195134504	0.6599449990811174	0.6258882786487845	0.594445670536697	0.5642672084443218
0.6500848824983693	0.6073826747828136	0.5646804670672578	0.5237560275036832	0.4836912903009801
0.6087378784081345	0.5605811813198738	0.512424484231613	0.4653906237988553	0.41889975055063766
0.6363857605122853	0.5963370737676761	0.5562883870230669	0.519613881819257	0.48457108085843414
0.6055099237169961	0.5638725981909066	0.5222352726648172	0.484570893574526	0.4488277725665477
0.6407441673210549	0.6001541479618369	0.559564128602619	0.5205306082689244	0.4822497878221334
0.7048613629052971	0.6665040035645049	0.6281466442237127	0.5907905132002453	0.5539185613692202
0.6341454869291774	0.5934801156702488	0.5528147444113202	0.5141856494408623	0.47654126753922293
0.6882960581321423	0.6477778151448681	0.607259572157594	0.5665658811286044	0.5257873460239098
0.5933858571202153	0.5497230970470869	0.5060603369739585	0.4664353916960728	0.42876307387884
0.6670232233832352	0.6236767694902422	0.5803303155972491	0.5368625983492087	0.4933362399378055
0.6438419392224219	0.5990714855773118	0.5543010319322018	0.5096155898613881	0.46497125812942414
0.6123902341525485	0.5698908172852218	0.5273914004178952	0.4881678021537586	0.4505283412721097
0.7090988936425104	0.6730214632875583	0.6369440329326063	0.6009953461444023	0.5651089178392054
0.6392748282401923	0.60689381025566	0.5745127922711276	0.5471742439555524	0.5222741593250166
0.6654303209495009	0.6211474468208827	0.5768645726922645	0.5332664828090954	0.48999954444973104
0.6899676297169155	0.6543186696017791	0.6186697094866428	0.5845390743881069	0.5511426787908735
0.66972349732517	0.6362317549688732	0.6027400126125764	0.5719563550347484	0.5424822871662962
0.5799499642118375	0.5359942695230171	0.49203857483419666	0.4523067137012788	0.41461743594791556
0.6750357780185301	0.6333465167960269	0.5916572555735238	0.5515906597698266	0.5123087609413213
0.6692444007581839	0.6321544482992023	0.5950644958402207	0.5599873920187006	0.5258836720007853
0.5990950034406269	0.5490867502515352	0.49907849706244345	0.4511946596741615	0.4043381583180803
0.6190193065746111	0.57979661939799	0.5405739322213688	0.5044476811330348	0.46981882069849457
0.6765581005724877	0.6354694338344304	0.5943807670963732	0.5547192828949814	0.515747963040835
0.6278612896220557	0.5865559355063283	0.545250581390601	0.5066900152497252	0.4694567879406551
0.6582413447503378	0.622090716474726	0.5859400881991143	0.5529915006301087	0.5215913725449841
0.6618609995785872	0.6228487786549983	0.5838365577314094	0.5478405117768299	0.5133030433869176
0.61033344720359	0.5654086991002457	0.5204839509969015	0.47911559312718205	0.43946705292694943
0.6326598755490841	0.5835490065864185	0.5344381376237529	0.48582431271119175	0.4374508509432037
0.618404523052868	0.5799252995396922	0.5414460760265165	0.5067255288873738	0.47382262200064945
0.7203953456262234	0.6863010192870854	0.6522066929479474	0.6204539532468725	0.5898335701799766
0.6340927678024639	0.5908189847086416	0.5475452016148191	0.5073177130748321	0.4685633674848545
0.66173519168762	0.626607477191587	0.5914797626955542	0.5594466201151983	0.5289099667023583
0.6497360527200428	0.6065200342928357	0.5633040158656287	0.5204669971102036	0.4778132569854804
0.6843224814904809	0.6499558460590744	0.615589210627668	0.5840287104066887	0.5538252156324773
0.6883199949053471	0.6461994657617842	0.6040789366182213	0.5638269232806727	0.5244784965260912
0.6420180952602004	0.5981172489760648	0.5542164026919293	0.512229395647632	0.4711678929279478
0.6918068563204189	0.6518588366275737	0.6119108169347286	0.573526018304237	0.5358971702381494
0.6864617989553227	0.6505779419259793	0.614694084896636	0.5801372397382163	0.5462221178759791
0.7094066444584906	0.6705752597368132	0.6317438750151358	0.5950660233420437	0.5594295883711357
0.6345298727353711	0.5916662686859268	0.5488026646364823	0.5084193073112001	0.4692353605850615
0.6122317807257078	0.5663745178556588	0.5205172549856099	0.4760568999157856	0.4322720687788403
0.6390262574471692	0.5959128219924769	0.5527993865377846	0.5117650617459398	0.4717361640922578
0.619737991049431	0.5765164953005346	0.5332949995516382	0.4925888641765807	0.45309911984184104
0.6395207209529544	0.5961920117362431	0.5528633025195319	0.5100718477537952	0.4675402012872325
0.6858305826676564	0.6430429509823992	0.6002553192971418	0.5592974899483202	0.5192245259216773
0.5966504917960023	0.5551641138499093	0.5136777359038163	0.4761499426240547	0.4405364622874981
0.6651707500174474	0.6250818233882748	0.584992896759102	0.5473316804252637	0.5108444688513178
0.6208898045533583	0.5759429108850324	0.5309960172167063	0.48959845440892175	0.4499172954623051
0.6191305336874987	0.573719221850961	0.5283079100144232	0.48586074416671815	0.4448469954390846
0.6528328249370677	0.6098383208889494	0.5668438168408312	0.5246394351757343	0.48281714499838513
0.689947361062918	0.6541100797140451	0.6182727983651723	0.5855942691272068	0.5544432656490705
0.645681001138915	0.6062947763920639	0.5669085516452128	0.5307724615312478	0.49620808841194775
0.6102478515690795	0.5752577117764026	0.5402675719837257	0.510635808984112	0.4835952776781826
0.6515524377966887	0.6132651157440675	0.5749777936914464	0.538897658537197	0.5038848862926161
0.57258948348098	0.5302540997499421	0.4879187160189041	0.44948198694763003	0.4129305895555668
0.6203862173291537	0.5798194218743594	0.5392526264195652	0.5021243907482499	0.46665899168504954
0.5552026850154218	0.5052663936178897	0.45533010222035764	0.4094935945024835	0.36563968148040094
0.6728316220478684	0.6280282948735554	0.5832249676992424	0.5375952118667042	0.4915658073691944
0.6115963752481113	0.5625528483433017	0.513509321438492	0.4658280371626512	0.4188055132560403
0.6822403837822292	0.6405310162271531	0.5988216486720771	0.5574185463184134	0.5161635492823153
0.6205961688262519	0.5814035677964406	0.5422109667666294	0.5068844047802369	0.4734274020438203
0.6287043753934879	0.5866391458667315	0.5445739163399751	0.5055340559005379	0.4679572191652761
0.6662541071900798	0.6311147327097398	0.5959753582294	0.5622089126133665	0.5291063950717771
0.6180776071890292	0.5731729125340833	0.5282682178791375	0.4861475610641472	0.44537322373468624
0.6309871205239179	0.5940848161239218	0.5571825117239259	0.522844068882245	0.48974547153570075
0.6743760564547794	0.640272281283138	0.6061685061114965	0.5760480773734705	0.547853936002744
0.611909532228487	0.573458911133711	0.5350082900389348	0.49990534691317656	0.4664212912954409
0.6440307900297009	0.601444534053359	0.558858278077017	0.5183374668620335	0.47881547415755765
0.6720081983799737	0.628933305400059	0.5858584124201444	0.5434807627891202	0.501440289719885
0.6652740499458013	0.6268558493081089	0.5884376486704165	0.5533947005078729	0.519983974476314
0.5983647629354221	0.5486709770347834	0.4989771911341448	0.4503098636654323	0.40213891629908577
0.6649932767513884	0.6266721029520033	0.5883509291526182	0.5526851198486824	0.5183034055057054
0.6267642902104672	0.5854941407284321	0.5442239912463969	0.5063731890230352	0.4701759325152076
0.6517010637506888	0.6105605145329143	0.5694199653151398	0.5312594678662469	0.49454007933719374
0.6565201687329784	0.6168457240058437	0.577171279278709	0.5389488114230373	0.501428498087873
0.6770882628648773	0.6349015504609337	0.5927148380569899	0.5523037448427431	0.5127513147830198
0.6713206858916585	0.6288222657446204	0.5863238455975824	0.5465191272892383	0.5080170433135145
0.6188250052014738	0.573255518287139	0.5276860313728045	0.48492356254910346	0.4435185261199687
0.6402361567073864	0.6049567211262633	0.5696772855451402	0.5385560489585972	0.5094456558493832
0.6070428891746691	0.5649509216357944	0.5228589540969197	0.4828357043470715	0.44381285589545844
0.6738165715170875	0.6393673829721073	0.604918194427127	0.5731321964039662	0.5426340778922631
0.6222638020299692	0.5842586129375011	0.546253423845033	0.5122100678853683	0.4800825957792054
0.6444174149375114	0.6060149682416229	0.5676125215457344	0.5316828659998638	0.49694901564785027
0.6069343974959879	0.5633375860564971	0.5197407746170064	0.48068920461919995	0.44383564609650783
0.668271084407861	0.6290476247447631	0.589824165081665	0.5542536219767126	0.520449575242845
0.6012398608761804	0.5566147391076882	0.511989617339196	0.4696752463524805	0.4284783202363268
0.7061647922566032	0.6660541415702255	0.6259434908838476	0.5869065958142045	0.5483889530653308
0.616445215932095	0.5794794682023942	0.5425137204726934	0.511791282720953	0.4840880172508874
0.633432506114808	0.5953442487330476	0.5572559913512871	0.52278589115668	0.49006547821591045
0.6549437910307868	0.6103449606159941	0.5657461302012013	0.5225074864951356	0.47992660894570593
0.5990603602612219	0.5543813731804528	0.5097023860996835	0.4687165712042808	0.4295167197053573
0.6483440316177503	0.6079466270650523	0.5675492225123543	0.5276840767401793	0.4880763234349017
0.6534941549473543	0.6156663368184122	0.5778385186894701	0.5431676322803783	0.510023391316949
0.7097324696642414	0.6717516402181626	0.6337708107720837	0.5975078007509711	0.5620755027738046
0.6714330644740326	0.6287151034519813	0.5859971424299302	0.5450919406374237	0.5050633623729037
0.6351230398963881	0.5901595750230394	0.5451961101496907	0.4995428383543374	0.4535559861431509
0.5988900243920559	0.5513024138199828	0.5037148032479096	0.45802040685940326	0.4132415408236226
0.6460982305878953	0.606427802348463	0.5667573741090309	0.5300610954683703	0.494803071545458
0.7080683363222727	0.671509825891819	0.6349513154613652	0.5990447725911261	0.5634535115815187
0.6444840418062027	0.6034403306496494	0.5623966194930962	0.5233303936245439	0.48522045036730327
0.6390427838019686	0.594531466690329	0.5500201495786895	0.5092308602539355	0.47024148846738767
0.6809157796047686	0.6410511879716408	0.6011865963385131	0.5634185171244341	0.5266642802802076
0.5869336885543793	0.5380213094964301	0.4891089304384809	0.443445437461859	0.3993530576988513
0.6209185281038331	0.5778433950113502	0.5347682619188674	0.4952945116279133	0.45756233674623104
0.6418957228678045	0.5947208464706673	0.5475459700735299	0.5012314095471142	0.4553328850399795
0.6579391840858931	0.6152988744497876	0.572658564813682	0.5315998229994556	0.49130590397094087
0.6595906153327808	0.6167199497869863	0.5738492842411917	0.5330699337445517	0.4933019122466233
0.6398642537001434	0.6003478986493344	0.5608315435985254	0.5232340867505245	0.4865645806667378
0.7053138822207105	0.6669672045648921	0.6286205269090739	0.5901696537763768	0.5516683932535327
0.575811428937693	0.529576337680795	0.483341246423897	0.4400953295141274	0.39829493306799046
0.6878748816847081	0.6469834801289924	0.6060920785732766	0.5670283458386669	0.5288484466898065
0.6934430833001108	0.6537222761550219	0.614001469009933	0.575932437639489	0.5386621805813815
0.6628318194019698	0.6263310815528491	0.5898303437037284	0.5542658565174386	0.519154126291783
0.6618064204064715	0.6203892305858691	0.5789720407652668	0.5400396789621917	0.5023089432039121
0.6522610151205616	0.6100785856942211	0.5678961562678807	0.527778739017549	0.4886599310858536
0.6171549522163187	0.5780620095778819	0.538969066939445	0.505299762867498	0.4742532501167533
0.6832097452401316	0.6458803766174368	0.608551007994742	0.5742269209677767	0.5413561436314218
0.6645382366228738	0.6288855001988118	0.5932327637747499	0.5613453673515125	0.5312788336119643
0.6643584371786688	0.6259671328667334	0.5875758285547981	0.5520171782936301	0.5178283575978436
0.6056495737266628	0.5593075643460932	0.5129655549655237	0.4702345436594717	0.42924975756636796
0.5419455112688651	0.49351606776636514	0.4450866242638652	0.40025128341313093	0.35715399739901565
0.6151122405174069	0.5703777239628142	0.5256432074082215	0.4831980599162338	0.4418600174119436
0.6533079418438823	0.6128591376784873	0.5724103335130922	0.5352647974375682	0.49971667290993876
0.5944057671120796	0.5481872600320773	0.501968752952075	0.45824158226530237	0.4157191849774672
0.6268651048185361	0.5838172222021378	0.5407693395857395	0.5001285014120851	0.4606516742979402
0.6506799591028763	0.6050359437425356	0.5593919283821948	0.5131107580863298	0.46652146909585274
0.6290124137369673	0.5917714616526151	0.5545305095682629	0.5211001436231386	0.48951252072442786
0.603277348524116	0.5565789406721845	0.5098805328202529	0.4659619506328639	0.4233876509853298
0.6410637572195313	0.5961710372462892	0.5512783172730471	0.5083333881817871	0.466330381926673
0.6795897550245719	0.6416806651615214	0.6037715752984711	0.5679078769158618	0.5330332995739698
0.5903260847583603	0.544338036656251	0.49834998855414164	0.45613901593942224	0.41575458111596697
0.674438788319031	0.6323114786991693	0.5901841690793074	0.5506952986894774	0.5124823384528059
0.5941102321791402	0.5506988316589034	0.5072874311386667	0.46775278013735166	0.43009286781341194
0.6403593105752133	0.5997076569061219	0.5590560032370304	0.5215123250536063	0.48547161780572384
0.6476586765089775	0.6067102933176076	0.5657619101262379	0.5270417056763433	0.4893990154806868
0.6344113044761854	0.5933810819229124	0.5523508593696395	0.5139554181653344	0.47683411821705535
0.6816142549501734	0.643721590908828	0.6058289268674825	0.5704632295493579	0.5363195359302961
0.6385055255178639	0.5978491628359295	0.5571928001539951	0.5185245112048085	0.4808176252820658
0.6203735874676581	0.5737767077433464	0.5271798280190347	0.4846199935137313	0.44401241431340643
0.6575267213949434	0.6124073427576742	0.5672879641204049	0.5214266821730541	0.4752066267678118
0.6516556136644411	0.6067994447628161	0.5619432758611911	0.5178875415544201	0.474218885568381
0.637813870907742	0.5988769258689809	0.5599399808302197	0.5235751316060727	0.48845410984151183
0.6708656732158176	0.6301342340684034	0.5894027949209892	0.5506540113059426	0.512864010555845
0.6577352224575015	0.6228772201632367	0.5880192178689718	0.5562276618227111	0.5259189937874418
0.6198395086174515	0.581181173616723	0.5425228386159944	0.508698212861268	0.4772110973414529
0.6649381907957411	0.633262535103592	0.601586879411443	0.5742614955951485	0.5490398388581912
0.6618240663511593	0.6171395185392428	0.5724549707273262	0.5277341822512491	0.4829958683264776
0.6765463766527526	0.6385151325238237	0.6004838883948949	0.5641850966344097	0.528724093192716
0.6375522325210472	0.5989737174361862	0.5603952023513251	0.5245510540998014	0.4900292051703179
0.6304439063676299	0.5903608955049725	0.5502778846423151	0.51311960678903	0.4773756865224046
0.6297286465423629	0.5870245651983476	0.5443204838543322	0.5037531665730016	0.46421915676051545
0.6271956499149455	0.5898797932686448	0.552563936622344	0.5191214104821841	0.48755196963543235
0.6828473334220069	0.6430765341596083	0.6033057348972098	0.5661028785167525	0.530141841299119
0.6477236729107195	0.6109282842423716	0.5741328955740236	0.5404946070968977	0.5083830455356958
0.6948039333419965	0.6577975867056844	0.6207912400693725	0.5867461593844924	0.5541331030762319
0.6604784521400833	0.6264167833009923	0.5923551144619011	0.5613812234754131	0.531900536148115
0.5937955460483043	0.5441258811271062	0.4944562162059082	0.44683672862364404	0.4002086764524165
0.6515920027661419	0.6109925347218992	0.5703930666776564	0.5332842051380421	0.49786334923040976
0.5987578197229277	0.5502919471767442	0.5018260746305606	0.45556158912720995	0.41036166180924843
0.6667941268014324	0.629238746014981	0.5916833652285296	0.5563682692023718	0.5221365417219396
0.6339405637429152	0.5880158387922524	0.5420911138415897	0.49793941136342024	0.4546451163057753
0.6655221807915991	0.629669097991651	0.593816015191703	0.5614238633759447	0.5307053665497901
0.6529497193376448	0.613832439067401	0.5747151587971573	0.5400590558758502	0.5075603122788588
0.6438246506626139	0.6048513285657691	0.5658780064689243	0.5305934683498106	0.4970927715549252
0.698659956389152	0.6575800568010071	0.616500157212862	0.5766564951058983	0.5374106591440285
0.6770168552843476	0.6451318013086909	0.6132467473330341	0.585705096882925	0.5602638520796211
0.6574379843242533	0.6212983239589631	0.5851586635936731	0.5533085595306981	0.5235328213945076
0.6800949923045143	0.6386245057383076	0.597154019172101	0.5569603210732869	0.5173840589761965
0.650267621455016	0.6095333804013082	0.5687991393476005	0.5308144418036541	0.49415938279779653
0.6738586010643274	0.6345597526246188	0.5952609041849103	0.5576532693043497	0.5208634802648887
0.7041205023425122	0.663668557902426	0.6232166134623397	0.5847120857630619	0.5471492999707973
0.6111911992936967	0.5683805563219475	0.5255699133501984	0.4847764127725266	0.4449583723955958
0.648158185855706	0.6041609187001239	0.5601636515445418	0.5180573150694178	0.47686540467872024
0.6667716177067351	0.6314680262236748	0.5961644347406146	0.5650445986697129	0.5359479647813533
0.6424113276175449	0.5990749725688053	0.5557386175200657	0.5144821718585257	0.4742315395864212
0.5463049027034237	0.5013145537026764	0.45632420470192914	0.41475940597442146	0.374851152648465
0.6958601898427433	0.6607439002433889	0.6256276106440346	0.5911758038367879	0.5570453310710456
0.682533657196057	0.6400941669412371	0.5976546766864173	0.5566635405525658	0.5163728070307126
0.61771004353657	0.578386198485893	0.5390623534352161	0.5039384939600337	0.47084568533411725
0.6370658271466069	0.595498049049981	0.5539302709533551	0.5157572381170487	0.4792258538340711
0.5487113237335702	0.5074306674872573	0.4661500112409444	0.43023844858148963	0.39692330009855087
0.6279669136824829	0.5833401419588293	0.5387133702351756	0.4965607391194895	0.45560456577554803
0.6873360912335511	0.6500758056701166	0.612815520106682	0.5781620452734749	0.5447691855191376
0.5798632327668418	0.5298057703572182	0.47974830794759454	0.43247288014998775	0.3865428031065342
0.68836528393498	0.6512957023015988	0.6142261206682178	0.578317298378403	0.5429698021236821
0.6725294557246398	0.6394611215786701	0.6063927874327003	0.5755271783007062	0.545726774377139
0.6617810942837619	0.6244539897933777	0.5871268853029936	0.5519905455457642	0.5179136271822122
0.6608056560519359	0.6175814568543891	0.5743572576568425	0.530878850960866	0.48727751328184327
0.6692045945213586	0.6305490972565639	0.5918935999917694	0.5566869104125289	0.5231480131751409
0.6071842149092593	0.5678617078365622	0.5285392007638651	0.4928697965113072	0.45896697870337694
0.6882410550565421	0.6525692668566225	0.616897478656703	0.5849843648953699	0.5548888904505019
0.6498637155835384	0.6089528050787937	0.5680418945740489	0.5291608200399512	0.49126134413231265
0.6564142308980905	0.6158369293422135	0.5752596277863364	0.537028554709759	0.4999320829930663
0.620875512780633	0.5789294832847813	0.5369834537889296	0.49668188728130047	0.4571755587307499
0.6419593918556749	0.603092410529486	0.5642254292032972	0.5275755000860629	0.49199770459665276
0.6316128173556202	0.5930995467235595	0.5545862760914987	0.5170671687003413	0.4800288239352577
0.6800541401498885	0.6439385541935536	0.6078229682372186	0.5743305013068343	0.5421065359057093
0.5866171398035673	0.5446518892751375	0.5026866387467077	0.4648295841060742	0.4289591921805568
0.6155396221790556	0.5742200077245075	0.5329003932699596	0.49496997683723737	0.45867852639542794
0.6360159916743954	0.5937609607797684	0.5515059298851415	0.512536873546002	0.4751568658575363
0.624255527230447	0.5863805550773384	0.5485055829242299	0.5136864485977323	0.48034507220668343
0.6601802916403863	0.6184822678697328	0.5767842440990794	0.5355939754280319	0.494649249606534
0.6381457527173999	0.5975113362425335	0.5568769197676671	0.5188517243750814	0.4820883096719368
0.6350364084867597	0.5924910937620566	0.5499457790373535	0.5101750925935399	0.47174617531178675
0.6123549235029623	0.5660944809112737	0.5198340383195851	0.4763474713003553	0.4342023094445319
0.6981108768559781	0.6620146467482764	0.6259184166405747	0.5917963053686964	0.5586288487416925
0.6038746652402195	0.5653695758598833	0.5268644864795472	0.49160886686786937	0.4579246427323583
0.6842228958477417	0.6467029077967822	0.6091829197458227	0.5735590063493199	0.5388520065869199
0.6145644804237721	0.5731494506211066	0.5317344208184409	0.4929894496919842	0.4555356794147747
0.6149134206683184	0.571661836160357	0.5284102516523955	0.48874596556078975	0.45081644387828596
0.7413393002418343	0.7063403178733442	0.6713413355048542	0.6366463305152851	0.6020983244861926
0.6511111559944684	0.6011228691737011	0.5511345823529338	0.501554163819557	0.45217098435202996
0.6467855260573541	0.6102090238998951	0.5736325217424362	0.5417410842080957	0.5121152745695203
0.6519004873231974	0.610939276237999	0.5699780651528007	0.5307094387335324	0.4922593212023065
0.5975122035675932	0.5530714873212388	0.5086307710748844	0.4651162713722648	0.4220496762788261
0.6851685660786802	0.6499960199822172	0.6148234738857544	0.582264667527718	0.550969827014342
0.6022954732899621	0.5570355613010354	0.5117756493121086	0.4675047183314976	0.4237120439259965
0.6213626398571629	0.5799421330203204	0.5385216261834779	0.5005339329271506	0.46420629750024966
0.5945395197432168	0.5493651305766498	0.5041907414100829	0.4615920917854989	0.4202390316731162
0.6543498095423618	0.6104855435615258	0.5666212775806898	0.5237435220966448	0.48134282848490906
0.6701979179260205	0.6297044703783864	0.5892110228307523	0.548797580990876	0.5084228287268965
0.6713941737152441	0.6344758823362999	0.5975575909573556	0.5646155998624934	0.5335964887213251
0.6418373652082149	0.6048853805458408	0.5679333958834668	0.5352457085299887	0.5046201722280022
0.6453705835715859	0.6019016485884181	0.5584327136052503	0.5164222842030608	0.4751171665086517
0.6328012087249718	0.5904133693551123	0.5480255299852528	0.5071810104180763	0.46708281746073815
0.6592319615150775	0.619570803591777	0.5799096456684765	0.5420562767667635	0.5050771278740458
0.5882114068065725	0.5441613724491101	0.5001113380916479	0.4596322012046124	0.4208798974720213
0.682761489778955	0.6433811894688064	0.6040008891586577	0.5660902026791644	0.5288901996925528
0.5846186114483722	0.544728769503952	0.5048389275595317	0.46989691167626013	0.437347591230361
0.6137229855521648	0.5692203470739043	0.5247177085956438	0.4836724130371293	0.44429903733336995
0.6019711516597689	0.5523967100225231	0.5028222683852774	0.45500358504970884	0.4080339604372305
0.6454483927660909	0.6016247595176135	0.557801126269136	0.5163396647000262	0.4760205143863372
0.6925903114189889	0.6546219028779438	0.6166534943368986	0.579637621482306	0.5430823807846936
0.6050274963007669	0.5616282948925216	0.5182290934842765	0.47725790718647026	0.4374608730526289
0.5822007820177157	0.5356382335078375	0.48907568499795906	0.4472920583702732	0.4078194476194121
0.6393729730998905	0.6025017198057872	0.5656304665116839	0.5319442564282469	0.49979828609127896
0.6476866409915087	0.6116761442841927	0.5756656475768767	0.543685598672738	0.5136546146609478
0.6677143994130668	0.6284305593310734	0.58914671924908	0.5522845717296808	0.5165935188837053
0.6874704778097057	0.6434974429791321	0.5995244081485585	0.5564894447525923	0.5139081188155377
0.6538280573224634	0.6205264193184236	0.5872247813143837	0.5572208470202668	0.5288116334222747
0.7358417569030393	0.7013645145437525	0.6668872721844656	0.6331531418051963	0.5997783693787069
0.6026449909112712	0.5596364107814119	0.5166278306515526	0.4761720093160495	0.436950664343394
0.6632279838693461	0.6240266996685494	0.5848254154677527	0.5470587088454336	0.509985742703107
0.5990466989123147	0.5566417773604432	0.5142368558085718	0.4731134291440081	0.43260971443616714
0.6334843631301375	0.5891241851654271	0.5447640072007167	0.5036252649644403	0.4640443613574836
0.666939016099971	0.6272294985550484	0.5875199810101257	0.5500588756365323	0.5136850691043261
0.6664057487040325	0.6251393014345858	0.5838728541651392	0.543936203745333	0.5046426233961889
0.6777222057773988	0.6375455475639104	0.5973688893504219	0.5594519659892924	0.5226278169504792
0.6957602396110646	0.6607491870191026	0.6257381344271405	0.5938439972256582	0.5634571541653418
0.588723110631527	0.5430739739067263	0.49742483718192554	0.4547552835921058	0.41352661229770904
0.6391672790856245	0.5989973219887216	0.5588273648918185	0.5193023771656889	0.48008928707937587
0.5489023204793138	0.501868416700214	0.4548345129211141	0.4119659246194981	0.3711116212209936
0.6331823294456872	0.5931462321919813	0.5531101349382754	0.5168864838563874	0.48250647530513807
0.6657223699280006	0.6253184598630257	0.5849145497980507	0.5460623399463553	0.5079605093470023
0.628853838924369	0.5858680089868921	0.5428821790494152	0.502127144140084	0.4624508886824942
0.6153482616593442	0.5735317528094889	0.5317152439596335	0.49535771091808933	0.4616400577647725
0.634334616187615	0.5910651292856222	0.5477956423836294	0.5063160728609265	0.46570208088556897
0.6333632398742592	0.5975482339822532	0.5617332280902473	0.5289569905989405	0.49765025652140116
0.6821015395828615	0.6446117126146252	0.607121885646389	0.5715599655775971	0.5369303527453513
0.6559931207456267	0.6128766934362829	0.5697602661269392	0.5282529112338293	0.48752367994109336
0.6442682321137608	0.6075468894631905	0.5708255468126202	0.5377783867530059	0.5065080070031291
0.644177325961249	0.6061941374334017	0.5682109489055543	0.5339034750567729	0.5013735224128584
0.648992656434881	0.6116986084250522	0.5744045604152234	0.5411871217730652	0.5099410710724853
0.6446367089977106	0.6037410685256407	0.5628454280535709	0.5251440027312694	0.48898725256940856
0.6621552176757257	0.6168352120418481	0.5715152064079705	0.5269606784925791	0.48277632426999684
0.6240930992650013	0.5762744374954133	0.5284557757258252	0.48208751765222413	0.43642065333475893
0.676126369387933	0.6291970892163354	0.582267809044738	0.5356456187328088	0.4891719325309698
0.6059438598291638	0.5617474722566707	0.5175510846841774	0.475876731832586	0.4354219976367474
0.6711918931944288	0.6333887905676273	0.5955856879408259	0.5588975047827436	0.522748480174876
0.6205741105607314	0.5784169610805469	0.5362598116003622	0.4972148398257585	0.4596748711180385
0.6522308655226073	0.6139403279291241	0.5756497903356409	0.539909269301269	0.5054018985253753
0.6222382910709844	0.5828948551137365	0.5435514191564887	0.5053244019867398	0.4676372684155717
0.611546902249483	0.5649083028277802	0.5182697034060771	0.4738871749080784	0.43059564891073804
0.6156895451585633	0.5745096990987693	0.5333298530389752	0.4946925322855217	0.4572847391316041
0.581793076950058	0.5349205661353796	0.48804805532070117	0.4438019266691677	0.4008258775517347
0.6295688050920617	0.590332126559872	0.5510954480276823	0.5154584908588613	0.48156230565241315
0.6721513992979524	0.6352453514706558	0.5983393036433591	0.5647198200333816	0.5326896702258107
0.6199238869445703	0.5789596243773353	0.5379953618101001	0.5013353908952493	0.4667569117043395
0.6106431363717751	0.5667818082489047	0.5229204801260341	0.4826642064259557	0.4441512836768386
0.6189918699968421	0.5795112436765449	0.5400306173562478	0.503515107986529	0.4684334852796081
0.6187639605365113	0.5799620235729589	0.5411600866094066	0.5058706305141265	0.4722797581692668
0.6559090543697561	0.6212542063410754	0.5865993583123946	0.5548903902317123	0.5246060060841575
0.6187104137149277	0.5696628623514453	0.5206153109879628	0.4738865266009135	0.4282790635974931
0.6182769860529357	0.5760167111329948	0.5337564362130538	0.49514808099796626	0.4583057400904684
0.652578210997585	0.6136347530146106	0.5746912950316362	0.5384586268093067	0.5035368563856895
0.6413865941419221	0.6023733786330655	0.5633601631242089	0.5269303924482214	0.49174993744904144
0.6564909508934184	0.6101109684115509	0.5637309859296834	0.5174447725565854	0.4712039045363649
0.6638214789516885	0.6268551067239232	0.5898887344961579	0.5536852400204401	0.5178506619322506
0.6372992288462545	0.595338461167272	0.5533776934882896	0.5119504071153065	0.47078110440444354
0.6575851183110062	0.6172152477177213	0.5768453771244365	0.5383543665312945	0.5007719448202685
0.5984027339570348	0.5534027595207877	0.5084027850845405	0.4668978194387424	0.42708298830517966
0.5929863998447852	0.5467124129603305	0.5004384260758757	0.4577569597842682	0.4168127832690069
0.6632803817625984	0.6235045390645113	0.5837286963664241	0.5464637644945994	0.5104130719277541
0.7224966167399938	0.6892877870284845	0.6560789573169752	0.6254079095252852	0.5959640955016289
0.6254945196581425	0.5787605371371252	0.5320265546161078	0.48695614358525857	0.4426902111001535
0.6485480127067206	0.6086091524830264	0.5686702922593323	0.530998182177478	0.49442223890808124
0.6297346807555609	0.5835918453731482	0.5374490099907355	0.49288343460064177	0.44908059879365614
0.6815199345605274	0.6484871248202725	0.6154543150800175	0.5860573859528079	0.5584187148658265
0.592437303740483	0.5490200724010379	0.5056028410615929	0.4656704998480716	0.42742339991041406
0.7483918718582205	0.7146353992390501	0.6808789266198796	0.649653737632025	0.6196526399360821
0.6345863110130334	0.5983924733571004	0.5621986357011675	0.529904495776229	0.4994961919443073
0.7101286324417203	0.6754817126841403	0.6408347929265602	0.6090729163765307	0.5787062040125532
0.697021416347138	0.6615620814941051	0.6261027466410722	0.591987551393995	0.5585223621622091
0.6893882795218744	0.6529749219807099	0.6165615644395454	0.5814203613830624	0.546894353402864
0.6170751848788951	0.577637273744311	0.5381993626097268	0.5015268887530974	0.46619173942556946
0.6826544436909397	0.6462435423548215	0.6098326410187034	0.575588433486165	0.542392007002099
0.6089029077150292	0.562063845159888	0.515224782604747	0.46878716123058706	0.42254367086876193
0.6694557242567759	0.6304563279171808	0.5914569315775855	0.5552041877856542	0.5202796845053381
0.6479706054163245	0.6089372941997793	0.569903982983234	0.5343370642423899	0.5004464415875947
0.6912499300149213	0.6502864586543428	0.6093229872937642	0.5678868317476524	0.5262220931268597
0.5851273212014526	0.539269178455277	0.4934110357091014	0.4513862973054702	0.41121533649358427
0.6877312455835859	0.6409011030701898	0.5940709605567936	0.5467940108969704	0.49930099191550387
0.6498011825618204	0.6036439882650886	0.5574867939683569	0.5120839688944042	0.4670459456091827
0.57009764010686	0.5263874695978241	0.4826772990887882	0.44254306118805176	0.4041380913598966
0.6199922181538048	0.5752226541361186	0.5304530901184323	0.4869569068468238	0.44407651165335765
0.6153749335223595	0.5750040934226854	0.5346332533230115	0.49804097942810593	0.4632759642133208
0.6317779154942313	0.5923090664373545	0.5528402173804776	0.5163021244698701	0.48118130184576136
0.6367859497418682	0.5976360449609379	0.5584861401800076	0.5217862105258962	0.48627105257458303
0.6082529539085725	0.5659316961688631	0.5236104384291538	0.4853689434644704	0.4491003613824807
0.682175591417604	0.640972085353438	0.599768579289272	0.5592815899170464	0.5191410974099933
0.6404630095097272	0.5977284192614976	0.5549938290132679	0.5124899528492867	0.4700976466010415
0.5985108407366978	0.5525842883726204	0.5066577360085431	0.4636053190607098	0.42194279145252744
0.6724177363585954	0.6322636608439105	0.5921095853292258	0.5534670594100748	0.5155554964988993
0.6431260123358624	0.6064940503529932	0.569862088370124	0.5362512550215701	0.504101394756893
0.6376214456878994	0.5977527060124989	0.5578839663370984	0.5226131338465834	0.4895657812049504
0.6738446988296779	0.6351219680306724	0.5963992372316671	0.5584312099441479	0.52082814610243
0.6758344766894547	0.6433547719097441	0.6108750671300335	0.582540249241457	0.5562098372940505
0.6557907594651279	0.614044131440014	0.5722975034149002	0.5336118492467893	0.4964064367223928
0.6149977027790032	0.5709607744219235	0.5269238460648438	0.4861035887035512	0.44683886581740584
0.6286040836517041	0.5854322052608095	0.542260326869915	0.5014271183261642	0.461724855899683
0.6010098063590162	0.5572964834061076	0.5135831604531991	0.4736022922871632	0.43542638400216993
0.6134421570174436	0.5739046852930791	0.5343672135687147	0.4994926376256734	0.46687296905468423
0.6184393638787279	0.5759291856345438	0.5334190073903596	0.4939118502513462	0.45585690966317227
0.599816576386883	0.5576305372781857	0.5154444981694885	0.47628306008178756	0.4385842742727585
0.6856457703103671	0.6487103403679008	0.6117749104254343	0.5769805259349041	0.5432215193296802
0.6862632535371652	0.6515735531965521	0.616883852855939	0.5848458054695573	0.5540900581977458
0.6927430229354103	0.6558762056355455	0.6190093883356808	0.5827036537771103	0.546669250526167
0.673043808569073	0.6374165179078832	0.6017892272466934	0.5686648218378841	0.5367507746853324
0.6196971681099646	0.574780995026556	0.5298648219431474	0.4875407930574164	0.4464702867325321
0.658360812155351	0.617543497596239	0.576726183037127	0.537454017306075	0.49892906267445736
0.6518442099552377	0.6117495479942308	0.5716548860332238	0.5342304090790427	0.49809719406572506
0.6727174010645305	0.6343060499301836	0.5958946987958368	0.5594824009551062	0.5240368156939181
0.6524284534214808	0.6128884511905945	0.5733484489597083	0.5345817516508443	0.49618901315454855
0.61536418490912	0.5731864795535393	0.5310087741979586	0.491116585684975	0.45232963928312
0.6836576333145744	0.6464634403725248	0.6092692474304752	0.5744606633235303	0.5408057243335654
0.6511878615502316	0.6143146857641141	0.5774415099779965	0.5427114441883856	0.5090177546672723
0.673242361685227	0.6352222292498635	0.5972020968145	0.5615363436897279	0.5270091335461917
0.67832519118404	0.6338927762251628	0.5894603612662856	0.5448451143871761	0.5001414526980189
0.6057745621653681	0.5637971009747922	0.5218196397842163	0.48293856107167504	0.445554847087803
0.5986167914828541	0.5516417713933252	0.5046667513037962	0.45875010020396456	0.4133452606798449
0.6891429358363966	0.6553078796934161	0.6214728235504355	0.5910353821559589	0.5622409769568185
0.6180906840359779	0.5727205805255269	0.5273504770150759	0.48402498203925587	0.44168822948315006
0.6534463505160863	0.6122806815158164	0.5711150125155464	0.5323188816713373	0.4946686244016271
0.6501209914086556	0.6103620310167842	0.5706030706249127	0.5333015679166131	0.4971884553647884
0.6545487753231648	0.6190473316362587	0.5835458879493527	0.5507171721830626	0.5191809480731004
0.6575615291895603	0.6180754155383013	0.578589301887042	0.5416029920522295	0.5058255503368733
0.5656212756647558	0.5166721538755982	0.4677230320864404	0.4209508152952215	0.3752313175349042
0.6528816127309809	0.6124996781308477	0.5721177435307145	0.5350426163482512	0.49956661228021104
0.6543223557141826	0.6157489698796164	0.5771755840450502	0.5416690727572224	0.5076456565993135
0.6152013854302375	0.5699534480046938	0.5247055105791502	0.4808884308527252	0.43776329272770237
0.6570484348261402	0.6161668554263018	0.5752852760264634	0.5372463073592205	0.500581983161296
0.6687056624836	0.6266241017234909	0.584542540963382	0.5433056153862676	0.5024771428799806
0.625355907580148	0.5816460893144688	0.5379362710487897	0.49693480507162235	0.45724305816772715
0.6594537382007818	0.6182779803046442	0.5771022224085065	0.536376579791387	0.49586860625985923
0.6126520816452857	0.569026515869079	0.5254009500928725	0.4837107917555657	0.4429565678046505
0.6332524649317516	0.587901046852727	0.5425496287737025	0.4983063636496736	0.4545989848899916
0.663854632908592	0.6163653012497766	0.5688759695909612	0.5230260513630506	0.47796892920105144
0.6059413779022603	0.5608509575708468	0.5157605372394334	0.4743468615359279	0.4347112051053025
0.6393022591593651	0.5941670526296975	0.5490318461000299	0.5040124505785594	0.45904905954622943
0.6472867827342549	0.6100657465871671	0.5728447104400792	0.5390819303555167	0.5069915117080394
0.7126911149012419	0.6835528885070236	0.6544146621128052	0.6293748579232536	0.6063169900403428
0.633805938336238	0.5933997460545803	0.5529935537729226	0.5158409984381895	0.48026185376534336
0.6408395833316315	0.5988484659716949	0.5568573486117585	0.5174664393332354	0.47933295219035893
0.6142999893913534	0.5729767910088669	0.5316535926263805	0.4926744524912129	0.4548288642238718
0.6635350451006926	0.6260982514013713	0.58866145770205	0.5545198039242812	0.5219716310325345
0.6479423042699402	0.6019732421692462	0.5560041800685522	0.5109927475284209	0.46644441046738155
0.6553642985384874	0.6210158182909347	0.5866673380433819	0.5559581373522077	0.5270088383799411
0.6010660106250636	0.5558444464782808	0.5106228823314981	0.46866053238837907	0.4282742901859425
0.7041469281912929	0.6691086738686135	0.6340704195459341	0.6017916096305866	0.5708472261808237
0.6365099494871999	0.5926912364210515	0.5488725233549031	0.5078204882223972	0.46810637758171725
0.6736422813206577	0.641134434106104	0.6086265868915504	0.580005298179995	0.5532634916253057
0.6409405196425108	0.6031699338143467	0.5653993479861826	0.5310378383237399	0.49832490742832897
0.6404293228218798	0.5988657421104959	0.557302161399112	0.518971463213481	0.4822041391588991
0.6093798577570854	0.5640358828897146	0.5186919080223439	0.47427354261979304	0.43030278825204665
0.616725998391286	0.5754674464036216	0.5342088944159573	0.4947655892365853	0.45620011054145687
0.6556843458846388	0.6084674218436207	0.5612504978026026	0.5141457623361513	0.4670952796035621
0.6622772138294107	0.6239839575202324	0.5856907012110542	0.5501381242455387	0.5159108992386086
0.6330933581708743	0.5889957818884324	0.5448982056059906	0.5029160417880922	0.46195686012225845
0.6483446865749136	0.6062307169420609	0.5641167473092081	0.5240524115964166	0.4849792485053392
0.6483980111235446	0.6106642251956228	0.5729304392677012	0.5378534392788695	0.5040612216400991
0.6090646695734998	0.5670904579629985	0.5251162463524972	0.48509848183285026	0.4460268261638167
0.6121718557072583	0.578162213023662	0.5441525703400658	0.5146572605270078	0.4873450152616171
0.5685988175050183	0.5175275448947964	0.4664562722845745	0.4177434159852315	0.3701710549007011
0.6815988414302331	0.642444062949198	0.6032892844681628	0.5648812521573735	0.5268343352399593
0.6349828736052572	0.5883307223633414	0.5416785711214256	0.49602123141726195	0.4508449678459308
0.5815519060859982	0.5319747263840635	0.4823975466821288	0.43419061920731794	0.38664632542483374
0.6513203973469404	0.610982039384958	0.5706436814229756	0.5316914135734558	0.49340943838315426
0.6774548234306045	0.6411799656047921	0.6049051077789797	0.5716614861003075	0.5398837253490864
0.619869540123462	0.5744210044305599	0.5289724687376579	0.486346658314938	0.44508587604629063
0.5752785464871149	0.5299956219941148	0.4847126975011147	0.44395852614119746	0.4053943927544419
0.6479399832425217	0.6090447427014025	0.5701495021602835	0.5344336038116848	0.5002551882815754
0.6680209368035338	0.6254693620608017	0.5829177873180696	0.5412740689557929	0.5000693764995321
0.6778361669725566	0.6485938268602303	0.619351486747904	0.5960152961267932	0.5755352319671675
0.6205446956649173	0.5812979575648742	0.5420512194648311	0.5053396603372716	0.4698540762309472
0.6820384870140015	0.646960983134116	0.6118834792542305	0.5819385833731482	0.5544757407390444
0.6168765980693748	0.5717758090654227	0.5266750200614706	0.48309878553129837	0.440259802975702
0.6924058602697771	0.6548855048014993	0.6173651493332215	0.5818435136812706	0.5472884293441818
0.6527154260112473	0.6107967564490276	0.568878086886808	0.5276718412579325	0.48681011329676016
0.6088491226276402	0.561364761490905	0.5138804003541696	0.46935518568180723	0.42626097043349875
0.64231723203498	0.5965309427766502	0.5507446535183204	0.5064263533439544	0.4628179509590223
0.6264039495606252	0.5797950109736181	0.533186072386611	0.48918639735459984	0.4464485235512059
0.6427706638072939	0.5998791084402404	0.556987553073187	0.5154998049403484	0.4746909172045297
0.618041987415382	0.5741866616125942	0.5303313358098066	0.4888275883703422	0.4484610294154789
0.6784554093515509	0.6374338677733766	0.5964123261952022	0.5590133025499929	0.5233660749507413
0.6927982940244727	0.6577380849301236	0.6226778758357747	0.5908524942127747	0.560591427267722
0.6087498536469602	0.5562101033137712	0.5036703529805819	0.45286995759156057	0.40291068850476724
0.5896708410727324	0.5425128676120019	0.4953548941512715	0.450658826463761	0.4071532999630313
0.6729385600684333	0.6325905406227444	0.5922425211770556	0.5551524843779664	0.5196379597567949
0.693988505639421	0.6528543096121496	0.6117201135848782	0.5730150551184487	0.5354846916163827
0.6304948153747426	0.5840503556083922	0.537605895842042	0.49192556699524354	0.44661476054922716
0.595958070735397	0.5551084382994854	0.5142588058635738	0.47686587958225296	0.44114456522548456
0.6265617744751929	0.5877288668231021	0.5488959591710112	0.5136733430435543	0.48019661045198114
0.6630727277965053	0.6249607460029403	0.5868487642093753	0.5518839732121077	0.5184411170940734
0.6322073118073686	0.5927993867454797	0.5533914616835909	0.5167715869512696	0.4814999720850545
0.6194963499464574	0.5696903310309681	0.5198843121154788	0.4704057842588371	0.42108562623019685
0.6802927411058743	0.6427445692284696	0.6051963973510648	0.569223707359691	0.5340128970855467
0.6413455698058569	0.6008336930219657	0.5603218162380744	0.5214527342566422	0.4833780835223486
0.6076192364455804	0.5618419596206768	0.5160646827957733	0.4727398200350679	0.4306009084111721
0.6188693444640682	0.5736992656440663	0.5285291868240644	0.48473850324540324	0.4416148747853942
0.6393460862738077	0.6000277583578869	0.560709430441966	0.5241001103187839	0.4888008262610144
0.6393012704897835	0.5974455606557202	0.555589850821657	0.5147931728864641	0.4745086271000458
0.6321563161843125	0.5960009621901388	0.5598456081959652	0.5275356181366527	0.4970851891508846
0.647636234823968	0.6000784174696896	0.5525206001154112	0.5044996020361622	0.4562546166150745
0.5964080408795771	0.5474672152005597	0.4985263895215424	0.45121972532415117	0.40470331742774823
0.5881068040858733	0.5418400708868288	0.49557333768778433	0.45110517894564467	0.4075067841854289
0.5474431558462288	0.49832240591271726	0.4492016559792057	0.40338593800153033	0.3591684845512187
0.6125933297884719	0.5770489262266717	0.5415045226648715	0.5108785108168106	0.4826309603914504
0.6240666340632409	0.58139814892479	0.5387296637863392	0.49927236607078745	0.46136795105571105
0.6407560401376755	0.601015306330036	0.5612745725223963	0.5240536776165863	0.48805133950093194
0.6129884554504628	0.5723390374017141	0.5316896193529655	0.4938212296133139	0.4572977039946202
0.6290453479029303	0.5865719743044822	0.544098600706034	0.5040326122179173	0.46513079953111236
0.6655817689805676	0.6269165060494053	0.588251243118243	0.5534558911792471	0.5205319709073227
0.6308601364993279	0.5895729688242466	0.5482858011491651	0.5095590514527253	0.47207048198726964
0.6800640715576863	0.6380064067527561	0.5959487419478258	0.5552927259781549	0.5153145266357213
0.6688970134022396	0.6261425027884133	0.5833879921745871	0.5429740557306196	0.5036919863061958
0.6428461998190736	0.599772021495082	0.5566978431710904	0.5167812077968638	0.47839151345003794
0.6364561234959342	0.5930315362738247	0.5496069490517151	0.5082445193699991	0.46787931854739495
0.667881363352281	0.6275611327640792	0.5872409021758774	0.5488967634399707	0.5115082334704963
0.6061256701325738	0.5633019929520784	0.5204783157715829	0.4816997205925097	0.44487726718741677
0.6487246943214229	0.6063567258756299	0.563988757429837	0.5229103307347199	0.4824555073403276
0.6294840277493812	0.5863829492890604	0.5432818708287397	0.5030940269487384	0.46431498018532524
0.6572575290897418	0.6138184730473135	0.5703794170048853	0.527907945933421	0.4859043846301425
0.6196496891049718	0.5690815286648068	0.5185133682246417	0.4694696431608294	0.42116311247784016
0.6345607325606042	0.5917658625932974	0.5489709926259907	0.5084644261220036	0.4690644492976744
0.6289613468761648	0.5874665006417569	0.5459716544073488	0.5069201020959433	0.4690500905560762
0.6571069319663317	0.6200248616446423	0.5829427913229528	0.5486180814318884	0.5156267902261236
0.6354969484403792	0.5951588395442202	0.5548207306480614	0.5168074168752984	0.4799183396087971
0.5812231067558794	0.5377306202051088	0.49423813365433805	0.45417030672336123	0.41575859448711405
0.6526203576192249	0.6046075467404254	0.5565947358616259	0.5088404085195661	0.46121107998937816
0.6769801269376642	0.6394192500473767	0.6018583731570892	0.567739024249625	0.5352839473275385
0.6161201803566666	0.573560142851216	0.5310001053457654	0.4910700123590358	0.45241172160882737
0.6439952414626304	0.6004335586657759	0.5568718758689214	0.5154216574753995	0.4749925120099861
0.6576783386802111	0.6202053430578129	0.5827323474354149	0.5495714703952325	0.5184958700663906
0.6333043878228174	0.5869857480684868	0.5406671083141561	0.4972543319175731	0.4552467880234635
0.5556544752997167	0.5044103930358388	0.4531663107719609	0.4035615984934082	0.3547496612711279
0.6054966886533871	0.5620933709550463	0.5186900532567054	0.4789268759399421	0.4409240166244093
0.5995076981715032	0.5576242783249163	0.5157408584783296	0.47816311429644187	0.44266753112636226
0.6053073735686126	0.559198954421628	0.5130905352746434	0.47008517200274347	0.4285804006155354
0.7152350797140817	0.6742708443481056	0.6333066089821294	0.5933975438242924	0.5539987433587594
0.6383298850716588	0.6006161547812323	0.5629024244908059	0.5282622809527268	0.495108478467834
0.6323545164913855	0.5959776950537812	0.5596008736161767	0.5280473564554005	0.49882631784047415
0.6330412455818145	0.5903658289454539	0.5476904123090933	0.5070485216324959	0.4673900140064689
0.6499544569078508	0.6152720054308125	0.5805895539537742	0.5508832012847441	0.5235832163349285
0.6612140940309552	0.6218389788265739	0.5824638636221926	0.5451347322568553	0.5087950083880867
0.5678027821903167	0.5208390396958358	0.4738752972013549	0.43025177084639754	0.38824352356918135
0.6263213217810758	0.588195106653276	0.5500688915254762	0.5155238185691853	0.4827105329531232
0.6498989104004033	0.6123250701620707	0.5747512299237381	0.540300143090471	0.5073591735757997
0.5958727217143662	0.5527766331302776	0.5096805445461888	0.4694698005298469	0.43065436643288657
0.6002838088221577	0.551507485790175	0.5027311627581921	0.4553774025852511	0.40871157275184494
0.610539880673751	0.569156685448034	0.5277734902223169	0.48821502002389144	0.44953895983610526
0.6557029692474051	0.6176533074233683	0.5796036455993314	0.5445038838943724	0.5108306502177623
0.6376949837486299	0.5964120692787332	0.5551291548088366	0.5153185806847512	0.47622000855591484
0.5866664529677887	0.541079377895228	0.4954923028226671	0.4510984161188277	0.4072815376465799
0.6525199772562156	0.6109137321699742	0.5693074870837328	0.5301670490596513	0.49221903882792867
0.661069992799154	0.6284635107203747	0.5958570286415953	0.5670588582702568	0.5401023310637898
0.668720048273434	0.6382906118237319	0.6078611753740297	0.5820910545029148	0.5585741096708087
0.598916591330289	0.5564833067896499	0.5140500222490108	0.4725799986533048	0.4315757937908074
0.6445759830091895	0.6012981066975975	0.5580202303860056	0.516444415815644	0.47569169310664516
0.7178292994704102	0.6804608197463812	0.6430923400223522	0.6073143465512253	0.572305488687028
0.6448455769439833	0.606548050299191	0.5682505236543989	0.5326891262510554	0.49845088044422453
0.6831333893042454	0.6476605401273723	0.6121876909504992	0.579307707676296	0.5476815959687898
0.6953911065947865	0.6579334728271196	0.6204758390594527	0.5847981820432734	0.5499812954339917
0.6510465155846222	0.6126826134985114	0.5743187114124005	0.5383944768869172	0.5036500294778112
0.6429705928555657	0.6011196711229574	0.5592687493903491	0.5197667554441924	0.48140066820289973
0.6176328075414472	0.5780848804998647	0.5385369534582822	0.5006415344583942	0.4635452438843479
0.6703606881506419	0.6303972155527522	0.5904337429548625	0.5526390356078072	0.5158931110304517
0.6800650305307592	0.6441211937080159	0.6081773568852726	0.5742715119382769	0.5413512096927096
0.6475936730461056	0.6038338064579581	0.5600739398698108	0.5172272761619766	0.474822223848342
0.6449232758304297	0.6051701881476598	0.5654171004648898	0.5285436212093345	0.4930626779605152
0.6348055920914752	0.5994459231260467	0.5640862541606181	0.5323891541170609	0.5024632181847961
0.6759394216149992	0.6304379171556823	0.5849364126963654	0.5404376726942576	0.49642385473909934
0.6035170622864374	0.5626626478417923	0.5218082333971472	0.48485606945873067	0.4497909760976438
0.6163874548628198	0.5782012200040877	0.5400149851453556	0.5048962676370444	0.4712609561089972
0.6595794853919231	0.6201017605266905	0.5806240356614579	0.5422755717991399	0.5044732018406664
0.6448320200262667	0.6053395289116653	0.5658470377970639	0.529863753142704	0.4955774687835139
0.5945201249623786	0.5494722446140711	0.5044243642657635	0.46267608140980326	0.42252343505511325
0.6525774200940484	0.6104921132864516	0.5684068064788549	0.5287294118219231	0.49021644783520635
0.6969717561620307	0.6613728697844902	0.6257739834069497	0.5929797407496473	0.5615417822765372
0.6633176480690212	0.6258479835436072	0.588378319018193	0.5540667246061112	0.5212823261499273
0.6716420246274167	0.6369824920279631	0.6023229594285096	0.5703919385373855	0.5397803855165249
0.6546881872261732	0.6147085644010477	0.5747289415759224	0.536417632777776	0.49891309594596867
0.6555808162453087	0.6182303136412747	0.5808798110372405	0.54592124928715	0.5121193947246132
0.6606741078149874	0.6153573663238098	0.5700406248326323	0.5268543479251544	0.48469833215173874
0.6580093799044203	0.6149223233836384	0.5718352668628565	0.528837143599403	0.4858820271426583
0.6441509218139904	0.598676440461854	0.5532019591097177	0.508222907981617	0.46348343957569293
0.6494440582953657	0.6073190400025864	0.5651940217098071	0.5254958223947367	0.4869711968115499
0.5938600262533766	0.5534060705601116	0.5129521148668466	0.4755155806770054	0.4395382268574208
0.6369226800787632	0.5982507844621421	0.559578888845521	0.5246355293167754	0.49149523464424827
0.6453647606054708	0.598738209690177	0.5521116587748832	0.5084923128647867	0.4663272067776458
0.6327955616096814	0.591713734400093	0.5506319071905047	0.5113493162648463	0.4729368093708636
0.6424251964072659	0.6060673773960704	0.5697095583848748	0.5375712322426343	0.5074733903879984
0.5955223229908685	0.5510374228283055	0.5065525226657426	0.465279572574648	0.425559873989587
0.6602183758751551	0.6184008575668204	0.5765833392584857	0.5345539307423038	0.4924220552583518
0.6182868669397547	0.5719786604138246	0.5256704538878945	0.4832958853348592	0.44282356587338456
0.6287452765216275	0.5842507812131991	0.5397562859047706	0.4990376740667749	0.46014502357828896
0.6694725108995396	0.6346679523364668	0.5998633937733939	0.5688601326629094	0.5396951227274859
0.6018211589811935	0.5639363331699719	0.5260515073587504	0.4924294204622183	0.4608687310008095
0.6698355872199447	0.6284017243841546	0.5869678615483646	0.5491406776790096	0.5130576303658725
0.6669105115736179	0.6277347914574236	0.5885590713412293	0.5515374627139135	0.5155575505139443
0.6163939308862334	0.576849570696446	0.5373052105066587	0.5021554122137344	0.46913075899865353
0.651117534823518	0.6082727965252873	0.5654280582270567	0.5245881849070357	0.4847178346111926
0.6224114318590788	0.5784239521913365	0.5344364725235943	0.4928456375278873	0.4524137844165295
0.6407557707434938	0.5999696557157161	0.5591835406879385	0.5214538896488584	0.4852022993479428
0.7114111216707389	0.6768076220892966	0.6422041225078542	0.6087078774162512	0.5757470842045461
0.5996227611572721	0.5562592750930315	0.512895789028791	0.47213416927617546	0.4326307735547891
0.6172641832828726	0.5726869260850297	0.5281096688871869	0.4861772547589399	0.4455238475858646
0.6190647520148812	0.5741014298590913	0.5291381077033014	0.48613639794942093	0.44408329491411463
0.6482708208544694	0.6108100555493833	0.573349290244297	0.5385088799415474	0.5049356345271552
0.6278929957055249	0.5835066383028652	0.5391202809002055	0.4968595632741644	0.4556267735769059
0.6184754139308412	0.5737134537609299	0.5289514935910186	0.4850957307343266	0.44167819148329535
0.648471833959653	0.6038845475750231	0.5592972611903931	0.5153557592283307	0.4717265490530665
0.652223889979277	0.6151461648151242	0.5780684396509713	0.5436077242120717	0.5104125559350542
0.6211843072603643	0.5729140462969263	0.5246437853334884	0.47841928117438204	0.4331840747212184
0.6966145278086265	0.6563815922280329	0.6161486566474393	0.5741814218935717	0.5313755057334364
0.6457870119379674	0.6028781409874727	0.559969270036978	0.5187962843051555	0.4784627469676759
0.6852782811183983	0.6403582308610571	0.5954381806037159	0.5516208667863494	0.5083368199868494
0.6155909529095895	0.5744848728468228	0.5333787927840561	0.4953270199918595	0.4587522649808682
0.6227135452863446	0.5800208074243431	0.5373280695623418	0.4977423299247894	0.4596590886337205
0.6717783175051113	0.6339023753761253	0.5960264332471391	0.5598725559999383	0.5245514438367532
0.6573098864723572	0.6219877375914541	0.5866655887105511	0.5562127916783153	0.5281147411159995
0.5889284169651688	0.54473997664714	0.5005515363291112	0.4600349859601489	0.4212941072132456
0.6379885371218847	0.5958117617962527	0.5536349864706206	0.5129599759618073	0.473011196686833
0.6251404227289861	0.5856742258113989	0.5462080288938118	0.5100330277912714	0.4754496002632339
0.6224379281961449	0.5805438669502462	0.5386498057043474	0.4985967866098173	0.45943406824557764
0.6010754037874778	0.5595975843782832	0.5181197649690886	0.4805994077417096	0.4449928206406407
0.6595361408642854	0.6192419561809281	0.578947771497571	0.5398934861188007	0.5014387976887149
0.5997681913277958	0.5563944627514077	0.5130207341750197	0.4735171661017268	0.43588515035529674
0.638807258999655	0.596108199469035	0.5534091399384151	0.5140834512087287	0.47638907466023195
0.6928240116979524	0.6595746991011259	0.6263253865042995	0.5957980529979171	0.5665870282844951
0.6023108246604508	0.5628628114604021	0.5234147982603534	0.4882208022526083	0.4550839859841539
0.5699119250970303	0.5255707642665874	0.4812296034361447	0.4403778840245977	0.40121360682682017
0.6272029673990934	0.5887449746808018	0.55028698196251	0.5153976784439122	0.4822341401927226
0.6786135746069613	0.6373988572201702	0.5961841398333791	0.556013901863172	0.5163487586767355
0.6691732155455646	0.6324393680842397	0.5957055206229147	0.5624335676715299	0.5308357356565376
0.6183410954964421	0.5762343477811739	0.5341276000659056	0.4958522725443131	0.45942976310944544
0.6331392654036666	0.5870259063228003	0.540912547241934	0.49863597458003855	0.4582148150319812
0.6430375350598708	0.605811642071885	0.5685857490838991	0.5350210941841936	0.5032269598243571
0.6606609636083302	0.6184916301071108	0.5763222966058915	0.5349050760091277	0.49385156607895553
0.6560907451125495	0.6137911173180176	0.5714914895234858	0.5304391396011228	0.48998995479349716
0.6200287030879253	0.5733016139512218	0.5265745248145184	0.48079699582874874	0.4354786600750311
0.6452520914591124	0.6000758366398807	0.554899581820649	0.5122122200955566	0.4707284502261312
0.6308403200893299	0.5870379494287447	0.5432355787681593	0.5014142449858237	0.46055091131126746
0.6070858843874858	0.5630827525309526	0.5190796206744195	0.4785791795571645	0.4397725878288777
0.6029450602856882	0.5629051308375441	0.5228652013894	0.4866731035731804	0.452341760172274
0.6836370615886268	0.644202083288689	0.6047671049887513	0.5652177340829457	0.5256130446063686
0.6043563877259734	0.555637712854475	0.5069190379829767	0.460221409139519	0.41450112823639895
0.5844174917697392	0.5398799895759336	0.4953424873821281	0.4545803823805737	0.41564400357159914
0.630707867745131	0.5902480925008924	0.5497883172566537	0.5129092508607973	0.4777617622565206
0.6768118986358944	0.6385514066491073	0.6002909146623201	0.5627518468115612	0.5255616489932878
0.6154195476347628	0.5750747363319632	0.5347299250291635	0.49879283576390127	0.46498725562569465
0.637171987601588	0.5980234664029805	0.558874945204373	0.5225652195921359	0.4876282935009806
0.7039387956404922	0.6629079663383165	0.6218771370361407	0.5828796464657611	0.5448654484052786
0.641418453526022	0.5945693985721783	0.5477203436183345	0.501705891563486	0.4560950411154369
0.6043873552379572	0.5557386428887685	0.5070899305395798	0.45926303038270494	0.41183354643622727
0.6180320306654977	0.5740890680398233	0.5301461054141487	0.48821581943674236	0.44725883409151285
0.6221992409304058	0.5855495179355926	0.5488997949407795	0.5174460694191886	0.4885050513560108
0.701828215136733	0.6650255595520578	0.6282229039673826	0.5928949334876127	0.5582800988938786
0.6018266292405513	0.5612619894033708	0.5206973495661903	0.4825640895995118	0.44560660894495396
0.6354382528274432	0.5917409424473917	0.5480436320673403	0.5056005911372887	0.4637640963455131
0.6443442825061222	0.6038786667570832	0.5634130510080443	0.5255905997657886	0.4890463437505771
0.6986429035659736	0.6624950884939758	0.6263472734219778	0.5929177830321067	0.5608028342174326
0.6338609781073733	0.588553304118502	0.5432456301296307	0.5009067067771117	0.4600034272840391
0.6575285474345993	0.6101802123627666	0.562831877290934	0.5169793329551305	0.4718501308761342
0.6519494328014057	0.605503448154409	0.5590574635074123	0.5142268419625106	0.47017738610054016
0.5883923898231955	0.5480519748838208	0.5077115599444462	0.47231130489398987	0.43930003803350287
0.667829885597736	0.6270978889239343	0.5863658922501324	0.5491555043859349	0.5136481144094593
0.55992774248977	0.5148944095150495	0.46986107654032905	0.4283068388991856	0.3884350402581111
0.6279161003625262	0.5886292058717673	0.5493423113810083	0.5131093777780148	0.4783532944506297
0.6450784103312394	0.6040057975062266	0.5629331846812138	0.5255312796632536	0.48990447460097475
0.6334416701914777	0.5905038697276589	0.5475660692638402	0.5065369597486119	0.4664308649205624
0.6149441049193706	0.5719198852428513	0.528895665566332	0.4874881232680142	0.44686238221709684
0.6654987307544115	0.6280530990750792	0.5906074673957471	0.5561372680625165	0.5231059437646535
0.6685714173264278	0.6300104751951832	0.5914495330639387	0.555615811348784	0.5211009330540817
0.6684788860183857	0.6295097990870149	0.5905407121556442	0.5542335943080745	0.519213765302619
0.6790656800675937	0.6443283688043291	0.6095910575410645	0.5761963157809273	0.543450820757597
0.5997414986454818	0.5572794254647775	0.5148173522840731	0.47558856303234714	0.4379233420243281
0.6151126843240186	0.5714699012309206	0.5278271181378227	0.4863428011693042	0.44590228646549285
0.7338005633871094	0.696948635572149	0.6600967077571885	0.6217565059494218	0.582696596870595
0.5967221104835162	0.5504828625501961	0.5042436146168761	0.46046227169396187	0.41786953524815734
0.6330087384298051	0.5837965090941828	0.5345842797585605	0.48676738055841207	0.43962524235582406
0.660561429982529	0.6238889761621398	0.5872165223417505	0.5529836114617421	0.5199304274336047
0.6749728180521685	0.6304058280032896	0.5858388379544107	0.5416205015412803	0.49757076886505724
0.6372378059297111	0.5986810367525969	0.5601242675754827	0.5243280056313462	0.48986668411954293
0.6435895254621812	0.607150841581008	0.5707121576998349	0.5388128110490288	0.5091086206841479
0.6488845187409263	0.6026828879495854	0.5564812571582443	0.510697285182987	0.46511528682832004
0.6655877390553603	0.6225386071978973	0.5794894753404343	0.5374833154715561	0.49598152141658375
0.6012670755242415	0.5553033103996056	0.5093395452749696	0.46608624029008705	0.4241436737041333
0.611028872846406	0.5652557574203518	0.5194826419942976	0.47562331278032344	0.43268946224752325
0.6656089703699256	0.6270176357247962	0.5884263010796669	0.5511902987093341	0.5146097149632521
0.6235442189274625	0.5857739295692611	0.5480036402110599	0.513833430227697	0.48140416533575403
0.6286867776329729	0.590471319700608	0.552255861768243	0.5173293509196288	0.4839933261923523
0.6692704514536243	0.6287622272919416	0.5882540031302591	0.5494653918798938	0.5115083599769239
0.6801546418253231	0.6351531224165017	0.5901516030076802	0.544795553840656	0.4992680593308933
0.6827445718349884	0.6403131435212804	0.5978817152075726	0.5560003154179595	0.5143849012801786
0.6127778993789801	0.573461904146552	0.5341459089141237	0.4986770779116473	0.4650686785787699
0.6124419517508516	0.5723411722589135	0.5322403927669753	0.49559068485345437	0.46060986406686044
0.5859196977611761	0.5410731280851322	0.49622655840908836	0.45271410648534594	0.4098468141568276
0.6181537958921792	0.5739500002610771	0.5297462046299749	0.48924205660911346	0.4505270034043406
0.6039730688501531	0.5610719603388662	0.5181708518275792	0.47965123960498796	0.44325045412554887
0.6580431423451284	0.6168776763350076	0.5757122103248867	0.5361309574759954	0.4973158066597652
0.6186470919484843	0.5748758591368107	0.5311046263251371	0.4892395309311443	0.448296215374584
0.657989299307892	0.6206814680036472	0.5833736366994023	0.5493183175152304	0.5168358650433313
0.6563006833362143	0.6138559516144672	0.5714112198927199	0.5303907181831876	0.4900589530237847
0.6538224550076915	0.6082310600806027	0.5626396651535139	0.5202337498284911	0.4793682852823578
0.6831758739366729	0.6455866114548724	0.6079973489730719	0.574280172471121	0.542435479428087
0.6570208955951445	0.6202432891288321	0.5834656826625195	0.5508006402586766	0.5201243729545566
0.6668178935401378	0.624147271119011	0.5814766486978843	0.5407107126421022	0.5008658547163237
0.6345989868603789	0.5925216389615018	0.5504442910626247	0.5113547439943867	0.47371005317754017
0.6092281979250086	0.5659898560898733	0.5227515142547381	0.48264804500495784	0.4440605537299534
0.633116760154452	0.5953148556928182	0.5575129512311843	0.5234731190776343	0.49125256939993744
0.6395244471329812	0.5990880965878264	0.5586517460426715	0.5203443403103157	0.48306646077331283
0.6506386496531745	0.6077401382956051	0.5648416269380357	0.5247396323382912	0.48598999184402425
0.6100046524238063	0.5683015624121535	0.5265984724005006	0.48877211604313875	0.4528204906912515
0.6186641930454837	0.5758520994940541	0.5330400059426246	0.4930027517274601	0.4543073687376115
0.5723034846601076	0.525332197455054	0.47836091025000055	0.434623022363913	0.392448758522422
0.6227766645285748	0.5817265264228411	0.5406763883171072	0.50170921857515	0.4637493414984171
0.643669879832777	0.5968757418501403	0.5500816038675036	0.5047550482657821	0.4601381937779211
0.6370475202365732	0.6062375154761872	0.5754275107158013	0.5491315669575156	0.5250185562753451
0.6501235577946823	0.6074254873039286	0.5647274168131748	0.5242990286611146	0.4849682252885031
0.6842095332924368	0.6471395825711853	0.6100696318499337	0.574778292335243	0.5403470628701385
0.6117547725081011	0.5669024815405109	0.5220501905729208	0.48021189935553243	0.4398311337991969
0.6419215390805797	0.603690432501781	0.5654593259229824	0.5312027940521912	0.49886830767204865
0.6493984835532628	0.6006115168720142	0.5518245501907656	0.5030727729219872	0.454338012732148
0.6621227758666439	0.6231558494611269	0.58418892305561	0.5492115108808269	0.516163368728724
0.6593471807978054	0.6165095976966071	0.5736720145954087	0.5332621107574136	0.4940261966726319
0.606799925990414	0.5647242065491651	0.5226484871079162	0.4844888528332768	0.44822297937292405
0.6717010545909369	0.6298537402234875	0.5880064258560381	0.5472117727014474	0.5069261709261852
0.6778941437772713	0.6383970960251036	0.598900048272936	0.5592072318939645	0.5194197447051576
0.6653586682787553	0.6262173453724816	0.5870760224662079	0.5505119928916717	0.5151943042190604
0.658431186353915	0.6196232726891049	0.5808153590242947	0.5450252079899763	0.5106944022899148
0.6765854412514718	0.639540108867222	0.6024947764829722	0.5658966938521497	0.5295148945811636
0.5641413207684057	0.5186018904320455	0.4730624600956852	0.429799361642516	0.3876370635900772
0.6414886467216447	0.6030019734780548	0.564515300234465	0.5290882072440559	0.4951406819711834
0.6404349758300899	0.5995857397660872	0.5587365037020844	0.5197119649853034	0.4815698228934896
0.6827912331145988	0.6383426541097158	0.5938940751048329	0.5494611652184653	0.505035832685852
0.6712767966968475	0.6337856286025049	0.5962944605081623	0.5605052341430916	0.525539041603377
0.614793904351485	0.5754603555650829	0.536126806778681	0.5002075612530448	0.46593942224022405
0.660490422356553	0.6228012104136526	0.5851119984707521	0.5488824069199035	0.5133586661829671
0.6271528738562324	0.5880636654168657	0.548974456977499	0.513111413837113	0.4788084964763484
0.5513346764319409	0.5049155779879816	0.45849647954402234	0.41427565547721956	0.3711178843567635
0.6445898465451251	0.6074384532544912	0.5702870599638572	0.5356215942606997	0.5021582863380872
0.6307807060446654	0.5904232730704229	0.5500658400961803	0.5131921425662944	0.47800312792536015
0.6120650409133456	0.568216192799939	0.5243673446865325	0.481501808902507	0.4391117884043759
0.6316042730922165	0.596763424829389	0.5619225765665617	0.5305779106558212	0.500923946774351
0.6187744187697685	0.5755867995286934	0.5323991802876183	0.49255831418892376	0.4543358883657806
0.5986108433631461	0.5518910827597278	0.5051713221563094	0.4624271029433774	0.4216053966944306
0.652257670939811	0.610682025677863	0.5691063804159151	0.52976679387804	0.4915085322373349
0.6403419825363068	0.6022053636982764	0.5640687448602458	0.5282251795255979	0.4934905009196642
0.7137408220511412	0.6811539869661173	0.6485671518810935	0.6201983075226783	0.5938692210380663
0.6722715271363068	0.6312112720502324	0.5901510169641581	0.5491095530116668	0.5080771761731993
0.6664800404441966	0.6292408124098174	0.5920015843754384	0.5571832530591534	0.5235356315576734
0.6713888310904693	0.6326193327972072	0.5938498345039451	0.558899634790613	0.5257963913310425
0.6765503665041519	0.64483622978322	0.613122093062288	0.5856243632194934	0.5601656253248278
0.6350467541829853	0.5902917504580695	0.5455367467331536	0.502395881648436	0.46003559011500283
0.708095294498941	0.6721492950012862	0.6362032955036314	0.6030203985408786	0.57117369706005
0.6311044119084418	0.5928040817406438	0.5545037515728457	0.5171743479081634	0.48031446992714866
0.6432981627138951	0.6016838245066239	0.5600694862993528	0.5219474981996022	0.4855143589123808
0.6372520934046184	0.5928373669926318	0.548422640580645	0.5056128118866834	0.4635790879708425
0.6559291005116724	0.6159666171109376	0.5760041337102029	0.5388467314754558	0.5030458249671897
0.6399395044202694	0.5992797233962639	0.5586199423722584	0.5205706635634548	0.4837837849810074
0.6616015881716296	0.6165963595763625	0.5715911309810955	0.5288527108501039	0.4872104857354364
0.6141620716976638	0.5693841265667023	0.5246061814357408	0.48171262895514716	0.4397303408644151
0.6684179121708569	0.6304513275016039	0.592484742832351	0.5562963546389434	0.5209678759374876
0.6563484466773918	0.6152075930771838	0.5740667394769756	0.5362338337773759	0.500000602712865
0.694350594078561	0.6564532987952966	0.618556003512032	0.5817834900711157	0.5455549044783019
0.6293897534874974	0.5893094422280245	0.5492291309685515	0.512810490192019	0.4781625790550121
0.6390263081848546	0.5998858218133623	0.56074533544187	0.5237609940384624	0.487819332422843
0.6166570123901267	0.5767298137693575	0.5368026151485883	0.5012041464587071	0.46769898748247624
0.6033834945191662	0.5598354516085002	0.5162874086978344	0.4736060229541782	0.43134373978681356
0.5946003779010886	0.5471612339706068	0.499722090040125	0.4553777917421569	0.41253011497711495
0.6247885631568446	0.5869293379590483	0.5490701127612522	0.5170588634952862	0.4878756088186663
0.5888818722270153	0.5407323530082786	0.4925828337895419	0.44764445873941106	0.4042589454726197
0.59862600723331	0.5554707934858893	0.5123155797384686	0.47291540188969267	0.43533110381332957
0.7190763313977443	0.6860025995389676	0.652928867680191	0.6239773461406761	0.5970192644878695
0.7009522716649002	0.670745062409429	0.6405378531539577	0.6134985052517024	0.5879910882040069
0.6394696195852205	0.593427669736353	0.5473857198874854	0.5019827508719571	0.45688878352819406
0.6769120257719875	0.6396225930809742	0.6023331603899611	0.5697852663433799	0.5395303101932502
0.5857297532352869	0.5416601079756063	0.49759046271592555	0.4574306607611595	0.4191616011487666
0.672007607535343	0.6281077609149736	0.5842079142946041	0.540165255173503	0.49605353404119207
0.6296328213644836	0.5889503901904514	0.548267959016419	0.5092050741096512	0.47092537780256477
0.6158432986271892	0.5722803281879361	0.5287173577486828	0.48827267122373097	0.4493359406378061
0.6028079106015239	0.5552494803910423	0.5076910501805605	0.46225500992913954	0.4178453260428392
0.7209709757073811	0.6847976500196669	0.6486243243319526	0.6136088513590273	0.5791532988185479
0.6937117575573907	0.6529218379429274	0.6121319183284639	0.5738856817028999	0.5368695325150192
0.6891634039056692	0.6515333514697657	0.6139032990338621	0.5787127661692382	0.5447019488555339
0.6535593512554297	0.6187404931765266	0.5839216350976234	0.5523528320812363	0.5223557075804612
0.6503094839094582	0.6045011119259196	0.558692739942381	0.5137485149962494	0.4692221787648926
0.6506171309468547	0.6137642709251121	0.5769114109033696	0.5439543854222505	0.5128813278524738
0.6862798680528711	0.6449982915170754	0.6037167149812798	0.5643334198293783	0.5258681054532681
0.5875091845603291	0.5407407908959129	0.4939723972314968	0.44938550593288	0.4058535568842044
0.6318463052565765	0.595004301786145	0.5581622983157137	0.5252779975583005	0.49430758324452634
0.6069650667428701	0.5621300284769891	0.517294990211108	0.47375928758196995	0.43085192443187337
0.5565292618613312	0.5052295442051528	0.45392982654897435	0.4060017738559574	0.3597042084262362
0.6074858917700141	0.5618971264902498	0.5163083612104855	0.47167915559701423	0.4275139788331936
0.6168147099892155	0.5704183548095781	0.5240219996299407	0.4781582303934573	0.4325520118348767
0.6847065206332442	0.6458455954653299	0.6069846702974155	0.5697470028051659	0.5332943186947574
0.6340595269543429	0.5932777079927697	0.5524958890311965	0.5135511736949988	0.4754948544762255
0.6282012489496022	0.5869991554234463	0.5457970618972905	0.5065607679995665	0.46827510570117664
0.5795666716836687	0.5341733413366637	0.4887800109896587	0.4463679230010331	0.4053975196837034
0.604844786751223	0.5608083254876897	0.5167718642241563	0.4753009630323224	0.4350707287115537
0.6307735861603183	0.5940845573148149	0.5573955284693115	0.524420304178318	0.49324102079208754
0.6297448352820082	0.5871855678713838	0.5446263004607592	0.5037106893660594	0.4635899261336567
0.5993763021021176	0.5580901352882854	0.5168039684744533	0.481154910745792	0.4482318755210277
0.6143034786165782	0.5699446786909985	0.5255858787654188	0.4847164107570972	0.44553433200917403
0.6052132066281423	0.5633172255566626	0.5214212444851831	0.4819641263181041	0.44368640614756294
0.6058609584708352	0.5622263938895408	0.5185918293082462	0.4784319457452593	0.43995236648482505
0.6715952631961569	0.6320526558510584	0.5925100485059599	0.5545858576196648	0.5174443089744046
0.6575967103966688	0.6221674929240895	0.5867382754515102	0.55460522706132	0.5240661572440972
0.6336372827004942	0.5911100533424546	0.5485828239844149	0.5084436625336283	0.4694593353707095
0.7005010968061991	0.6590829959252865	0.6176648950443739	0.5774043702465237	0.5377036321061113
0.7143359668946574	0.6807604518486208	0.647184936802584	0.6147949501334262	0.5829782674372007
0.6600939241122981	0.6185352685830312	0.5769766130537644	0.5365163137121439	0.496587163163208
0.6426405600810734	0.6001504541448757	0.557660348208678	0.5181738916869879	0.4801399555572314
0.6297121827570917	0.5875517426569837	0.5453913025568757	0.5051370361891645	0.46580456722014485
0.6191005715884126	0.5794574414261167	0.5398143112638206	0.5034085735265562	0.4685683908408691
0.7023777764115582	0.6653793672705752	0.6283809581295922	0.5918079744770469	0.5554407202928675
0.662408776878215	0.6206146941979405	0.5788206115176661	0.5376794814005225	0.4968541094768392
0.5676107853866522	0.5226181914579038	0.4776255975291553	0.4360324645737075	0.39608326062057675
0.6675198782465563	0.6240098246103183	0.5804997709740803	0.5375398802976341	0.4948460402841329
0.616544453156173	0.5707763482118814	0.5250082432675898	0.47938838530238914	0.4338402173816832
0.6773103125324632	0.6436086619214667	0.6099070113104703	0.5789967474521139	0.5494363569046705
0.6144220614463891	0.5730469970997538	0.5316719327531185	0.49366675230197904	0.45729119781617844
0.641378977136365	0.600595159646198	0.5598113421560309	0.5201342473011231	0.4809923471291115
0.6801485539558821	0.6463804361342481	0.612612318312614	0.5832417002936657	0.5559976480803253
0.621338399167955	0.5789609168987189	0.5365834346294827	0.49709694998846155	0.4590085090031786
0.6497458971630125	0.6099163687593078	0.570086840355603	0.5336399163621031	0.49882876978654545
0.6280260891854106	0.5828389027093034	0.5376517162331962	0.4943319115560176	0.4519151450727669
0.622312192414789	0.5772115112837611	0.5321108301527334	0.48945115870764483	0.44797192341086606
0.6947166506359079	0.6572167181497324	0.6197167856635568	0.5843569679166649	0.5500320779762184
0.6194761833151905	0.5778223146260567	0.5361684459369229	0.4975913814005582	0.46050221380459444
0.653749457896293	0.6125992802841175	0.571449102671942	0.5325819431947094	0.4948188174905737
0.6611468313639937	0.6185261223564272	0.5759054133488607	0.5351021770445679	0.4951778436343801
0.6137054348088723	0.5713791244188846	0.5290528140288969	0.4879082559836703	0.44733517587814264
0.6992974211507419	0.6603228001658569	0.6213481791809718	0.5858519189543424	0.552037742498031
0.6601476884650913	0.6196051532864038	0.5790626181077161	0.5392606882240434	0.49981690409739127
0.6501229896402748	0.6042868088313766	0.5584506280224785	0.5125934482987275	0.4667261138106141
0.6562915322448492	0.6120296502018012	0.5677677681587532	0.5237418253926953	0.4798299793682315
0.599247397103629	0.5547200122104208	0.5101926273172126	0.46925362939512694	0.43004992229111394
0.6489864641030098	0.6056016277215089	0.5622167913400081	0.5215611456214833	0.4822252961056378
0.6156990684274342	0.5728283468716295	0.5299576253158249	0.48827749060770487	0.4471731060741148
0.6017823402571579	0.5590434604774654	0.5163045806977731	0.4777570087864282	0.4412362913136345
0.6155470447384055	0.5734384431117788	0.5313298414851522	0.4941000817894232	0.45922965782689334
0.6155743117247909	0.5753425649597983	0.5351108181948055	0.49856398743311847	0.46379912750048746
0.5893357412411109	0.546221300399607	0.5031068595581031	0.46267961613032227	0.42355186159153485
0.7023002092981466	0.6693314832403355	0.6363627571825244	0.6065151723331859	0.5781769251680371
0.6084696656383997	0.5615329691746349	0.5145962727108702	0.46887818493016115	0.42374939826874275
0.600553332124429	0.5595121013835378	0.5184708706426466	0.4793918498882209	0.44126172483541426
0.6472678436738916	0.6098322047739692	0.5723965658740469	0.5377360729138975	0.5044175994479815
0.6355013025049111	0.5962860480764377	0.5570707936479642	0.5212765109393994	0.48713655951177415
0.5527382765045098	0.5118207911117316	0.47090330571895345	0.43452594635178604	0.4003441247202465
0.6487382765008779	0.610323323481442	0.5719083704620062	0.5367455324027643	0.5031553689951576
0.6490551436117984	0.6094427712784167	0.5698303989450351	0.5315486484616189	0.493910367006809
0.59532776353108	0.5530366159938395	0.510745468456599	0.47283795014128766	0.43705029002406515
0.6161758135101607	0.5764539488319899	0.536732084153819	0.500264401874979	0.46537039403073494
0.6193650281966984	0.5805615435989302	0.5417580590011621	0.5067972103100115	0.47369460345833114
0.6944885141289668	0.6610464420780655	0.6276043700271641	0.596187396346713	0.5657497302593996
0.6148971171594395	0.5741448953755992	0.5333926735917589	0.4961847221211206	0.4606907273058713
0.6430070540055322	0.6070295698072009	0.5710520856088698	0.5392742220101239	0.5095272327636973
0.6459791444595264	0.6068224530381778	0.5676657616168292	0.5322560048289223	0.49865821016150425
0.671439432373609	0.6363668517083296	0.6012942710430502	0.5677790206915988	0.5350168722257691
0.6505971778297138	0.6117276261313895	0.5728580744330654	0.5372163846029849	0.5031356409883061
0.6614629914394199	0.6177728697454742	0.5740827480515285	0.5322895913935533	0.4914137789450001
0.6358722184666341	0.591165795764689	0.546459373062744	0.5027773003931421	0.4595905882350798
0.642481170039989	0.6023768903206411	0.5622726106012932	0.5261936720406737	0.49206132887474385
0.6322606800659589	0.5857514914397712	0.5392423028135834	0.493253447552151	0.44751621780309025
0.6556279374770495	0.6135477654716852	0.571467593466321	0.5312585005934668	0.49195423389032655
0.6350719705231465	0.5959078306490105	0.5567436907748747	0.5207661106650213	0.4863295036845152
0.6544745745387556	0.6137898158104269	0.5731050570820981	0.5355740774265103	0.49956821864311346
0.5994394580910704	0.5534729246667358	0.5075063912424014	0.46570044394427756	0.4259064945050009
0.5969972139534274	0.5546322251333851	0.5122672363133426	0.47444596182529897	0.43882196032473264
0.6073655059723596	0.5678911828663507	0.5284168597603417	0.4922139248805769	0.4575929849185946
0.6535888423565632	0.6140118510640807	0.5744348597715982	0.5371182572707321	0.5008947453275266
0.6790569040480784	0.635937994882527	0.5928190857169756	0.5493552519583613	0.5057246177726786
0.6037080726500739	0.5605004280182194	0.5172927833863649	0.47676450678535337	0.4375319328996778
0.6014181266959696	0.5579711894865516	0.5145242522771336	0.4722532927792329	0.4305510186938802
0.6384112231077081	0.6020431015085894	0.5656749799094706	0.5330864426165404	0.5023256563425057
0.6591080379150718	0.6219055737849438	0.5847031096548159	0.550942425984477	0.5188461363936389
0.661866302429656	0.6218955040826785	0.5819247057357009	0.5429476897653346	0.5044512522407086
0.6769863104998416	0.6381941277479789	0.5994019449961163	0.5619504956279839	0.5251474050764993
0.5822317486024464	0.5398753104219034	0.4975188722413603	0.4583822975578019	0.4208028011957093
0.6933582034041155	0.6565571399680178	0.6197560765319201	0.5860238140291827	0.553775578228417
0.5896863088176367	0.5429552286052161	0.49622414839279533	0.4507418825138451	0.40586352475957266
0.6211669725045351	0.5802224112320935	0.5392778499596519	0.5007353432991511	0.46335443468985105
0.6491137331096015	0.6103610134984437	0.571608293887286	0.5352434333523539	0.5000333061176964
0.6614957360463929	0.6234464554787759	0.5853971749111588	0.5502487226893223	0.5165030681127085
0.6328402675614595	0.5903536461739068	0.5478670247863543	0.5066567326390915	0.4660636544181239
0.6565335524278084	0.6115225028226808	0.5665114532175531	0.5222191299472783	0.47827437209277757
0.716878022138758	0.6806341852926803	0.6443903484466027	0.6108142263090828	0.5785281715127532
0.6191555033984427	0.576162326602768	0.5331691498070932	0.49305252360831786	0.45432695469480505
0.5827887327585103	0.5418118577871295	0.5008349828157486	0.463979696647572	0.4291175498101389
0.6126197130093064	0.5696659515812923	0.5267121901532783	0.48745330708018725	0.44998121248191547
0.6345923366872813	0.5939439610962047	0.553295585505128	0.5158352427526552	0.4799165854864644
0.6535753487938529	0.6132157529406334	0.5728561570874137	0.5354623920284943	0.4995028588366292
0.6603456155051217	0.6202504609567873	0.5801553064084527	0.5404314951088484	0.500887259907101
0.6546128283202624	0.6159320049077212	0.57725118149518	0.5425152958032099	0.5096871235934994
0.5865279372075485	0.5443738094982575	0.5022196817889666	0.4636748453580911	0.4268754087588355
0.6298422330884973	0.5853066775142948	0.5407711219400922	0.49851143426842154	0.45735232262330316
0.7041821527405491	0.6673200416884907	0.6304579306364322	0.5944623134797314	0.5588857199435684
0.7244639728735609	0.6894246699195351	0.6543853669655093	0.6215104770574384	0.5896822652572162
0.5726404246278751	0.5256013258250025	0.4785622270221299	0.434781151263355	0.3925756072181297
0.658132275356361	0.6201122055500808	0.5820921357438006	0.5459878260975092	0.5108099497043788
0.6981918569823216	0.6538722669304494	0.6095526768785773	0.5654756749410051	0.5215159850243232
0.6604850966411634	0.6252307948447262	0.5899764930482889	0.5597307124702069	0.5319069786090137
0.6177265897960935	0.5739490591427647	0.530171528489436	0.489082777651167	0.4492942809277524
0.6236281144747753	0.5826069110490649	0.5415857076233545	0.5043083129476157	0.46884136876139415
0.6600816004682413	0.6206427007672903	0.5812038010663394	0.5437076216959397	0.5071509131180765
0.6945593329975684	0.6603951721559371	0.6262310113143058	0.595098227742312	0.5654313733425198
0.6154956660536567	0.5716196754936711	0.5277436849336855	0.4864573502648577	0.4464233348486796
0.671488398265143	0.6335123175867948	0.5955362369084467	0.5590703648171808	0.5233348072420547
0.5879041020773865	0.5460992968597892	0.5042944916421919	0.46645421048466595	0.4305311144732331
0.6656663410577025	0.6244453637899032	0.5832243865221038	0.5432236501802065	0.5038130042860769
0.6570072077611221	0.6211551684376195	0.5853031291141171	0.5541152549045186	0.5251829018974179
0.6110395524247593	0.5646191988979558	0.5181988453711522	0.4745181109477884	0.4321622157665334
0.666189717358293	0.6287555098340493	0.5913213023098055	0.5557317300165676	0.5210341960137421
0.654597442794722	0.6196277696866598	0.5846580965785975	0.5519355996403243	0.520299803831391
0.6365257773945565	0.5921664051489078	0.547807032903259	0.5051701700362351	0.46336628720531825
0.6266698364178729	0.5849643960756106	0.5432589557333484	0.5032472543753197	0.4640546201165767
0.6670507713814713	0.6265150335503631	0.585979295719255	0.546802595927802	0.5082831068136265
0.6371417158726502	0.5934605195838171	0.5497793232949839	0.5079084759934616	0.46691308666246173
0.6204763579927406	0.575404109521983	0.5303318610512252	0.48776437519019533	0.4464081554476445
0.6693509502245298	0.6324316735011286	0.5955123967777274	0.5616691835102282	0.52931350899309
0.619253419119611	0.5766619549786562	0.5340704908377016	0.4937061351209127	0.45441877606875564
0.648784831659298	0.6091663591757329	0.5695478866921679	0.5322262155064414	0.4960152434273473
0.6520228585975032	0.6120301849727837	0.5720375113480642	0.5328319339787132	0.4940069847065745
0.6456103540792371	0.6069531399384993	0.5682959257977616	0.5316353063885394	0.49594021063462346
0.6480373617241911	0.6094480117173579	0.5708586617105246	0.5349720170531238	0.5003923606928516
0.6611158923717394	0.6224153510692678	0.5837148097667963	0.5473335358452749	0.5120738252955988
0.6572723163419085	0.6179916545148425	0.5787109926877765	0.5422367906845156	0.507119751106247
0.6557576016021942	0.6129692859609361	0.5701809703196782	0.5283375199449413	0.4869509924256557
0.6343799512547175	0.5940065294201817	0.553633107585646	0.5155816942911573	0.47865316995247403
0.632686027659275	0.5854716431545397	0.5382572586498043	0.49049849038388527	0.44247646618991493
0.6320541604717538	0.5968459250695533	0.5616376896673527	0.5312134218429213	0.5031026099190009
0.6383043120634481	0.5952936029814611	0.5522828938994742	0.5108868404789794	0.470271610633613
0.670944944513425	0.6359688287675453	0.6009927130216656	0.5678363490059856	0.5355599899880943
0.6011403171605788	0.5625374165791786	0.5239345159977782	0.48867558317888793	0.4550337436670776
0.6414260387636737	0.6018427136840038	0.5622593886043339	0.5253335107072311	0.48969273492774634
0.6055110132237947	0.561981540652436	0.5184520680810771	0.47824181505281776	0.4396366874590949
0.6952680173263243	0.6603253991665954	0.6253827810068664	0.5935306739008854	0.563173092189707
0.6863580200055748	0.649074077290246	0.6117901345749174	0.5764658721382182	0.5420892820738775
0.5605620351024759	0.513762584929033	0.46696313475559015	0.42520675882782843	0.3858891389494601
0.663689122294243	0.6293797962998111	0.5950704703053791	0.5626508449124741	0.5311450507560344
0.5876210367785362	0.538120551885778	0.48862006699301985	0.4403037847108557	0.3925601652806744
0.6073480302523346	0.5657276832104674	0.5241073361686002	0.48627207592392585	0.4502672276213399
0.6479414977789544	0.6061694109377422	0.5643973240965301	0.5243402776161501	0.48511259926544126
0.6020919710716727	0.564810850468392	0.5275297298651114	0.49396248362159106	0.4621912120396197
0.6526766502751827	0.6086789594114003	0.5646812685476178	0.5203515536275102	0.47586127678892587
0.6426030980769235	0.6014400433144227	0.5602769885519219	0.5225314799601364	0.48643864610441095
0.616444615908215	0.5723855847792267	0.5283265536502385	0.48729251762025755	0.4477213244392407
0.6921001028604029	0.6512888120903788	0.6104775213203547	0.5710613948109491	0.5323199490844793
0.5965893363949432	0.5507108274673596	0.5048323185397758	0.46137414801228416	0.4190864173052766
0.6127270572661118	0.5714360348229997	0.5301450123798874	0.4927890670975742	0.45733606687678696
0.6521200916765725	0.6092568616508376	0.5663936316251028	0.5273453205693719	0.4901418478528764
0.6269554383669931	0.5882800857203052	0.5496047330736173	0.5125605983475214	0.4763052964598731
0.6698462749165492	0.6294288310041148	0.5890113870916804	0.5506379854148525	0.5132530523039137
0.5907807956794945	0.5467587305948607	0.502736665510227	0.46222877614837743	0.42342029014350024
0.6475455353913145	0.6088177514003125	0.5700899674093105	0.5341943614487082	0.4996683548570844
0.6673690108440565	0.6332359761437854	0.5991029414435142	0.5685990805052109	0.5398502342732405
0.6192066249406316	0.5794772767718339	0.5397479286030363	0.5031412385096852	0.4680446196349371
0.6228144162521925	0.5796814324370707	0.5365484486219491	0.4955112494943446	0.4554875408163972
0.6235511227281878	0.5798380972155688	0.5361250717029498	0.4943458272620876	0.45350173072054273
0.6126454471490215	0.5727656897393245	0.5328859323296274	0.49788292439114773	0.4652382403033415
0.6363746685941046	0.5912727878331124	0.5461709070721202	0.504209587128017	0.463766995903253
0.5877569631650547	0.5362599849820578	0.48476300679906115	0.43633447688795834	0.38938980313696275
0.6222594927474013	0.5806437864484242	0.5390280801494471	0.49935440713811957	0.4606198726755521
0.6251668484449012	0.5854587920890872	0.5457507357332733	0.5094482406721338	0.47479262463842076
0.7022484399230446	0.6615272615638204	0.6208060832045958	0.5810304169491494	0.5417119863500761
0.6710639242647727	0.6367909453518412	0.6025179664389096	0.5715767231591145	0.5422466579097138
0.6316119526877445	0.5875134035661287	0.5434148544445128	0.5013689147715865	0.46031558664197053
0.6018375183480439	0.5568907669223004	0.5119440154965571	0.4683022559478692	0.4252915711523051
0.674316942775536	0.6330932206606346	0.5918694985457331	0.5515491567016184	0.5116656761831466
0.6060275150482874	0.5596132424678366	0.5131989698873858	0.4697462773557129	0.42772576109348637
0.6651483909301596	0.6227222479929597	0.5802961050557598	0.5386988074802791	0.4975023272518038
0.6442565786214434	0.6002881982243288	0.5563198178272142	0.5146906876949812	0.47419278436144335
0.6789952304944451	0.6379536765601564	0.5969121226258678	0.5568982259254655	0.5173812890503104
0.6365012283520313	0.5962409779644422	0.5559807275768531	0.5191388450518742	0.48395003462099184
0.6339791391571384	0.5966542896600194	0.5593294401629003	0.5260368627212798	0.49469423235342463
0.6172189324541693	0.572547212310915	0.5278754921676607	0.4841814793265093	0.44096027126303516
0.6132738367440194	0.5730490401768101	0.5328242436096008	0.4960655947013627	0.46098312348942677
0.6681247570971396	0.6217208065807871	0.5753168560644346	0.5281931169834688	0.4807212988081416
0.6427335475568915	0.6087011074235887	0.574668667290286	0.5448700744841956	0.5171189075692249
0.6132761901203224	0.5713156401603526	0.5293550902003827	0.4928739688096185	0.459042617959475
0.6420107840340621	0.5972956237399906	0.5525804634459192	0.509464537151629	0.46712197674516065
0.6903844969015847	0.6521470976829586	0.6139096984643325	0.5781843967428116	0.5436739081827227
0.6406926744581075	0.5977751894930042	0.5548577045279011	0.5135151786962443	0.4729342797864061
0.5988839467920775	0.553798647726403	0.5087133486607286	0.46602551366428596	0.4244970568005468
0.6550300769793378	0.6181959330390728	0.581361789098808	0.5459705907765338	0.5112771795942831
0.6221243938556805	0.576018700438543	0.5299130070214054	0.48614056678376955	0.4434964532431179
0.6285284105975689	0.5876367978509627	0.5467451851043564	0.508167623846889	0.470709103633201
0.673508291087857	0.6381877129704108	0.6028671348529644	0.5701141441896966	0.5386028008096485
0.6465690617024342	0.6031489519105113	0.5597288421185883	0.5160808186237995	0.47232257943625566
0.6600077924700681	0.6219860339710871	0.583964275472106	0.5482283960150478	0.51359793382335
0.614418258910066	0.5712614888168488	0.5281047187236316	0.48737986144227763	0.447831041195597
0.6452709449881018	0.603801057708608	0.5623311704291144	0.5216876829815108	0.4814438302588899
0.6433261999364412	0.6060630291573894	0.5687998583783375	0.5348848799172297	0.502589037695671
0.6679178197182508	0.6270764849971434	0.5862351502760361	0.5467726656200832	0.5079769724436493
0.6764751168520526	0.6404801411168574	0.6044851653816622	0.5713898011830367	0.5396966461987126
0.6354987664344399	0.5889065632518118	0.5423143600691835	0.49672288387660873	0.451615344442029
0.6357158075233962	0.5960584298617941	0.5564010522001921	0.5192206572369894	0.4832380944383909
0.7122657419487333	0.668611203143048	0.6249566643373629	0.5785315205863177	0.5307665532987139
0.6265489198153043	0.5776795697650686	0.528810219714833	0.4804095229507744	0.43223545997814006
0.6215931912645164	0.5815346058660688	0.541476020467621	0.5052921414371015	0.4709820130463828
0.6627967244302735	0.6263193434458374	0.5898419624614013	0.5562260137265896	0.5239938112681048
0.7038856949160115	0.6669673031167165	0.6300489113174216	0.598755056042429	0.5701811433670171
0.7005421710206168	0.6616890710519017	0.6228359710831866	0.583536478650817	0.5440211174312544
0.6143154987741014	0.5780210573496747	0.5417266159252478	0.5102580631881142	0.48112323877947244
0.6425970367623086	0.5967527509414237	0.5509084651205388	0.5057635391390051	0.4609568132227156
0.6152452221465473	0.5672832783886839	0.5193213346308203	0.47431507405742346	0.430738138117187
0.6328943358083606	0.5898939655029228	0.5468935951974851	0.5054637073939732	0.4647932816795467
0.6084936911848782	0.5682080398818307	0.5279223885787832	0.49115285188433666	0.4560836561633409
0.6523849347274009	0.6195287033543316	0.5866724719812624	0.557643299058196	0.5304648349471839
0.6421374305863411	0.6044076445497946	0.566677858513248	0.5340452647785466	0.5038775977840555
0.6181804326798725	0.5734193157144338	0.5286581987489951	0.4848004091253686	0.4413794552317164
0.6011888580750288	0.5558454383933593	0.5105020187116899	0.46889004947362	0.4290825544310537
0.6536127295807285	0.6145682339551163	0.575523738329504	0.5403759983367369	0.507112671681875
0.6296329305083879	0.5908658816579156	0.5520988328074433	0.5164047755645695	0.48219677157169194
0.6472959499970912	0.6044432930818444	0.5615906361665975	0.5209983430132659	0.4814991283136017
0.6470090559289647	0.6004296286416041	0.5538502013542433	0.508737508863956	0.46433410760853033
0.6144325330524865	0.5707180307338212	0.527003528415156	0.4851667600446114	0.44423803601409473
0.7779963860821448	0.7474661179708192	0.7169358498594934	0.6863718475479008	0.6557915318764478
0.6534046525019879	0.6146092783687291	0.5758139042354703	0.5390432942813954	0.503251830310509
0.6889095241135477	0.6512721769929435	0.6136348298723393	0.5783036358483234	0.5440876633223747
0.6361170967281028	0.5946196226901218	0.5531221486521407	0.513369275822604	0.4744600663110357
0.6069772664709655	0.5619501641080731	0.5169230617451807	0.47279048072673646	0.42909047698830205
0.6872187023743132	0.6552094424726936	0.6232001825710741	0.5965894974410677	0.5725894831520961
0.6589098926072453	0.6192882266824589	0.5796665607576723	0.5415003574964402	0.5040379944331685
0.6027275022685569	0.5591156188478955	0.515503735427234	0.47649874450081436	0.43972157858586625
0.683943928052729	0.6460358218725186	0.6081277156923083	0.5726714242325063	0.5384007940757296
0.7004635872670761	0.6629127508651664	0.6253619144632567	0.589641994340074	0.554807478225072
0.6182239204161049	0.5808488784250941	0.5434738364340835	0.5102204100781685	0.47896013602850246
0.6247599982768548	0.5804026669086316	0.5360453355404083	0.4958006049788745	0.4575446672860245
0.6762028793952711	0.639175352542382	0.6021478256894928	0.5679373184455832	0.535089080182453
0.677037064412477	0.6403168000104585	0.6035965356084401	0.5692500654599866	0.5360515270717793
0.6549778933526379	0.6139209123250617	0.5728639312974856	0.5343547111784578	0.4970775505186878
0.6197856526937352	0.5818808580901381	0.543976063486541	0.5101480694049888	0.47829155570444054
0.662504075605176	0.6214424894379856	0.5803809032707952	0.5412068534508657	0.5029455882660773
0.6404619701196668	0.6023016739091904	0.564141377698714	0.5279524427123319	0.49271682883061463
0.6497925705200795	0.6155126879125524	0.5812328053050254	0.5515221729246752	0.5240211623126863
0.5969640831668005	0.5547769680404506	0.5125898529141006	0.4728880818721971	0.43438818643741145
0.6446046030065922	0.607713838214155	0.5708230734217178	0.5377604766804724	0.5065491253379905
0.644198785544595	0.6011577288725571	0.5581166722005193	0.5159278997247464	0.4741512792693851
0.6595285567874176	0.6185653436677014	0.5776021305479853	0.5388104459316214	0.5010688803529689
0.6837294157241831	0.651744337374723	0.6197592590252629	0.5919066658514354	0.5660524813327519
0.5839223632155391	0.5392060668068182	0.49448977039809716	0.45244139557787316	0.4116831881429155
0.6734633892593144	0.6347115032792462	0.595959617299178	0.5573359412570998	0.5187742656430608
0.621092472915284	0.5845034726610082	0.5479144724067324	0.515136643399757	0.4842018403887972
0.6417563764678114	0.6015004262058117	0.5612444759438121	0.523640714559855	0.4873195124552896
0.62176931592869	0.5796956698388038	0.5376220237489177	0.49966897036152413	0.4637085746053159
0.6532128693882769	0.6148032684986641	0.5763936676090512	0.5414434083662916	0.5081660355331276
0.6149802815415855	0.5739762725778829	0.5329722636141803	0.49649874809317907	0.4622161121333081
0.6417623588652694	0.595203116653845	0.5486438744424205	0.502985409433094	0.45776254694392726
0.6118952024783871	0.5682699139659104	0.5246446254534337	0.4825458346117934	0.4411852354460589
0.602508472264401	0.5591765109839285	0.5158445497034561	0.4750284045595532	0.4354288708560779
0.6433874847327985	0.6040864595304092	0.5647854343280199	0.528914051952384	0.4947011940765938
0.5869354524232341	0.538983356843848	0.491031261264462	0.4456392391912036	0.401485230767121
0.670357007540668	0.6267086323934745	0.5830602572462811	0.5407978055756374	0.49920556598155114
0.6621844627235492	0.6222588485127575	0.5823332343019657	0.5439739908008268	0.5063722209868997
0.6777845573675871	0.6457324006449391	0.613680243922291	0.5859129717451839	0.5602178063024438
0.6872869394458908	0.6554899088294988	0.6236928782131067	0.5937431822405447	0.5646868299544755
0.6054074105833532	0.5670349311618436	0.5286624517403339	0.4949274599092979	0.46343508842535275
0.67466123990787	0.6364234786692455	0.5981857174306211	0.5616464204479373	0.5259284756359858
0.704509991289309	0.6689670212683986	0.633424051247488	0.6008977967513285	0.5698303812245904
0.6787389695223847	0.6396460886130356	0.6005532077036866	0.5634272263165847	0.5272524084211837
0.6152185861896106	0.571612878552112	0.5280071709146134	0.48714655314493055	0.4476134201980218
0.6740518692539126	0.6354671801434002	0.5968824910328878	0.5612200553004288	0.5269707780416313
0.6448474234866638	0.6029446268584187	0.5610418302301734	0.5222616689200514	0.4849915678234282
0.7313933137044252	0.6984728216386517	0.665552329572878	0.6363788109852607	0.6090172733028614
0.5894830902848591	0.5417513054532463	0.4940195206216335	0.44908732410527724	0.40550896705410244
0.6143335036166477	0.5744517559555842	0.5345700082945205	0.4974090420368745	0.46156380538847314
0.6966722115869846	0.6607257328550071	0.6247792541230297	0.591238995226252	0.5588623486209827
0.6052530177081387	0.5650322297510681	0.5248114417939977	0.48777152794554496	0.4522698377275282
0.644568310515058	0.6072344846415989	0.5699006587681398	0.5351883426579374	0.5017437498613788
0.6792667111707883	0.6437061206340448	0.6081455300973013	0.5753290081146073	0.543839477062469
0.6459913724501718	0.6057094715268354	0.5654275706034989	0.5286602405884373	0.4935925050362011
0.5979990046494588	0.5494510158555107	0.5009030270615625	0.4555357997012567	0.4117067414834367
0.6476094874310087	0.610691257850972	0.5737730282709353	0.538946194496282	0.505130728772857
0.6365852037959308	0.5933515014655657	0.5501177991352005	0.5091062861147011	0.4691693909479786
0.676966313815665	0.632833724601042	0.5887011353864191	0.5452683968926996	0.5021740958472761
0.7090606443085956	0.6717899954654305	0.6345193466222654	0.5985024794070042	0.5630919224264748
0.6757773224301001	0.6413341350079523	0.6068909475858045	0.573557649780915	0.5407610781645333
0.6868474731108021	0.6441812804666343	0.6015150878224664	0.5603252585756117	0.5198493768121563
0.6632482654475467	0.6246790339467367	0.5861098024459268	0.5495066805894564	0.513854340251424
0.6210794386444354	0.5761725633791805	0.5312656881139257	0.48831889008662877	0.44631995639534505
0.6313911395776768	0.5868762992809989	0.542361458984321	0.49970489068414087	0.4579469552122914
0.6384489598837384	0.5959850025774045	0.5535210452710706	0.5134787289609423	0.4746074823874955
0.5879298499185445	0.5440517242199598	0.5001735985213753	0.4590191125122406	0.41918173833716277
0.6190711374812143	0.5781930722438826	0.5373150070065509	0.5006470583835927	0.4660150598303262
0.6066888321079416	0.5628013600876878	0.5189138880674341	0.47806019886946965	0.4386736021333582
0.6477057536747227	0.6030395327109805	0.5583733117472384	0.5158017325036618	0.474243090987651
0.6548777247096976	0.6147596766980955	0.5746416286864935	0.5377883804991599	0.5025139411759456
0.672757529212119	0.6305318990187024	0.588306268825286	0.5491186044914459	0.5114000554743666
0.656993473489516	0.6190315833054858	0.5810696931214555	0.5445347093674344	0.5086897564395672
0.6092834053021041	0.5672363042738338	0.5251892032455634	0.48730880360631723	0.45144335907648686
0.6184446248623803	0.5796814153337079	0.5409182058050356	0.5054201709951217	0.47150112634275265
0.6899291249299909	0.6545461082836311	0.6191630916372713	0.5864528321238095	0.5550350783933025
0.5735481606506684	0.5293146469387444	0.48508113322682045	0.442850311158635	0.40158796112225037
0.6766865711393617	0.6404675736757158	0.60424857621207	0.5693192715541157	0.5350136432448553
0.7051251876317701	0.6723565546113742	0.6395879215909783	0.6091817025840022	0.5799179120216069
0.6779847296722257	0.6379539743756375	0.5979232190790493	0.5589814013330981	0.5205661776664037
0.6609807828553526	0.6215073903023687	0.5820339977493849	0.5441637534330774	0.5070687678716093
0.6391752786926812	0.5970004526955398	0.5548256266983985	0.5155667415413066	0.4777179622079457
0.6231135374213235	0.5809830328459148	0.538852528270506	0.5002048550117372	0.4632414274191403
0.6035472620979794	0.5624186369813512	0.521290011864723	0.4839652608306898	0.4484800069918453
0.6248675747701573	0.5908818741675489	0.5568961735649404	0.5290036793367332	0.5040577695095985
0.6083690092421012	0.5639305747874155	0.5194921403327296	0.47923125247132525	0.4409905642995672
0.5707476445579734	0.5254356062016773	0.4801235678453811	0.4379443898615653	0.39728021677616726
0.7078384182403741	0.670955196694436	0.6340719751484981	0.5983785425328281	0.5632604742306375
0.6355796793114168	0.59842264703179	0.5612656147521633	0.5262936821092046	0.49237843130312653
0.5810770214194634	0.5359652708623099	0.4908535203051566	0.4465647271834759	0.4026739040948303
0.6836248762463446	0.6474834885421121	0.6113421008378797	0.5795614357110423	0.5498895514680986
0.6590738329834049	0.6212742346019472	0.5834746362204893	0.5480923779323293	0.5138791095278739
0.6217481843580109	0.5729549292653332	0.5241616741726555	0.47790643470050476	0.43287854201059034
0.5832752713427606	0.5440121820420917	0.5047490927414228	0.4700924176383313	0.43766333624952525
0.6695218637022684	0.6253734828527011	0.5812251020031339	0.5390429322342501	0.49781159303691846
0.5902479514347817	0.5451247491104716	0.5000015467861614	0.45821932018698336	0.4180527399899022
0.6798505562255351	0.6453578105302755	0.6108650648350159	0.5799373422088937	0.5507336119637146
0.6748010752259294	0.6371009818420941	0.5994008884582587	0.5650262690952059	0.5322597997395082
0.6091059415304404	0.5660885406806572	0.523071139830874	0.4830051110796411	0.444366322184239
0.671403801994757	0.6283358792048399	0.5852679564149227	0.5426146972758443	0.5001619633397834
0.6787919864814834	0.6445087887842255	0.6102255910869676	0.5808764638520547	0.5539133800505659
0.6710663707830209	0.629830447113087	0.5885945234431531	0.5491005960530734	0.5104490722760584
0.6640702340680008	0.6217955780624668	0.5795209220569327	0.5401576117362702	0.5022021850903198
0.6132817449673833	0.5652805086681302	0.517279272368877	0.4714152218011128	0.4265846826149843
0.6380673359289397	0.6004439497303088	0.5628205635316779	0.5289802046299006	0.49696926172633576
0.6254494960013968	0.5878912656031853	0.5503330352049739	0.5151059315144083	0.48100612619051714
0.6242040311253021	0.5839063927003987	0.5436087542754953	0.5062432248551803	0.4702956199436199
0.624327797679406	0.5809468335053695	0.5375658693313329	0.4968723439453249	0.4574784241733513
0.5821948447081042	0.5332034262375467	0.48421200776698914	0.43769840569831736	0.392383038960914
0.6325046144874346	0.5936749421640151	0.5548452698405957	0.5191186995161682	0.4848927433812715
0.6162140543828853	0.5713418830956818	0.5264697118084782	0.4847530030815103	0.44456222933636413
0.6529422576648874	0.613275180148681	0.5736081026324744	0.5363686937721708	0.500303269535547
0.700285305166495	0.6646720687151964	0.6290588322638978	0.5964712831617757	0.5653469116705515
0.6269855834014352	0.5838505100071744	0.5407154366129135	0.5010374314498782	0.4630312133062957
0.6169706635759117	0.5721492154586345	0.5273277673413574	0.48478005866920815	0.44333189673311957
0.6404633410239348	0.5996562333594812	0.5588491256950275	0.5214608976832478	0.4857259892596629
0.608858077444665	0.5687328575241493	0.5286076376036336	0.4908307800805496	0.45418955584856957
0.6485293407551355	0.6084439352056489	0.5683585296561622	0.5292494714625599	0.4906125603967756
0.6646388547655369	0.6214857664691374	0.578332678172738	0.5367414287367221	0.4959054614526993
0.6188278356499456	0.5793152496961449	0.5398026637423443	0.5036896331126994	0.4692205771120484
0.6168875954163546	0.5774490120771507	0.5380104287379468	0.5007489271233824	0.4645402300021357
0.6513469922814401	0.6120935138311	0.5728400353807599	0.535726948954788	0.4996489244262235
0.7152404825603212	0.6744908632566426	0.633741243952964	0.5934792214313662	0.5534529934953789
0.600701066352915	0.5602958213095659	0.5198905762662167	0.48333212883026455	0.44863393577067134
0.6660025221499293	0.6324270770731891	0.598851631996449	0.5692060705571244	0.5414609426683007
0.7044688653000453	0.6661566335584631	0.627844401816881	0.5921808108102409	0.5577980632535144
0.6512564024565045	0.611418577297922	0.5715807521393396	0.535609917798314	0.5015091029711479
0.6019345652076424	0.5603011229616284	0.5186676807156142	0.4810535422267451	0.4453830795345355
0.6576535767445717	0.6210087075170162	0.5843638382894606	0.5515539477998277	0.5205985962562384
0.6685819667276651	0.630004497068579	0.5914270274094929	0.5549408453714034	0.5194659790681744
0.6641473587920318	0.6240117680156667	0.5838761772393016	0.5458484008097071	0.5088399321949016
0.6364364615289595	0.5967280678760634	0.5570196742231672	0.5214777189297974	0.48795059154867204
0.6322157720865246	0.5933597075335929	0.5545036429806613	0.5185563657226987	0.48401573493996486
0.5896798274180578	0.547073655794602	0.5044674841711463	0.4668524157904117	0.43165097105139866
0.5866513074384961	0.5435116491110991	0.500371990783702	0.4610903616184885	0.42367441824326096
0.6920549582086424	0.6551610855658617	0.618267212923081	0.5829709074675672	0.5484471618540181
0.654931813201222	0.6173269446964657	0.5797220761917095	0.5450120822157812	0.5117020067073356
0.6438389499373075	0.6045822715835875	0.5653255932298674	0.5283398883729709	0.4924523926804811
0.62172240422323	0.5789778568429652	0.5362333094627003	0.4955875182278086	0.45595665439560457
0.5748013144284674	0.5271137670529802	0.4794262196774931	0.4335881636123564	0.38864449416571545
0.6315300542444052	0.5873879762586252	0.5432458982728451	0.5026106931137487	0.4636713597391801
0.6397883884999988	0.5985984131362858	0.557408437772573	0.5179355859088305	0.4792931095500084
0.6792836920889643	0.6446780126466364	0.6100723332043085	0.5787969989349491	0.5491321702900308
0.6439704323714542	0.6050926139804633	0.5662147955894724	0.5304065878319209	0.4960827983353127
0.6149687112366314	0.5691237110508685	0.5232787108651056	0.4789471420523303	0.43534744624724986
0.6239184118046613	0.5825185338728126	0.5411186559409639	0.5018807986448249	0.4636884625223563
0.6143984056330377	0.5726877906810159	0.5309771757289942	0.4910398153858301	0.4519599747208999
0.6295926358842108	0.5916781624258242	0.5537636889674376	0.5178633935542805	0.48293712482664475
0.6769505023334599	0.6408034953046473	0.6046564882758347	0.571168980661957	0.5389675675948894
0.6847749501747542	0.6491321461733974	0.6134893421720405	0.5807814117735814	0.5494927428026932
0.6676758550747401	0.6261169669928437	0.5845580789109471	0.5450911515912781	0.5066358655276036
0.7074858250853174	0.6769752299007488	0.6464646347161801	0.620601232799217	0.5969851447511264
0.5959211359671907	0.5558158655951964	0.5157105952232021	0.48130013235101593	0.44964359408189947
0.5856925629113162	0.5418732645745348	0.4980539662377532	0.458209501256774	0.42028720684468834
0.6403990417544503	0.600677317457076	0.5609555931597017	0.5244857822466682	0.48958854850617106
0.5688057595456384	0.5219597372563477	0.475113714967057	0.4313761846662476	0.38914187507409453
0.662910068748954	0.622466042679536	0.582022016610118	0.5439767951763637	0.5070916001533938
0.6116668021461376	0.5761081736781629	0.5405495452101884	0.5088957574287347	0.479130292797456
0.627563750345164	0.5812576241919848	0.5349514980388056	0.4900471309055345	0.44582063368316555
0.6088306403520808	0.5688650309618195	0.5288994215715583	0.4927074571592291	0.45834037159457425
0.5813484703552837	0.5341593031884438	0.4869701360216039	0.4424219640914844	0.39915093836151994
0.6734977088453848	0.6337512622494154	0.5940048156534459	0.5556955022316187	0.5180811651380154
0.6926480051664935	0.6593122451353501	0.6259764851042067	0.5945039320124228	0.5639323982142822
0.7192657208072251	0.6861785558702639	0.6530913909333027	0.6223362355977254	0.5927088055831642
0.6045650730582842	0.5567184952006041	0.508871917342924	0.46383829899935675	0.42016498623479537
0.6773529216230404	0.6369781744456079	0.5966034272681755	0.5593464569001106	0.5235971972426339
0.6364355560187956	0.5914625567504143	0.5464895574820329	0.5025975857815907	0.45922838300986935
0.6237677013237524	0.5746027313372551	0.5254377613507578	0.47870684129137525	0.43315299174396465
0.6912670414167162	0.653409193295814	0.615551345174912	0.5806323242445872	0.5471344766383079
0.6520503594194594	0.6119863792124395	0.5719223990054194	0.5342017486724475	0.4976142979767708
0.5651637325140645	0.5170298118728052	0.46889589123154596	0.4228731807677279	0.37787142029214077
0.6292535072302687	0.5917875013730786	0.5543214955158884	0.5208846413979283	0.4893962254149782
0.6113563484018382	0.5696339571892638	0.5279115659766895	0.488817588396103	0.45099467273787625
0.6139260065657456	0.5698817799951186	0.5258375534244915	0.48296063647045734	0.44064821316658487
0.6197253428171533	0.5815495712199976	0.5433737996228418	0.5084506114903032	0.4751003245712031
0.6863085647769128	0.6521897043140219	0.618070843851131	0.5892965702460974	0.5631068597262238
0.6527182783070112	0.6112706054427205	0.5698229325784299	0.5298744677742571	0.4906509977942319
0.6351230139357472	0.5924035991576515	0.5496841843795558	0.5088311055977485	0.46888055927519395
0.593871990975468	0.5506566208642486	0.5074412507530293	0.46691284207099126	0.42768380815931567
0.6138630990095711	0.5705104072564433	0.5271577155033155	0.48651326356483066	0.44717847630892005
0.6433214168676942	0.5971127553372323	0.5509040938067705	0.5044505272609054	0.45787852827507536
0.6524638761500949	0.6092592280255462	0.5660545799009974	0.5244122563752132	0.48352544989731205
0.6438882265590727	0.5982840289954662	0.5526798314318597	0.5081693849013443	0.4641878601789436
0.6638085011411599	0.6221663131956305	0.5805241252501012	0.5417305462189334	0.5043145122889909
0.6140135120423299	0.5672090751866935	0.5204046383310571	0.4753121138714038	0.4310474449039259
0.5759241857421844	0.5304674228481683	0.4850106599541522	0.44215739602999404	0.40056314566641704
0.6030828984677601	0.5611456591774906	0.5192084198872211	0.4791300515633058	0.4399506057206766
0.647974122338054	0.610434439245131	0.572894756152208	0.5389431836269696	0.506726768255193
0.6529594262605077	0.6109476891045431	0.5689359519485784	0.5289167990391551	0.4898612303738743
0.6534005778122558	0.6127312007904645	0.5720618237686733	0.5360499168642693	0.5022902935611574
0.5911066756318202	0.5482148640590688	0.5053230524863175	0.4661383988231413	0.4287464718456322
0.6491643901574193	0.6052190402610924	0.5612736903647656	0.5193240430447589	0.4783394879470131
0.6167203789258824	0.5765286126005705	0.5363368462752588	0.49828451327870754	0.46126677856856
0.6153896903590192	0.5752840783139247	0.5351784662688301	0.4971861802576724	0.4602158674316245
0.5835635411411804	0.5346974371070911	0.48583133307300175	0.4386708376214288	0.39233514923115786
0.5986206823742046	0.5535921095007631	0.5085635366273217	0.4657919486774334	0.42411180522499997
0.6904921865409085	0.6565337658860142	0.6225753452311198	0.5918425862197084	0.5626697094275757
0.6728065246997927	0.6441132439504019	0.6154199632010111	0.59246866848578	0.572294113214417
0.640500616442032	0.5986842301806367	0.5568678439192413	0.5177716013455071	0.4799907799911183
0.6455169188750336	0.605277845833178	0.5650387727913224	0.5302104179277531	0.49799860627691955
0.6515823958736485	0.6104535375784238	0.5693246792831991	0.5292782710599334	0.48975531966727415
0.648945064039289	0.613134963284692	0.577324862530095	0.5462284045238044	0.5174113943715596
0.6038278589080196	0.5584877340478728	0.513147609187726	0.470435991288231	0.42899548044345603
0.6201332140595773	0.5757595814767097	0.5313859488938422	0.4899740215462965	0.44999433100655656
0.647771147058435	0.6088036987580652	0.5698362504576954	0.5332128203859375	0.49772292282955205
0.615594063886826	0.5727442106527572	0.5298943574186882	0.4899809058312888	0.45148745461080775
0.654077186445519	0.6126783891126378	0.5712795917797567	0.5319574992466505	0.4936396704119406
0.6101126192237183	0.5642983963658006	0.5184841735078828	0.4745911628264452	0.4316272219126344
0.6527771946034336	0.6177376153718385	0.5826980361402434	0.5504418838915752	0.5195317557270204
0.6795382764792937	0.6427032855642294	0.605868294649165	0.5725128639812277	0.5408400971386698
0.6315249108109318	0.592188929045981	0.5528529472810302	0.5167520881574231	0.482215686451603
0.6737496095870368	0.6349181081243397	0.5960866066616426	0.5585975851665888	0.5217577671103069
0.6306935781884059	0.5946315624575034	0.5585695467266008	0.5254840303882107	0.4938379050930362
0.6312434158761998	0.5857044992303606	0.5401655825845213	0.497095471809788	0.4552192390070267
0.6757253347730516	0.6326171549380878	0.5895089751031239	0.5487252859901945	0.5090656861795344
0.6547392159699821	0.6096915591437586	0.5646439023175353	0.5218418947094944	0.48012584981960094
0.6042838941591449	0.5599774445166797	0.5156709948742147	0.4739689476825412	0.4335263509614537
0.6124415544832893	0.5751776443332353	0.5379137341831813	0.5043495022038612	0.472574379819232
0.6309245490442685	0.5899423169178997	0.5489600847915307	0.5110263021689632	0.47456670459830763
0.6700082601494312	0.6344024288685469	0.5987965975876627	0.5664132987733342	0.5355883689546459
0.6319501539436949	0.5838600454843992	0.5357699370251033	0.4897777886264698	0.4448001826557427
0.5807627278410057	0.5302940663515838	0.47982540486216196	0.43106941192590115	0.38314164014823304
0.6833500264147204	0.6462683156428375	0.6091866048709546	0.5754197754979449	0.5432559736971442
0.600272503733818	0.5553963095212053	0.5105201153085926	0.46946319917835205	0.43025322938955723
0.6397911147686788	0.5990997860618579	0.558408457355037	0.5198295176119206	0.48227209790062175
0.5392318185809161	0.4925045131144791	0.4457772076480422	0.4019264905742655	0.3594668490632218
0.6115015403351068	0.571398210162841	0.531294879990575	0.4936461092957321	0.4571843272277745
0.6376881605799601	0.6016307059287047	0.5655732512774492	0.534213392573344	0.5051252217277964
0.6377602161526548	0.5955838394498714	0.553407462747088	0.5146589704104888	0.47756815220823584
0.6620035364307586	0.6192689782995691	0.5765344201683795	0.5349808689651541	0.4939984352290994
0.6448288446687995	0.6079791511004098	0.5711294575320202	0.5371208031957267	0.5044860333743743
0.6220988169214184	0.5778364609653055	0.5335741050091926	0.493305930876013	0.45496928394400404
0.6152541213864426	0.5704591626628988	0.5256642039393549	0.48258497056404304	0.44033543656816865
0.5842250724869714	0.5412732574093287	0.4983214423316861	0.4596950945932067	0.42316047882731755
0.6504455106002682	0.6084877514697344	0.5665299923392006	0.5273224089317049	0.4894447697912796
0.6471906459271108	0.6095682593693698	0.5719458728116287	0.5383116968622355	0.5066061605230349
0.615512659152159	0.5732053363763939	0.5308980136006288	0.49063473937675195	0.4513599367732245
0.6474214195302723	0.6035734322655343	0.5597254450007962	0.5149786282822852	0.4697971509458705
0.6587248739246216	0.6178717939484395	0.5770187139722572	0.5407830331423787	0.5067802581853724
0.6170448059179151	0.5747922061332651	0.532539606348615	0.493514563169647	0.4560503185856248
0.6392974100848697	0.6021591598160478	0.5650209095472261	0.5308608146768862	0.49814091166973395
0.61710559692225	0.5705594088130495	0.5240132207038489	0.4794181804144162	0.4357666863265479
0.6586656571013629	0.6157402119641668	0.5728147668269707	0.5314138903590887	0.4907502727305324
0.6478543610765285	0.6080504598520011	0.5682465586274739	0.5300363624366226	0.4925968584074333
0.6615550281406904	0.6231905272863786	0.5848260264320667	0.5478699775650946	0.5115950352289943
0.6405165856026912	0.5982134957753662	0.5559104059480411	0.5155108233438706	0.4760317486539959
0.6089626298274469	0.5665576024095424	0.5241525749916381	0.4833425262186788	0.4433037855069371
0.5798843571662227	0.5320824916553263	0.48428062614443	0.4378824965149726	0.39216319277738887
0.6171250521043123	0.5687305512957757	0.520336050487239	0.4740459332717032	0.4287734648092213
0.7400640201942298	0.7086147355267876	0.6771654508593452	0.6480583101677169	0.6200837956305535
0.6547477689724731	0.6182796472949262	0.5818115256173795	0.5484327278511176	0.5165478813951373
0.587172594627958	0.5421091859874037	0.49704577734684924	0.4550448699598648	0.41452494284296365
0.7182462720906667	0.6795136343087576	0.6407809965268483	0.6048441460477029	0.5702592969203661
0.6344496786249748	0.5927581941131616	0.5510667096013483	0.5125427494472884	0.47555055718177136
0.6284487568543946	0.5848152163492522	0.5411816758441097	0.501242916022673	0.463090897443701
0.6353234124934719	0.5956592022878952	0.5559949920823185	0.5180602239516382	0.48096178840635284
0.6662903078789633	0.6260692291339586	0.585848150388954	0.5471111299916073	0.5090917782417336
0.6115707318754633	0.5703218861002461	0.529073040325029	0.4898324128053715	0.45156292990517755
0.6033722224432708	0.5526866438373471	0.5020010652314234	0.45217119871670697	0.40275514190165096
0.6886810241949738	0.6531692785535322	0.6176575329120908	0.5840645257186727	0.55139939203442
0.6128935576393865	0.5690242526905586	0.5251549477417308	0.4848187709170099	0.4461911625499768
0.6806029192197213	0.6418939630225979	0.6031850068254746	0.5659082933035671	0.5293241911369997
0.6271487536934058	0.5816040773836715	0.5360594010739371	0.49322881207823566	0.4517107155292492
0.6522942087273438	0.6094692762113266	0.5666443436953095	0.5268183756651549	0.4884426624647953
0.6361355250211754	0.5992949710019845	0.5624544169827936	0.5287620445554159	0.49659208614131567
0.6415347254205523	0.6049516292252711	0.5683685330299899	0.5345366313865618	0.5020351667007369
0.6644811746795362	0.6282742306817678	0.5920672866839993	0.5582831292803404	0.5256705956075504
0.610919774074306	0.5639511886303745	0.5169826031864431	0.4723565858982789	0.4288633998917255
0.6408241376191978	0.5993305204801653	0.5578369033411329	0.5200028531233818	0.4839385152938785
0.603692279083722	0.5607568865428236	0.5178214940019252	0.4789225749134054	0.4419756346319861
0.6383521241367659	0.5963432701808311	0.5543344162248964	0.5153192225504657	0.4777517186711234
0.605958291187234	0.5599738347006072	0.5139893782139804	0.4701283697816991	0.42729422939375455
0.6113568340062495	0.5722062554984079	0.5330556769905661	0.49895498829802487	0.4672963515634498
0.6327883024384691	0.5877365254715284	0.5426847485045878	0.49933510745348786	0.45680859413349373
0.6628942968172478	0.6241893811270467	0.5854844654368455	0.5478858546353552	0.5108222365007145
0.6400652331768133	0.5950009717080447	0.549936710239276	0.506666938880753	0.4642649563745724
0.5896512890446269	0.5454479847887342	0.5012446805328415	0.4589682863811426	0.4176237174305627
0.6542472489887502	0.6140447147065741	0.5738421804243978	0.5355539029003666	0.49819133160662077
0.6977467493228988	0.6571166182855389	0.6164864872481791	0.5758833306071596	0.5352932183848912
0.6605270732842182	0.6219053165144655	0.5832835597447127	0.5465398113173183	0.510704239922943
0.659938591751224	0.6185453985289439	0.5771522053066636	0.5387489730196231	0.5017916415785817
0.6383438829324567	0.6013286037176372	0.5643133245028177	0.5308254565872268	0.49904339255744223
0.6209117082439685	0.5773570969341688	0.5338024856243693	0.49165967234574476	0.4501995836952572
0.6701863809457481	0.6309946831304178	0.5918029853150877	0.5537043707748154	0.516134355124758
0.5819257122962264	0.5395027832064893	0.49707985411675215	0.45811705031089045	0.4208275118698877
0.5599011901084363	0.5104451088963209	0.4609890276842055	0.41356994776442574	0.3671359315146009
0.6234119406220525	0.5854873180678676	0.5475626955136826	0.5122233566795032	0.4781342227807282
0.6305637141951698	0.5905866927891166	0.5506096713830635	0.5145157004102299	0.4802995151436495
0.602250776251075	0.5566986296479792	0.5111464830448834	0.46772501271370687	0.42533390588588194
0.6405904762926069	0.6033626779944267	0.5661348796962464	0.5320731058010235	0.4995423744384089
0.6663121874857466	0.6301017191125922	0.5938912507394378	0.5602646471524753	0.5278875623255304
0.6169949370264103	0.5776043666781263	0.5382137963298425	0.502133167015893	0.4676531761869967
0.6459898550500035	0.6059705130706897	0.5659511710913759	0.5292845369111058	0.49423922259019887
0.669105593494192	0.6325906361351856	0.5960756787761794	0.5623223020309905	0.5299043847892191
0.6703471903199222	0.6291119226321892	0.5878766549444562	0.5490039328862415	0.5112737029202045
0.6457602022492638	0.6068690277930756	0.5679778533368874	0.5305820827355756	0.49390946730107266
0.5819383265491505	0.5382395956805685	0.49454086481198634	0.45447451495748786	0.4161647307889664
0.6575426387116939	0.6204199055371998	0.5832971723627058	0.5485892110597955	0.5150489976865877
0.6838635406109598	0.6412416416791279	0.598619742747296	0.5568218910778466	0.5154225364655924
0.658322630568319	0.6165511972931965	0.574779764018074	0.5347833868911809	0.4956454006402925
0.6211423637894106	0.5767992376949493	0.5324561116004881	0.49176338947457804	0.45283594866862037
0.6688494165681114	0.6260286767287114	0.5832079368893115	0.5428821387131137	0.5037628573910409
0.6543011559305391	0.6167586434491934	0.5792161309678476	0.5446897635857118	0.51162195932365
0.6177702311966765	0.5797380640783291	0.5417058969599815	0.5079991991591546	0.4763842342876222
0.63381192514968	0.5945291916966784	0.5552464582436769	0.5200299250027576	0.48677974598986734
0.6565796825262846	0.617013738318872	0.5774477941114593	0.5393992272664448	0.5020844416511893
0.6862215412999713	0.6505688527374157	0.6149161641748602	0.5821022486310994	0.5506611216950751
0.6165657084510955	0.5760646737923378	0.5355636391335803	0.49919156618732785	0.46481619800161084
0.6667985821951643	0.6241217167954939	0.5814448513958235	0.5402729405672317	0.49982880349041925
0.5966427714004703	0.5500477225807665	0.5034526737610627	0.4597236445812782	0.417380580071857
0.6639531961529473	0.624836315180311	0.5857194342076747	0.5504452771536255	0.5170294045003321
0.6633652940388743	0.6297168103603491	0.596068326681824	0.5664161386569004	0.5386965000503662
0.6485170930076501	0.6036986056906489	0.5588801183736477	0.513507400753175	0.4678666655625651
0.6593491056501396	0.6233021664024379	0.587255227154736	0.5549731593590824	0.5245117276638658
0.6181985592651741	0.5720245394839405	0.525850519702707	0.4808488879464795	0.4364142056835435
