0.7264928613390619	0.6911950072632307	0.6558971531873995	0.62097406035715	0.5881672398229164
0.7398884306339844	0.7056963660298864	0.6715043014257884	0.636834384654496	0.5994660423791077
0.713565665876748	0.675611233862157	0.6376568018475661	0.6000574594346074	0.5644633037782755
0.7719520544343007	0.7478016240594618	0.7236511936846229	0.7000043025035307	0.6792008911599289
0.7188571662732723	0.6871406430047248	0.6554241197361771	0.6238103601680173	0.5927769059935728
0.6915237574430454	0.6561454397578378	0.6207671220726302	0.5859921163114665	0.5546240058089855
0.6700949046324468	0.630362365786378	0.5906298269403094	0.5511960434612789	0.5134493279862191
0.7251470789063302	0.6945958946003058	0.6640447102942815	0.6342591722997739	0.6087972299190405
0.7190980692725686	0.6858201336953972	0.6525421981182258	0.6193804992907282	0.5868751880060039
0.6590855005403276	0.619711063713104	0.5803366268858805	0.5414510835000997	0.5053263155627601
0.8048778154299681	0.7816966425276006	0.7585154696252331	0.7356027829437894	0.71420623475826
0.7349063825995915	0.7005993363672668	0.6662922901349421	0.6323103526828014	0.6001643006451929
0.6794357073695765	0.6453429846536233	0.6112502619376701	0.5775461177431002	0.5460362718366409
0.7037670065575937	0.6689184986060048	0.6340699906544159	0.5994807176537338	0.566355341337223
0.7573080168509715	0.7284148426095406	0.6995216683681096	0.6704270010239171	0.6401945045251894
0.6785302511627533	0.643550926732856	0.6085716023029586	0.5740006613571844	0.5417358570885328
0.848723269706904	0.8311841089434439	0.8136449481799837	0.7960444104193343	0.7780972774856368
0.6818554609802663	0.6509858878103453	0.6201163146404244	0.5902533168127859	0.5660744379698053
0.7170791579637971	0.6890347518847137	0.6609903458056304	0.6336463311215154	0.6102574183136321
0.7327472845602041	0.6992412564103656	0.6657352282605271	0.6318761610895389	0.5960234867655164
0.6786705738414268	0.6497172818993932	0.6207639899573595	0.5925285334948505	0.568346685446566
0.7003356825000476	0.6724662729997279	0.6445968634994081	0.6174050429229518	0.5940395589396337
0.8279451418818122	0.8042689259969821	0.7805927101121519	0.7568767816980816	0.7329365971037721
0.8207297756920843	0.7984262808938299	0.7761227860955756	0.7538557626844239	0.7317946927624136
0.7418017847078648	0.718263161226353	0.6947245377448411	0.6716797225722989	0.6514234370466602
0.7643778485210059	0.7391658052916054	0.7139537620622048	0.6888305265235908	0.6642087869584804
0.847248261662541	0.8254776617960716	0.8037070619296024	0.7820551325093176	0.7610733336870523
0.7412898519177138	0.7138217983058152	0.6863537446939165	0.6588196415805404	0.6309125577179797
0.6957059766069899	0.6625730977044092	0.6294402188018285	0.5968043721169035	0.5669752604528828
0.6997972150308346	0.6634053277072418	0.627013440383649	0.5902343487959876	0.5512687193349244
0.7031367260255054	0.6680983905280574	0.6330600550306094	0.5980559969440492	0.5632455029890431
0.7859175246532404	0.7618218530238827	0.7377261813945251	0.7143011032341917	0.694662858416731
0.7806106587595434	0.7518474819225069	0.7230843050854705	0.694264847867701	0.6651275760093877
0.6962444795767138	0.6600717827276852	0.6238990858786566	0.588258328635761	0.5556214280212785
0.7307341759591703	0.7051113898998628	0.6794886038405552	0.6544400292941938	0.632634020331195
0.7220436582066965	0.6883098058056163	0.6545759534045361	0.6211926689386025	0.589789037432437
0.7173758070010784	0.6880295892938146	0.6586833715865509	0.6300161816743527	0.6051834536438564
0.7808602312232578	0.7580113832850922	0.7351625353469268	0.712965110675513	0.6944462654427688
0.793670033048138	0.7757319302110608	0.7577938273739836	0.7404471344211	0.726440126049438
0.6540671897565034	0.6169780793477637	0.5798889689390241	0.5429560958508917	0.5069054930537858
0.6478238453381628	0.6127902653003698	0.5777566852625768	0.5435055255857559	0.513672684380457
0.7738835121091561	0.7465202779213762	0.7191570437335965	0.6917294563110019	0.66393846693689
0.7512921499839529	0.7230338183216563	0.6947754866593597	0.6671394383193254	0.6430174164980477
0.7679635521844126	0.7343879416273451	0.7008123310702777	0.6670884323504279	0.6325271521392338
0.7144099936539741	0.6795147981755345	0.644619602697095	0.609827973132997	0.5756211790552702
0.7047364843449199	0.6755773114516439	0.6464181385583678	0.6178983707718336	0.5929893160173486
0.7275382315553792	0.7013024204149594	0.6750666092745394	0.6494539855482968	0.6273604937371008
0.7284019606896599	0.7032388486470077	0.6780757366043555	0.6536841003490389	0.6336489786881039
0.7251436134577386	0.7040527450591705	0.6829618766606023	0.6628727935711641	0.6484407802061491
0.7886414737069569	0.7731069898150877	0.7575725059232186	0.742728442033019	0.7317831716797047
0.8122966857917887	0.7915591256197991	0.7708215654478094	0.7506437536375998	0.7336268341681565
0.6840226439711851	0.6539485975161162	0.6238745510610475	0.594523870825896	0.569258031030178
0.7362338030847447	0.7092609977466452	0.6822881924085457	0.6559372443640835	0.6330979170598002
0.7432572218992778	0.7163391678973491	0.6894211138954204	0.663272673837405	0.6414702345661123
0.682185529285329	0.6469551976462344	0.6117248660071398	0.5767266332237657	0.5430390599178295
0.7022298527909032	0.6648766907333588	0.6275235286758142	0.5900080173494522	0.5515757216332222
0.7779390852953698	0.7487672908642529	0.7195954964331358	0.6903435481452768	0.6606389719818249
0.7394139705907277	0.7061946533282337	0.6729753360657398	0.6397156474629723	0.6062279823818972
0.8126165053448821	0.7933280314080591	0.7740395574712361	0.7554147253692808	0.7405374708148058
0.6853988630432151	0.6460106042875596	0.6066223455319042	0.5673460247150063	0.5287018161067703
0.793884256281689	0.7759748724266582	0.7580654885716274	0.7404897974210801	0.7247984650034786
0.7271896351007318	0.6962736219425018	0.6653576087842719	0.6347069466175749	0.6055547183437155
0.7506021153814668	0.722971042655122	0.6953399699287772	0.6677376771070609	0.6402979040644443
0.8202233618725722	0.800748201282135	0.7812730406916979	0.7618476543646704	0.7427033427110521
0.6948415253931547	0.6583679241573341	0.6218943229215136	0.5854903405712628	0.5494794952397086
0.7725802266558962	0.7505971744136019	0.7286141221713074	0.7075699604995368	0.6918277027114126
0.6791536928681761	0.651098723803513	0.62304375473885	0.5959670286172302	0.5744144287587789
0.7032964925979205	0.6725793297847464	0.6418621669715724	0.6115001973869152	0.5831439997386703
0.8085675953975565	0.7908365992619009	0.7731056031262453	0.7555243853456781	0.7387889641546818
0.7642819520601628	0.7413014491932093	0.7183209463262556	0.6959287719960151	0.676858881914426
0.8411523676634716	0.8211729727189759	0.8011935777744803	0.7807790452527674	0.7579072960084685
0.7374579897165789	0.7084089371923638	0.6793598846681486	0.6507267617652466	0.624442388486419
0.7126189528288545	0.6758955961427078	0.639172239456561	0.6027351736354161	0.5679147889235076
0.7663912546194624	0.7377256215000946	0.7090599883807266	0.6806434881789863	0.6536338385996545
0.6851745224201174	0.6490657323292534	0.6129569422383894	0.5770354345912845	0.5421715086763639
0.6886766153176093	0.6553180300439163	0.6219594447702234	0.5890039466370774	0.5583246767918804
0.6977992206942532	0.6617870684214953	0.6257749161487374	0.5901429369376855	0.55665779048393
0.7223009331710348	0.6915032039659778	0.6607054747609207	0.6303320403560768	0.602354593641051
0.7088090042412174	0.6780954699925249	0.6473819357438325	0.6169261360729914	0.5879257604975245
0.7286355776348189	0.69669278650999	0.6647499953851612	0.6334214080285652	0.6055612220452271
0.7276397189371301	0.6934136196571193	0.6591875203771087	0.6254075684362362	0.5941470052125563
0.8006125643920171	0.7769913564595073	0.7533701485269976	0.7299121824054463	0.707376040848617
0.7280872250276195	0.7002760104763692	0.672464795925119	0.6449796608612965	0.6193358927842646
0.7537407895991106	0.7300931416125105	0.7064454936259105	0.6835148615631537	0.6646332098934371
0.7058751930493516	0.6709895082854102	0.6361038235214687	0.6011474392165296	0.5657918154445483
0.7157353548035656	0.680374934299844	0.6450145137961223	0.6099181411305581	0.576312843466221
0.7113362429847846	0.6803205267338298	0.6493048104828751	0.6187272390939642	0.5906238665292828
0.7055375829172013	0.6755900238140726	0.645642464710944	0.6164902383752696	0.5918292467169277
0.7509378652904991	0.7253461800732627	0.6997544948560261	0.6746716057158604	0.6524618819707857
0.6805933732247355	0.6460571024070199	0.6115208315893044	0.5776887882997929	0.5478335094852654
0.7561517706547063	0.7296755538415509	0.7031993370283954	0.6768423244787977	0.6511584569875757
0.7237858777095842	0.6873843520048464	0.6509828263001084	0.6142411673080572	0.5755787796884325
0.7367371332625811	0.7066726709012381	0.6766082085398952	0.6469259714865172	0.6194021562006485
0.7870676524781285	0.7603959331433375	0.7337242138085465	0.7071783554721247	0.6813432326963774
0.704367431112155	0.6715269544172485	0.638686477722342	0.6061433941970779	0.5752796863632936
0.8003438261858885	0.771918838316718	0.7434938504475476	0.714564854271214	0.6827897291795075
0.7989169647004776	0.7715959034766873	0.744274842252897	0.7168544218284822	0.6888729211800183
0.6906199785128955	0.6576145863127072	0.6246091941125189	0.5920351923256865	0.5618972470716869
0.7116981055251576	0.681837963452361	0.6519778213795644	0.6224367442108055	0.594697422759871
0.7622507261807276	0.7335452936482025	0.7048398611156774	0.6764167833509831	0.6495881596016199
0.7363076364962808	0.7088692467560583	0.6814308570158358	0.6545396905294258	0.6307386872480757
0.7711641048880085	0.7494353741825488	0.727706643477089	0.7068826298323942	0.6911675426682328
0.7777522429971551	0.7461972901603773	0.7146423373235995	0.6831448643927412	0.6519719798068869
0.7622697714555001	0.7378804018124624	0.7134910321694247	0.6894795592483308	0.6676020646209738
0.7323678043966695	0.7060186407112978	0.6796694770259263	0.6537971577623516	0.630617573276601
0.7353382497328149	0.7105109016340847	0.6856835535353545	0.6613446492980253	0.6397639817359896
0.7247251129999175	0.6949365754298567	0.6651480378597958	0.63618468737597	0.6118811585525145
0.7245718223039337	0.6921834725790899	0.6597951228542458	0.6276975979268637	0.5972423571713885
0.7831007456586602	0.7594933957875836	0.7358860459165069	0.7124137187483198	0.6897038631772562
0.7228641211896623	0.6883038410042375	0.6537435608188127	0.619536991529865	0.5873278234659326
0.8100231679930444	0.7866040744395806	0.7631849808861167	0.7397850875428017	0.7164936175578099
0.81995591554532	0.8003735691379713	0.7807912227306226	0.7617827900352121	0.7460152412444145
0.7268102539601967	0.6945837128900456	0.6623571718198946	0.6306404569342091	0.60180272444782
0.7262581194381111	0.6969520946508713	0.6676460698636315	0.6389780802628293	0.6139130677704134
0.7178173013008914	0.6915964790354071	0.6653756567699228	0.6394966008307497	0.6155474952709452
0.7736540276534012	0.7482012551161201	0.7227484825788391	0.6973777261293285	0.6724701135518771
0.7542300218929775	0.7263247204604593	0.698419419027941	0.6704503435158857	0.6421211365352762
0.83647703902013	0.8122474960141554	0.7880179530081806	0.763951104877552	0.7408029927727482
0.6996744657122943	0.6680142817233846	0.6363540977344748	0.6049241227893526	0.5747941355761618
0.7404123184775715	0.7019153981870675	0.6634184778965636	0.624520706723548	0.5833593353851094
0.6544025592671208	0.6205846187805026	0.5867666782938844	0.5534053711184892	0.5226226668199186
0.7370199639106829	0.7057959540281739	0.6745719441456647	0.6437720612879902	0.6153672186945671
0.7307567891479193	0.7051707006790366	0.679584612210154	0.654207394600051	0.6300096682449581
0.7501273935043473	0.7209228873075432	0.691718381110739	0.6629962511581595	0.6369980941188526
0.6943754079723535	0.6599164182606447	0.6254574285489359	0.5913933345734487	0.5595592121231209
0.779518164160272	0.7519134620279435	0.724308759895615	0.696823874453945	0.6700155924392044
0.7418437911355273	0.7169246527530282	0.6920055143705289	0.6676474753738153	0.6464579579343568
0.7560067564742348	0.7270041458937917	0.6980015353133486	0.6690874852148188	0.6406735351042253
0.7317002899726051	0.7015537344830668	0.6714071789935285	0.6417390643310092	0.6147726993276137
0.6490686149338554	0.6140250736964351	0.5789815324590148	0.5445380062696626	0.5134827579195731
0.7471326868443381	0.713902544442718	0.6806724020410978	0.6475891687814466	0.6153355296990097
0.7643574288285497	0.7380665018409497	0.7117755748533496	0.6856959450868461	0.6608095082144946
0.7769453910227729	0.7563988965033699	0.7358524019839668	0.7161924034585258	0.7015384372661199
0.7334263961878246	0.7000382209061191	0.6666500456244137	0.6333179753173412	0.6003027291346535
0.725981202760751	0.6908770969493092	0.6557729911378676	0.6206818828324501	0.5856641712889457
0.6812353641101204	0.6470781941250786	0.6129210241400369	0.5795671816913821	0.5507497202851264
0.7552706685784673	0.7277574691251484	0.7002442696718295	0.673037070494836	0.6475578512383793
0.762094961865651	0.7338384581489988	0.7055819544323467	0.6776542122731815	0.6515829827185258
0.7363010732601589	0.7110683163424797	0.6858355594248005	0.6614170371258147	0.641596488033273
0.7412915412849422	0.7117512058873282	0.6822108704897143	0.6531892355759835	0.6270966961248011
0.7197984654769475	0.6872716471247698	0.6547448287725921	0.6221894193190708	0.5894725562563524
0.6952820388750528	0.6575831381214452	0.6198842373678377	0.5828505233552721	0.5495731109569763
0.7736138432443451	0.7489010067043742	0.7241881701644034	0.6995995376544439	0.6757122838245525
0.7013512956773386	0.6676189099547444	0.6338865242321503	0.6005317927031458	0.5693096699131471
0.6965408057631031	0.6625035505935889	0.6284662954240747	0.5948060338775957	0.5632746508360584
0.8127461241387215	0.7854583175375045	0.7581705109362876	0.7306761882435273	0.7020156716383301
0.7966415951767204	0.776383218417114	0.7561248416575076	0.7360948386521877	0.7173544595208187
0.731415388657217	0.7020850868566502	0.6727547850560833	0.6441488474063519	0.6196333855000785
0.7290580353380104	0.6943197434165752	0.65958145149514	0.624916849162531	0.5906683710614853
0.7663592406845754	0.7429798723982881	0.7196005041120008	0.696619406914585	0.6758873418185932
0.7099071440253584	0.6742935672519427	0.638679990478527	0.6033219888331037	0.5694072168953882
0.6637333259511516	0.6288885987961206	0.5940438716410895	0.5596500660676987	0.52780260930212
0.7343635363124745	0.7067588720520084	0.6791542077915422	0.6517034999896433	0.6251221824779627
0.636764946262161	0.5936149085926569	0.5504648709231529	0.5076223074955833	0.466516047454813
0.760356038874959	0.7315066013731251	0.7026571638712912	0.6741851394629363	0.6478443623041292
0.7539458092770445	0.7289179606108893	0.703890111944734	0.6794987163212581	0.658701363459185
0.7207772079176525	0.6852815984028278	0.649785988888003	0.6144643948929639	0.5801254644682403
0.7284076174599635	0.7011716963274022	0.6739357751948407	0.6471543176781839	0.6229392107946968
0.7724467786443981	0.7508440734004216	0.7292413681564449	0.7082997795241528	0.6910915085340622
0.763384971653621	0.7306838599721142	0.6979827482906074	0.6655020108365429	0.6342657240234949
0.7714248436017077	0.7436660629236009	0.7159072822454942	0.687842711106552	0.6580513448726486
0.7233679431863268	0.6979965623870467	0.6726251815877666	0.6479628752411905	0.627304703894595
0.7874672576605997	0.7638728237518672	0.7402783898431347	0.7172120452988904	0.6971278151142889
0.7189433926486616	0.6853244977485282	0.6517056028483948	0.6179843394478846	0.583685002343419
0.7488341320040751	0.7244451718815396	0.7000562117590039	0.6763764148702616	0.6567012543272557
0.8518990822275528	0.831999294809772	0.8120995073919911	0.792244458491455	0.7726420474656348
0.7202298690710113	0.6866074599867669	0.6529850509025223	0.6198347322387333	0.5893503025637417
0.7621549429566107	0.7342840012998999	0.7064130596431891	0.6786037940814893	0.6511428126946788
0.7090485351976229	0.6794534265005994	0.649858317803576	0.6211285071395757	0.59728502417534
0.7909977622072395	0.7647798087143188	0.7385618552213981	0.7121172256890308	0.6843925592582195
0.6898580026541782	0.6556145735742559	0.6213711444943336	0.587242350077725	0.5537608962412693
0.8065041435115503	0.7776733214001754	0.7488424992888006	0.7194871760406645	0.6871700011121766
0.6798219601728656	0.6421809201784499	0.6045398801840342	0.5670986837477345	0.5307860015069784
0.7617816752736666	0.7355270766377293	0.7092724780017919	0.6835025587274132	0.6604696180424958
0.7521062140490783	0.7270305392198335	0.7019548643905887	0.6776506933230133	0.6577031948205496
0.7487616152601926	0.7238783153619075	0.6989950154636224	0.6745856343164621	0.6528524667196411
0.6912401560537346	0.6577792625745825	0.6243183690954306	0.5909879988522693	0.5583946917701735
0.7485979051802631	0.7190212615845762	0.6894446179888893	0.660025474274762	0.6314957305183408
0.7238531372884321	0.6928340590583366	0.661814980828241	0.630583059113355	0.5981492127716305
0.7597599249051118	0.7392210048309951	0.7186820847568783	0.6991327599796269	0.68517166807254
0.8223343743711933	0.7988526359814526	0.775370897591712	0.7517336574531902	0.7272183007889939
0.6307010280101178	0.5939670340265937	0.5572330400430694	0.521154059034146	0.48877392850141643
0.7855233235721973	0.7611528950390435	0.7367824665058896	0.7131136623481802	0.6934069226927851
0.7154419431575386	0.6825399903850655	0.6496380376125923	0.6168729180280583	0.5848804938281866
0.7475367041457718	0.7191809957834756	0.6908252874211793	0.6628293839037025	0.6368652940650428
0.7129763819232344	0.6832645529781387	0.6535527240330429	0.6250009930329418	0.6030003213288636
0.7552176840439827	0.7322778347482237	0.7093379854524646	0.686985473964718	0.6679496520924353
0.7150144984737595	0.6889236459848985	0.6628327934960375	0.6377270947320428	0.618184547333967
0.6936655486284509	0.6622755530355515	0.6308855574426522	0.6000178408602445	0.5720994276375747
0.6873956057099316	0.6532090117636077	0.6190224178172836	0.5853284328764884	0.5544162051303314
0.7528447457009092	0.7217942092172116	0.6907436727335139	0.6596129122893134	0.6280291280944177
0.7922667284428316	0.7642106435339895	0.7361545586251474	0.708123751158755	0.6802356851092003
0.751491141308071	0.723929143251552	0.6963671451950328	0.6688402416094452	0.641511516083759
0.6964636313178104	0.6656846502302859	0.6349056691427613	0.6044419979672577	0.5757588781143266
0.7346982534370898	0.7055205294386017	0.6763428054401135	0.6479669859200875	0.6241195114512861
0.7197006662885777	0.68830184382229	0.6569030213560023	0.6253390579281908	0.5928425454550057
0.7448592463457804	0.7211531549395133	0.6974470635332461	0.6740209288030443	0.6521757060924994
0.6976950130092389	0.6670806862036153	0.6364663593979916	0.6066189364661272	0.5811022105870621
0.7445260763434423	0.7090164477065621	0.6735068190696821	0.6377442259443574	0.6005531453617972
0.7085356447993046	0.6745975195616208	0.6406593943239369	0.6069312717925207	0.5743890320454167
0.8043103856465962	0.7833716630141313	0.7624329403816664	0.7418486044805777	0.7232654862361408
0.7279565011422705	0.6947329348883198	0.6615093686343689	0.6290052243234352	0.6005636471671971
0.7582984434328689	0.7316487642783432	0.7049990851238176	0.6786966812471469	0.6543553367336838
0.7677204665572679	0.7438376843505136	0.7199549021437592	0.6963802554068954	0.6745456460032319
0.7325635726559634	0.7012391498298054	0.6699147270036474	0.6383863932722703	0.6057065770846409
0.7005370492247842	0.6694866928680654	0.6384363365113466	0.6080292368936474	0.5812546004296548
0.7145693892113095	0.6806557562782525	0.6467421233451953	0.6133245894387228	0.5827085208342768
0.7560258918464333	0.7285391440567707	0.701052396267108	0.6739037834503794	0.6486646148036938
0.7323215531817591	0.7025738119030975	0.672826070624436	0.6436484012192831	0.6176899209028296
0.7819585346833321	0.7547889044098186	0.7276192741363052	0.7006954531101882	0.6751597139802186
0.6441763666727571	0.6053985332856234	0.5666206998984898	0.5280914850836946	0.4909662163895783
0.7526544095872176	0.7234604766541739	0.6942665437211301	0.6655881862482893	0.6398212772664466
0.7599882516295643	0.7298676844773679	0.6997471173251717	0.6701041324465221	0.6431580489857514
0.8716253348208067	0.8574003901753099	0.8431754455298132	0.8290453588635787	0.8154509340779035
0.6956595796293943	0.6622404226676153	0.6288212657058363	0.5954870749127327	0.562632687063467
0.7053384494252082	0.6738747133079254	0.6424109771906427	0.6116465102529759	0.5848308080547956
0.7573395127983277	0.7281063437387384	0.6988731746791491	0.6696939342427546	0.64081922810006
0.8246568870835396	0.8025078591637484	0.7803588312439572	0.7582193506305527	0.7361337835427475
0.7187126621540479	0.6857652144825906	0.6528177668111333	0.6200810925912215	0.5885346535450365
0.7370923400498499	0.7066266815961086	0.6761610231423673	0.6461812562207603	0.6189453130014373
0.8319169141599836	0.8135105581680088	0.7951042021760341	0.7771661608267721	0.7618726866943081
0.6847785804964716	0.6536441318508077	0.6225096832051439	0.5924574741572999	0.5685166592451075
0.7049687487738305	0.6703760913175089	0.6357834338611871	0.6015261473084684	0.5691626962591606
0.7434831859653555	0.715658503841217	0.6878338217170784	0.6603856702947324	0.6350637832665774
0.7269833682229863	0.6950042759411413	0.6630251836592965	0.6310181621964569	0.5988534249807568
0.759599421126565	0.7280292516156579	0.6964590821047509	0.6652257415367957	0.6358944700031103
0.7112650459433812	0.682383567521167	0.6535020890989528	0.6250790160823736	0.5992445529386845
0.6691175561508773	0.6306645750510447	0.592211593951212	0.5541902025720259	0.5186059932115724
0.7676394582909953	0.7393104053374114	0.7109813523838275	0.6826369373565373	0.6542057728817589
0.7913251149475629	0.7653609770057684	0.7393968390639741	0.7134587873094126	0.68766804394386
0.7009755439577743	0.6654413487565185	0.6299071535552629	0.5951429937142196	0.5647272143927279
0.7376660294675487	0.7098777336386604	0.682089437809772	0.6546393439426529	0.6290990725307329
0.6968906177482174	0.6625231816009867	0.6281557454537559	0.5940332477037902	0.5612939141696386
0.6975906004451246	0.6658902459522971	0.6341898914594697	0.6031202106666718	0.5756119367560791
0.6155246951922388	0.5759210823615935	0.536317469530948	0.49746461366952655	0.46285127348306004
0.7518785710140152	0.7318083126199908	0.7117380542259663	0.692631003155238	0.6789631723818145
0.7874729175475814	0.7615149395770726	0.7355569616065638	0.7099049897606855	0.6859810308606539
0.7555152258063933	0.7221261779259258	0.6887371300454583	0.6551783255977887	0.6206609078343827
0.7568165315108121	0.7329537121875602	0.7090908928643084	0.6858369427073228	0.6660212694897458
0.7550217893231082	0.7280980422649357	0.7011742952067632	0.6742500339683263	0.6473228691600528
0.840277947624998	0.8258822535172712	0.8114865594095443	0.7973506850519482	0.7846820097327855
0.7178114060861283	0.6880215571180881	0.6582317081500478	0.6290423811187758	0.6032441943212258
0.7805749583269449	0.7482920058981394	0.716009053469334	0.683386027885448	0.6488426132399923
0.7287109250989561	0.6999461877208931	0.6711814503428302	0.6425817117820378	0.6149137195797116
0.7515982092328457	0.7204838977691836	0.6893695863055215	0.65859564646906	0.6297437811626805
0.7328565979061028	0.7064434584938298	0.6800303190815569	0.654363388007491	0.6329102865431357
0.6527546277798032	0.615783979281307	0.5788133307828108	0.5423575964085003	0.5088095759685644
0.7774176885389366	0.7584342846101936	0.7394508806814507	0.7207557811780873	0.7036887333354608
0.7195982629289573	0.6889632996279835	0.6583283363270096	0.6278716940740562	0.5984220286581456
0.7372421141724124	0.7070629839799192	0.676883853787426	0.646715846845917	0.6166106527704047
0.7491895294738605	0.7242986903117047	0.6994078511495488	0.6749080039505531	0.6526160837166743
0.7205392546084077	0.6928023940365836	0.6650655334647595	0.6381549524092874	0.6159103619540628
0.7078080202222302	0.677623522029733	0.6474390238372357	0.6173515114575071	0.5878116768088366
0.7459701452085008	0.7238574713041883	0.7017447973998759	0.6802768395925094	0.6624495859156998
0.766788148054114	0.7395504450796027	0.7123127421050912	0.6854596231150777	0.6607782453108988
0.7629883339211846	0.7413714353899411	0.7197545368586977	0.6985906769958333	0.6799851211044119
0.7401594840447896	0.7098992672491394	0.6796390504534894	0.6499617199608542	0.6235759414879133
0.749299848948276	0.7225590833082579	0.6958183176682399	0.669765968316833	0.6476010975585031
0.6822148803791162	0.6394584846778398	0.5967020889765634	0.5538009968552098	0.5100828057708433
0.7921320832111689	0.7641126077966278	0.7360931323820867	0.7079614426379298	0.6791960799092218
0.7768517091479997	0.7489024282489248	0.7209531473498499	0.6932630873772855	0.6670368448932925
0.74518131448385	0.719354686682556	0.6935280588812618	0.6681766389211508	0.6455087119876054
0.7518787146381438	0.7217896766827752	0.6917006387274065	0.6618005096365088	0.632967146656208
0.7715255348305766	0.7437328063348925	0.7159400778392084	0.688278239781388	0.6613555384692433
0.721730310485739	0.6922697339695653	0.6628091574533914	0.6336453563982557	0.606157442841458
0.7077856298914242	0.6774931781441121	0.6472007263968	0.6174656681268198	0.5908782041931381
0.7859097488249491	0.7623505721991257	0.7387913955733024	0.7151819919756641	0.6912889572656359
0.7332620971035745	0.6938949933951782	0.654527889686782	0.615009952026967	0.5746402568376594
0.7633108183611803	0.7415645533994718	0.7198182884377633	0.6991154800982293	0.6843050588922011
0.6419289550633895	0.6039804665913664	0.5660319781193434	0.5287457205113953	0.4951990727156451
0.6567681301335396	0.6241408254637794	0.591513520794019	0.5594725617306734	0.5307426893321723
0.7402082254937361	0.7132545831820397	0.6863009408703432	0.6599755235450014	0.6371976852448701
0.6797885092094462	0.6498016673988298	0.6198148255882134	0.5902480432087471	0.5630533314403796
0.81476398521077	0.7993471671227877	0.7839303490348056	0.7692425397088245	0.7586714341903062
0.7177300381676471	0.6879989265191179	0.6582678148705886	0.6290458857841335	0.6026993045689857
0.7692851697848007	0.7473041284579931	0.7253230871311857	0.7034606038086001	0.6822676161256082
0.7504282818882424	0.7277244387076662	0.70502059552709	0.682780544124171	0.6631595193728808
0.6971589809929112	0.6599872209119104	0.6228154608309097	0.5856204100357073	0.5482938368544515
0.7320074094201868	0.6962467043482499	0.6604859992763128	0.6249978791786988	0.5910490431886886
0.6753276650158504	0.6373529294749654	0.5993781939340804	0.5614736437053082	0.5239654290991824
0.8169039330608631	0.7933481738458984	0.7697924146309336	0.7459933662877984	0.7208204671318077
0.7899181448412821	0.7748668167667074	0.7598154886921329	0.7452025174566669	0.7330649420773936
0.7802500741081296	0.7543197792310059	0.7283894843538823	0.7025648395121914	0.6773367991638826
0.7823646528155405	0.7545741813605776	0.7267837099056148	0.6991636310933469	0.6725057575075579
0.8154909208500634	0.7999313240972225	0.7843717273443815	0.7691755413516419	0.7560315315984237
0.7431525701512554	0.7170119965442472	0.690871422937239	0.6654832314799973	0.6443437330729043
0.7545602745503982	0.729628220684263	0.704696166818128	0.6805998156281678	0.661222667509887
0.7607436359549903	0.7367994069900453	0.7128551780251003	0.6892907826326061	0.6678713029056218
0.759962254405503	0.7332898987863173	0.7066175431671317	0.6804855968543737	0.6574053354668457
0.7398780702000441	0.7189240710952187	0.6979700719903933	0.6778839967447804	0.6626990772081881
0.68153327993203	0.6428280249693484	0.6041227700066669	0.5655656675785258	0.5278451807506611
0.7398243617327713	0.7158347188989709	0.6918450760651705	0.6683729818311213	0.6478234783836273
0.7284154204304509	0.701542148232084	0.6746688760337171	0.6480760091570656	0.6230665877967214
0.7757602560126863	0.7553151210913447	0.7348699861700031	0.7156014420098302	0.7029770918824333
0.699864162057345	0.671880013732777	0.6438958654082089	0.616204566535263	0.5901669850321843
0.810907409140527	0.7856619888105159	0.7604165684805047	0.7350277856177864	0.7088294362381674
0.7208255807787551	0.693290314558037	0.6657550483373188	0.6387891380082057	0.6150383736264989
0.7774615922279074	0.7536713541094799	0.7298811159910524	0.7061768249837439	0.6829578762905842
0.7000972195114267	0.673374770012447	0.6466523205134675	0.6210697762354765	0.601924263181239
0.7015143627538658	0.6663696636778894	0.6312249646019129	0.5968478496304637	0.566805272966869
0.7468006061475624	0.7122471525471764	0.6776936989467905	0.6432320680336757	0.60928895874335
0.7046581931894115	0.6799314288228682	0.6552046644563249	0.631371911669797	0.6125876316413519
0.7169291131098073	0.6894139981775359	0.6618988832452645	0.6349302116112853	0.611047298782821
0.7585747595390389	0.7258616656856283	0.6931485718322178	0.6598427303601595	0.6231896501363283
0.7966443698102069	0.7732430274505366	0.7498416850908664	0.7273838050096306	0.7102536451922334
0.7884715086169102	0.766739765669245	0.7450080227215798	0.7233989182432206	0.7024823517422477
0.7576843335834877	0.7338330627404561	0.7099817918974245	0.6868049516090521	0.6674366126404899
0.7106106543171763	0.6808517392887503	0.6510928242603242	0.621405518551904	0.5921225898217638
0.7818733061227569	0.757776750673953	0.7336801952251493	0.7097675849704709	0.6868937110389917
0.6925613858226042	0.6618667976610626	0.631172209499521	0.6012191307408826	0.5754533467601862
0.878104698087616	0.8585407665520194	0.8389768350164226	0.8194190400754268	0.7998958984111472
0.8119158612747832	0.7919515076334879	0.7719871539921925	0.7524409789489157	0.7352562534744161
0.7137480664331814	0.6841895869003105	0.6546311073674397	0.6258020380497994	0.6010919395412334
0.719357284368629	0.6879583466521972	0.6565594089357655	0.6255880920776921	0.597031545120219
0.6774421643941545	0.647965057483756	0.6184879505733576	0.5898161210489498	0.5656916833444587
0.7459786927713334	0.7131899423365602	0.6804011919017869	0.6475710631538593	0.6145072715637431
0.7414539916573294	0.7096031869576137	0.6777523822578979	0.6454811440527997	0.6108357228438615
0.7223047343001748	0.6927925024885793	0.6632802706769838	0.6344254049897934	0.6092826779877505
0.7490158523039383	0.7251801690095845	0.7013444857152307	0.6779554120343791	0.6570883375285548
0.6138510104891182	0.5683398825817547	0.5228287546743913	0.4777913695981771	0.4354292046542936
0.7666992933025487	0.742318594307297	0.7179378953120452	0.6943669495489059	0.6753686706554928
0.8200564452215836	0.8005049513388913	0.7809534574561992	0.7610025661482186	0.7387962823304655
0.6508686817644261	0.6137947269029922	0.5767207720415581	0.5402861179129056	0.5074615874177892
0.7561538169232896	0.7324840708463837	0.7088143247694777	0.6853629691185337	0.6631448616052433
0.756189590653613	0.7250558070967085	0.6939220235398039	0.6631380114256702	0.6343291544883329
0.7180453267229059	0.6935433141732641	0.6690413016236223	0.6455336450939442	0.6276411051811386
0.7087861489278492	0.6806808406898109	0.6525755324517727	0.6248739585706222	0.599452267800398
0.7373917457677801	0.7046007435864182	0.6718097414050564	0.6390141434923735	0.606192593539587
0.7427772266084893	0.713303121329797	0.6838290160511047	0.6550284921000774	0.6300316738941271
0.750425544149376	0.718620249482224	0.6868149548150722	0.6550565913063171	0.6235632474907831
0.7037488415712353	0.6709797727837326	0.6382107039962299	0.6056105676398649	0.573964390712683
0.7692108352255366	0.7395692571171074	0.7099276790086781	0.6802360126008387	0.6502614981620292
0.8298859770651166	0.8132097204421043	0.7965334638190918	0.7805142334533868	0.76820522254737
0.6565774210282659	0.62494897917101	0.5933205373137541	0.5621019095780404	0.5331974973119373
0.7814432589198336	0.753792791967484	0.7261423250151344	0.6983218764345409	0.6695415436211851
0.703486410681877	0.6735633871082163	0.6436403635345556	0.614008368913447	0.586019811325612
0.748531875486207	0.7210091819152489	0.6934864883442907	0.6660809781215082	0.6393372008719779
0.6760157735738205	0.6444169436529394	0.6128181137320585	0.5817925740006331	0.5540043971497784
0.776668124328768	0.7503739143519486	0.7240797043751291	0.6981311701174849	0.6741346625342113
0.7276952279711246	0.7019661750806812	0.6762371221902378	0.6511257001903508	0.6295020324827183
0.7716152874235969	0.7423217567462808	0.7130282260689647	0.6836437249337667	0.653745514705003
0.7260214767087856	0.6951106287260933	0.6641997807434011	0.6341228265164818	0.6087548604092475
0.7088114158629293	0.6788289198893255	0.6488464239157217	0.6195067958243248	0.5937974350168383
0.7922997944955034	0.770215381320281	0.7481309681450585	0.7264788471706948	0.7072678751124656
0.827329045494061	0.8038597300693172	0.7803904146445734	0.7564990490527331	0.7302243711875845
0.6717967679563986	0.6406812022113393	0.6095656364662799	0.579491576961201	0.555298890804578
0.7511161628357012	0.7237295871829483	0.6963430115301955	0.6692387248907254	0.6437285209514361
0.7354837338592222	0.7068553315694385	0.6782269292796547	0.649586090096807	0.6208750199267642
0.6974223793265536	0.6636975805487708	0.629972781770988	0.5965632926986509	0.5649343537823572
0.7536802613836183	0.727073984648522	0.7004677079134258	0.6739668582735808	0.6480613541865646
0.7299794790416284	0.7054822153942581	0.680984951746888	0.6572613433199553	0.637906556720206
0.6924330286009185	0.656302687111274	0.6201723456216296	0.5845534648274777	0.5518227964969493
0.6678440108003151	0.6339550662484172	0.6000661216965195	0.5667421805609967	0.5366088069970297
0.6919507689703647	0.6540870962810318	0.616223423591699	0.5786357127636976	0.5426063552840694
0.6750471987040857	0.6397116614244627	0.6043761241448398	0.5695624908643526	0.5376960432589383
0.7268942271661276	0.6980944856293956	0.6692947440926637	0.6406926574041641	0.6132067252925298
0.7510610999929571	0.7215713975557253	0.6920816951184936	0.6628426000488101	0.6350186818026979
0.7773449052480902	0.7510379090964716	0.724730912944853	0.6987069453839668	0.6742812369083221
0.712131481065947	0.6814101183971325	0.6506887557283179	0.6202159701452681	0.591146896408708
0.74536367014706	0.7175565397385191	0.6897494093299783	0.6624510470049145	0.6380256919954509
0.8274855599390997	0.8042229000166123	0.7809602400941249	0.7571494163421664	0.730243117965591
0.7669402248542706	0.7371179968243278	0.7072957687943848	0.6775003322878735	0.6478561871954952
0.760265074593685	0.7318257323184864	0.7033863900432878	0.6752591741443568	0.6488945321794658
0.807258977611094	0.7819444953925748	0.7566300131740555	0.7317549269344521	0.7093611045611714
0.7452592207139135	0.7181282546155774	0.6909972885172412	0.6642046791017554	0.6393227658495733
0.7857196586171467	0.7604588929654144	0.735198127313682	0.7099832875115429	0.6850277904357701
0.744885962623079	0.7158293379857077	0.6867727133483362	0.6576579727582414	0.6282150520744069
0.6709976243073533	0.6382957818823916	0.6055939394574298	0.5734729092021376	0.5446317183602106
0.7646865142478075	0.7447184673959937	0.7247504205441797	0.7059504533857565	0.6937466183616056
0.7723697294049204	0.7492024583911687	0.726035187377417	0.7033557770587723	0.6834313102822949
0.7102927850335242	0.6815471235176332	0.6528014620017423	0.6244503022206839	0.598326889043628
0.7667672949498258	0.747627322707394	0.728487350464962	0.7102351291498493	0.6969960267615123
0.7666942395917138	0.7403724276811644	0.7140506157706149	0.687516567510241	0.6597840231069594
0.8005573311410961	0.7784244662659322	0.7562916013907682	0.7343348882706829	0.7133729020162021
0.6722787872771071	0.6407225393936462	0.6091662915101852	0.5783617431998769	0.5518020334376967
0.7803894707845528	0.7615134888308978	0.7426375068772427	0.7244291088270282	0.7099905491386336
0.8158502451663416	0.7980244534071357	0.7801986616479298	0.7628867471753766	0.748476691627983
0.736246653564513	0.7066350659188287	0.6770234782731445	0.6475112263420044	0.6185599220092977
0.7346410694972845	0.7014874301004911	0.6683337907036978	0.6352578305145838	0.6026205238872417
0.8327472787312503	0.8167365726626392	0.8007258665940281	0.7852360675314146	0.7726878241354819
0.741965778967193	0.7139168922601902	0.6858680055531874	0.658213600967569	0.6327868322290435
0.645064147247222	0.6064064080473011	0.5677486688473801	0.5296282294975011	0.4945419160096289
0.7487746176884759	0.7225481301997496	0.6963216427110234	0.6707085824661806	0.6485595385708325
0.7132882838852745	0.6842708945186131	0.6552535051519516	0.6265971303546164	0.5999794005359999
0.7279109672500478	0.6932464845100884	0.658582001770129	0.6239915767825721	0.5898193550419157
0.705945656780551	0.6741100384233415	0.642274420066132	0.6109870284648682	0.5827954668332741
0.6723117355094602	0.6397365291234868	0.6071613227375132	0.5753516940019467	0.547865273151684
0.7546147694449583	0.7248577487006622	0.6951007279563661	0.6652378627294351	0.6347772949680843
0.8016462082580698	0.7811901986522352	0.7607341890464004	0.7409960261529721	0.7253115351057178
0.683129165773878	0.6472676586138664	0.6114061514538547	0.5760242926118289	0.5433510021160539
0.7690393763844023	0.7411982068580371	0.7133570373316718	0.6857079969485451	0.659143907551912
0.690927799221841	0.6592561699219064	0.6275845406219717	0.5966590565559329	0.569947045750308
0.7533065625904858	0.7274177259591	0.7015288893277143	0.6758862851629858	0.6516341528085364
0.701491317610486	0.6684223524734272	0.6353533873363684	0.6026691425372819	0.5721574089104773
0.6575535471344659	0.6242526339723257	0.5909517208101854	0.5584706804779197	0.5306194522635704
0.7591375603082575	0.7346576032369577	0.7101776461656579	0.6861486176650533	0.6646659774393703
0.7382823781569937	0.7078844829754201	0.6774865877938464	0.6474808847762482	0.6196898862434947
0.8636996059761383	0.8432348853881264	0.8227701648001144	0.8024496333597687	0.7829433363211638
0.6969105556261734	0.6627898282123035	0.6286691007984335	0.5950932968455048	0.5645946691946484
0.7578421536469935	0.7297422862223487	0.701642418797704	0.673682396341478	0.646512076758457
0.7647999205504613	0.7412059890234947	0.7176120574965279	0.6942938427767468	0.6725325975874915
0.7115401099638015	0.678807511147816	0.6460749123318305	0.6137378404808025	0.5836343046960976
0.6618723428937969	0.6185349132002248	0.5751974835066527	0.5324825758646922	0.49328304284328406
0.7347518817727817	0.7041011369370169	0.673450392101252	0.6428480883581306	0.6125193308889602
0.7481732201225281	0.724039640367578	0.699906060612628	0.6768694321756344	0.6600272747829091
0.6875056122050828	0.6564826470141388	0.6254596818231949	0.5952605061047329	0.5697132597384028
0.7649110934587031	0.7403174420539064	0.7157237906491095	0.691399098049767	0.6685932126255608
0.7743764961760414	0.7500682227849569	0.7257599493938724	0.7020948328645744	0.682061615483435
0.7876203614256931	0.7577460016692187	0.7278716419127442	0.6980986925024418	0.6688984061106971
0.7659526564615952	0.7436273283210998	0.7213020001806044	0.6995397376578207	0.6809570999805908
0.6871856124449228	0.6497666905563596	0.6123477686677964	0.5748951147190803	0.5372519762279236
0.8129668962930572	0.7917688913565869	0.7705708864201165	0.7498289827657614	0.7316626776261876
0.6733965429917308	0.6402410616949099	0.6070855803980891	0.5748894864683429	0.5481110415885573
0.6863395043378073	0.6531132575083161	0.6198870106788248	0.587087925740936	0.5567010189238366
0.7441138188217539	0.7171553865242359	0.690196954226718	0.6634043276293339	0.6375480038483472
0.7893290887556107	0.7604120026698878	0.731494916584165	0.7026524223466368	0.6742311473885948
0.6924174978173905	0.6622022828757407	0.6319870679340909	0.6027547878294747	0.5790731290575802
0.689259701374518	0.65631118387531	0.623362666376102	0.5908756730110315	0.5609949009416071
0.8067804251374756	0.7858274028985052	0.7648743806595348	0.7443379387274478	0.7261539208331093
0.7660064664193355	0.7370406668058422	0.708074867192349	0.6793387776634301	0.6518998582497016
0.7734234794697922	0.7489927199200267	0.7245619603702612	0.7008754157955792	0.6813914443327584
0.7015527682364769	0.6633283591077012	0.6251039499789254	0.5866801312721851	0.547130249050656
0.7601872488580227	0.7378654590711199	0.7155436692842172	0.6939424195238808	0.6764100507227432
0.8120350208157999	0.7878323374253736	0.7636296540349472	0.7391799002932876	0.7133349432171149
0.6844686690727944	0.6521088999501591	0.6197491308275238	0.5876878736239874	0.5573123096768045
0.7345286296151531	0.7015186085935112	0.6685085875718694	0.6356790135532291	0.6038684216141218
0.6990108885950427	0.6637598245198545	0.6285087604446663	0.5931841924632585	0.5574445487977567
0.736728736496466	0.7091108362037728	0.6814929359110797	0.654150574280888	0.6283641762003096
0.8361749207654715	0.811892627061107	0.7876103333567424	0.763285512863553	0.7387205440997258
0.726996768765384	0.700330449433637	0.67366413010189	0.6475799041785297	0.6247827528083294
0.7998659174662658	0.7754262609230698	0.7509866043798739	0.7268495483634766	0.7044212739224797
0.7515880074206561	0.7188958786787358	0.6862037499368154	0.6535202589232758	0.6208855450591558
0.7672596383045819	0.73767309791088	0.708086557517178	0.6782587472931679	0.6470684892073119
0.7818622948469568	0.7497644430992363	0.7176665913515159	0.6852333717920935	0.6509063341891899
0.7686904254330386	0.7409912530841667	0.7132920807352948	0.6857763401968291	0.659296436909806
0.6708807558680471	0.63675294702252	0.6026251381769931	0.5690759809235002	0.5387944623271643
0.7061661651280642	0.6748847081190819	0.6436032511100994	0.6129443111271489	0.5858007173853613
0.8368253078579047	0.8168312317973655	0.7968371557368263	0.7770548982296026	0.7584687775733702
0.749112058546904	0.7212787855900623	0.6934455126332206	0.6658829700428163	0.6398492386113467
0.7181248356979567	0.6908765015184547	0.6636281673389527	0.6373204357793227	0.6163242760256445
0.7782797327293107	0.755396927475574	0.7325141222218372	0.7100843211446969	0.6902126292643137
0.7455997759858054	0.7162373944291661	0.6868750128725267	0.65764745049545	0.6291812104216897
0.7654158559080241	0.7404886928926657	0.7155615298773074	0.6907511913937016	0.6666005596512748
0.881086907624335	0.8581710562343567	0.8352552048443787	0.8118369255633016	0.7855814419575673
0.754254242997763	0.73420839557569	0.7141625481536169	0.6946846950133725	0.6784142988263238
0.7049267905807871	0.6741725652456283	0.6434183399104694	0.6127462050807255	0.5825376343585936
0.7699457799473576	0.7374209353835646	0.7048960908197716	0.6724547579908551	0.6404850149354151
0.724265573594067	0.6863201763069058	0.6483747790197446	0.6102514895741815	0.5711236452261497
0.7957375190257252	0.7706092287091744	0.7454809383926235	0.7204699259889751	0.6961211805644658
0.7072784043696837	0.6797162365035272	0.6521540686373707	0.6249027411784609	0.5994067258018272
0.7368044999235894	0.7088807090368067	0.680956918150024	0.6535408531581882	0.6289919102557198
0.7658318727112161	0.7354080831204548	0.7049842935296936	0.6749895743730483	0.647417810854064
0.7222819695305742	0.6959467373271979	0.6696115051238216	0.6444188819005561	0.625678557996646
0.7637152100815635	0.7363902426486874	0.7090652752158113	0.6818152518108764	0.6549884364402659
0.7098555638469988	0.6797446633931921	0.6496337629393852	0.6197946096947815	0.5914900097081153
0.8450229062464695	0.8297348651103451	0.8144468239742206	0.7994049080312514	0.7857528581263709
0.7129633701757605	0.683499697164446	0.6540360241531314	0.6249315987264925	0.5978558401372676
0.7825912007010492	0.7636397567295187	0.7446883127579883	0.726529874826731	0.7128495325720915
0.7303687713289267	0.6969666448439708	0.6635645183590146	0.6305571801697453	0.599779206790213
0.7180302351740647	0.6832197361907468	0.648409237207429	0.6137108758277774	0.5796457541621529
0.6974369967332099	0.6638179893524666	0.6301989819717233	0.5972388909309979	0.5679996926245456
0.6901269326912743	0.6568380639213279	0.6235491951513815	0.5910657909187804	0.56313083534757
0.7317068874018317	0.6953831075590498	0.6590593277162679	0.6226393913169684	0.5856764599867965
0.6856123417878269	0.6491826951881661	0.6127530485885051	0.5765098779535545	0.5413197348731918
0.6519959134186046	0.6123642301266637	0.5727325468347229	0.5334520744087553	0.49615488556528675
0.671485882285409	0.6323573678666109	0.5932288534478127	0.5542416245126067	0.5160522330226546
0.7007991532091137	0.6643784298267303	0.627957706444347	0.5918238209758838	0.5573097057953914
0.7554988127531024	0.7257794502860297	0.6960600878189572	0.6665387506401418	0.6381356599086035
0.8081839931635353	0.7894643123704886	0.770744631577442	0.7525566963229271	0.7373715217993893
0.753264811178674	0.7255472568976864	0.6978297026166989	0.6703908845108241	0.644526086270246
0.7137301772301793	0.6859241951770625	0.6581182131239456	0.6309778262770173	0.6075960476421824
0.7644817145699585	0.7388372874320163	0.713192860294074	0.6882692748928172	0.6674162742042121
0.8272550115475187	0.8136382395876204	0.8000214676277221	0.7870091876828375	0.7774104669563037
0.7497856405109872	0.7230945781136383	0.6964035157162894	0.669906274230119	0.6445035371238744
0.7324068230208529	0.7037153350510414	0.67502384708123	0.6468157374433108	0.6213372594958031
0.7534411082385956	0.7285630868557907	0.703685065472986	0.6788838237141972	0.6545161555789338
0.7258072833314194	0.6964700555561756	0.6671328277809316	0.6387172076592764	0.6155058949949155
0.7747453105268355	0.753302593884223	0.7318598772416105	0.7106733214291021	0.690933302777159
0.7382795256049097	0.7113124649369634	0.6843454042690171	0.657772199272913	0.6334230925707888
0.7712055039464254	0.7452309937234115	0.7192564835003976	0.6933294834726209	0.667670772952214
0.7834566240381126	0.7602367173110638	0.7370168105840149	0.7144171929501799	0.6953203404473866
0.7670191605721095	0.7361097910773153	0.7052004215825212	0.6746112340625713	0.6458301103460036
0.7464764850782838	0.7181686160673557	0.6898607470564275	0.662105151747784	0.6374682394666478
0.7022378993045504	0.6745353938485718	0.6468328883925931	0.6200071717020771	0.5981326707407283
0.7577063530898974	0.7230156006361662	0.688324848182435	0.6530701843632538	0.6146311197711007
0.7992206631878631	0.7738273061966455	0.7484339492054279	0.723364351741609	0.7001230204778917
0.8159857684323283	0.8009262691089157	0.7858667697855032	0.7712412039412084	0.759066055291854
0.7049268170577793	0.676350298430342	0.6477737798029047	0.6200108057591707	0.5968419083024982
0.8367859400667713	0.8137392402697804	0.7906925404727895	0.7674242832474509	0.7429048938596585
0.7136469182896782	0.6809325469641158	0.6482181756385533	0.6157471544653971	0.5846503287082291
0.7303708567254109	0.6978428747325796	0.6653148927397483	0.6328302648732037	0.6005904572421035
0.6542341726822961	0.6165513813144661	0.5788685899466359	0.5417461873826135	0.5077882937278693
0.7446166082695966	0.7203552795140367	0.6960939507584767	0.6726076418668308	0.6534978609278477
0.7806921525733022	0.7571733624724148	0.7336545723715275	0.7107425382641507	0.6912568480347671
0.7697391705237795	0.7457539173898899	0.7217686642560003	0.6986996268066185	0.6808044484292685
0.7071431006744854	0.6785054320710879	0.6498677634676904	0.6217470081160084	0.5965452557480817
0.7060610369186991	0.6783195324933518	0.6505780280680045	0.6236315971984486	0.60117493724105
0.7410239195341862	0.7093597577674219	0.6776955960006577	0.6464107522963354	0.6172679131786365
0.7787886225139391	0.7525200775875989	0.7262515326612586	0.7002445790953234	0.6757148288299671
0.7269399495753291	0.6946166314901092	0.6622933134048892	0.6301738920797096	0.5992058733331269
0.6897989744909049	0.6526891522984621	0.6155793301060194	0.578789587277108	0.5438073288067156
0.7405079293578972	0.7130928965678036	0.6856778637777101	0.6586375274709008	0.6337130977481837
0.7369487209734868	0.7084064163473901	0.6798641117212934	0.651833440312006	0.6266919555921652
0.7143656798359903	0.6895339610301124	0.6647022422242346	0.6406987450574639	0.6213722056350374
0.6988981821633784	0.6696469725108862	0.640395762858394	0.6118073252695527	0.5869615536404774
0.6988182362965809	0.6653800186144536	0.6319418009323262	0.5986188991119628	0.5659471845912978
0.7971434713351534	0.780439287566979	0.7637351037988047	0.7480663084395268	0.738244339109345
0.7546610318262641	0.7194069387737113	0.6841528457211585	0.6490442207279034	0.6147570521351595
0.8116991633109004	0.7939249281259446	0.7761506929409888	0.7584490690104895	0.7411574799701952
0.7708449752608001	0.7447170844163528	0.7185891935719054	0.6927863246927971	0.6688188509858234
0.7082366268799527	0.6736653066863862	0.6390939864928197	0.6053315486831724	0.5761368600738632
0.7880960613382472	0.7667604044445377	0.7454247475508282	0.7247676751716509	0.7079425614742764
0.7119327138702182	0.6805517566673762	0.6491707994645342	0.6183287262544018	0.5905297245410771
0.7716606972058362	0.7453323906347558	0.7190040840636753	0.6931269952215353	0.6697979275274886
0.7473950551025156	0.7096733321191858	0.6719516091358562	0.6342502599203644	0.5966639611295076
0.7142682837259998	0.6844478711434822	0.6546274585609645	0.625324343720161	0.5989424030735621
0.7672912803913197	0.7346087731152595	0.7019262658391994	0.6691429920124816	0.6357906906728186
0.7378433914934545	0.7051299696678764	0.6724165478422984	0.6401392950700073	0.6103250837533977
0.7009395689262804	0.662371991052492	0.6238044131787036	0.5851752021619071	0.54619794951967
0.7481582028448995	0.7206034767808875	0.6930487507168754	0.6661349909523445	0.6428407602566911
0.8216550573229614	0.797737347594248	0.7738196378655344	0.7501177757775904	0.7276348027495648
0.6398455174658388	0.5959272108248556	0.5520089041838723	0.5081519512248307	0.4646414617779123
0.7715711367354907	0.740461782318244	0.7093524279009973	0.6782672637311601	0.6473187016007014
0.7823298729574697	0.7545467162180595	0.7267635594786492	0.6987389716389959	0.6693510252480918
0.6555610996482714	0.6182578865277246	0.580954673407178	0.5444108573219062	0.5121553472618063
0.6561289413502946	0.6164849970171505	0.5768410526840064	0.5376103691956858	0.5007133647823475
0.7839055451597248	0.7619775689649176	0.7400495927701105	0.7187210478026231	0.7007774838455784
0.7267640025349236	0.6969693107782043	0.6671746190214851	0.6378120731373244	0.6108898498551268
0.7578031099730037	0.7364358151782818	0.71506852038356	0.6944943315697756	0.6783988027963521
0.6772291809284191	0.63546909250591	0.5937090040834009	0.5520258424250177	0.5107770852886104
0.7635511885029289	0.7354745047138977	0.7073978209248665	0.679617704157957	0.6535122978373055
0.7335388945042793	0.7045478492014976	0.6755568038987159	0.6468029885254005	0.6193888077419324
0.6517466322637404	0.6213005112804842	0.590854390297228	0.5611844607791087	0.5358976752318215
0.852229690756616	0.8355537027912406	0.8188777148258652	0.8023399191386308	0.7865824936022608
0.709169884761494	0.6729651880513745	0.636760491341255	0.6003640959471114	0.562885180364539
0.6755071311508978	0.6330451431082854	0.590583155065673	0.5480987329492655	0.5054876258849887
0.7175808518573147	0.6878031383056706	0.6580254247540266	0.6287746846788174	0.6024997575566873
0.7702701076625641	0.7439285978865045	0.7175870881104447	0.6915381137502332	0.6671410834036083
0.7753022316442527	0.7536969979709051	0.7320917642975573	0.7112100941704951	0.6944143787825204
0.7382227991413876	0.7043159419652205	0.6704090847890536	0.63694135618079	0.6059533813720435
0.759197041917305	0.7308153370416629	0.7024336321660207	0.6743794907327548	0.6481750961622208
0.7627259032783925	0.7324903764015732	0.7022548495247538	0.6720193167814519	0.6417837509101924
0.8870347575830572	0.8720161091172186	0.85699746065138	0.841836034596836	0.8258683451972113
0.7170457870233564	0.6830973453743292	0.6491489037253019	0.615312440475045	0.582108317910661
0.7567028680861414	0.7349693072437893	0.713235746401437	0.6916298304149124	0.6707447234109105
0.7849021162824836	0.7647459330192239	0.7445897497559643	0.7248772811247949	0.7076704637430551
0.7765326383369594	0.7455514176269046	0.7145701969168498	0.6837439406210165	0.6537927665289912
0.71859442696317	0.6883851838042147	0.6581759406452594	0.6280736348036919	0.5985752027213943
0.709172763498478	0.6808997100499525	0.6526266566014272	0.6253360359139282	0.6035932013419106
0.678628706669633	0.6435846525128187	0.6085405983560044	0.5743704168142805	0.5451349835352599
0.7628234581807275	0.7295859076572857	0.6963483571338439	0.6631837258805897	0.6304308688787106
0.854181698224649	0.8380850692449513	0.8219884402652538	0.8064866588823028	0.7943439748024695
0.7542456425530667	0.7266310844759879	0.699016526398909	0.671948118649069	0.6479638153006894
0.7248748730447367	0.6938354992144464	0.662796125384156	0.632258041599459	0.6045507367393839
0.7282647501188753	0.6965055111265805	0.6647462721342859	0.6336581428954933	0.6063597624518777
0.6883931382376846	0.648559129159347	0.6087251200810094	0.5685422389043104	0.5263892811379967
0.7354871943835514	0.7053084070905968	0.6751296197976423	0.6450424155698942	0.6154723798219859
0.7260793649225926	0.6904382468882083	0.6547971288538241	0.6191974423673415	0.5838317193390319
0.7702539311924548	0.7463877271160503	0.7225215230396458	0.698989181810019	0.6773421601048487
0.7596199728970691	0.7385356889162981	0.7174514049355271	0.6971881305979757	0.6815610879497784
0.7288694066871741	0.7010444162308607	0.6732194257745472	0.6459923761311528	0.6221418911458079
0.7626708438387669	0.7370119189769041	0.7113529941150413	0.6862044533535934	0.6639380455361712
0.7296534834676762	0.6992217235751088	0.6687899636825414	0.6389814804249309	0.612692632911047
0.715569091069547	0.6843370093966739	0.6531049277238007	0.62199059602279	0.5915411970122514
0.7940781070424603	0.7678490806219699	0.7416200542014796	0.7151869157961562	0.6876011594403927
0.7910850673451476	0.7751798976833801	0.7592747280216126	0.7444885283829714	0.7360211391547791
0.6995478700233363	0.6641622473765345	0.6287766247297328	0.5937864302673529	0.5610292140587858
0.6955431897620187	0.6610723979434575	0.6266016061248963	0.5924297469030557	0.5599459564990937
0.790872338466823	0.765332699824052	0.7397930611812811	0.7141807105105192	0.6881577558826018
0.6986778185731435	0.6707424748891133	0.6428071312050831	0.6159677355060751	0.5953171450421888
0.7190651602217748	0.683972085489736	0.6488790107576972	0.6142748118004887	0.582431288528571
0.7139676816004883	0.6833479217402921	0.652728161880096	0.6227975829943044	0.5967588008731702
0.679509999919502	0.6448469631189029	0.6101839263183038	0.5761804098925726	0.5459011971787274
0.7205794435904098	0.6895839396336851	0.6585884356769606	0.6283206221048978	0.6021620674791464
0.7232849066655169	0.6957620683641687	0.6682392300628204	0.6406409604658861	0.6126167312400329
0.7629583737562743	0.7371807683834268	0.7114031630105793	0.686442836894056	0.6660976770164623
0.8095089073812819	0.7833413962021365	0.7571738850229911	0.7316252372120737	0.7095713034801622
0.6948618176366643	0.665624868384772	0.6363879191328797	0.6078355176227427	0.5831487490676044
0.6772746153172683	0.6426298899577285	0.6079851645981887	0.5735255069061664	0.5401109241312363
0.7759420191451313	0.7490071902423816	0.7220723613396319	0.6956875217179526	0.6724084650243568
0.7378796800136525	0.7102203130370681	0.6825609460604838	0.654912022415619	0.6273220721407504
0.7480629196790272	0.7248226868869196	0.701582454094812	0.6790980293133383	0.6608816433775799
0.6814420304550031	0.6454287028363723	0.6094153752177415	0.5737641198772195	0.5401574823843295
0.6868978409453598	0.6535447025029837	0.6201915640606075	0.5871774090274571	0.5560774892739968
0.7439730524997339	0.7160950682938088	0.6882170840878835	0.6606944895760166	0.6351787764391371
0.7740981958951514	0.7490576049314945	0.7240170139678377	0.6993956840475904	0.6771419162523682
0.8102853659558602	0.7917693434104623	0.7732533208650645	0.755213596276352	0.7398635205834787
0.734970679332475	0.7020069288865323	0.6690431784405896	0.6360897453738045	0.603194574424397
0.6558644958725124	0.6116035727500626	0.5673426496276128	0.5230213236720856	0.47835890363666184
0.7214806032595225	0.693195726920228	0.6649108505809337	0.6371750785619524	0.612540092108185
0.7006050551760822	0.6687612590017691	0.6369174628274561	0.6057786573238584	0.5786209257519284
0.6855996857501504	0.6531660207913021	0.6207323558324539	0.5889080910888193	0.5605251021116822
0.6839674970622358	0.6475801088094932	0.6111927205567506	0.574703525322292	0.5376394272730773
0.752980423255645	0.7214165160390013	0.6898526088223575	0.6583973633080068	0.6275557291339743
0.7665577249408067	0.7345814257590821	0.7026051265773576	0.670657601893039	0.6388725664532995
0.7652249660301303	0.7326616520451817	0.700098338060233	0.6673418323501211	0.6334943752660275
0.7269058178051907	0.6904170411822264	0.6539282645592619	0.6174344978916702	0.5809125525014252
0.7392856784318993	0.7126367427226218	0.6859878070133443	0.6599769434560874	0.6375692657514253
0.770730237707104	0.7397213015397042	0.7087123653723043	0.6779606549022414	0.6486614948853414
0.7864175272680405	0.7653403966551887	0.744263266042337	0.7232207456836998	0.702373669018923
0.7522336741054145	0.7210199498752486	0.6898062256450828	0.6585840667857146	0.6273142776755701
0.7718055526899316	0.7488487361814576	0.7258919196729837	0.7032057792510409	0.682048143470047
0.7751566332095754	0.7495372341120387	0.7239178350145019	0.6980806497813626	0.6710136288310411
0.6943271287524456	0.6615859753966988	0.628844822040952	0.5965528351066274	0.56679728561124
0.7553533536042336	0.7240335611809652	0.6927137687576967	0.6617990369661804	0.6331716777439722
0.7939235129389347	0.7683116429467918	0.7426997729546488	0.7166716729810536	0.6882931272532519
0.7429180631374659	0.7136141871989841	0.6843103112605023	0.6552931353314106	0.627894950945049
0.7347806873561894	0.71548410920459	0.6961875310529907	0.6778801050643124	0.665158409573687
0.6984450712799195	0.666006307788995	0.6335675442980704	0.6013923323652893	0.5707053929463997
0.7817051528857616	0.7574901902172171	0.7332752275486727	0.7091755992015634	0.6857272623956973
0.8388343542464427	0.823316247864613	0.8077981414827833	0.7930097019146444	0.7823416821640321
0.8234502102117405	0.8030132847715457	0.7825763593313507	0.7620851033365947	0.7412870433464941
0.7105829783141174	0.6835299586317276	0.6564769389493378	0.6302123938545896	0.60840035537735
0.7745581850160792	0.7532263930663324	0.7318946011165856	0.7112318792276678	0.694347388013666
0.6792558254732592	0.6431179665009714	0.6069801075286836	0.5708990944831835	0.5351390897100718
0.7648353954659542	0.7329063375325611	0.700977279599168	0.6689074891707404	0.6360429840168657
0.6967976502410916	0.6673523938226175	0.6379071374041433	0.6090526962900111	0.5835345821717518
0.7468328987136099	0.712847320098874	0.678861741484138	0.6450597461146969	0.6122944431477132
0.6897385889784897	0.6555237367999931	0.6213088846214965	0.5875077184883146	0.5560426325322301
0.7365288534034324	0.705353749932284	0.6741786464611355	0.64347462565852	0.6154308030815834
0.6942293107316663	0.6477502725370969	0.6012712343425277	0.5548711148458678	0.5089166482975644
0.7370220880114625	0.706659461226037	0.6762968344406114	0.6461983496846042	0.6175914718267537
0.6694220440758084	0.6342657362834111	0.5991094284910137	0.5639606098083214	0.5288540820390507
0.7306121607588527	0.7059570731595681	0.6813019855602837	0.6574062594414689	0.6377986385702643
0.7968811176490304	0.7740740962725736	0.751267074896117	0.7288515581878703	0.7086468636840587
0.8105939536885325	0.7913090812810922	0.772024208873652	0.7531563739261458	0.7366435445542279
0.7515932304108651	0.7214952147791703	0.6913971991474757	0.6614429693167835	0.6323006961940217
0.6761495853217093	0.6440340121355828	0.6119184389494563	0.5801133020770546	0.550061195375618
0.7790508085778289	0.7521684289376681	0.7252860492975072	0.6986896628979212	0.6737082769259735
0.6940156084388236	0.656733201095089	0.6194507937513545	0.5820821700763026	0.5442266838038442
0.7256242735037185	0.6962564067405618	0.666888539977405	0.6380193587411307	0.6119662487432974
0.7411527474514943	0.7140245488114785	0.6868963501714627	0.6604486729727927	0.6378438922586027
0.721393349910903	0.6899427687977823	0.6584921876846614	0.6272809118017469	0.5974209897072712
0.7556402300754413	0.7292143221214918	0.7027884141675423	0.6767157594962584	0.6526379219102403
0.7250946501308487	0.6984540266747065	0.6718134032185643	0.6456723178742664	0.622352118305549
0.7361090285237157	0.705789316481018	0.6754696044383202	0.6447459729686513	0.6117414132994972
0.7943010351694711	0.771486117563884	0.7486711999582969	0.7256621523725563	0.7015568550980649
0.8539755848082029	0.830949965601298	0.8079243463943931	0.7843029399305481	0.75731712991365
0.7114716291370496	0.6862350878039132	0.6609985464707767	0.6363707766716848	0.6151807324840063
0.8048996555219103	0.7861970336632625	0.7674944118046148	0.7493650212819055	0.7344726612946559
0.8016327732884462	0.780344939018613	0.75905710474878	0.7377951809187405	0.7166795730340114
0.7402810372257034	0.7143271910518384	0.6883733448779734	0.6629153179712103	0.640257176568003
0.7301435085266106	0.6941306202885597	0.6581177320505087	0.6217176956365599	0.5831314380784423
0.779407694956516	0.7537889313078735	0.728170167659231	0.7024933374465177	0.6764886060371973
0.7450540837044911	0.7194034497549319	0.6937528158053725	0.6682742351484944	0.6437672373888135
0.7420639453715243	0.7101817435827728	0.6782995417940211	0.6463075651370426	0.6136956911049579
0.7071549601369991	0.6750704274680505	0.6429858947991017	0.6110430612559689	0.5799004009908072
0.778987789036996	0.7523630501709363	0.7257383113048766	0.6992428242993907	0.673477221013113
0.7115763709489922	0.6888528012336275	0.6661292315182628	0.6441347423887286	0.6262573626549678
0.6926176071602099	0.6570651792363268	0.6215127513124437	0.5868199526124237	0.556981469914271
0.7054858582563628	0.6715905068196877	0.6376951553830125	0.6038958791216505	0.5706391382324685
0.7583295674741871	0.7367949536647845	0.715260339855382	0.6944528579366734	0.6777514811554823
0.7355085766402556	0.7028978263381666	0.6702870760360775	0.6375808140682664	0.6043351988602342
0.7797615903041956	0.7512163618728452	0.7226711334414949	0.6939928089207282	0.6645628923662047
0.7507309047787665	0.7217465002384305	0.6927620956980943	0.6638963346522596	0.6357005520086094
0.8081105085121529	0.7928411252530884	0.7775717419940238	0.7630101849240828	0.7524457139245316
0.7599193639773966	0.7272535418139553	0.694587719650514	0.6617855447946265	0.6282133879064103
0.8106223139904745	0.7883969655704353	0.7661716171503961	0.7444303318125449	0.7254225449418806
0.7057411423552072	0.6740664453782071	0.642391748401207	0.6109894107649817	0.5811250830863975
0.638590315314845	0.5987098218546697	0.5588293283944944	0.5196700477368538	0.48458344719630225
0.7845790268858007	0.7571621761462186	0.7297453254066366	0.702315831691646	0.6748149432449118
0.79225731285705	0.767697064746683	0.743136816636316	0.7181030002859858	0.6903949497176766
0.6991447130916245	0.6609091051887276	0.6226734972858305	0.5847044171307205	0.5482404159970161
0.700712896014888	0.6678860408727517	0.6350591857306155	0.6029977862553586	0.5752589058258765
0.6998569301611466	0.6653631477113405	0.6308693652615345	0.5965412310400928	0.5631485103938391
0.7492524584648121	0.7194778269386483	0.6897031954124844	0.6600286040925902	0.6309189386275237
0.6801681462538393	0.6425622140412368	0.6049562818286344	0.5683832288296465	0.5376428324638456
0.649193094811787	0.605691861302524	0.5621906277932608	0.5189705213041153	0.4773379357535676
0.6678949159158859	0.6329628320003287	0.5980307480847713	0.5631479569645728	0.5285435216734276
0.6467787683421488	0.6103489424518735	0.5739191165615983	0.5381641088958278	0.5062197917168743
0.7538722117406581	0.7322023463055685	0.7105324808704788	0.6897567350080095	0.6740300717365779
0.7618370386481468	0.7374645008341737	0.7130919630202006	0.6888402627175758	0.665270930404173
0.7315814074514192	0.7065813344283441	0.6815812614052691	0.6571775803542822	0.6361417176755962
0.7010547706513084	0.667765796686338	0.6344768227213675	0.6017622455143741	0.5722912799672293
0.6896283088393328	0.655838069261579	0.6220478296838252	0.5883762413644565	0.5553746752898319
0.7869528803885145	0.7621000555358587	0.737247230683203	0.7124008138338597	0.6875905829029988
0.6769107948086879	0.6349070294164852	0.5929032640242826	0.5511204614549924	0.5105854333183365
0.6838920254158657	0.6429855370803736	0.6020790487448816	0.5610056561461013	0.5189897571578574
0.7776769213216076	0.7488346091209996	0.7199922969203916	0.6912566947686225	0.6631236829933311
0.7521406299072365	0.7220221591091809	0.6919036883111253	0.6621456379676548	0.6344228776440259
0.7419051048074915	0.7125029403684584	0.6831007759294253	0.6540148768035671	0.6267149241392321
0.7095883657693277	0.6782159314105749	0.646843497051822	0.6156503609287275	0.5854697198096437
0.7151737721003206	0.6836965123606196	0.6522192526209185	0.6214493451133318	0.5946738472465429
0.7910689963451846	0.7630160873580412	0.7349631783708978	0.7065531655331139	0.6761265914985121
0.8663155635557573	0.842747531316052	0.8191794990763466	0.795552964283455	0.7715960662686089
0.7563319818991608	0.7286629675384768	0.7009939531777928	0.6736711015658352	0.6483030268783316
0.7426914873565058	0.7150758773219295	0.6874602672873531	0.660544836841283	0.6375833122028735
0.726679966776264	0.6916065837586471	0.6565332007410303	0.6215883238497483	0.5873691195252992
0.6999713139735704	0.6668748667261806	0.6337784194787908	0.6009453429625256	0.5695995178321269
0.7406820389773053	0.7148428700340267	0.6890037010907479	0.6637397058289553	0.6417237095048247
0.7256298903980859	0.7011691705245637	0.6767084506510415	0.6530706415066269	0.6340797994609622
0.7304124995275587	0.7038383607897795	0.6772642220520003	0.6511882038065099	0.6279250660558325
0.7962992606206034	0.7704222786679129	0.7445452967152223	0.7188293018158557	0.6940223988916695
0.736692298090084	0.7052902028018601	0.673888107513636	0.6428628792693561	0.6139658147393959
0.5738834334293217	0.5324652147885764	0.4910469961478312	0.4505597391306774	0.4153296113281586
0.6900825031461741	0.6530309754461364	0.6159794477460986	0.5793535965347412	0.5451315353915407
0.6758452742369148	0.6389317590638682	0.6020182438908218	0.5650666672719231	0.5279001581210381
0.8174993097202745	0.7960027103569938	0.774506110993713	0.753287637997658	0.7336397412890137
0.7301235764669227	0.7034759440635827	0.6768283116602427	0.6505587788998236	0.6264243703254843
0.6764002114706347	0.6419713145776539	0.6075424176846732	0.5735999700958367	0.5424044959411897
0.7546152275974374	0.7228719883492059	0.6911287491009742	0.6594484343293394	0.628123453328561
0.7339286473115709	0.7045233755551806	0.6751181037987903	0.6459984741693482	0.6184918622330692
0.7111753367938726	0.6772670956364705	0.6433588544790685	0.60963801599741	0.5769754381965206
0.7537788217819925	0.725328226472443	0.6968776311628935	0.6687955840404464	0.6427947241466863
0.724810062736689	0.6973295947228557	0.6698491267090223	0.6427888961345882	0.618101741381719
0.7751074078015688	0.7533425007095803	0.7315775936175918	0.7100569211096587	0.6899154383927173
0.7539110603381186	0.7241259686799353	0.6943408770217521	0.6643229773813292	0.6329904138344499
0.7574029036571931	0.729282504869898	0.7011621060826029	0.6737187723782712	0.6500988171437467
0.7905719415551232	0.7684943682571164	0.7464167949591096	0.7246040180088531	0.7042865428845902
0.7472093708719247	0.7202198346362741	0.6932302984006236	0.6666702577582702	0.6425355736224176
0.8250734974805617	0.8055161926085274	0.785958887736493	0.7661964368855719	0.745275529132088
0.7367205899180443	0.7079219311759111	0.6791232724337777	0.6505270764706708	0.623074185412431
0.7746948716812768	0.7545621963134435	0.7344295209456101	0.7145863427384901	0.6963779515543509
0.7092740193597401	0.6808295536101484	0.6523850878605566	0.6244810184852926	0.599628561007844
0.7194198697184466	0.6867386779040225	0.6540574860895985	0.6217179706572417	0.5913078976901788
0.7960870575181805	0.7796249430840168	0.763162828649853	0.7474243492091075	0.7357722279685595
0.8408189601811943	0.8193843123814517	0.7979496645817091	0.7766444631997623	0.7560702441993431
0.7532332918708253	0.726023404854126	0.6988135178374266	0.6724929996637304	0.6511947367674334
0.7396245314906243	0.7102201737000405	0.6808158159094567	0.651872147307626	0.6255299850747877
0.8068841656399118	0.7804743911200451	0.7540646166001783	0.7275487338535512	0.700433659212565
0.7089281665917612	0.6757603843601129	0.6425926021284646	0.6097590389493185	0.5788128067841172
0.6824773543671415	0.6479166394952703	0.6133559246233993	0.5792814995804182	0.5479531474167633
0.6338495687605801	0.5931294261383013	0.5524092835160226	0.511802256423672	0.4718339913833182
0.6596756934192949	0.6195822706920989	0.579488847964903	0.5398585601869796	0.5028435899586104
0.6899903195197273	0.6539989143032121	0.6180075090866968	0.5821163540275558	0.5467913104146319
0.7818843727968613	0.7578015463763546	0.7337187199558478	0.7098977044677628	0.6875551322008234
0.7162942891795374	0.681561993244461	0.6468296973093847	0.6121043594435941	0.5774183137122941
0.7038254426906654	0.6668825275762909	0.6299396124619163	0.5931233831442118	0.557022547013376
0.7353393922598017	0.702286775989857	0.6692341597199124	0.6363113751918872	0.6041217489661324
0.740382951168225	0.7060260193912655	0.6716690876143062	0.6372782805799909	0.6026961803703328
0.7522623121736783	0.7188487573479198	0.6854352025221612	0.6519025525290844	0.6176973735427982
0.806798669652989	0.7767048630848512	0.7466110565167136	0.7162210194708216	0.6841581724407123
0.7865237136778577	0.7688520908935995	0.7511804681093414	0.7340531995403353	0.7199998927497664
0.7246679803982359	0.6885475534117564	0.6524271264252769	0.6165705860441775	0.5822042101847292
0.716397041771189	0.6816516347347882	0.6469062276983873	0.6121815851394633	0.5775741993378575
0.8045175747036347	0.7838464064758468	0.763175238248059	0.7436968978025571	0.7309544416549415
0.8143538665961374	0.7966785229032257	0.7790031792103139	0.7619291480531871	0.7482507216330269
0.7765856616514807	0.7473991009406284	0.7182125402297763	0.6888818788856176	0.6587374829792536
0.7883344385817453	0.7619902349385868	0.7356460312954283	0.7088884715502937	0.6797966948141695
0.7894574241032535	0.7633247192811606	0.7371920144590678	0.7111516729584177	0.6856329060352936
0.7719492357597262	0.7461136617154274	0.7202780876711287	0.6946439792827649	0.6701475450570322
0.811123455481106	0.7871149758395207	0.7631064961979354	0.7394406279124549	0.7177094818795374
0.6732125010207852	0.6397588427317266	0.6063051844426679	0.5732542231891044	0.542477287304902
0.7905474168192723	0.7683992327801688	0.7462510487410651	0.7243627645496056	0.7039421317062848
0.7156308382457437	0.6810381719761656	0.6464455057065875	0.6120349504577249	0.5786527739766323
0.8136212459649609	0.7893786599778546	0.7651360739907485	0.7408858948225552	0.7165928370510837
0.7288389849149407	0.6985368317887672	0.6682346786625938	0.6381359986809493	0.609186329126148
0.8245176275599476	0.8070649664363291	0.7896123053127104	0.7724937507750861	0.7572618921543741
0.6679295342131628	0.6307803865428666	0.5936312388725705	0.556814709087421	0.521876468543206
0.7421418918800943	0.7141781023142538	0.6862143127484133	0.6586137846391962	0.6330645896545374
0.7607667988440041	0.7398402117366382	0.7189136246292723	0.6986146198260146	0.6818595648289659
0.7515801035580744	0.7210285445956834	0.6904769856332924	0.6600949787709774	0.6306704306009696
0.7647800418914975	0.7420864460285909	0.7193928501656841	0.6968281963043985	0.6749916763925021
0.7851554430763196	0.7581863697519575	0.7312172964275955	0.704760075455507	0.6811932786282244
0.753049578172403	0.7223835738595804	0.6917175695467577	0.6613558985670522	0.6327127942994156
0.7033037783107845	0.6713961056253398	0.6394884329398951	0.6078972227664396	0.5780930726338676
0.79616833535145	0.7739734022374211	0.7517784691233922	0.7297031909236448	0.7083036026015501
0.8508811754020251	0.8320852285588982	0.8132892817157712	0.7944962061163036	0.7757193443956272
0.7182432627728135	0.6848804350265865	0.6515176072803595	0.6185979873481078	0.5881811566694196
0.7213987049685427	0.6875389434332244	0.653679181897906	0.6199948665404692	0.5873012936625984
0.7061812447828594	0.6737647621363286	0.6413482794897979	0.6091512446446476	0.578193428923562
0.7385504136177401	0.7092174972185855	0.6798845808194308	0.6506198545138985	0.6217401968559303
0.7986930866631099	0.7746953504964386	0.7506976143297672	0.726884783507391	0.7041161109648014
0.7329526727318807	0.7033641538831801	0.6737756350344792	0.6447887112232965	0.6191989874330066
0.7234359433021575	0.6939638824950211	0.6644918216878846	0.6357745994265666	0.6113199414546833
0.7660723709308345	0.7429819183728088	0.719891465814783	0.697321187818022	0.6776883293812479
0.7116222483084935	0.6806561115806287	0.6496899748527639	0.6187772369489098	0.5881660415690659
0.7335886668296576	0.7049722972375572	0.6763559276454567	0.6479185302587429	0.6204917867869736
0.7298420288646719	0.7038744403242646	0.6779068517838573	0.652341504264406	0.6290476070056361
0.7765986992706322	0.7492537167295774	0.7219087341885225	0.6946732424131836	0.6680560436894505
0.8497177982988514	0.8318930755430258	0.8140683527872002	0.796566311974811	0.7808864522587052
0.7636125145298892	0.7342494285835065	0.7048863426371237	0.6756341928975383	0.6470084985981519
0.7108416152470978	0.6804992441816424	0.6501568731161872	0.6205569494917115	0.5951496177350376
0.8542448485986471	0.8363172138723289	0.8183895791460108	0.8009472314079543	0.7862452935201237
0.7424346116109831	0.7202809158023747	0.6981272199937664	0.6765653670815016	0.6583456439649196
0.7521164637339147	0.7276490926521334	0.7031817215703521	0.6788065577609492	0.6549520873218625
0.758666759772585	0.7319429225480233	0.7052190853234616	0.6789484360971071	0.6552369341059594
0.700068363082902	0.6679209046525882	0.6357734462222745	0.6036607042950548	0.5717440060478548
0.7758800252121364	0.7524183445065092	0.728956663800882	0.7054510938134673	0.6816976815738618
0.718710426929383	0.690338044469635	0.661965662009887	0.6342215308089154	0.6100251269932062
0.7734458295910005	0.7401150659437673	0.7067843022965341	0.6735720270491005	0.6410288543859156
0.7138457982654164	0.6817546086703321	0.6496634190752478	0.6183179607410082	0.5911836379662876
0.7402685745859489	0.7166977856803778	0.6931269967748068	0.6699594486217022	0.6490689962012278
0.6829604469275502	0.6513458188022265	0.6197311906769027	0.5886116403000418	0.5602877880798011
0.851542286280611	0.8335882355636876	0.8156341848467641	0.7978784620880455	0.7812426949501985
0.8125607098632256	0.7880017038979651	0.7634426979327047	0.7388704847396704	0.7142236904884974
0.660254136392271	0.6256903640214925	0.591126591650714	0.5572915915224331	0.5275719595787924
0.7447646826349781	0.7214615729746339	0.6981584633142897	0.6754474230380909	0.6560797915314975
0.7055344549273	0.6756942419207845	0.6458540289142691	0.6163651981849169	0.588860618995014
0.7718310501160519	0.7451196643014567	0.7184082784868616	0.691596708958678	0.6642194031915446
0.7552081000194458	0.7264192234082869	0.697630346797128	0.6690334116422347	0.6415203676077303
0.731177297400504	0.7015655896291968	0.6719538818578897	0.6426944849559858	0.6154245833428653
0.7272177665433636	0.7015273670271768	0.67583696751099	0.6504768957331177	0.6269821807642599
0.7678945405528997	0.741045270227006	0.7141959999011122	0.6882517104430969	0.6674178371812463
0.8868416694401535	0.8711155314247958	0.855389393409438	0.840075122690152	0.8270866616926236
0.7390244969799633	0.7146709715864805	0.6903174461929978	0.6665920924987065	0.6464140169176491
0.8117753660923615	0.7908184350510206	0.7698615040096796	0.7496033428114959	0.7332911266057558
0.7142402833298761	0.6822305370647826	0.6502207907996892	0.6186628115316797	0.5896559551224361
0.7298293741326811	0.7046931302540198	0.6795568863753585	0.6555276009681227	0.6377492968817587
0.6256766696840516	0.5835522713430747	0.541427873002098	0.49945747193212686	0.45835669161972703
0.8290542531384216	0.8063291155950688	0.783603978051716	0.7608198586201109	0.7377026691671347
0.7469519312005107	0.7186287467313522	0.6903055622621936	0.6624356764353049	0.6371255626493272
0.7277544671920324	0.6990355717070613	0.6703166762220903	0.6421175222959736	0.616853342770383
0.7577499625909982	0.7265591576133636	0.6953683526357292	0.6641325839385789	0.6326429056521666
0.7650179216211669	0.7399486305181431	0.7148793394151192	0.6901253172255899	0.6671516148404417
0.668343362062709	0.6291487497695106	0.5899541374763122	0.5513233970017618	0.5158768339798621
0.7947775647347681	0.7708141187875595	0.7468506728403508	0.7235027061017747	0.7036303431332228
0.800432226578595	0.7823071011988335	0.764181975819072	0.7464321979778081	0.7308020032216823
0.6735702194603901	0.6378511107085474	0.6021320019567047	0.5664247569239159	0.530784506171506
0.7507780635193017	0.7214073023577179	0.6920365411961341	0.6629332619850095	0.63534045016643
0.7667930465168953	0.7379947978198086	0.7091965491227219	0.6805927135278064	0.6530867264083083
0.7350404600863368	0.7055418421245295	0.6760432241627222	0.6466104509463735	0.6175495022244063
0.7189517098121074	0.6896190132884094	0.6602863167647114	0.6316007402949319	0.6065694430721389
0.7547037594105914	0.7283150207170536	0.7019262820235157	0.6759909728621296	0.652616174875262
0.6894003794138778	0.6519714583426016	0.6145425372713254	0.5775746666725411	0.5432103426077248
0.8274948671290331	0.8067794913118973	0.7860641154947615	0.7659260668997041	0.7490481782604175
0.7534435338027047	0.730017721625898	0.7065919094490911	0.6833914869685891	0.6614638374221093
0.7867048489899372	0.7605424728556234	0.7343800967213095	0.7079167761680465	0.6797540260607101
0.7472709834882804	0.7212367900179236	0.6952025965475669	0.6700137251851777	0.6495983777113762
0.7986713485137454	0.7771313777294647	0.7555914069451841	0.7346530430602584	0.717111946179878
0.7517411889530865	0.7237580383176093	0.6957748876821321	0.6682692256761271	0.6434599362810256
0.7891610804667176	0.7612838997436516	0.7334067190205856	0.7050691233652798	0.6741315700642497
0.778234498282444	0.7566286986908028	0.7350228990991616	0.7138367412224161	0.6950202951180493
0.7132826433587154	0.6796099998676234	0.6459373563765315	0.6128092206913897	0.5827559141095295
0.7566316259820554	0.7286947346105769	0.7007578432390984	0.6730553939315412	0.6466768361702601
0.8093549262364983	0.7864693021048655	0.7635836779732328	0.7405520847331647	0.7166962056740644
0.7339801821139984	0.7065327137182797	0.6790852453225611	0.6520754801743653	0.6275374200584521
0.6776375999437767	0.6448371070669844	0.612036614190192	0.5799707022334822	0.5520529599946412
0.7770491148415741	0.747971981987685	0.718894849133796	0.6898219320040803	0.6607728210186261
0.7490330126156132	0.7227927502915519	0.6965524879674905	0.6707735036156711	0.6475993504862018
0.7881407623318191	0.7655250516689827	0.7429093410061464	0.7211763742022661	0.704428251469675
0.7433834833774854	0.7153913283120754	0.6873991732466656	0.6598642347149303	0.6349111925102657
0.7005942761394109	0.6627904072574191	0.6249865383754273	0.5873064235370576	0.5503251463109683
0.6547343064925638	0.615477317327404	0.5762203281622441	0.5375756406841895	0.5023886135498921
0.714649869872708	0.6794594873975698	0.6442691049224316	0.6093018101539877	0.5755942890116186
0.8408711538462171	0.8192104597458877	0.7975497656455581	0.7761018557088042	0.7558555354126943
0.663901899363873	0.6285916371629933	0.5932813749621135	0.5590038922548326	0.5305585030629953
0.6460713020894073	0.6045325697028369	0.5629938373162664	0.5213827444617929	0.4793630329057977
0.8229997468636778	0.797603067849384	0.77220638883509	0.7470650867044897	0.7233658947984003
0.7375208347378983	0.7088966625373849	0.6802724903368715	0.6521546629256947	0.6268961585169315
0.699266853489028	0.6609827710271408	0.6226986885652536	0.5846026209404874	0.5475682708645082
0.7940879811894832	0.7707479773188752	0.7474079734482674	0.7245715239818022	0.7045786402457533
0.7367633841028279	0.7115507605789285	0.6863381370550291	0.6617368425788449	0.6405877159633515
0.8147961246837622	0.7899062564984812	0.7650163883132003	0.739982585593431	0.714135986269507
0.6758914911218091	0.6413669291988738	0.6068423672759385	0.5728027256397423	0.5415014230946364
0.7461805727048548	0.7179646261398038	0.6897486795747528	0.6620503815315668	0.6372752385339248
0.7425260187296769	0.713311506765525	0.6840969948013732	0.6548913757266004	0.6257359746923701
0.7149514096623025	0.683261466363008	0.6515715230637134	0.6208664522973563	0.5957229450094411
0.7358547124984379	0.7049735396258412	0.6740923667532445	0.6434402725773706	0.614081783077
0.7396252588355332	0.7177238741922269	0.6958224895489207	0.6746486458019305	0.6575832168423402
0.7385533476771361	0.703869304180331	0.6691852606835259	0.6345338866034259	0.6000669963308572
0.7593975793220047	0.7276017923134267	0.6958060053048487	0.66377745780245	0.6304345145601312
0.685353731627765	0.6497962698380993	0.6142388080484338	0.5786973505207702	0.5432462688702618
0.7421745204214927	0.712028566830298	0.6818826132391034	0.6518453334924657	0.6224217336533651
0.7688459439246571	0.7416570872654606	0.7144682306062642	0.6872236478333106	0.6596643803588319
0.7355468318702774	0.7079664434431617	0.6803860550160461	0.6531525029648403	0.6278775318027797
0.6892121714510079	0.655926944875887	0.6226417183007661	0.5900008285797671	0.5609985014096093
0.7194953341469563	0.688955760280171	0.6584161864133858	0.6282112376439406	0.5998959128188094
0.6729390624122081	0.629827293436607	0.5867155244610059	0.5436350905608203	0.5007316054587745
0.7095870769576669	0.6798036866546039	0.6500202963515409	0.6208577239772041	0.5952009030617564
0.7031742487599216	0.671005827867782	0.6388374069756423	0.6067725527746909	0.5752925384469538
0.7366087093843906	0.7115830944244458	0.686557479464501	0.6620927665175645	0.6407954605661585
0.678696077082909	0.6431020203145452	0.6075079635461815	0.5724728685977519	0.5405942243976408
0.7534412543925962	0.7271474482327775	0.7008536420729587	0.6753413722841477	0.6542424290860444
0.800972141205153	0.7713056297716274	0.7416391183381018	0.7117097697075025	0.6802961825514766
0.6539075828881024	0.6214964222380047	0.5890852615879072	0.5572475272160353	0.5286479242163998
0.7006653692153714	0.6781694863969036	0.6556736035784357	0.634323020036522	0.6194399278859769
0.7199170728263398	0.693587740837143	0.6672584088479464	0.6412937501752873	0.6173883973833276
0.742602168187908	0.7148283237238012	0.6870544792596943	0.6596659195236767	0.6344530580642188
0.7416168399902842	0.7142350039207129	0.6868531678511416	0.6596068491964693	0.6331257957717522
0.7104354090584095	0.6788409273991116	0.6472464457398136	0.6162523033395702	0.5886482695941734
0.869482441229462	0.860427205687715	0.8513719701459681	0.8429990314448864	0.8384790148871226
0.8116414713519584	0.7865926755144307	0.7615438796769031	0.7361409560111142	0.708738276711484
0.7624481286960908	0.7366119750834622	0.7107758214708336	0.6854624654708236	0.6631013413705941
0.6432155680009107	0.6031021813240564	0.5629887946472021	0.5233247830375439	0.48619838708702784
0.6988545098086919	0.6651683301548003	0.6314821505009086	0.5978188611934075	0.5642848333996935
0.7080207879882723	0.6718448909425754	0.6356689938968784	0.59951541421564	0.5634878604260339
0.7492871651116634	0.7146069457961955	0.6799267264807278	0.645052640524155	0.6090837919513049
0.719401867331409	0.6890126981908938	0.6586235290503787	0.6283508750331506	0.5987361805311768
0.717419522579863	0.6850584935461991	0.6526974645125353	0.6205861763572504	0.5898851719715048
0.6527320036132829	0.618182320614896	0.5836326376165092	0.5495273418328614	0.5179314953648614
0.7282216630942862	0.698041380941558	0.6678610987888299	0.637984708537566	0.609824392239077
0.7647223133906006	0.7370305834695146	0.7093388535484285	0.6819356572496285	0.6561618068837712
0.7407196980200887	0.712067258170157	0.6834148183202252	0.6555767534212621	0.6323374541834312
0.8061628187593155	0.7833303817016934	0.7604979446440715	0.7382650632814345	0.7194178657966638
0.7592121285155402	0.7302427616023891	0.701273394689238	0.6722711422911846	0.6430831859510601
0.7819621029252226	0.7579243906241169	0.7338866783230111	0.7102103112770547	0.6885744565887253
0.7597880803445973	0.7325695507816101	0.7053510212186229	0.6782364505879843	0.6517089348117268
0.6969990068999047	0.6666599019019521	0.6363207969039997	0.606579243410338	0.5802120561535329
0.6827713482843913	0.6518541693940216	0.6209369905036519	0.5911464340610187	0.5677179011795825
0.7890355605825854	0.7638801204485254	0.7387246803144655	0.7136429749730171	0.6889776491283709
0.794739310274878	0.7710992669971821	0.7474592237194864	0.7238385106602404	0.7003269551146479
0.6998585010345121	0.6686433417290293	0.6374281824235466	0.6068054497040748	0.5795281428688945
0.7209985642218726	0.6876143963025937	0.6542302283833148	0.6206514280982867	0.5859735411590239
0.7382776140410772	0.7171643179395798	0.6960510218380825	0.6758694239674442	0.6609491149239191
0.7836278849640561	0.7569254144183069	0.7302229438725575	0.7034454318676158	0.676244161635232
0.7446338439698124	0.7131970557671548	0.6817602675644971	0.6505701621189598	0.6207730712685903
0.704327920329994	0.6638880398669798	0.6234481594039655	0.5829545517822967	0.5421575475347904
0.7961386988140935	0.7797609286787813	0.7633831585434693	0.7479275648538958	0.7376794905841217
0.7760792623898755	0.7459913041775841	0.7159033459652927	0.6858421442112195	0.6559320358584362
0.7454341205676023	0.7179851475684307	0.690536174569259	0.6635089129855186	0.6388630507484628
0.7505182772213946	0.723095241985537	0.6956722067496794	0.6691676149901413	0.6478494626164968
0.7962717926717291	0.770760830840119	0.7452498690085091	0.7197773740428512	0.694522101011662
0.7142049911416622	0.6802773099815906	0.6463496288215189	0.6120078389494221	0.5753275821063413
0.6897769279055251	0.6581152458568359	0.6264535638081467	0.595387648620446	0.5676860218101025
0.7487180748535109	0.7188952096818044	0.6890723445100979	0.6594637057980826	0.6310648013557202
0.6923796767700601	0.6598131597747368	0.6272466427794133	0.5950505811075023	0.5649464762403353
0.7602938223632768	0.7293161264303036	0.6983384304973305	0.6674581692475197	0.637128120494541
0.724481612781415	0.6941378550949358	0.6637940974084565	0.6337316150730602	0.6052574912994592
0.6544433759626812	0.6156373100526765	0.576831244142672	0.5388277496136681	0.5053563661265916
0.6837106114940398	0.653442615929291	0.6231746203645421	0.593483923982322	0.5670532292168696
0.7746619879296747	0.751868480064353	0.7290749721990314	0.7067942300204254	0.6874090695753557
0.708352265526619	0.6786424751397482	0.6489326847528771	0.6199658256167353	0.5951942904162955
0.7095732837202388	0.6759311434068128	0.6422890030933869	0.6089525740415372	0.5773424928473745
0.6839332560666477	0.6507711517063401	0.6176090473460326	0.585304250587155	0.5578406596558808
0.7941171903823665	0.768520077996918	0.7429229656114696	0.7174724606429335	0.6928498460138057
0.7608676604483572	0.7328022748446382	0.7047368892409193	0.6773363284097583	0.6536900251611435
0.6962181393935628	0.6614778825542198	0.6267376257148769	0.5923031959543786	0.5595957680703048
0.6436419436174515	0.6085921550367551	0.5735423664560586	0.5390112856052287	0.5074093411349277
0.8053743109686463	0.7793708019692221	0.7533672929697979	0.7271161391598854	0.6994665380508794
0.7776302072968644	0.7475437328331533	0.7174572583694424	0.6872593945070734	0.6564325160354593
0.6908658987189634	0.6524877030932847	0.6141095074676061	0.5757099254136577	0.5371895744536622
0.735831058699917	0.6997333050107696	0.663635551321622	0.6274518545022183	0.5907828378485512
0.8100029250658888	0.7938393309853407	0.7776757369047925	0.7621731798770598	0.7504034912235417
0.7360623312219934	0.7037587592629279	0.6714551873038623	0.6392742278164334	0.6077856594978616
0.6801789364745732	0.6368571870234869	0.5935354375724008	0.550230618196561	0.5070214027542551
0.7061850834018921	0.6694169510751584	0.6326488187484247	0.595797481145918	0.5584762843408476
0.753737375555008	0.725734506492324	0.69773163742964	0.6699362295224318	0.6433123522924467
0.7848297320635008	0.7645879744097264	0.7443462167559519	0.7244326150162933	0.7063721058202335
0.7539069145892028	0.7279190255453702	0.7019311365015378	0.6768279156652257	0.6567204056736555
0.6775209091881622	0.6418199910262079	0.6061190728642536	0.5712531641702518	0.5411025440093433
0.7179800548821967	0.6870272194322649	0.6560743839823331	0.6255559831921967	0.5974908297583259
0.7580700762773078	0.7268503513318489	0.69563062638639	0.664689005770951	0.6353178369990844
0.7145532498483574	0.6763031070795278	0.638052964310698	0.5999876716303233	0.5629662252006623
0.7567011965993699	0.7234832031861494	0.6902652097729289	0.6568735665940305	0.6225013252539121
0.7586931599490125	0.7335474651460198	0.708401770343027	0.6839114183339859	0.6631217792870897
0.7209175731848194	0.6825544565848987	0.6441913399849779	0.6059087377372024	0.5680807990782726
0.7542972477911822	0.7307290410391105	0.7071608342870387	0.6840058737878003	0.6631845099627489
0.7934616294441612	0.7705591480882602	0.7476566667323592	0.7249436728860396	0.7033007127523725
0.8005000761014215	0.7806965753311315	0.7608930745608413	0.7414071609823895	0.7237146584985492
0.7697677361709953	0.7426903404679767	0.7156129447649581	0.6886593864635517	0.662405136496004
0.7175681583387906	0.6866319754994558	0.6556957926601208	0.6254170094545354	0.5988505541609662
0.7522589623707506	0.7266239370755537	0.7009889117803567	0.6756436212699748	0.6519344596430489
0.7234530142769707	0.6909750977478871	0.6584971812188034	0.625989364961635	0.5933127052956286
0.7384536849571357	0.7139454673398582	0.6894372497225806	0.6656038269769439	0.6455809628447797
0.7088732624851903	0.6770577571527521	0.6452422518203137	0.6142932817797933	0.5882376262252983
0.8070798095828497	0.7915039563345159	0.775928103086182	0.7612001118678656	0.7512599874477415
0.7212849040811006	0.6900367061748525	0.6587885082686045	0.6280585116543592	0.6002547915720506
0.778678031649541	0.7533303919868335	0.7279827523241261	0.7030924151948494	0.6807844600322441
0.7963518657311555	0.7708519699861999	0.7453520742412443	0.7200840527019006	0.6961254220435048
0.7165039377503937	0.6836511712951235	0.6507984048398533	0.618242945307252	0.587366374430497
0.6901467819619533	0.6593904316254494	0.6286340812889456	0.5988387960907899	0.5744706342970195
0.7891893938508361	0.7655517953509504	0.7419141968510647	0.7188134487937993	0.6987442888001758
0.7240544815283523	0.6899248358241011	0.65579519011985	0.6221675259287586	0.5913745453714113
0.7312054889121669	0.7056389738285429	0.6800724587449191	0.6557604278557263	0.6385324542904008
0.7736212847030738	0.7480689726852764	0.722516660667479	0.6970670561248331	0.6721974394726627
0.745750012112669	0.7180612210285611	0.6903724299444531	0.6631224749706311	0.6383506222916396
0.7172388286357371	0.6831856248220751	0.6491324210084132	0.6157187868281315	0.5859167947598699
0.688254473400437	0.6579733217428854	0.6276921700853337	0.5981331524356788	0.5726520169388346
0.814456376325501	0.7947355994599468	0.7750148225943926	0.7559118982345711	0.7402979796252682
0.6057295106133354	0.5689936177955023	0.5322577249776693	0.4967053965389651	0.4678366420707066
0.777071713112613	0.7464463552665365	0.71582099742046	0.685101677738986	0.6538517566906982
0.7654190954177748	0.7352809966300305	0.7051428978422865	0.6752739410688009	0.6469248260483899
0.7424163521512135	0.7082158616472052	0.674015371143197	0.6399193042107971	0.6064129159451518
0.7320726171079719	0.7050223588670842	0.6779721006261965	0.651393872182241	0.6274811903867682
0.7375102687521569	0.7092727471162827	0.6810352254804087	0.6530109569354012	0.6261909260578727
0.7128031923911552	0.6805221419354657	0.6482410914797763	0.6163436729591593	0.5866126194125955
0.7343341516081736	0.711647825311802	0.6889614990154304	0.667034936104237	0.6493987479917623
0.6893819745540746	0.6500715185695248	0.6107610625849752	0.5717036870703057	0.5340754539586585
0.7538501151535768	0.7181639288197587	0.6824777424859405	0.646585511369813	0.6095297478188872
0.7914371630885358	0.7704731994830344	0.749509235877533	0.7288932972176786	0.7102426512861374
0.7283238748751684	0.7006684821895303	0.6730130895038922	0.6458322017310844	0.6213308375567946
0.7307203004324557	0.7007223262543075	0.6707243520761593	0.6407434987753553	0.6108593268652617
0.6911293449301411	0.6511442200008363	0.6111590950715313	0.5710724875042725	0.5304128086876236
0.7294416697522964	0.7021522768714263	0.6748628839905563	0.648382414321135	0.6264699244046248
0.7376021135103323	0.7031381155804155	0.6686741176504988	0.6345886902221894	0.6026410459133626
0.7226844138502603	0.6947018163810096	0.6667192189117588	0.6391188814861255	0.6136771619798176
0.7513762858445459	0.7198800296782859	0.6883837735120258	0.656693049668646	0.6239041691657624
0.9000341007812049	0.8957322134518358	0.8914303261224668	0.8881391346028281	0.8905553302985136
0.7383143337920388	0.7083831492772905	0.6784519647625421	0.6492552679409491	0.6242062143858753
0.7914158189016318	0.7608494091616848	0.7302829994217378	0.6990059776923705	0.6637161385114745
0.6542094250105353	0.6199980692988597	0.585786713587184	0.5523593015608538	0.5233588102006606
0.7822019182305386	0.7567215451128023	0.731241171995066	0.7056301931096778	0.6792816850079149
0.8641009986834746	0.8425548951951483	0.8210087917068221	0.7989580804748098	0.7740578553165105
0.714809772444449	0.6895994795760424	0.6643891867076358	0.6406540782963529	0.6252493189671329
0.6595915783055082	0.6273721912643717	0.5951528042232354	0.5638830333818097	0.5379757339244684
0.7609375122759889	0.7323536617514151	0.7037698112268412	0.6759211324681369	0.6522239599264313
0.8021440239781056	0.7768631356188784	0.7515822472596513	0.7262665474892613	0.7007542680941166
0.7349238417505372	0.7114998944901343	0.6880759472297315	0.6651918022172106	0.6453559140775321
0.7062851524520255	0.6714502935562501	0.6366154346604748	0.6021106566250458	0.5694698412816819
0.6804057600642193	0.651537786621695	0.6226698131791708	0.5948965408250618	0.5733050324957675
0.8442656168403119	0.8256288060291493	0.8069919952179867	0.7883370290534276	0.7695795398241957
0.7558412281620507	0.7233571130229928	0.6908729978839349	0.6578725087230803	0.6219560616034076
0.7980427739647719	0.7746406717909678	0.7512385696171637	0.7280070953111052	0.7057391545445874
0.7023329342569273	0.6647618488186001	0.627190763380273	0.5896826069108013	0.5525298095799168
0.7533349367204797	0.7289551175706993	0.704575298420919	0.6808570098087515	0.6608743762735791
0.7336863982244852	0.7056864026668661	0.6776864071092469	0.6502604458376297	0.6260760493509291
0.7381508605533595	0.7040306317207963	0.669910402888233	0.635660646997367	0.6006794533489892
0.7540202487780628	0.7233278235594485	0.6926353983408342	0.6620384262759315	0.6319804770346231
0.7473079537728703	0.72085035116908	0.6943927485652897	0.6683732688922657	0.6448278641978079
0.789916780515647	0.7675631465600485	0.7452095126044502	0.7237242057370313	0.7071423316078135
0.8311078319861321	0.8135731375457419	0.7960384431053517	0.7787684704813687	0.7629933788057714
0.7513937195477884	0.7263720087077451	0.7013502978677019	0.6767682942269228	0.6546693119100726
0.7859693617319573	0.7610509309895995	0.7361325002472419	0.7111214140435886	0.6855871035521365
0.7372425067152173	0.7064177086801996	0.6755929106451819	0.6453833420386174	0.6186479666963751
0.7674415110091942	0.7424759151068594	0.7175103192045246	0.6926115336271166	0.6680900251598618
0.905591772410491	0.8821359553041931	0.858680138197895	0.8345030289150065	0.8062527912906801
0.7286495533368149	0.7000749191238088	0.6715002849108027	0.643500682506218	0.6187482778837861
0.7451500234422036	0.7079045802856794	0.6706591371291551	0.6332079618798673	0.5945950199499264
0.7106395695794832	0.6823390437738248	0.6540385179681665	0.6262146535761449	0.6010824905170442
0.6708369006826639	0.6371940842386651	0.6035512677946663	0.570282849917721	0.5391286562954568
0.70055374480656	0.6708508676948783	0.6411479905831967	0.6120799294715145	0.586596666760694
0.7660180602368768	0.7377674717216403	0.7095168832064037	0.6815166107414379	0.6549298700348416
0.7664406856694816	0.7387362600492626	0.7110318344290436	0.6838775456619235	0.659829873160377
0.7201488824759279	0.6866859516854209	0.6532230208949138	0.6201046903520793	0.5889323133088331
0.7789257639331076	0.750829945318819	0.7227341267045303	0.6948786572685819	0.6683804367837684
0.6816997228715764	0.649405124080427	0.6171105252892776	0.5851816041335122	0.5553176602350264
0.6926375265396151	0.66151118787078	0.630384849201945	0.599814033926927	0.5723802526488445
0.8826834191575307	0.8676432768744007	0.8526031345912708	0.8375809124523391	0.8226598851545349
0.7471805698526675	0.7156855765292642	0.6841905832058611	0.6526640128724187	0.6209591275388935
0.7278450276104862	0.7028152704921553	0.6777855133738244	0.6531268944991064	0.6305640888713817
0.7505168888075963	0.725303307547711	0.7000897262878257	0.6750881090775908	0.6512834503344191
0.7969421636369864	0.7763518163985841	0.7557614691601818	0.7353561573202222	0.7159957381742728
0.7701219967537353	0.7418653012755285	0.7136086057973219	0.6856542818051747	0.6594074459980974
0.7083191069822582	0.6740779553542823	0.6398368037263065	0.6060942748412909	0.5751674626546563
0.7232015636481927	0.6907756841823993	0.658349804716606	0.6263390329736839	0.59667236960411
0.7324398018184007	0.6992268482133811	0.6660138946083614	0.6331568237937553	0.6023094188633902
0.7909429237945624	0.7642251785019633	0.737507433209364	0.7108191041163424	0.6842968879524302
0.7907028067208808	0.7650389226137458	0.739375038506611	0.7139314328594273	0.6897317370553766
0.733837949930119	0.7086259268472948	0.6834139037644705	0.6588103490216262	0.6376428077569182
0.6915891979292497	0.6563222879728492	0.6210553780164487	0.5863244780161402	0.5546204198620461
0.7213597227231253	0.6934269758673256	0.665494229011526	0.6373903215140727	0.6083198719091562
0.8186350814166895	0.7947107321130237	0.770786382809358	0.7469730905982894	0.7237869364680933
0.7467813132782403	0.7193390703901479	0.6918968275020554	0.6648172590202469	0.639785708596713
0.7950081694578343	0.7691225857785986	0.7432370020993628	0.7173216600136337	0.6912382725604123
0.7097123487933832	0.6744840513231716	0.6392557538529599	0.6041514815922047	0.5697475782139704
0.7303939941383163	0.6988402364588009	0.6672864787792855	0.6362870672869806	0.6084180421199066
0.7859750987252412	0.7646401524127223	0.7433052061002035	0.7224113864736972	0.7040086039959038
0.7586358196886424	0.7275195924575387	0.6964033652264351	0.6652167281010704	0.6336324871403385
0.6882764905575582	0.6493573110806606	0.610438131603763	0.5711575874778918	0.5298364214776973
0.7874400857495906	0.7613113179927712	0.7351825502359518	0.70942007030019	0.6857260133329484
0.7660225501802127	0.7398650226106004	0.7137074950409881	0.6880389942674574	0.6651320219944276
0.8008174548648691	0.779752678411188	0.7586879019575069	0.7377844652465076	0.717792112143297
0.769149386167015	0.7405503605143372	0.7119513348616594	0.6837255380295693	0.6576073599077816
0.7640324555395196	0.7362290562758772	0.7084256570122348	0.6808134026749484	0.6542805414631254
0.6863254927034459	0.6574768261054739	0.628628159507502	0.6003013411955466	0.5749213939473432
0.72078890303557	0.6915707414193041	0.6623525798030381	0.6338390271125417	0.6093043926445448
0.7036959914322447	0.6735752657072204	0.6434545399821961	0.6139115784517178	0.5876312444553371
0.7350534143947468	0.7060253682505899	0.676997322106433	0.6482169077057737	0.620834866815066
0.7952683594647576	0.7676161338685621	0.7399639082723667	0.712192868056445	0.6837508830962288
0.7198353669862803	0.684060599166873	0.6482858313474658	0.612596767857857	0.5773916756991677
0.7345352018105594	0.7023071190759672	0.6700790363413751	0.6379016036379526	0.6060101910580626
0.6050764345640808	0.5630116666577148	0.5209468987513488	0.4788731313879881	0.4367485441980266
0.8083910836959128	0.7837599087484324	0.7591287338009518	0.7341711529267811	0.7073703616671885
0.8072540162696287	0.7866411981878547	0.7660283801060808	0.7464526053956058	0.7327330022672284
0.6999273398845102	0.6677730350295115	0.6356187301745129	0.6041244043107988	0.5763569719604211
0.6828944848583769	0.6515740344468349	0.6202535840352928	0.5892864202566241	0.5603142618914475
0.7476663785023984	0.7191508384916709	0.6906352984809435	0.6624855301613034	0.6364012702303804
0.7269998258707212	0.6967916702694726	0.6665835146682241	0.6367300919102309	0.6088798412985547
0.7836405179868732	0.76105962886263	0.7384787397383868	0.7161343705808735	0.6951256268620791
0.6780126476480006	0.6486735604741766	0.6193344733003526	0.5906925136301875	0.5659872246808545
0.7299986119077544	0.6984230394285896	0.6668474669494248	0.6357470931479335	0.6073301606267788
0.753001722855742	0.7232737554657112	0.6935457880756802	0.6640331655291302	0.6357365927521896
0.7267934815927053	0.6997743071313652	0.6727551326700253	0.6465749385612076	0.6251324565234148
0.6667776051095036	0.633994118952761	0.6012106327960186	0.5693208028985806	0.5424774392673961
0.6476833612473728	0.6124755119600278	0.5772676626726827	0.5430347998136514	0.5143076737178469
0.7284054836369069	0.6951249763707429	0.6618444691045788	0.6292296952625958	0.6003743101480655
0.7261782896398209	0.7011599517444437	0.6761416138490665	0.6517765321212802	0.6311003802013998
0.6921833141947954	0.6655065453513804	0.6388297765079654	0.612980641482243	0.5918051447803288
0.7320775922369198	0.7037182164646691	0.6753588406924185	0.6475322491662724	0.6227142839404116
0.7438618497849084	0.7138270149259828	0.6837921800670572	0.6534399819780744	0.6212956375039927
0.7448913354375604	0.7192873336738695	0.6936833319101788	0.6687086629130597	0.6472878285628589
0.7879317436572618	0.7703989898729465	0.7528662360886312	0.7362264011703096	0.7246288684669862
0.7668100494161855	0.7488275813998396	0.7308451133834938	0.7139846523952081	0.7034601517481076
0.8033724726554362	0.7797028327568507	0.7560331928582652	0.7325948397633908	0.7104625604979172
0.7334656129194638	0.7088421562841476	0.6842186996488314	0.6606324837484844	0.6429035539405323
0.8400592164071427	0.8201792665082273	0.8002993166093119	0.7809423413638988	0.764538597766032
0.7094987900113412	0.6805392612256306	0.65157973243992	0.6231970537944443	0.5980718410292453
0.7651669502725307	0.7341615733735052	0.7031561964744797	0.6726063506030157	0.6446288830256511
0.6928510667981932	0.6591636673096657	0.6254762678211383	0.5919944499891192	0.559673549326009
0.7747461218782856	0.7493939137493439	0.7240417056204024	0.6992285150098057	0.6774591499136908
0.7058383548778508	0.6807336761337703	0.6556289973896897	0.6315988194391237	0.6136363346883502
0.6938030345189264	0.6590311374173218	0.6242592403157171	0.5904558219158645	0.5621213912247541
0.7275091780575469	0.694039687648004	0.660570197238461	0.6277342826064131	0.5984761628534969
0.7476831516729409	0.7178234044330863	0.6879636571932318	0.6580781296823414	0.6280470212875667
0.8026324060979708	0.7820589099001671	0.7614854137023633	0.7413474064182812	0.7236685998498462
0.7646766345111841	0.7445553224892919	0.7244340104673997	0.7047679478658424	0.6876726733257247
0.7483823829429415	0.7100806696305555	0.6717789563181695	0.6333351374521606	0.5940888502151883
0.7545965287263338	0.7220375026118458	0.6894784764973579	0.6568671453938719	0.623960448639681
0.7401531936580165	0.7102919857778585	0.6804307778977006	0.6502568727451893	0.6183171698152321
0.7486253526127946	0.7265190262346429	0.7044126998564911	0.6829489733781557	0.665114000890359
0.725374734485492	0.6940097942100942	0.6626448539346966	0.6317634499049222	0.6036125693025197
0.7203622548021387	0.6918607179956959	0.6633591811892532	0.6355736875285882	0.6118316809947995
0.6495817545951476	0.6167033737017074	0.5838249928082672	0.5516748315705772	0.5236369180667386
0.7020414494875188	0.6662902017040714	0.630538953920624	0.5954411045843638	0.5640329885071973
0.7653125873804787	0.7388421866619101	0.7123717859433415	0.6860929799373097	0.6608961069939541
0.7460392795007008	0.7171395294121089	0.6882397793235171	0.6597712009818993	0.6337374443666582
0.7092965664214625	0.684710117034449	0.6601236676474354	0.6364608643152249	0.6180138792677201
0.7140852742925453	0.685874879143867	0.6576644839951887	0.6300402662007466	0.6057261849530984
0.7462624693361619	0.716883973983559	0.687505478630956	0.6588646072920383	0.6343890899843668
0.7283984306459832	0.6964236216585676	0.6644488126711521	0.6328206147334475	0.6031497252705239
0.6856948577694996	0.6507998768139871	0.6159048958584747	0.5816054937998183	0.550669318687298
0.7003495190261068	0.6673599933197745	0.6343704676134422	0.6016317666551296	0.570309470065325
0.6531724423011859	0.6189335004738391	0.5846945586464923	0.5510400274341939	0.5206856560135109
0.7219725397660333	0.6915147143428239	0.6610568889196144	0.6305939664418346	0.6001022609575253
0.816939372185724	0.7904125687911592	0.7638857653965943	0.7374764452565766	0.7117305516575245
0.7331873815835764	0.7038540203669288	0.6745206591502813	0.6460378973801674	0.6223584605667516
0.7608323086746757	0.7334632613091738	0.706094213943672	0.679117632958829	0.6543573049571796
0.7327178321926041	0.6987313773307866	0.664744922468969	0.6306996263329685	0.5963220542215735
0.7495726936496587	0.7200179897354033	0.6904632858211479	0.6610571235121582	0.632489773881202
0.7112583165111804	0.6783491811238224	0.6454400457364644	0.6125251825368365	0.5795779744494532
0.679139794849105	0.6393436106720264	0.5995474264949477	0.5600413281786313	0.5221733412674676
0.7814462817180601	0.7489960624471068	0.7165458431761537	0.6838194548198286	0.649533542923439
0.7825877091227481	0.7563568815070102	0.7301260538912722	0.7038840441901729	0.6775788893860497
0.7335855761548218	0.6997909322168535	0.6659962882788852	0.6323566782977419	0.5995925432266606
0.711555408176141	0.6796757163482057	0.6477960245202704	0.6160794986618326	0.5852843690922888
0.75942128233813	0.7366618685951175	0.7139024548521049	0.6924453953715158	0.678342714919332
0.7788270873677583	0.7533636551415017	0.7279002229152451	0.7027119861117738	0.6790777745873218
0.7060851619797737	0.6732203708727794	0.6403555797657852	0.6076373267119844	0.5757465723014974
0.6941035179817507	0.6589870974602714	0.6238706769387921	0.5891397387645182	0.5565856148196023
0.7420512304830187	0.7132637710771832	0.6844763116713477	0.6559191485598643	0.6286624658832137
0.7326846637962553	0.7042510586791783	0.6758174535621012	0.6479962570401316	0.6236333245701356
0.693579334885084	0.6623366567973925	0.631093978709701	0.5999381670143314	0.5692728888031285
0.7252409529042029	0.6950255988962522	0.6648102448883013	0.6348913584599032	0.6066466209267571
0.754357941816414	0.7298696861744434	0.7053814305324727	0.6809136298349077	0.6565613379650896
0.7819386786933531	0.7612090434210628	0.7404794081487724	0.7202899361226209	0.7031507595221753
0.756063585562117	0.7251895702863008	0.6943155550104846	0.6633634528581588	0.6319703950430267
0.7311340155184407	0.7001200582117144	0.669106100904988	0.6379350957574188	0.605877243320693
0.727992372736903	0.7006164014181967	0.6732404300994905	0.6460397419802291	0.6198288760032395
0.7267739163137693	0.6986427088920327	0.6705115014702963	0.6427497035427284	0.6170739566346061
0.7455544494507041	0.7197974285017202	0.6940404075527364	0.6687626930606506	0.6461916164293188
0.8181771392645574	0.799415635396512	0.7806541315284664	0.7620712923588108	0.7444973706157467
0.7653932864258078	0.7387261393574224	0.7120589922890368	0.6858860320399041	0.6625037388807401
0.694673120580731	0.6574688872540738	0.6202646539274167	0.5833099000706921	0.5477639538131186
0.8284972590008615	0.8036702639911993	0.7788432689815373	0.7539942455888133	0.7290208281789661
0.8024911015294975	0.78372615124202	0.7649612009545426	0.7468075543043322	0.7321059320223134
0.7482149305740686	0.7189111255931462	0.6896073206122236	0.6611994942919704	0.6378512488108524
0.6989342176247032	0.664401257215072	0.6298682968054409	0.5957942010573548	0.5643113085948205
0.6934297709967159	0.6593568735006008	0.6252839760044857	0.5918405870036169	0.5619520249874017
0.8022561935212367	0.7734937671868403	0.7447313408524437	0.7159318113837292	0.6869227609568613
0.704552522693927	0.6673368834600811	0.6301212442262353	0.5930416340728766	0.5567301785189626
0.7430818110165681	0.7169545418921569	0.6908272727677457	0.6650951395555994	0.6415943341398725
0.7095305051783372	0.66849352393834	0.6274565426983428	0.5861409622255315	0.5432521351989558
0.6612407964271132	0.6215034055059016	0.5817660145846899	0.5424833039834766	0.5057681677408724
0.7491296132149297	0.7266712533462324	0.7042128934775351	0.6823312208466493	0.6637060941879922
0.8186486357223468	0.7935593347752987	0.7684700338282507	0.7429510337290997	0.715005527629293
0.7828744468150877	0.7522440517896367	0.7216136567641857	0.6903841188805379	0.655771228403455
0.8194389051136556	0.7888882033825189	0.7583375016513821	0.7274653664512808	0.6947781002753861
0.7640307976456803	0.7313964514396365	0.6987621052335926	0.6659727797796786	0.6323082883565191
0.7556508837444584	0.7279802420730823	0.7003096004017062	0.6730306910112724	0.6479638891516661
0.7103618821191511	0.6797097513712218	0.6490576206232925	0.6189616914953949	0.5920066262998003
0.7614229707752161	0.7363068810683818	0.7111907913615475	0.686614417044626	0.6650858091146296
0.6885081080511143	0.6600137260120936	0.6315193439730729	0.6039406481157422	0.5815328212343311
0.8452404889227139	0.8275265029143419	0.80981251690597	0.7922503588685906	0.7755455715774131
0.6974160824102206	0.6622638122698978	0.6271115421295752	0.5921482833025594	0.5582523691134987
0.8289340268297621	0.803877256154508	0.7788204854792538	0.7543199824428837	0.7329607161464902
0.792854117954313	0.7782690266095994	0.7636839352648858	0.7499205530716868	0.7407973526828632
0.7423541952964992	0.7153411269764001	0.688328058656301	0.6617579175535844	0.6376889811788078
0.7970949729041316	0.7719313671530112	0.7467677614018908	0.7216685680124166	0.6969331104629733
0.7442507210629974	0.7137805963012358	0.6833104715394741	0.6528747746856415	0.622633491818364
0.645925319427885	0.6099484492384769	0.5739715790490688	0.5385806515555837	0.5064985354961888
0.7104746762051812	0.6772045174889838	0.6439343587727863	0.6106607551885309	0.5773676984753295
0.8148121843573963	0.7915261165278438	0.7682400486982912	0.7450641754444035	0.7225105696485312
0.7587228817730279	0.735692264005563	0.712661646238098	0.6902438552193149	0.6712866895607653
0.6969103090617388	0.6582207131725344	0.61953111728333	0.581031701361148	0.5436062294505524
0.7297072566445332	0.6978164463030058	0.6659256359614782	0.6342828483201898	0.6040406419169205
0.7748992409439047	0.7494787630400785	0.7240582851362524	0.6990894784223487	0.6766712535453098
0.8566366549928769	0.8352399679354054	0.813843280877934	0.7918646225184159	0.7665995791387875
0.7578635651804996	0.7300697141961641	0.7022758632118284	0.6748086908162321	0.6491862685254044
0.7393178858520735	0.7106695484068075	0.6820212109615416	0.6538996317098682	0.6287526497116243
0.7201543832107152	0.6855755695457695	0.6509967558808238	0.6162017616554681	0.5801859983769447
0.6923516252529613	0.654452009713592	0.6165523941742227	0.5783818713831839	0.538681538564409
0.7281423789656397	0.6987473481262878	0.6693523172869359	0.6404879292223808	0.6146200745951094
0.6920855380898464	0.6562867277703445	0.6204879174508426	0.5850920015361873	0.5519712255332733
0.7201782784701006	0.6862192277393894	0.6522601770086781	0.6182548148906967	0.5839879329196742
0.6935225703569831	0.6608282843422205	0.628133998327458	0.5959626597801659	0.5667443993612209
0.7770654743426108	0.747549473550351	0.718033472758091	0.6886070162050495	0.6596862149057452
0.788654054052872	0.7681644574335484	0.7476748608142249	0.727580967324709	0.7097216047023305
0.705703364899383	0.6727415174763046	0.6397796700532262	0.6072800694862338	0.5773907714171345
0.7076799688957081	0.6785754254818508	0.6494708820679935	0.6211128940696202	0.5969706956222106
0.7381659961410919	0.7007495733943516	0.6633331506476112	0.6257984971894576	0.587596196310307
0.7730708003096353	0.7444140339828106	0.7157572676559859	0.6874071238891681	0.660788474071435
0.728018438939644	0.7008819224496914	0.6737454059597389	0.6471873225297634	0.6238956437090194
0.7671949594088299	0.7416283592526275	0.716061759096425	0.6909657133746928	0.6685268829471698
0.7731905133649192	0.7417927372605936	0.7103949611562681	0.6790061252003556	0.6476677741561894
0.7945380259995536	0.7699385765845206	0.7453391271694876	0.7213282051570553	0.7006406903865775
0.6571532800427136	0.6157902058911784	0.5744271317396433	0.5336895965627452	0.496484472534838
0.7003541703487018	0.6735800446527949	0.6468059189568879	0.6205246064470019	0.5970262041365644
0.7104273181467871	0.6814629086893521	0.6524984992319172	0.6243629644473584	0.6009080750810688
0.6609493372284412	0.6267887474768401	0.5926281577252389	0.5589195429009568	0.5277632251150052
0.7807072912004775	0.7494436431415472	0.7181799950826169	0.6863819411559972	0.651566103651292
0.6543504586932484	0.619814068049206	0.5852776774051637	0.5514707712371842	0.5217832552283157
0.817039812019818	0.790993223213089	0.7649466344063599	0.7391693559197111	0.7149128696071104
0.8229334095922739	0.7995675537857869	0.7762016979792998	0.7526168114726349	0.7277950612074352
0.7271073613748358	0.6940525805523364	0.6609977997298371	0.6282808192837889	0.5974713935454258
0.6886806938002126	0.6532583724626861	0.6178360511251597	0.5824654162817308	0.5473866544556591
0.8276099209008955	0.8108419567768547	0.794073992652814	0.7774317181538933	0.7614992114729487
0.7826195740316145	0.7610612362501755	0.7395028984687364	0.718603203464822	0.7014228563910345
0.7890993476380993	0.763502014619237	0.7379046816003747	0.712680412096793	0.6895628278264121
0.7710306201575539	0.7488111663573744	0.7265917125571949	0.7048100659346794	0.6855007112367175
0.7528198298722897	0.7234173704232651	0.6940149109742407	0.6647436925934214	0.6362135909636433
0.6505139625592775	0.6140846767638921	0.5776553909685068	0.5416360244329869	0.5079314670819384
0.8500596810186511	0.8302213537479631	0.8103830264772751	0.7901911815020556	0.7680030262544383
0.774616763068605	0.7482008649587051	0.7217849668488051	0.6954060821495158	0.6692362117396705
0.7077481441472551	0.6763877953853951	0.6450274466235351	0.6139722614860548	0.5846403317055267
0.7452162011911606	0.7196777248306693	0.6941392484701779	0.6692840349741573	0.6482871987463923
0.6772000479311573	0.6450737492669825	0.6129474506028076	0.5813690320943502	0.552884486308196
0.7557407861667653	0.7388638773320576	0.7219869684973499	0.7059886588212836	0.6949517881431304
0.7400533561535252	0.7167190391461654	0.6933847221388056	0.6706319220873544	0.6511629413687771
0.7084328005783502	0.6765474889005467	0.6446621772227432	0.6132479045386948	0.5844935834493744
0.6669928648539893	0.6323443650392816	0.597695865224574	0.5638394355498239	0.5344558165337423
0.7061195623029798	0.669886590698971	0.6336536190949624	0.5974552131594847	0.5614519991430426
0.6390536290336319	0.5957993654061072	0.5525451017785824	0.5094755127654889	0.4674487791033847
0.7449450663044809	0.7139447480186762	0.6829444297328716	0.6521268390047215	0.622341108621102
0.7899607002655298	0.7710059692023289	0.7520512381391281	0.7335703531890796	0.7177652716036043
0.7088648841978449	0.6748865370515332	0.6409081899052215	0.6073253159814316	0.5759756746410697
0.8262409046825449	0.8060619206738141	0.7858829366650832	0.7666066744011123	0.7524280710919277
0.7124300825446347	0.6756687897502387	0.6389074969558428	0.6019523623678947	0.5639026054775058
0.6653576384662051	0.6234439324476523	0.5815302264290995	0.5391807271373462	0.49437030841559
0.7827080859742448	0.759378120409413	0.7360481548445812	0.7132344322088866	0.6933359272533216
0.6958560299306795	0.6661907521989238	0.636525474467168	0.607355413564906	0.5809818362081927
0.7733387180202064	0.749768689751493	0.7261986614827797	0.7032379485032446	0.6837180317138959
0.7912675703634751	0.773892233883126	0.7565168974027768	0.740062931230536	0.7288119322284853
0.7221831152852543	0.6908928795654724	0.6596026438456906	0.6287164341424455	0.600111754548695
0.7210788256814941	0.688274176475113	0.6554695272687321	0.6227054755231691	0.5901706771559384
0.7786061451456093	0.756415489910774	0.7342248346759386	0.7120864515006147	0.6902432480235756
0.6486667655538972	0.6100456147411136	0.5714244639283299	0.533070247234207	0.4962234043329811
0.6944629217949768	0.6605653238595697	0.6266677259241625	0.5933194465939599	0.5630731628932032
0.6701377763295236	0.6321340855702007	0.5941303948108776	0.5564181542915152	0.5203517298104101
0.8989988987756593	0.8854617668721154	0.8719246349685715	0.8586535330860637	0.8468846995679208
0.7184820707598542	0.6856828343723288	0.6528835979848033	0.6203331759881192	0.5891878058968693
0.7660914406584928	0.739229994348162	0.7123685480378311	0.68571659427883	0.6602476424652751
0.7323990778929647	0.7048961819390429	0.677393285985121	0.6507614246853638	0.6290482857167186
0.7574888900643273	0.7258461191913909	0.6942033483184544	0.6624121977831418	0.6297831490593663
0.6851212510139896	0.649209306906937	0.6132973627998846	0.57740670449695	0.5416362468766754
0.6959014362462834	0.6630052769793717	0.63010911771246	0.5975988556542818	0.567267750543575
0.8073510765789877	0.7788974458895374	0.750443815200087	0.7219189429106577	0.6929917701535667
0.746951941881017	0.7172976953960342	0.6876434489110512	0.6584223325921128	0.6316470971687445
0.6992657542229839	0.6630571671927876	0.6268485801625913	0.5906294963015303	0.5543511369614365
0.6702657983716978	0.6308230011449847	0.5913802039182717	0.5520335797636094	0.5132300438028389
0.7644766609130157	0.7412119762681503	0.7179472916232849	0.6955212566560622	0.6778310664427529
0.679669461711895	0.6510186708998998	0.6223678800879047	0.5949283922475456	0.57432911787957
0.730208304328393	0.6990184417196762	0.6678285791109593	0.6368558618692173	0.6071093619318388
0.7058797707640591	0.6748099262977525	0.6437400818314458	0.6131668843520975	0.5853982465004879
0.7543857242716924	0.7300213046654033	0.7056568850591142	0.6814931814270794	0.6584629185141421
0.7819769074849166	0.7538217768891032	0.7256666462932898	0.6974378747572273	0.6687932537075363
0.7596946672032132	0.7363847403447701	0.713074813486327	0.6900767502407074	0.6688397771070848
0.7797710460293847	0.7504118932808107	0.7210527405322367	0.6918455878147263	0.6634967774645918
0.7582542426749859	0.7357657874338163	0.7132773321926467	0.691070162568074	0.6704514094745317
0.7876431851285838	0.7609187137023332	0.7341942422760825	0.7074192013766357	0.6803585952635737
0.8698238663128527	0.851134140643357	0.8324444149738613	0.8133046709002852	0.7916236782518351
0.8082354976886175	0.7859499360138794	0.7636643743391412	0.7418163585646433	0.7224391592841942
0.7903539311006906	0.7645765501883057	0.7387991692759208	0.7129439004885049	0.6866487997972645
0.7946456124559108	0.7713447526468772	0.7480438928378437	0.7251641843584179	0.7046627124276934
0.8361021530851058	0.8200650069937602	0.8040278609024145	0.7886920580729827	0.777316732301102
0.7418858850453455	0.7164375391794302	0.6909891933135149	0.665931550771928	0.6430802052554078
0.7462768258079701	0.7178763405754294	0.6894758553428888	0.6614349657296963	0.6354247083015736
0.7179427589866763	0.6915004425281066	0.665058126069537	0.6391076116502806	0.6159342974970428
0.6720574734986345	0.6333120997304688	0.594566725962303	0.5565582590065031	0.5227110960546298
0.7633400995606444	0.7402046034383729	0.7170691073161014	0.6944668821575678	0.6748760317880057
0.6613119593306103	0.6250342217898164	0.5887564842490226	0.5529614048670831	0.5198918903669767
0.6822827436973552	0.6527124603391736	0.623142176980992	0.5943897009437534	0.5702553731200648
0.7638103121617664	0.7349730879392747	0.706135863716783	0.6767969328525636	0.644624870550306
0.7780666066248801	0.7583818883615436	0.7386971700982072	0.7196883331239124	0.7044961897492301
0.8001363311922077	0.777852512802224	0.7555686944122403	0.7336617841302434	0.7138832694507273
0.7152893041489541	0.681923958176147	0.64855861220334	0.6152839896118821	0.5825216808757491
0.6915105981851554	0.6561431927306437	0.6207757872761319	0.5863151766969101	0.5569752259921279
0.8495547940041965	0.8250373478463665	0.8005199016885365	0.775522070263257	0.7478115089468717
0.779000141269107	0.7531279226862998	0.7272557041034926	0.7014216144282175	0.675802838240233
0.7544999536487201	0.7244619131796115	0.6944238727105029	0.6641638908239069	0.6326506083927526
0.7600660880271205	0.7333117685297988	0.7065574490324772	0.6804188639423261	0.6577573237253083
0.8102412741295744	0.7908726046118498	0.7715039350941253	0.7524538794250775	0.7352030323695967
0.7878966047185983	0.7607520199354367	0.733607435152275	0.706461927577649	0.6793112090106006
0.690670840425793	0.6581441418685734	0.6256174433113538	0.5938501613233664	0.566371295668575
0.7444303612506674	0.7152006895981522	0.6859710179456371	0.6571807069521683	0.6308714603741417
0.7314532279636348	0.7019638502790394	0.672474472594444	0.643094192584173	0.6143299858430951
0.6514700533357625	0.6105328349016365	0.5695956164675103	0.5291191034053806	0.4912441880988256
0.7123162193082488	0.6773011468407328	0.6422860743732168	0.607530290665203	0.5742387074978595
0.8038832466035131	0.7817847075785097	0.7596861685535062	0.7377684675222519	0.7168719564906307
0.6679083155914655	0.6286013182792343	0.5892943209670031	0.5503466868493402	0.5134283724167801
0.6996074643429808	0.6590255036603984	0.6184435429778159	0.5777264978251226	0.5362466322765428
0.6864663960806855	0.6471872254627762	0.607908054844867	0.5684227485028797	0.5277733961790076
0.7643929111808114	0.741112574748764	0.7178322383167165	0.6953259499095191	0.6771907014913514
0.8091580436050717	0.7844894238166915	0.7598208040283113	0.7352405186355052	0.7111590565237683
0.7299819301963418	0.6968973458977856	0.6638127615992294	0.6310076095056056	0.5997804077493896
0.7647339369494024	0.7378078476754767	0.7108817584015509	0.6840182535857189	0.6575081624602997
0.7623258574402649	0.735596261886522	0.7088666663327793	0.6817404256698258	0.6523743347932525
0.6960485837369929	0.6611651727801218	0.6262817618232507	0.5919884705477809	0.5610275780937127
0.7606884990952543	0.7255861985752385	0.6904838980552229	0.6550392011530441	0.6176609959535944
0.7758655628089675	0.7535926935998436	0.7313198243907196	0.7095176787345104	0.6903737033823557
0.8225998983585682	0.7981201844916817	0.7736404706247952	0.7491743549395644	0.724785028024393
0.7599014066115691	0.7371088915437163	0.7143163764758635	0.6924304270364964	0.6756638429175921
0.782405974077997	0.7556623119982195	0.7289186499184421	0.7023310149762662	0.676624463424183
0.703875615873528	0.6660467758182489	0.6282179357629698	0.5904925831312607	0.553351622749469
0.7349396867205986	0.7024022211735388	0.6698647556264791	0.6374810547264839	0.6059656609594325
0.818607137236463	0.7964837962212796	0.7743604552060963	0.7523579187578961	0.7310375642624798
0.8131801063312062	0.7958391836681952	0.778498261005184	0.76199950760167	0.7502564739889346
0.6898242125272215	0.6619291667789811	0.6340341210307407	0.6069382480837786	0.5843552944394766
0.7756508757222694	0.754344936460811	0.7330389971993526	0.712222831056546	0.6941724078889174
0.7848061529233054	0.7577906613942256	0.7307751698651459	0.7039955251079651	0.6785477042663011
0.7790115226906984	0.7546273712602695	0.7302432198298406	0.7059537191960461	0.6821987104849749
0.7727796074649892	0.7481302272367962	0.7234808470086033	0.6987797314054143	0.6737864667550144
0.7129392192584656	0.6796605235120297	0.6463818277655938	0.6130819481256641	0.579662443291157
0.8856168385719245	0.8718342367046216	0.8580516348373186	0.8441796443201417	0.8298028771604046
0.6465278161209013	0.6181189601347482	0.5897101041485951	0.5624484201337383	0.5416648025951843
0.6953510733372463	0.6675005355827597	0.6396499978282729	0.6129578232206141	0.5928069115243666
0.739168837024829	0.7072336898135853	0.6752985426023415	0.6434053641652058	0.6117491828962403
0.6898185811603625	0.6549544158652302	0.6200902505700977	0.5858590037479363	0.5552018400140789
0.7222417801419521	0.694154410430498	0.666067040719044	0.6385171880155291	0.6140026874620833
0.7737383930741689	0.7512789986393494	0.7288196042045298	0.7067775814328282	0.6870924514781185
0.8095215551227605	0.7899070084240898	0.770292461725419	0.7510466337978787	0.7338829563850033
0.7075866135006851	0.674874778349575	0.642162943198465	0.6097651293151543	0.5791405897958245
0.7310552566102162	0.7003954318122249	0.6697356070142334	0.640086078546595	0.6161416814389875
0.6878809763028143	0.6570313292781674	0.6261816822535206	0.5960748693682746	0.570162832032215
0.7003846201017812	0.6720683246270018	0.6437520291522226	0.6161987749053632	0.5929544053961938
0.6766686687884296	0.6468961140983256	0.6171235594082216	0.5883287344446051	0.5650551376163704
0.7347278699487984	0.7013652718768139	0.6680026738048294	0.6346873551063642	0.6016390224677748
0.7691669684788014	0.7403758914596088	0.7115848144404162	0.6828957858378646	0.654783023430219
0.7468996708589418	0.7232780806290816	0.6996564903992214	0.6767823990758642	0.6581294251860318
0.762869002476855	0.7351705304739649	0.7074720584710747	0.6798523125554375	0.652677131918071
0.7437550398103617	0.7149365515439188	0.6861180632774758	0.657619052714264	0.6309241289410118
0.6877611902784913	0.6566781531235668	0.6255951159686423	0.5949399292715698	0.5667008090207076
0.7148687519934819	0.6833159419676449	0.651763131941808	0.6206448972312912	0.5919807041571146
0.7564952711192721	0.7294172224317788	0.7023391737442853	0.6758298594778458	0.6525321817220024
0.7877591186630236	0.7635864468716044	0.7394137750801852	0.7154831480530575	0.6929193449307618
0.7385864659705069	0.7078161371930376	0.6770458084155683	0.646385126820951	0.6163436215636465
0.7162440025133456	0.6817114617149538	0.6471789209165619	0.6129187276464901	0.580196477629269
0.7042982408262636	0.6757002204389858	0.6471022000517079	0.6189753510003996	0.5935092008787286
0.7546591559410759	0.7304128800599191	0.7061666041787623	0.6822492091505471	0.6601890003868562
0.7724929436821585	0.7531927449205719	0.7338925461589854	0.7155695026460733	0.7027644431991671
0.69017096207913	0.6562852386604714	0.6223995152418128	0.5888213803924418	0.5569801945350732
0.69278535548931	0.6571502128972699	0.6215150703052299	0.5857043059152277	0.5489018073211542
0.7189776336852735	0.6816307039575559	0.6442837742298382	0.6068951812658593	0.5692713165022966
0.6421985797867804	0.6065608128819391	0.5709230459770978	0.5357553034354565	0.5032417828818677
0.7468322347790206	0.7189225149134019	0.6910127950477831	0.6635569408648652	0.6386640607934267
0.7432332089368436	0.7128775673472718	0.6825219257577	0.6523624752723091	0.6233109136185346
0.747016986338153	0.7237730684985292	0.7005291506589053	0.6778670479819932	0.6584904486082249
0.7421604969791407	0.7175437866791284	0.6929270763791162	0.669413295016616	0.652127740244909
0.6852950410442629	0.65034318165898	0.6153913222736971	0.5807017157829795	0.5474930482683745
0.6695745143804922	0.6359944931943954	0.6024144720082987	0.5694928575829891	0.5402892583040987
0.7419398086642388	0.7109098212581002	0.6798798338519616	0.6492928280639932	0.6212073342045671
0.7400714472024448	0.7066517063834662	0.6732319655644876	0.6399198545934104	0.6072155280931759
0.7394223289596491	0.708438826185602	0.6774553234115549	0.6466004445067525	0.6164719030615942
0.6854489281208382	0.6507240631683237	0.6159991982158091	0.5821103350343612	0.5529423639098879
0.6928789436883055	0.662850045528077	0.6328211473678484	0.6037752370577436	0.5802802474446492
0.7500139314031624	0.7268424884644396	0.7036710455257168	0.6814204295395997	0.6643697124016131
0.8170612004306055	0.7916132065651825	0.7661652126997596	0.7408508883859759	0.7162913944403003
0.7444260775084185	0.7143454143561332	0.6842647512038479	0.6546932899607983	0.6279972858422478
0.7763543139339413	0.7479887022077005	0.7196230904814597	0.6916430221390323	0.6658401126989619
0.7150747217616953	0.6750608717334129	0.6350470217051305	0.5951559845583563	0.5559584702925993
0.7318023928428041	0.7020291844306449	0.6722559760184856	0.6430755996621994	0.6172429388736926
0.684805835320616	0.6570949494654992	0.6293840636103823	0.6027362412643954	0.5820915259093273
0.6895400731566764	0.6539657699346073	0.6183914667125383	0.5830598602044331	0.5490987591532052
0.6997160662016626	0.6742239905541985	0.6487319149067344	0.6240547149521184	0.6039791083420709
0.7152363002749976	0.6878874560368248	0.660538611798652	0.6338986681261086	0.6112618775153044
0.7420674478329031	0.7173667597282587	0.6926660716236144	0.6682648253181094	0.6455545232904858
0.7289142594100695	0.7043293689823764	0.6797444785546833	0.6557092513428857	0.634777965773008
0.6864366241208248	0.6552183550675947	0.6240000860143647	0.5936102588694208	0.5678986333262535
0.6552971152785408	0.6180354897054083	0.5807738641322758	0.543688192099707	0.5075961276177339
0.7169042579716327	0.6826407385902332	0.6483772192088337	0.6144887734389054	0.5827183638914554
0.687088858276604	0.6541621775039612	0.6212354967313183	0.5891917184418314	0.5621336799726033
0.6881264038565054	0.6542394048183287	0.6203524057801519	0.5871033474086991	0.5574567323939333
0.7131174539686637	0.6878369540048617	0.6625564540410597	0.6381427236160968	0.618623630466737
0.6511246870004724	0.6147800535354074	0.5784354200703425	0.5423539711802984	0.5077587224548169
0.6851078319704422	0.6429122818193085	0.6007167316681747	0.5586333891296756	0.5171836816450148
0.7878146473333424	0.7603082121616497	0.7328017769899569	0.705226826786222	0.6772649730115308
0.7943772310654708	0.7697689295122091	0.7451606279589474	0.7208867544132483	0.6985013918482347
0.7753832792179333	0.7477467629780729	0.7201102467382123	0.6919809936687255	0.6610692615834415
0.740262209702046	0.7101829688504141	0.6801037279987822	0.6498892174072695	0.6189108402036834
0.7121199581275026	0.6798451731816617	0.6475703882358208	0.6154388058428599	0.5841158865626186
0.6150519273584207	0.5786480773695813	0.542244227380742	0.5065620088744383	0.47495483476620914
0.7799913703579238	0.7551493909879701	0.7303074116180164	0.7055909740623963	0.681583469638999
0.7650534683667897	0.7414440565437075	0.7178346447206254	0.6947697205717834	0.6747795118426965
0.7323256463179879	0.6984130759507189	0.66450050558345	0.6307219609198167	0.5977002578103793
0.7758148424171115	0.7503699146959517	0.724924986974792	0.7000737323556797	0.6785749426820896
0.8208574041453122	0.800316704064851	0.77977600398439	0.7595600751589964	0.7411781257478162
0.6510265106314668	0.615697632291629	0.580368753951791	0.5452021964057829	0.5109522624517264
0.7561484631677003	0.7339158384935277	0.7116832138193551	0.6902139344006574	0.6730552565596377
0.7225490361176046	0.6897444685478471	0.6569399009780896	0.6242283205385973	0.5920418373176313
0.7301931470694362	0.7006538788525951	0.671114610635754	0.6419380873714229	0.6148099805390651
0.7271674397736103	0.6974253226001415	0.6676832054266725	0.6376937245251113	0.606307383593404
0.662229785738839	0.6309617014335256	0.5996936171282121	0.5694266193267715	0.5448127451047795
0.7573567355084109	0.7296404488161806	0.7019241621239504	0.6744349713226083	0.6482281883158072
0.7720186048983466	0.7478335422176238	0.7236484795369009	0.7000415434370715	0.6796992812627333
0.6996532665595501	0.6623479756031282	0.6250426846467063	0.5878756247830353	0.5514891542558702
0.7475236894478862	0.7185744334546607	0.6896251774614353	0.6606139628040641	0.6312528683072607
0.6703907817774875	0.6354299045772531	0.6004690273770189	0.5659041660062012	0.5335756013134918
0.7741358453100708	0.7503037438935104	0.72647164247695	0.7027486799967553	0.6796420237920102
0.784819887489979	0.7622726095203347	0.7397253315506904	0.7172895773309008	0.6954835963999659
0.7640060987191096	0.7392312864286672	0.7144564741382248	0.6900087093856149	0.6674077781889163
0.8153880324211317	0.7931767020821564	0.7709653717431811	0.7490462433280506	0.7287771757011294
0.8101427501687857	0.7871060995947731	0.7640694490207603	0.7406836816220244	0.7153264556668202
0.890344340025385	0.8771884462182612	0.8640325524111373	0.850904391035396	0.837932834369794
0.7827832127888198	0.7544582341830558	0.7261332555772919	0.6979002216950934	0.6701863985731864
0.6961795255395388	0.6606920892199893	0.62520465290044	0.589728912328119	0.5543192175012757
0.7110376574731249	0.6788326877035874	0.6466277179340499	0.6152768757211428	0.5887492816606817
0.7619800327226736	0.7332970626473115	0.7046140925719494	0.6761494676306632	0.648917835064289
0.6501345534447843	0.6091540529566989	0.5681735524686136	0.5273686625196524	0.4875554431962392
0.6971869330660045	0.6626562277359674	0.6281255224059303	0.5937542326608908	0.5602831608280847
0.6550876367996585	0.6143660331733898	0.573644429547121	0.5333101449082781	0.4951630459842702
0.7544829661355399	0.7250011834982624	0.6955194008609848	0.6662349891881965	0.6380651290041512
0.6637012983705347	0.6313867764122183	0.5990722544539019	0.567347067340536	0.5389498470864693
0.7050015050304066	0.6754108775346968	0.645820250038987	0.6164033367223778	0.5879673853088198
0.7036000153341418	0.6724832915468518	0.6413665677595619	0.610950856570598	0.5844937551858376
0.7963221452506355	0.773291227428983	0.7502603096073306	0.7274665900635628	0.7060123263735376
0.7479051230878021	0.718924824865798	0.689944526643794	0.6610540871580576	0.632671078887155
0.6932113099533118	0.6541919205799999	0.6151725312066879	0.5757408040253686	0.5339806101469884
0.7814484991009918	0.7575440764614715	0.7336396538219512	0.7095956448310559	0.6847633933743255
0.7358150368696097	0.7059631470075964	0.6761112571455832	0.6465295222730261	0.6184733494124348
0.7959282126104771	0.7658644038184228	0.7358005950263685	0.7060273476987511	0.6778948975045811
0.7462592024479645	0.715430716225385	0.6846022300028056	0.6540704499844043	0.625214166371677
0.7236359215824161	0.6944336348712762	0.6652313481601362	0.6365633958624705	0.6109128236417866
0.7074266376853843	0.6799077547927954	0.6523888719002067	0.6253782255633495	0.6012375850112374
0.717961686473642	0.6838294468929185	0.6496972073121949	0.6159011237726056	0.5840033093987262
0.7943020957753196	0.7768261176864175	0.7593501395975154	0.7427859192442994	0.7313703839791473
0.7835320318748361	0.7551931631239479	0.7268542943730597	0.6983907638680812	0.6692232699206062
0.6904304628512058	0.6548231009237344	0.6192157389962629	0.583877560704757	0.5500594592036099
0.7001179505171387	0.6723761261636941	0.6446343018102495	0.6174542950666323	0.5934468656828908
0.7709242043234409	0.7494072910949525	0.7278903778664642	0.7066903390483449	0.6872796862563598
0.720879117067145	0.6865971745915036	0.6523152321158621	0.6177759124438608	0.5817831868055168
0.7210746758742098	0.6957863970436489	0.6704981182130879	0.6460675212818159	0.6264802438337045
0.6872134640731286	0.6560585488511922	0.6249036336292559	0.5943610261517142	0.5672761132233696
0.6829320888364223	0.6487794472975165	0.6146268057586106	0.58106357600288	0.5508287475756876
0.8082315033504858	0.7952894100915829	0.7823473168326802	0.7701563374456117	0.762206889158294
0.7422642948316038	0.7130974731423481	0.6839306514530922	0.6550491065664799	0.6277785163910289
0.732183745325045	0.6999103327065168	0.6676369200879885	0.6356209276393228	0.6050585838278588
0.7912320270780492	0.7643804538810395	0.7375288806840298	0.7109843424109845	0.6861736267013868
0.63848085161854	0.6026352015064097	0.5667895513942793	0.5314824033373418	0.49921616998059765
0.7856691922488668	0.7614711409286151	0.7372730896083635	0.7134111167700982	0.6914469751219576
0.7431046076498771	0.71753083656205	0.6919570654742228	0.6668203634681654	0.6441517853679266
0.7327951829018654	0.7056065314339581	0.6784178799660509	0.6519038721324066	0.6291995688765616
0.7015200403226652	0.6738012735841061	0.6460825068455471	0.6191502430287115	0.5966593518553976
0.7153679784263232	0.6845638193996224	0.6537596603729217	0.6235727926253857	0.5968717613886159
0.7974264213360409	0.7760653334332683	0.7547042455304958	0.7339537411596849	0.7166511947309727
0.7549912307274678	0.7252273580267561	0.6954634853260443	0.665691445291119	0.6358732844170403
0.6920236315127484	0.6593319433555124	0.6266402551982763	0.5946898036102131	0.566925106111262
0.7794829679232533	0.7568685377894985	0.7342541076557436	0.7125747657869307	0.6961758562273725
0.7661130178125797	0.7409222146608909	0.7157314115092022	0.6909842125694515	0.6687420413378435
0.8320624537015379	0.8086295555114785	0.7851966573214192	0.761645245660104	0.737424589836325
0.7018699847351533	0.6680660555153022	0.634262126295451	0.6005888132636805	0.5676530882923221
0.8572561847786035	0.8426422368876135	0.8280282889966235	0.8137037708529816	0.8010136590498493
0.7156886293734787	0.6853648851639346	0.6550411409543906	0.625102244417536	0.5973365781105977
0.7451288106394434	0.7165984462034272	0.6880680817674111	0.6603173027791427	0.636968833541139
0.7504473888190932	0.7208153102497181	0.6911832316803429	0.6619812222414881	0.6352078080670117
0.7241473194401838	0.6980538548010576	0.6719603901619314	0.6465677890936956	0.6251329562735081
0.8109041668881695	0.7897560418735828	0.7686079168589962	0.747701882594841	0.7281629319187027
0.72813026118139	0.6969224826534007	0.6657147041254113	0.6347037908969706	0.6048045736733689
0.7736979311803365	0.7528730055016081	0.7320480798228796	0.7124707637301397	0.6999386841291653
0.7311970441559081	0.7024634886582138	0.6737299331605194	0.6451723061988234	0.6176081455872401
0.6943358785887277	0.662092152886749	0.6298484271847703	0.5979524603451248	0.5680202836644845
0.8215384969847382	0.8015944020491124	0.7816503071134865	0.7618655257197262	0.742980386001847
0.7647019251342381	0.7412751096603629	0.7178482941864878	0.6945530902527504	0.6720010951206515
0.6588396857032274	0.6226434367150859	0.5864471877269445	0.5503096007622987	0.5145032775465485
0.7576368734146635	0.7291981102564589	0.7007593470982543	0.6729201958970378	0.648467046284551
0.7428430740800558	0.7105220766765198	0.6782010792729838	0.6460696578661326	0.615008769857554
0.7223860456880135	0.691885282448113	0.6613845192082126	0.631318520659629	0.6037076331513862
0.7776088021115959	0.7489901710260324	0.720371539940469	0.6915656704554813	0.6617024679561453
0.7470835761453646	0.714217680562728	0.6813517849800916	0.6486469508738409	0.6168516290089158
0.6901230105671897	0.660868451797061	0.6316138930269322	0.6029119718339155	0.5773307884652287
0.6659008173685187	0.6264174687103867	0.5869341200522548	0.5475288714762865	0.5085646531352964
0.7653025840443152	0.7282659377378744	0.6912292914314336	0.6538449392834023	0.614497096383869
0.7488361768382296	0.7221909457720547	0.6955457147058797	0.669134568787831	0.644045298916809
0.7454935653476539	0.7229415807397337	0.7003895961318135	0.67835079452668	0.6592099312339731
0.7975521741368573	0.7716933149209568	0.7458344557050565	0.7201567473857765	0.6955019960249236
0.7009436045210586	0.6705226371349788	0.6401016697488989	0.6101114051214036	0.5825533138484272
0.7358578657836404	0.7081045065033168	0.6803511472229933	0.6527405608288547	0.6259362112247201
0.7215155165667428	0.689290083913394	0.657064651260045	0.6250958806096223	0.5945764772367297
0.7575383056127873	0.7272676413242898	0.6969969770357921	0.6667240350066939	0.6364382306035175
0.7458823472231276	0.7211172046005019	0.6963520619778761	0.6722128450718229	0.6516082232418695
0.7311823287326513	0.6995761548856796	0.6679699810387079	0.6363683268570282	0.6047921951714911
0.7652796478944812	0.7367980564856355	0.7083164650767897	0.6798413932650355	0.651403137540506
0.6978183033409953	0.6650594867240199	0.6323006701070446	0.6005105636295622	0.5741907517869926
0.7254442652882026	0.6963820383028213	0.6673198113174399	0.6389093951174932	0.6141797466696088
0.8005183447491964	0.7812851358752724	0.7620519270013484	0.7433942480075301	0.7279865794007424
0.6578786388424489	0.6222298681457387	0.5865810974490284	0.5515345107230335	0.519888449716691
0.673314459237327	0.6365270447138425	0.5997396301903578	0.5635225337747406	0.5305260169303186
0.7412961623845199	0.713790160703725	0.6862841590229303	0.6591514610838658	0.6341268049339054
0.7900074756120421	0.7678418599929739	0.7456762443739057	0.7236279747515132	0.7022423565765181
0.74704373134995	0.7194314657106766	0.6918192000714033	0.6646259482368638	0.6397988623734883
0.7704240320524831	0.7425276739435712	0.7146313158346593	0.686909847460554	0.6601759793385883
0.7239602312288972	0.6922208627327181	0.660481494236539	0.6293313594221337	0.6015086201997719
0.7633365558489164	0.7452042693656236	0.7270719828823308	0.7095791890256005	0.6956976024243053
0.7127818183315345	0.6818500596627965	0.6509183009940587	0.6204458754579601	0.59256729865811
0.6783443841257905	0.639457965649598	0.6005715471734056	0.5619996378649394	0.5252037580855388
0.6561855595424245	0.6187756602591162	0.5813657609758078	0.544494700645632	0.5106664574743082
0.8135063220862997	0.7911195858241727	0.7687328495620459	0.7464014392652822	0.7243824540368226
0.7505295624662526	0.7183699182539893	0.6862102740417261	0.6538656212366265	0.6204762271084575
0.7132833053092414	0.6803882738466784	0.6474932423841155	0.6149890954913033	0.5846922691143024
0.8084454138850965	0.7845180068672517	0.7605905998494068	0.7368582653323072	0.7142275029065299
0.7134077245865678	0.6799570831731458	0.6465064417597239	0.6134283388491218	0.5824539564325983
0.7755646949023559	0.7541128909420709	0.7326610869817859	0.711629022623869	0.6929672228077233
0.6230067772909573	0.5867511874725808	0.5504955976542042	0.5154189588873586	0.4869998426848888
0.7980829904007977	0.7741977355132772	0.7503124806257566	0.7263970540215242	0.7023112480919125
0.704705287285092	0.6809815379866839	0.657257788688276	0.634536341924601	0.6174748856521779
0.7315854381418475	0.7076186276123348	0.6836518170828221	0.66060285711646	0.6427369883623801
0.6770058944294329	0.6435246743614316	0.6100434542934302	0.576953440128214	0.5460725610426327
0.7381579115894745	0.709971137982113	0.6817843643747513	0.6539610131986581	0.6281899041690291
0.7801931400468185	0.755842897086697	0.7314926541265757	0.7077316909067318	0.6872983833707539
0.6438213061745439	0.6106239231867872	0.5774265401990303	0.5455573883979344	0.5211887423086068
0.7461928657629835	0.7084152893908529	0.6706377130187222	0.6325452537166776	0.5926746542549399
0.7865787036735066	0.7650888400652689	0.7435989764570313	0.7228149811094035	0.7060170154331382
0.6863639314307898	0.656539473972176	0.6267150165135623	0.5974216025198164	0.5711269846554182
0.7595105696428316	0.7353633682057985	0.7112161667687653	0.6873339420938072	0.664948038042388
0.6802817101523341	0.6412852735603388	0.6022888369683435	0.5633933808726601	0.5250681604384869
0.7456779545664174	0.7210211876502988	0.6963644207341803	0.6726308514791578	0.6541105684349116
0.7190664071915898	0.6952701956676955	0.6714739841438013	0.6482811031592185	0.6284952225535123
0.7227521916256479	0.6996318772689556	0.6765115629122633	0.6543673518362535	0.637735184375511
0.7855399705647307	0.7633144213761629	0.7410888721875951	0.7193225577458466	0.7001495364567912
0.7580693329395544	0.728872196821611	0.6996750607036677	0.6706407398702209	0.642525835011639
0.7571774335863599	0.7290196384263479	0.7008618432663358	0.6732764209574372	0.6489231813304029
0.6669550308452749	0.6332734488672854	0.5995918668892961	0.5662060396009218	0.5344903355268027
0.8056059465039065	0.7825376742679192	0.7594694020319319	0.7370790598804928	0.7185169808525207
0.7830876696535535	0.7612957412643762	0.739503812875199	0.718170741703128	0.6994288317779511
0.7927328227107378	0.7674216665787444	0.7421105104467512	0.7169243196811612	0.6924438068531882
0.7420414606970384	0.7105697873999244	0.6790981141028105	0.6480942902894716	0.6197324069459422
0.7369114761607933	0.708559423630295	0.6802073710997967	0.6521436126861611	0.6257078477211917
0.7670060313003828	0.7362881733715577	0.7055703154427326	0.6748694383375193	0.6442644517412554
0.730251041393656	0.7015407646908975	0.6728304879881389	0.6449671512853448	0.6218864746880002
0.6898093090989272	0.6597849440470542	0.6297605789951811	0.6006086037098589	0.576383003059175
0.7773635507563749	0.7547194336039098	0.7320753164514449	0.7102109445325884	0.692749784672852
0.7185221990650295	0.6842034133307906	0.6498846275965517	0.6154121410113029	0.5800717075486724
0.7681992596119124	0.7436697301145473	0.7191402006171823	0.6954821631274994	0.6767454306388024
0.7478963956913328	0.7123680116643968	0.6768396276374608	0.6410808417556991	0.6040209793403667
0.7450791637603403	0.7174469825519614	0.6898148013435824	0.6625920643887245	0.6376814542631626
0.7297752644590632	0.7005280936297427	0.6712809228004221	0.6425071836557971	0.6164069076031792
0.76081441380907	0.7275001105204972	0.6941858072319244	0.6608919206783864	0.6277133271847327
0.7415792487516597	0.7156478814372758	0.6897165141228918	0.6640792615279814	0.6401028712554441
0.6835594845353055	0.6481705620342999	0.6127816395332945	0.5776713546872404	0.5441345333643033
0.7318912492067311	0.7033228303294867	0.6747544114522424	0.6462146731811217	0.6178368939516254
0.7132594084658114	0.684110104940665	0.6549608014155187	0.6263062137818823	0.6004452809029588
0.7953572461611428	0.7681216866396895	0.7408861271182363	0.7142339583158392	0.6908761899645213
0.7045175143281968	0.6720103630179927	0.6395032117077885	0.6073307656383298	0.5770483960820434
0.7362240239397568	0.701403873126999	0.6665837223142411	0.6319228772094793	0.5981616295428308
0.7407795945340764	0.7137415934484066	0.6867035923627367	0.6601055517076116	0.6359919623704453
0.7010267428271066	0.6708288528877364	0.6406309629483662	0.6110681563376293	0.5850916577293706
0.7739225653082319	0.7477067210125807	0.7214908767169296	0.6962459247011064	0.6764835898407112
0.7955234847137522	0.7693526900925941	0.743181895471436	0.7169366770083833	0.690271187995423
0.6738851818185481	0.6417729763270857	0.6096607708356234	0.5784565454295633	0.5523796727653483
0.7414358165017073	0.7123899433614764	0.6833440702212455	0.6543697892644478	0.6257997885159082
0.6988797323401148	0.669472962117708	0.6400661918953012	0.6112146618603229	0.585498566559172
0.7476527053557124	0.721721935579559	0.6957911658034055	0.670102329239826	0.645779686649857
0.7727733109383196	0.7494435103305843	0.726113709722849	0.703237943336314	0.6829261027961601
0.7929076087934988	0.7668828189137223	0.7408580290339459	0.7149153989585177	0.6894367243209526
0.7058373904731197	0.6733116509128679	0.6407859113526161	0.6088521185284878	0.5802610418820436
0.7845516348089776	0.7603046719001009	0.736057708991224	0.7117997408624356	0.687479626387713
0.7138231885985609	0.6848748266560982	0.6559264647136355	0.6277157217713549	0.6036703045491274
0.8191278894522787	0.7957030684775991	0.7722782475029194	0.7489363757975711	0.7260629176294552
0.6966207762349059	0.6609566089808725	0.6252924417268391	0.590205865176847	0.5583809364621367
0.7757216122952681	0.7408268059362317	0.7059319995771954	0.6704921489133293	0.63197443954339
0.7929444474897338	0.7662322302463195	0.7395200130029053	0.7126556791374912	0.6849323445170713
0.675603980137038	0.6412194358026154	0.6068348914681928	0.5727619607854102	0.5404487086867951
0.7482824323139667	0.7191368943066027	0.6899913562992385	0.6611715494348208	0.6341911424600514
0.7783302404210739	0.7524385175467874	0.7265467946725008	0.7008078856210128	0.6759319144091489
0.7584787776410291	0.7319461768413722	0.7054135760417154	0.6794306955784792	0.6565520793160888
0.7441364659794806	0.7155879843620169	0.6870395027445532	0.6589622584033012	0.6335460853554512
0.7203873270858707	0.6821476704452942	0.6439080138047178	0.6059523009772165	0.5696000154846389
0.7299056336258324	0.6942954338524666	0.658685234079101	0.6232058537562103	0.5884652093140553
0.7289557422653831	0.6998209985927797	0.6706862549201763	0.6421602234037896	0.6170715821929301
0.7229937195278116	0.6880675771828585	0.6531414348379054	0.6184209971198944	0.5848621709833685
0.7034184513747659	0.6769466687737741	0.6504748861727823	0.6253494153252768	0.6078265509353341
0.7100941137398734	0.6739342744701821	0.6377744352004907	0.6018907174439154	0.5675662545874417
0.7971165999414671	0.777639784984706	0.7581629700279447	0.7395196604106995	0.7255831455311574
0.8079554750489778	0.7824468850349271	0.7569382950208765	0.7315778615420271	0.7070540662551372
0.6472583233336533	0.6109579383591263	0.5746575533845993	0.5392985074217002	0.5092551916602381
0.7702270257249563	0.7397694001688943	0.7093117746128323	0.6792789013798061	0.6516445994625343
0.7616773586443939	0.7311725897262953	0.7006678208081966	0.6703117721085268	0.6407955447132977
0.769697628042914	0.7413997484766417	0.7131018689103693	0.6849340193509087	0.6575004476932075
0.7683701865816539	0.7473234536069582	0.7262767206322623	0.7058025219941266	0.6885614179442512
0.7190772312951128	0.6881746587884878	0.657272086281863	0.6272260970633945	0.6020172234840901
0.7895672654783189	0.7656215107737464	0.7416757560691739	0.7180013571146253	0.6958593008526867
0.8236030889734024	0.8016458806963632	0.779688672419324	0.7578014988352263	0.736309810329106
0.7231039202600452	0.6855947531514563	0.6480855860428676	0.6107447835802385	0.5743547342706471
0.6962948844967111	0.6640958299899618	0.6318967754832125	0.6007636252002994	0.5756496233904608
0.6994691008681465	0.6704197496972861	0.6413703985264259	0.6129952644100537	0.5884274259805665
0.7708764267719901	0.7440971908175086	0.7173179548630271	0.6905235097430681	0.6636431786465706
0.7031407779720612	0.6707194880420081	0.638298198111955	0.6064279675977677	0.5776695630501252
0.7675121185598257	0.7435591856544668	0.7196062527491079	0.6960457839125034	0.6747015550037953
0.6818383235723384	0.6448911181005215	0.6079439126287045	0.5715853338803214	0.5385507232374561
0.7897361311595688	0.7620043316243557	0.7342725320891426	0.7067149979524349	0.6801415384482006
0.7047461495779143	0.6702568268222445	0.6357675040665748	0.6015742207471376	0.5690526686027179
0.7899031534653436	0.7661342036074449	0.7423652537495463	0.7191194061865226	0.6988275110603577
0.6686576056806843	0.6347895196049064	0.6009214335291284	0.5676135184585228	0.5374688823908933
0.7564597154872302	0.7319053735381791	0.7073510315891278	0.6833712908494834	0.6626363163044797
0.7603525048799186	0.7327035028598179	0.7050545008397173	0.6777180682237379	0.6521467113148187
0.7111295355384626	0.6779013595108849	0.6446731834833073	0.6120742734556632	0.5830288210445268
0.6516760589228657	0.612040577858123	0.5724050967933804	0.5329181656501124	0.4942700941464119
0.7276995559010802	0.6982730428755836	0.668846529850087	0.6398561640376824	0.6133287163496387
0.743069701931328	0.7160140940739811	0.6889584862166341	0.6624391057761733	0.6389477951804451
0.6893467026380679	0.6546462147635685	0.6199457268890693	0.5855434840096202	0.5528254270695949
0.7937536436024586	0.7704859296394271	0.7472182156763956	0.7238203578604221	0.6996875792549465
0.8024525261790303	0.7787895771075075	0.7551266280359846	0.7317971679258555	0.7103509160138655
0.7377507218654764	0.7142666177075155	0.6907825135495546	0.6684021999125815	0.6522549782180415
0.7196034151355012	0.6912477690845631	0.662892123033625	0.6351527917046518	0.6108937822795528
0.7039525718441118	0.6759921386880106	0.6480317055319094	0.6208232842793743	0.5978614653010973
0.7655086154073746	0.7345689438204539	0.7036292722335332	0.6726519645477091	0.641462126259059
0.7295660727941423	0.7029569842765118	0.6763478957588812	0.6504122452785248	0.6282794913841123
0.7322473464194031	0.7084823769054873	0.6847174073915714	0.6616261263448153	0.642339156058588
0.7266862935443182	0.6954654411642404	0.6642445887841626	0.6330976949580587	0.6023684442065089
0.6695376768712907	0.6344311338055365	0.5993245907397824	0.5652533067135994	0.5370281181694719
0.764522524475936	0.737108796973749	0.709695069471562	0.6825070945449272	0.6565939417271098
0.6999372774790358	0.6639461490176123	0.6279550205561887	0.5925769930788625	0.5606611395658997
0.7822275902561929	0.7558663677072405	0.729505145158288	0.703446189263697	0.6790941295708242
0.8068480787262786	0.7830124723294861	0.7591768659326936	0.7355943492812435	0.7134410274112398
0.6907909158920755	0.6551827202671996	0.6195745246423235	0.584175810563931	0.5499600362867474
0.6983001131609288	0.671971282199861	0.6456424512387932	0.6200347474602534	0.598499240303644
0.7178158318463066	0.690762155027342	0.6637084782083773	0.6369659826701162	0.6119807241224869
0.6983485945052422	0.6701833455317018	0.6420180965581613	0.6144161573914965	0.58999522200369
0.7120044206236689	0.6898643837386736	0.6677243468536784	0.6467942119660429	0.6326963792657166
0.8012081523337604	0.7816398975400207	0.762071642746281	0.7432062296411633	0.728309755191394
0.6841390277730253	0.6525117474390081	0.620884467104991	0.5896508099064506	0.5606399378718014
0.7305306326725183	0.7024271662361674	0.6743236997998167	0.6468762404280027	0.6231332451464262
0.7992523353713259	0.7776795904141993	0.7561068454570729	0.7351919276531043	0.7179917519581663
0.7767506418428772	0.7514678333622663	0.7261850248816554	0.701404926331598	0.6794636247796436
0.7431991945998259	0.7087146209365112	0.6742300472731966	0.6397326087437932	0.6051625224686153
0.6654800992490163	0.6330632829094437	0.600646466569871	0.569373175446014	0.5445573576130737
0.7147872385900479	0.6741576116271466	0.6335279846642454	0.5928569223306847	0.5519518749518827
0.7182957630917216	0.6949521365142217	0.6716085099367219	0.648946861041394	0.6301363320051686
0.6663464525028572	0.6284072866522911	0.5904681208017248	0.552911324784301	0.5175137666663446
0.6722040118547338	0.630745445594427	0.5892868793341202	0.5480230168144052	0.5078586440018117
0.7208847701644183	0.6863688931283803	0.6518530160923424	0.6175413887318757	0.5843831568598115
0.7030708415350848	0.6741624008253192	0.6452539601155536	0.6170188933967934	0.5925863615954589
0.681766468759507	0.6521403238005491	0.6225141788415913	0.5938823707213587	0.5708655709017737
0.802655638854362	0.7828379244497934	0.7630202100452247	0.7435077111455494	0.7257187605714696
0.7387808382805205	0.711872494840104	0.6849641513996872	0.6586017224291738	0.6353220659765526
0.7077410351840284	0.6772615441849565	0.6467820531858848	0.6167551316105067	0.5892838641874156
0.7663669606223207	0.7410565149566517	0.7157460692909827	0.6910652065839522	0.669939591355465
0.7827792185073188	0.7582564948894674	0.733733771271616	0.709498959348651	0.6868899813420007
0.6976320423516357	0.664038918518223	0.6304457946848104	0.5972428874426731	0.5662435286498418
0.7567119426912148	0.7291171440718663	0.7015223454525179	0.6741125874556301	0.6477477516527198
0.7322026239000938	0.7021684042871794	0.6721341846742649	0.6422343772613214	0.613093593942781
0.673388812725145	0.644240735128859	0.615092657532573	0.5868661197325056	0.5638435061999708
0.7412750077139167	0.7189137580455435	0.6965525083771702	0.674559016798819	0.6546422507803412
0.5982943346502834	0.5534616073846554	0.5086288801190275	0.46443158489140063	0.42382256682390285
0.7335097115771473	0.7061691260541523	0.6788285405311574	0.6523225347437385	0.6305293907957937
0.7520057179099382	0.7281742753783358	0.7043428328467335	0.6811726934411313	0.6617369249218537
0.8291261233093788	0.8087625914548634	0.788399059600348	0.7687557528108615	0.7531795483965187
0.7750740563498032	0.7514776624743086	0.7278812685988139	0.7044387631167527	0.6818652635619081
0.7725354274965753	0.7484973022308492	0.7244591769651231	0.7002967137667514	0.6754321157417293
0.7329724363569798	0.7143922049154414	0.6958119734739029	0.6785113029075065	0.6684362973826641
0.747022757081684	0.715018966099963	0.683015175118242	0.651301041401801	0.621222598816924
0.795261377302903	0.7748835929524563	0.7545058086020096	0.7345436850970847	0.7169287934425375
0.6923183252759081	0.6511104344865761	0.6099025436972442	0.5684487437527959	0.5256062977344944
0.7699663990464216	0.7428451112700893	0.715723823493757	0.689218110264592	0.6661885391810233
0.71191407152746	0.6817350386601173	0.6515560057927745	0.621719965902165	0.5938208032712677
0.7961947177459581	0.777125986806298	0.7580572558666377	0.7396648624190201	0.7250917387439342
0.7823132239889345	0.7493357951904438	0.716358366391953	0.683176347408841	0.6488390100867728
0.6828059712455654	0.6469875592758766	0.6111691473061878	0.5757061960271417	0.5422505270399519
0.7119063223007497	0.6793698840607632	0.6468334458207766	0.6146317540380235	0.5843203715174591
0.7143385346701103	0.6837064696437156	0.6530744046173209	0.6229126269028228	0.595406556044538
0.7826490891215356	0.7549860515306135	0.7273230139396915	0.699987892454811	0.674504509320187
0.7247041408168994	0.6996929984796612	0.674681856142423	0.6500507918871826	0.6275660240399553
0.7810152921133117	0.7579741631603745	0.7349330342074374	0.7119991330062942	0.6896707456440584
0.7198860667285704	0.6902883704831903	0.6606906742378102	0.6314135737854947	0.603946873963129
0.7322796363892495	0.7003977885299164	0.6685159406705834	0.6367286863109737	0.6054756003191119
0.7132379970811243	0.6842690321377745	0.6553000671944246	0.6266627580467369	0.5998983052321085
0.7427923072256195	0.7094016716733239	0.6760110361210282	0.6425701057071299	0.6088451608080191
0.7677358975233939	0.7420713373394864	0.7164067771555789	0.6916439817532325	0.6719734413458716
0.7067140494688695	0.6786483351407134	0.6505826208125574	0.6229148828127088	0.5974945124048849
0.6869583936259291	0.655089011731516	0.623219629837103	0.5918904786200083	0.5636120036116883
0.7092570074150212	0.6850827521656653	0.6609084969163094	0.637903919820077	0.6215045013412146
0.7706948794054018	0.7440241089047547	0.7173533384041074	0.6907776242959731	0.6647386925056636
0.7390017328776747	0.710234073991986	0.6814664151062974	0.6527883204093492	0.6246159936208533
0.6859489997374953	0.6483797862982431	0.6108105728589908	0.57367710974171	0.5390043235093538
0.7778709295335308	0.7451945386430396	0.7125181477525485	0.6796818672970463	0.6459426923698125
0.668362638528434	0.6225582477733549	0.5767538570182756	0.5305950086265414	0.48243454217688975
0.7659806401891972	0.7441357017603503	0.7222907633315033	0.7010975713586427	0.6835847838702145
0.7955084350253802	0.7702589141323347	0.7450093932392893	0.7200368911350445	0.6966287108360201
0.7721869611976394	0.7477127477222876	0.7232385342469356	0.6989830384287342	0.6759626386188151
0.7766965241439089	0.7570328288311879	0.7373691335184671	0.7183535798623651	0.702998074431547
0.7285513099499965	0.6915483070825813	0.654545304215166	0.6178260338787679	0.5827089977700259
0.7987860568505107	0.7756347233213602	0.7524833897922097	0.7294415482146819	0.7070180063855609
0.7315301659292033	0.7084848650996445	0.6854395642700857	0.663161512039551	0.6452161035212856
0.819707295997869	0.7921730098004173	0.7646387236029656	0.7369141280338145	0.7081148577064065
0.6728537427726315	0.6427537385706559	0.6126537343686801	0.5829859557025452	0.5557589494959823
0.7313128853984986	0.7008872568348263	0.6704616282711541	0.6400281817450411	0.6095505872780194
0.7304140079811914	0.6954460323565324	0.6604780567318734	0.6257414725667162	0.5923115532209642
0.8174756568385417	0.7962785492644496	0.7750814416903574	0.7537790415940904	0.7318820558775554
0.6237485652364461	0.5846225394893393	0.5454965137422324	0.5071420557474565	0.47314463167229753
0.6699420859574676	0.637775969906301	0.6056098538551346	0.5744359726559515	0.5488652298632886
0.7821175921985343	0.7569763966142732	0.7318352010300122	0.7069563794971302	0.683559181111447
0.7124364354728718	0.6870401225324722	0.6616438095920724	0.6368344046269078	0.6153392620166269
0.7072537000761316	0.6740874163687736	0.6409211326614154	0.608080942633663	0.5770821997357602
0.7559988320319062	0.7297834661636581	0.7035681002954098	0.6782998452394388	0.6583799136745155
0.8608559990547808	0.8420122953538952	0.8231685916530095	0.8038999787616232	0.7822319087257734
0.7068138780116081	0.6778064226968202	0.6487989673820325	0.6201083326858651	0.5932067802544667
0.7583065582406295	0.7299555131887191	0.7016044681368087	0.6735562158305601	0.647217830557346
0.7468585583726705	0.7176306276550114	0.6884026969373523	0.6596636355733108	0.6336852136340467
0.7396985632382185	0.7127647285233073	0.685830893808396	0.6593441699687452	0.635382275923307
0.7261263738368626	0.6935672512678968	0.6610081286989309	0.6286163346663834	0.5971694428886185
0.6933432213795352	0.6622689265548618	0.6311946317301884	0.6006632268618712	0.573197515119423
0.8119758262059039	0.7922607814741889	0.7725457367424738	0.7532948006117164	0.736664680229996
0.7225029953136701	0.68946579915437	0.65642860299507	0.6229940157038173	0.5873153654173943
0.7658849811581526	0.7410318186383136	0.7161786561184745	0.6913162624522753	0.6664017406123844
0.7355328674298292	0.7101868184514648	0.6848407694731004	0.6600166981608642	0.6381402285203311
0.7620706371216922	0.7368835392326565	0.7116964413436206	0.6868678433352186	0.6640636898883994
0.7557182497041454	0.730012743862235	0.7043072380203246	0.6788899259167417	0.6551000404254306
0.7904321961364014	0.7665786231999508	0.7427250502635002	0.7192119784141855	0.6976217121536671
0.7724881541067873	0.7468515430598959	0.7212149320130045	0.6958515236825586	0.6720308878421348
0.6935591491005422	0.6643225971085358	0.6350860451165294	0.6064103560706253	0.5809018534098969
0.677068868200125	0.6360359728294456	0.5950030774587661	0.5537216314323777	0.5110366228097107
0.7998866079389996	0.7781404604179706	0.7563943128969415	0.7349956267621384	0.7155590509423005
0.7732381116624228	0.7456446080079288	0.7180511043534348	0.6901874798883844	0.6607984864192087
0.7608229625458305	0.7320895652526782	0.7033561679595259	0.6747087515450381	0.6465468681296263
0.7701383893588063	0.7481071436159688	0.7260758978731313	0.7046979970720482	0.6870095273855154
0.6665731798300484	0.630238367922251	0.5939035560144535	0.5579297481558791	0.5239945258691245
0.7499000942464482	0.7229701911871595	0.696040288127871	0.6692943204062839	0.6435870333487869
0.7836227769056415	0.754811942837057	0.7260011087684725	0.6972068192929267	0.6685059569374724
0.7748190028480976	0.746331775066696	0.7178445472852945	0.6892081286804755	0.6597292312704429
0.7908953494896405	0.7719959465215237	0.7530965435534069	0.7347287129637845	0.7193626652724677
0.6646383286368791	0.6297813527466635	0.5949243768564477	0.5603826083064749	0.5276208118574633
0.6596093866733732	0.6223651721185534	0.5851209575637334	0.5480819123183912	0.5122014557231809
0.7012387845653407	0.6679221633295822	0.6346055420938238	0.6017639316873232	0.5716047017833894
0.7325726173438352	0.7056342751888035	0.6786959330337718	0.6526354929206347	0.6315325551954339
0.7397509687414181	0.7063986814292318	0.6730463941170455	0.6399898117022377	0.6086030713255176
0.7976382720351394	0.7708654517029225	0.7440926313707058	0.7178213717967943	0.6943824198589684
0.7344882705577466	0.7023241768691939	0.6701600831806412	0.6380211611755537	0.6060243833675768
0.7732794954802014	0.7487828247287797	0.7242861539773578	0.7003421767988083	0.6795192536519793
0.7110263093613973	0.6847357221756583	0.6584451349899192	0.6327871206977745	0.6107012380113044
0.7463688696171921	0.7195820467564732	0.6927952238957544	0.6662838123931769	0.6413276455540053
0.7066165813406063	0.6768866626512583	0.6471567439619103	0.6182012604664581	0.5936190032990314
0.6955121445107183	0.6633236650613572	0.631135185611996	0.5995188861575453	0.571133680328274
0.7867349673011224	0.7646591160009505	0.7425832647007786	0.7210619210509205	0.7026718755065167
0.695827002455428	0.6651915986322666	0.6345561948091054	0.604513209717145	0.5778156061534565
0.7440950522884173	0.7065115437277079	0.6689280351669984	0.6314580893199767	0.5946294307663221
0.8011315561834786	0.7796955827782591	0.7582596093730397	0.7371590468440885	0.717952545543713
0.6722846552563994	0.6349113368760935	0.5975380184957875	0.5606123225802853	0.5262143453990624
0.7470497798364427	0.7276722797712792	0.7082947797061158	0.6899651004578807	0.677552452899015
0.6998878904971528	0.6655118044757298	0.6311357184543068	0.5973536656629416	0.5669261114556887
0.687581142990522	0.6527816981117868	0.6179822532330516	0.5838001137188645	0.5531038902554356
0.7295856255128078	0.695827885560668	0.6620701456085282	0.6285072008814572	0.5960442624732611
0.7362973281610158	0.7057571691739882	0.6752170101869607	0.6450603333593976	0.6170691757248117
0.6916768834379633	0.6592125534456289	0.6267482234532945	0.5943955076650375	0.5626730759595546
0.6770548167655325	0.6405251817222993	0.6039955466790663	0.5681429284458839	0.5361134160859452
0.7525540180608971	0.7247086464812688	0.6968632749016405	0.6697210400370884	0.6465494098387626
0.702460540861383	0.6729826961933698	0.6435048515253567	0.614324286510394	0.5868224561600653
0.7744752374106906	0.7536626436205737	0.7328500498304568	0.7120764185012659	0.6915228077254664
0.7894482402670069	0.7642458111206877	0.7390433819743686	0.7140033047444494	0.6898800268552654
0.7609473208111737	0.7363688000373849	0.7117902792635962	0.6877481908739743	0.6667353297768808
0.7153670727578803	0.6797411240384326	0.6441151753189848	0.6082527935410806	0.5710552770944437
0.7632104751350326	0.7385407866701404	0.7138710982052483	0.6897587837648733	0.6687939538109848
0.7580101030634229	0.7291448056126713	0.7002795081619196	0.6717431661721832	0.6450644317578754
0.7141554340141033	0.6865973904530275	0.6590393468919516	0.6317434456658761	0.6059278590873657
0.7892344396283816	0.7639371420465619	0.7386398444647424	0.7135295329813808	0.6894751297718122
0.7054108538349201	0.6748388860023279	0.6442669181697358	0.6144111737483271	0.5885999344103964
0.757527625504379	0.7268922003959188	0.6962567752874587	0.6657143651664541	0.6356972095731989
0.7040651466368073	0.6775244747803602	0.650983802923913	0.6254254385074032	0.6054141525196752
0.7859998827880565	0.7594409980882842	0.732882113388512	0.70622446575058	0.6790091049756457
0.8115702521040239	0.7925646999225698	0.7735591477411159	0.7546942507692123	0.7366236320925467
0.6930274849504663	0.661181948831036	0.6293364127116058	0.5980137699048036	0.5696438994145979
0.8010635534033922	0.7761135097373296	0.7511634660712669	0.7260667677115921	0.7001419120415457
0.7086376953605158	0.6805924822340813	0.6525472691076467	0.6254385927225625	0.6036185281757818
0.681564306923355	0.6465474197059332	0.6115305324885114	0.5766811218377261	0.5427774493666035
0.7353089944434108	0.7101217421697772	0.6849344898961435	0.6605516500253813	0.6407113174251506
0.717618197806238	0.6925568550361348	0.6674955122660317	0.6431371818829242	0.6227487540868517
0.705287776567949	0.675992305201025	0.6466968338341011	0.6179221039382842	0.59208799493559
0.7850821063260298	0.7593185105055039	0.733554914684978	0.707959226885075	0.6833117136803635
0.7954403321425544	0.7698436995988853	0.7442470670552163	0.7184594132514106	0.6915930646638111
0.702183023002302	0.6611916099634166	0.6202001969245312	0.5786535392651329	0.5339714218383304
0.7745379130241514	0.7529742060604163	0.7314104990966812	0.7102967410038032	0.691723838832515
0.7605578148635318	0.7380886920156404	0.715619569167749	0.6941436695066838	0.678276489367239
0.7108028593862197	0.6833457505588267	0.6558886417314338	0.6290030987344197	0.6053451811827814
0.7233436905861919	0.6906106014866331	0.6578775123870745	0.6254707787135686	0.5949069702489858
0.7471165675286159	0.7183167167521884	0.6895168659757611	0.661297503406228	0.636356150836121
0.6937290342363489	0.6550227655287431	0.6163164968211372	0.5775753298940195	0.5386370931364325
0.6876916051656088	0.6424804314345477	0.5972692577034866	0.5518085826382326	0.5049389765066095
0.7362589987900374	0.7081801685637461	0.6801013383374548	0.6524146926228341	0.6269427081805835
0.8362961798198301	0.8173476145354676	0.7983990492511052	0.7798876235656241	0.7638447199952518
0.6983407397171932	0.6599832014837669	0.6216256632503405	0.5834533646084141	0.5463271117362632
0.7633462121792496	0.7448306124472485	0.7263150127152473	0.708758078031273	0.6966147134701876
0.7405864799414034	0.7103754398231459	0.6801643997048884	0.6499092006071693	0.6194046362777017
0.7698241679619334	0.7459328432184179	0.7220415184749025	0.698543360420208	0.6772654099805695
0.768159795662794	0.7412649661279496	0.7143701365931052	0.6881003745980674	0.6653603615651408
0.7537292358736564	0.723027941034295	0.6923266461949337	0.6616436147597856	0.6310637165509876
0.8158340356026319	0.7913009249692076	0.7667678143357833	0.7421431105284144	0.7170011811572806
0.7383932479658388	0.7090926733537803	0.6797920987417219	0.6506669343959494	0.6225323097373898
0.7793338597560927	0.7483904959721212	0.7174471321881495	0.6863651161668536	0.6545001326106552
0.7430458072728194	0.7162727802259933	0.689499753179167	0.6628110102161069	0.636598218471515
0.6963548877467982	0.6648115732659607	0.6332682587851234	0.6023621690301084	0.5750544797220265
0.7269007677610747	0.6933303308690283	0.6597598939769819	0.6260138710515896	0.5912763158844877
0.7477990108958342	0.7263681000225287	0.7049371891492233	0.6841683931007503	0.6671385515922524
0.7163695397725742	0.6876705674455882	0.6589715951186021	0.6309944264484182	0.6070932744423441
0.7759797447689964	0.7447401628182868	0.7135005808675772	0.6821086804417349	0.6498566393986468
0.6656851567040848	0.6325456870451976	0.5994062173863106	0.5666140006331413	0.5357827169079874
0.7274167850094468	0.6939179639261248	0.6604191428428027	0.6273384433672514	0.5966188716372267
0.6554136602197429	0.619915186462365	0.5844167127049871	0.5497291454433173	0.5196207575171801
0.6996718293903167	0.6633855817731571	0.6270993341559974	0.59065717639906	0.5533345959373491
0.7830441084986097	0.7579955457905864	0.7329469830825631	0.7081703130094225	0.6849290174113025
0.8725403894862854	0.8549900022861651	0.8374396150860446	0.8198654547086586	0.8021570474820354
0.6588600183980924	0.6241502521197062	0.5894404858413199	0.5556028327327319	0.5266899923202111
0.6811598342273159	0.6553184035753212	0.6294769729233267	0.604775414712721	0.5865107026198587
0.7035273561971447	0.6712725663666517	0.6390177765361585	0.607454272465517	0.5797944508579146
0.6745750106219949	0.641666205203636	0.6087573997852773	0.5763266472942936	0.546595453997759
0.700308311737309	0.6667039453467387	0.6330995789561683	0.5999395687969858	0.5692888329908351
0.6375624914385994	0.5988538925205507	0.5601452936025019	0.5221554206891552	0.48822418497511827
0.7620784872683954	0.7308418258727944	0.6996051644771935	0.6679547166036444	0.6339676214111118
0.7232785508999805	0.6925881297390262	0.6618977085780717	0.6315043288352485	0.602788338447305
0.7615318778002148	0.7320004967704085	0.7024691157406021	0.6729712550311323	0.6436626831718787
0.7611322539515726	0.7353138334655508	0.7094954129795291	0.6838738189533604	0.6593637016047316
0.7789878261015151	0.7558523420202332	0.7327168579389515	0.7102236697641638	0.6913575189332408
0.7856740021714292	0.7597250147934651	0.733776027415501	0.7074821131252155	0.6792404006639565
0.7002584538505835	0.661577285658057	0.6228961174655305	0.5847564562131906	0.5496746782108607
0.6738962474254033	0.6436569223943902	0.6134175973633772	0.5839106208890463	0.5585392080030159
0.781037434830043	0.7553231081390898	0.7296087814481365	0.7041298601257586	0.6799802701195794
0.6807586616831915	0.6514481568598759	0.6221376520365602	0.5938093045997144	0.5710271882415047
0.7700878541134717	0.7439380454212206	0.7177882367289692	0.6916989542084397	0.6659514622596641
0.7695993814631209	0.7379733368001419	0.7063472921371629	0.674463067156805	0.6411209009952639
0.7495405693804172	0.7165006428134381	0.6834607162464588	0.6503859840050983	0.6171147045345201
0.7876067213058419	0.7632759230726771	0.7389451248395125	0.7142944727032152	0.6878376093805896
0.7501751242615314	0.7259456595546163	0.7017161948477013	0.6781546234893783	0.6583646379259648
0.7502183551132382	0.7206032889577593	0.6909882228022803	0.6614882000561572	0.6326378260742256
0.7525644048416286	0.7232793128187239	0.6939942207958193	0.6654407770529728	0.6410189424446603
0.8123172297544391	0.790675685680994	0.769034141607549	0.7477051309892003	0.7281409930741967
0.7602673789521847	0.7256369871763122	0.6910065954004398	0.6563819916226856	0.6217900726014568
0.7047992264956863	0.6718945393501997	0.638989852204713	0.606569240649742	0.576882198196335
0.7092929039368232	0.6717437942285364	0.6341946845202495	0.596500484987056	0.5579869649384582
0.7241550713836983	0.701870944423137	0.6795868174625759	0.6586601604510885	0.6453991200949198
0.6907909207057815	0.6516678479287922	0.6125447751518028	0.5730801220355479	0.5316865688065572
0.7805641520457717	0.7549068601575598	0.7292495682693481	0.7039950993191424	0.6810153667082794
0.720664879319605	0.6913781120931588	0.6620913448667125	0.6331449751840579	0.6061208263821667
0.7146516618191212	0.6883102751655987	0.6619688885120761	0.6363084967045001	0.6144936746915524
0.7454546894163164	0.7161397605772262	0.686824831738136	0.6580230721096445	0.6321191729092571
0.7687147398839133	0.7447123189180991	0.7207098979522848	0.6970738421931116	0.6755066463979277
0.6866569263651777	0.6536361112076522	0.6206152960501266	0.5883904354581694	0.5606603208301004
0.7462450520098058	0.714716577130244	0.6831881022506822	0.6517158935602191	0.6205614193703105
0.6861406515170102	0.6513885483326587	0.6166364451483072	0.5827407581173492	0.5536812429175364
0.7608100019104415	0.7408326873644988	0.7208553728185563	0.70153140843892	0.6858969046768175
0.6961676749865864	0.6607537089303458	0.6253397428741052	0.5899926801745174	0.5550234199341338
0.7295942519985688	0.6998553595230478	0.6701164670475267	0.6405906427518658	0.6122680119334296
0.6734008352472116	0.6371753905424467	0.6009499458376816	0.5647297358892845	0.5285390865478297
0.7077138076287749	0.6756026796813493	0.6434915517339239	0.611808512387617	0.5825428842797142
0.8264190750480976	0.8029788965951629	0.7795387181422281	0.7559573511479305	0.7315786941399947
0.7535807993045106	0.7177589711958331	0.6819371430871555	0.6459543587212104	0.6090626562850504
0.7763413873912826	0.7536331027189657	0.7309248180466488	0.7084602357065144	0.6873718375373767
0.6741299271906218	0.6364663295361959	0.5988027318817699	0.5613469304021502	0.5250645514499264
0.736942264558276	0.7063101654089122	0.6756780662595484	0.6449905323253353	0.6139899588204757
0.8098886241933514	0.7884115406023388	0.7669344570113261	0.745162376851991	0.7217244545803226
0.765253695335121	0.7345118471345164	0.7037699989339118	0.6729167334645381	0.6414342960037329
0.7888483146441435	0.7670932975349531	0.7453382804257628	0.7243863294992192	0.707969283753612
0.8004852108893334	0.7791976272920281	0.7579100436947227	0.73723331257371	0.7200060581202335
0.7230850408917742	0.6914659711955825	0.659846901499391	0.6287660041883819	0.6007241599349399
0.723237357815755	0.6934440315844317	0.6636507053531084	0.6347686584927293	0.611032595400407
0.7641353211378078	0.7301319340482155	0.6961285469586233	0.6619168194951522	0.6265285964185965
0.7254376838333051	0.6958936070092506	0.6663495301851962	0.637455722266874	0.6122339751242746
0.7976425033491201	0.7686153723087383	0.7395882412683566	0.7105425512374758	0.6813920588080059
0.7425380654381433	0.7171603585472842	0.691782651656425	0.6667362241464683	0.6435605273598994
0.7910304631023924	0.7685134001770285	0.7459963372516646	0.7240237808765443	0.7051260465137458
0.6877788732977789	0.6537963438942873	0.6198138144907958	0.5864447052191163	0.5565395721351493
0.7560433534198198	0.7268111114114354	0.6975788694030511	0.6686318157255235	0.6412952171600295
0.7387817142839936	0.7073300626640685	0.6758784110441435	0.6449630509055876	0.617076122383138
0.764313115238315	0.7371421741596539	0.7099712330809927	0.6825970672262818	0.6540752934785758
0.8003286023034384	0.7776630959116713	0.7549975895199043	0.7328937500678298	0.7139616371431728
0.7005180333596818	0.669663828777273	0.6388096241948642	0.6086164705505749	0.5821562636906464
0.7269746969013385	0.699399958319689	0.6718252197380395	0.6452029186574517	0.6239590208161182
0.7514755874184359	0.7193216005945414	0.687167613770647	0.6551801032010851	0.6241326820595048
0.8088998595614482	0.7893982459200479	0.7698966322786478	0.7510536736984678	0.7359301324142986
0.7506195633362817	0.7244737268098327	0.6983278902833837	0.6729855559375709	0.652180588848155
0.7892967551784372	0.7581207953682254	0.7269448355580137	0.6956795126164275	0.6639095571349442
0.6301740282693118	0.5947314299906277	0.5592888317119434	0.5248831168007014	0.49633266993168057
0.7129877480911477	0.6828149669494605	0.6526421858077732	0.6232040598126433	0.5979145226914017
0.8300527128835442	0.8108928538847806	0.7917329948860169	0.7728793725764735	0.7557550652082728
0.6897561023961115	0.6550680574354597	0.6203800124748079	0.5864002390422108	0.5564200665036515
0.8058637993841938	0.781691889389622	0.7575199793950502	0.7329083107646397	0.7058133303485759
0.6940303345175695	0.6542016804142723	0.6143730263109752	0.5740016133535062	0.5305652476026439
0.7529830494302708	0.725916597873972	0.6988501463176731	0.6726391013513914	0.6512585272238774
0.7140758924148444	0.6785020560757862	0.6429282197367279	0.6073634215130318	0.5718496614192774
0.7762758133887746	0.7517163659332669	0.7271569184777592	0.7027212822654679	0.6789848066708848
0.7908521614762107	0.7655760825042461	0.7403000035322815	0.7151633713705302	0.6908141936873337
0.7011831396591891	0.6658760460452688	0.6305689524313486	0.595436306903502	0.5612887676426533
0.761712350453586	0.7292656815973594	0.6968190127411328	0.6642250484295108	0.63079930843335
0.6857500222061335	0.6524797978471116	0.6192095734880899	0.5866521058951205	0.5581195672818084
0.7220007873947992	0.6916580292689186	0.6613152711430379	0.631825198982612	0.6071502343264121
0.7306575344958274	0.6951885421478651	0.6597195497999028	0.6242325347132907	0.5886437454359027
0.7317796220795982	0.7058702673064432	0.6799609125332882	0.6547853230728061	0.6337532976048516
0.766720269273833	0.7390818764109899	0.7114434835481467	0.6840841157501527	0.658300399174359
0.7211437962698597	0.6944130577403542	0.6676823192108489	0.6414535972835933	0.6180597571377571
0.7227545692786859	0.6916521231669516	0.6605496770552174	0.6302290333519461	0.6043232185497287
0.7407996916920045	0.7128690265280447	0.6849383613640848	0.657327665511097	0.6315238325511342
0.7837466576716837	0.7581017779566893	0.732456898241695	0.7070749509035518	0.683177779569907
0.712994471782933	0.6822970976741433	0.6515997235653536	0.6211961294343179	0.592451507343148
0.7339902643505483	0.7055608687204163	0.6771314730902844	0.6490994814662847	0.6233116255377941
0.7748657974064023	0.750257385026293	0.7256489726461838	0.7012862854226425	0.6783112052353407
0.7029661565258943	0.6681125183601552	0.6332588801944159	0.5990068487418708	0.5681520832426225
0.6847764074909466	0.6572757947047302	0.6297751819185138	0.6034759457921022	0.5839608693732367
0.7402585970774048	0.707411566105544	0.6745645351336831	0.641649018640061	0.6083467652196876
0.764258869273555	0.7378333217405942	0.7114077742076333	0.6850677632337735	0.6592107761916998
0.6895753191747246	0.6538622668587669	0.6181492145428091	0.5826754572367433	0.5485529960051231
0.7109131374662231	0.6787485260622956	0.6465839146583683	0.6147713934016875	0.584947121018397
0.7780213572055815	0.7513463942847973	0.7246714313640131	0.6978710362026996	0.6703623266711332
0.6914592459577326	0.6586423508739028	0.6258254557900729	0.5938327508498065	0.5664942378465029
0.7224257035065461	0.6919424199208352	0.6614591363351242	0.6315401843300703	0.604808006048264
0.7583398300234876	0.7292091339466243	0.7000784378697612	0.6709689179733129	0.6419789797157773
0.8089703764077065	0.7846370958772589	0.7603038153468112	0.7359627762516207	0.7115779246336148
0.7407835528561808	0.7183515028829746	0.6959194529097683	0.6743194417498444	0.6574179438714262
0.6818151970907989	0.6455669824173911	0.6093187677439834	0.5736629827252258	0.5413526409193279
0.7766591511692607	0.7541428677632827	0.7316265843573045	0.7101389107306713	0.6944597842926868
0.7037733994948097	0.6717907742717676	0.6398081490487255	0.6084209103379865	0.580395812180102
0.6667046820341112	0.6322056192532749	0.5977065564724385	0.5636635428950973	0.5321958337451885
0.7045853687197653	0.6690526032069452	0.633519837694125	0.598442759720118	0.5659389438573867
0.7910998925332543	0.7673146492322589	0.7435294059312636	0.7199337979934596	0.6974090586958845
0.7622999055243503	0.7368011704145485	0.7113024353047466	0.6866545691092192	0.6668115495515161
0.7536880986726497	0.7277957570446947	0.7019034154167395	0.6765404017286301	0.6541664966204742
0.8261944677764259	0.7969782095044321	0.7677619512324382	0.7382120836692729	0.7067783284071443
0.7469001566027464	0.7209706347025228	0.6950411128022991	0.6697781954798083	0.6482795862785152
0.7512960477116257	0.7277363835400883	0.7041767193685509	0.6811231133982478	0.6609272120707548
0.7216691688235479	0.6886528378345658	0.6556365068455835	0.6229110945053308	0.5918284963139765
0.7722863048857903	0.7426101785468701	0.7129340522079497	0.6830244763971428	0.6517966141954725
0.7871347825315018	0.7616863258385205	0.7362378691455391	0.710959812485472	0.6866440027843637
0.8216914301938836	0.7965990270684862	0.7715066239430888	0.7464030451771101	0.7212363577017034
0.7067893402802775	0.6737893518682637	0.6407893634562499	0.6078488900678932	0.5752444973101976
0.7745659204826767	0.7468446400888941	0.7191233596951114	0.6917076878745321	0.6660177840316195
0.8162895344397965	0.7980796781476065	0.7798698218554165	0.7621141448960814	0.7469232132269152
0.8005612430498656	0.77190725313249	0.7432532632151143	0.7146043129245727	0.6859838213468176
0.7226099826597474	0.6966322233832477	0.670654464106748	0.6448203965869154	0.6197977547077689
0.818594618197868	0.8001365175217586	0.7816784168456491	0.7637957043410748	0.7491622019969193
0.7896671583845036	0.7652773595396766	0.7408875606948495	0.7166526538599145	0.6932924203624002
0.6652173122846359	0.6280668040061338	0.5909162957276317	0.5543859281196636	0.5213574875016292
0.7073421376828152	0.6667923966969199	0.6262426557110246	0.5857166367170733	0.545324575529457
0.7052546367953744	0.6795367795659966	0.6538189223366188	0.6292311990113778	0.611025328399858
0.7086608839419795	0.6724874284617365	0.6363139729814934	0.6004688480226882	0.5664778016129519
0.7569781596189443	0.7325133045711488	0.7080484495233534	0.6846601887903411	0.6673514433468222
0.6926312334069112	0.6600041659868014	0.6273770985666915	0.5951499309949927	0.5651809931104632
0.7200450965563091	0.6909464147161073	0.6618477328759055	0.6329531626886191	0.6052112085774392
0.7309671637224032	0.6992995472913361	0.6676319308602692	0.6362647648020304	0.6065942384252974
0.7247870067729039	0.6944471468189453	0.6641072868649867	0.6342950647265468	0.6074624070560909
0.7740510416777688	0.7467775656219278	0.7195040895660868	0.6922412443181981	0.6650384311163631
0.8024546077748645	0.7781541172563766	0.7538536267378887	0.72988408521033	0.7077834086979115
0.6800351463429749	0.6465397275665193	0.6130443087900639	0.5800580877591158	0.549947300340143
0.7607410440681557	0.7351930327423521	0.7096450214165485	0.6845213612988762	0.661794007405865
0.7565793160859924	0.731308682981743	0.7060380498774936	0.6810953513264133	0.6580044952962982
0.7567541764525713	0.7338086540989958	0.7108631317454203	0.6888426094501834	0.6720455514815125
0.7144369692408044	0.6818113380599939	0.6491857068791835	0.6168662848350899	0.5862760221436791
0.776965102106972	0.7569142756060253	0.7368634491050787	0.7172064506374974	0.6997733943897468
0.7028490785825832	0.6766905945073526	0.650532110432122	0.6246081335057327	0.6000084156593887
0.7249871927022107	0.6949644569471071	0.6649417211920035	0.6350612147431955	0.6059838754952229
0.709398725525274	0.6783793733992316	0.6473600212731891	0.6170195180057053	0.5905124661675968
0.7011608968392044	0.670325937868766	0.6394909788983276	0.6092367167100808	0.5822616423434825
0.7342052086590438	0.7041364447812923	0.6740676809035409	0.6441097704322507	0.614777847828647
0.7694564046925498	0.7482998023475467	0.7271432000025435	0.7062325956535866	0.6867111390621574
0.7610792709367267	0.7409859379735073	0.7208926050102881	0.7016083307440317	0.6868928013157741
0.7347489548431715	0.7050099886720891	0.6752710225010066	0.6459210282167984	0.61876755355095
0.7609215898119938	0.7339694505218513	0.7070173112317087	0.6805256416079296	0.6566342387128191
0.6715749793350926	0.6373929852595009	0.6032109911839093	0.5695690408893482	0.5389767114024473
0.781557321276009	0.7547578222227886	0.7279583231695683	0.7015019935172726	0.6769835373899988
0.6587519781786212	0.6282171064487485	0.5976822347188758	0.5678390393949915	0.5419017325082346
0.8149526623027858	0.7941944485010543	0.7734362346993227	0.7528408307249229	0.7331648119088439
0.6725137214456228	0.6386955946251617	0.6048774678047004	0.5713979009754302	0.5398301783892451
0.7554293744567772	0.7273965651741092	0.6993637558914413	0.6714048415854891	0.6438632113340694
0.7901815772295223	0.7620278692319594	0.7338741612343965	0.7057054282718772	0.6774518495109711
0.7629029842351857	0.7258314188064369	0.688759853377688	0.6509457023227969	0.608938179070134
0.7353149646324509	0.7065863592237943	0.6778577538151377	0.6496587082559336	0.6244500808674752
0.7226062292505894	0.6941380855418794	0.6656699418331695	0.6378248406358044	0.6134980530889149
0.7418275465607918	0.7152945409000514	0.688761535239311	0.6623680403321309	0.6367623609908252
0.7294931380331495	0.7026313220043813	0.675769505975613	0.6491642672654855	0.6240079176217356
0.7595960428732307	0.7319701150079041	0.7043441871425776	0.6765150306746839	0.6475382447054966
0.7358758768785528	0.7058398952071382	0.6758039135357237	0.6460485321580246	0.6178776973011979
0.7050967564757002	0.6713439747801802	0.6375911930846601	0.6040147258861608	0.5714339045550773
0.7334633746831075	0.7011218626288528	0.6687803505745981	0.6362210723731211	0.6024320713286075
0.7679103439163498	0.7384282337526558	0.7089461235889617	0.6792005838102512	0.6479674601290374
0.7690675854215054	0.7432877338539637	0.7175078822864219	0.6921652191208446	0.6692913536608059
0.75476133653829	0.7324134935333383	0.7100656505283865	0.6888698140337336	0.674179344599624
0.7238065063270018	0.6949058025493051	0.6660050987716085	0.6371399462059645	0.6084755509119006
0.7153386917888108	0.6842023473882763	0.6530660029877419	0.6222914189744048	0.5935596915644323
0.7260242880670016	0.6938533414259851	0.6616823947849687	0.6294247537431819	0.5966775504514739
0.7007046486186321	0.6679123503549423	0.6351200520912526	0.602992645676461	0.5746198756235109
0.7993505471316722	0.7747964580053354	0.7502423688789985	0.7258791991196133	0.7025941487544177
0.689871783461411	0.6599989540809544	0.6301261247004978	0.6013114145705676	0.5784718912620339
0.6811785708148042	0.6433005599953641	0.6054225491759241	0.5679357525799813	0.5326581380506356
0.6660408536573021	0.6258170594960345	0.5855932653347669	0.5453452987144587	0.5049608305054804
0.8035640387050206	0.7792413298284915	0.7549186209519624	0.7308944798605422	0.7085563475001688
0.77360203323444	0.7521102736947298	0.7306185141550197	0.7095224878550124	0.6906611624523619
0.7180264316580833	0.6871188363264363	0.6562112409947892	0.6256896117694742	0.5973475285555505
0.6671416493024718	0.6269433909986283	0.5867451326947848	0.5468054872794761	0.5083262257695231
0.6915561990846177	0.6612033912203108	0.630850583356004	0.6014750665300304	0.577618300572651
0.7790938463641421	0.7572740960430753	0.7354543457220083	0.7142096593829619	0.6962123525100009
0.702520087749995	0.6685590539563905	0.6345980201627861	0.6012905912021244	0.5716740609584627
0.7475185093834069	0.7159131872222814	0.6843078650611558	0.6529113032551727	0.6226936086914745
0.8131201806826671	0.7976553239541193	0.7821904672255715	0.7673196383184867	0.7558032774532449
0.8206669551938134	0.7994292318090506	0.7781915084242876	0.7572285619243185	0.7378172772243098
0.7218791529460122	0.688319775953309	0.6547603989606057	0.6213395103707897	0.5887006641447592
0.6740354213154236	0.6441816627975336	0.6143279042796437	0.5851619726959386	0.559880191627876
0.6832804832816617	0.6531858960285835	0.6230913087755053	0.593492221830143	0.5666912192284776
0.7629493192906299	0.7339327569553641	0.7049161946200981	0.6760241165399342	0.6478349995675915
0.7446756940792192	0.7149704382448671	0.685265182410515	0.6560720758259356	0.6297710699628088
0.8004227507717081	0.7757012603317914	0.7509797698918748	0.7261833901544321	0.7009641114446676
0.7923085766836543	0.7652412872520884	0.7381739978205224	0.7112319490907367	0.6849971331141663
0.8034818644175095	0.7782267216438951	0.7529715788702807	0.7279854583647682	0.7045185034072083
0.7208595440700455	0.6922459986429864	0.6636324532159275	0.6357303173730398	0.6118455029897526
0.7615999207066416	0.7394535192628332	0.7173071178190249	0.6954659996461644	0.6753488124730024
0.6479448999850955	0.6124023802673001	0.5768598605495046	0.5420212560751131	0.5111576526071548
0.7311987077268792	0.6990883650011228	0.6669780222753664	0.6352393031033935	0.6055991377191748
0.7777147349618173	0.7545265945785988	0.7313384541953802	0.7085089101474077	0.687704355339067
0.7287391137415872	0.7022967656270634	0.6758544175125397	0.6498504296991297	0.6263218572918137
0.7373832324442788	0.7083142871017317	0.6792453417591847	0.650728283382726	0.6253277241390749
0.7589108078852751	0.7288071797007702	0.6987035515162654	0.6686180483148603	0.6386348966774221
0.7548353516516982	0.7320614327966752	0.7092875139416523	0.6869561060756894	0.6671235525012809
0.891029512113777	0.8785201379649844	0.8660107638161919	0.853689015468801	0.8424267877901171
0.7173077921018655	0.6799869163130903	0.6426660405243151	0.6056655961554032	0.5704746242029276
0.7340866048673216	0.7064729940772874	0.6788593832872531	0.6516478936276251	0.6267071772081714
0.7314366296248932	0.7048831606889129	0.6783296917529325	0.6524359718915246	0.6302678472065139
0.8017688862123753	0.7789295681499964	0.7560902500876174	0.7333669187791648	0.7112985632904724
0.7822094904115583	0.7562694886215314	0.7303294868315047	0.7046535336846832	0.6804686600851844
0.7563916833842527	0.726197470746719	0.6960032581091855	0.6659840532679777	0.6369531153709046
0.7115772952829752	0.67734489110025	0.6431124869175248	0.6089871600100707	0.5754664972023886
0.7362318455370386	0.704365326317278	0.6724988070975173	0.6406690176825584	0.6090466410384134
0.7057405126112651	0.6723872516000535	0.639033990588842	0.6060568613557477	0.5752037437995948
0.8089071905646701	0.7854430733237237	0.7619789560827773	0.7383700466430095	0.7139434973788
0.7184476678791184	0.6923707583457925	0.6662938488124668	0.6414429735257959	0.6235154990463121
0.7273409501893152	0.6954789088466141	0.663616867503913	0.6318868764886768	0.6009025721018963
0.712823561114242	0.6832237271002628	0.6536238930862835	0.62403978541756	0.5945444842334302
0.7451595457247364	0.71182437363279	0.6784892015408436	0.6453041902661386	0.6129671353402332
0.7183643879285937	0.6895126808206637	0.6606609737127339	0.631891181899568	0.6035839647815526
0.724887252663897	0.6928495317823569	0.6608118109008166	0.6291618493773441	0.5997015603364827
0.7331505602051145	0.7039039989342676	0.6746574376634206	0.645954479232963	0.6203212395760296
0.7825065077869957	0.7589797603950112	0.7354530130030269	0.7126243198574153	0.6937375307377168
0.7269447022365237	0.6982356510558173	0.6695265998751109	0.641546135529201	0.6176799923728494
0.7236773383501809	0.6881462605863992	0.6526151828226174	0.6174266462826016	0.5841724359586645
0.6951987948715078	0.6633850340308711	0.6315712731902344	0.6003723297149858	0.5726452525888333
0.6052472702311128	0.5705753029142046	0.5359033355972963	0.5022113664947667	0.47405343565175734
0.7774417085917121	0.7569815100785452	0.7365213115653781	0.7167609491148593	0.7009525525855665
0.7540429632100767	0.7249293169271913	0.6958156706443059	0.6670166966175343	0.639994673078011
0.7377032571949806	0.7098530188118186	0.6820027804286567	0.6544222250014856	0.6283645660189172
0.713740928428057	0.681146370733352	0.6485518130386471	0.6159600292219379	0.5833839094612759
0.7370594474008321	0.7100756235599155	0.6830917997189989	0.6564351334544141	0.631625922131836
0.7460348303472297	0.714030443289945	0.6820260562326603	0.6499235477369593	0.6172669486456756
0.7081623860343349	0.6841674670562318	0.6601725480781286	0.6367476816799744	0.6165418954200176
0.7094142338904179	0.6773089057457412	0.6452035776010645	0.6131755081856686	0.5815837178955287
0.8133355116973533	0.7923257733766925	0.7713160350560317	0.7505425032270188	0.7311028266466647
0.735089319007559	0.7047302106960318	0.6743711023845046	0.6445678919635007	0.6179038303178779
0.689126657361707	0.6502545260787662	0.6113823947958256	0.5729400174508414	0.5369244554815763
0.6968026537962898	0.6613422692390062	0.6258818846817225	0.5908865052547292	0.5585170042672511
0.8106564067853881	0.7886646722518738	0.7666729377183593	0.7451616966459523	0.7263637964329507
0.7173328155498365	0.680023769295343	0.6427147230408494	0.6055422744271786	0.5691411910664042
0.7801745493564458	0.7548536254873631	0.7295327016182804	0.7045128367991255	0.6811930488538156
0.7478735580866024	0.7148234081980155	0.6817732583094286	0.6487106300476643	0.615577536560998
0.7708620993962503	0.7435960408197466	0.716329982243243	0.6895424877055182	0.6654574386022601
0.7086752671750033	0.6787249871514668	0.6487747071279303	0.619556012716531	0.5944685735546623
0.8769963485983414	0.8643398790385758	0.8516834094788102	0.8397666664398855	0.8320271502651048
0.7046974918094762	0.6751519644445887	0.6456064370797013	0.616937995893006	0.5932224499216245
0.7442598303909063	0.714751464875717	0.6852430993605277	0.6565104566724795	0.6321583115620758
0.8105301782359176	0.7915444737123555	0.7725587691887934	0.754300118595516	0.7401471328982518
0.8059711615401267	0.7840820818229821	0.7621930021058376	0.7403930442604651	0.7190963565648852
0.7460821400201659	0.7194313319429193	0.6927805238656726	0.6661909056837821	0.6399468261131139
0.8217573006721208	0.8027548384408291	0.7837523762095372	0.7648698927613576	0.7466649280742657
0.688130123290179	0.6548982989727153	0.6216664746552516	0.5886555344034813	0.556891923843266
0.7855836956411623	0.764694459392152	0.7438052231431418	0.7234883597235175	0.7064036788630629
0.8052932641974138	0.7850750586419334	0.764856853086453	0.745078905927392	0.7277870926960387
0.8050447976468549	0.7817223687392397	0.7583999398316246	0.7351904463871158	0.7126186981594026
0.7549831407945996	0.7269756122773043	0.698968083760009	0.671396529395131	0.6462869158830418
0.8452767568004003	0.8208437536079356	0.7964107504154708	0.771831235634403	0.7464243716552478
0.7820461527256155	0.7482318499377315	0.7144175471498474	0.68014087624039	0.6432532180482747
0.6467653496984096	0.6107622203468059	0.5747590909952022	0.5396032872804912	0.5092323213583774
0.7369460180572291	0.7062909639411435	0.6756359098250578	0.645394192910836	0.6174865862588939
0.6994320352934461	0.6657408724781892	0.6320497096629325	0.5984793383835748	0.5655910754706246
0.7351455132608448	0.7060438579842048	0.6769422027075648	0.6481236036369994	0.6209034195951842
0.6692421426370185	0.6343486290119713	0.5994551153869241	0.5651773181800194	0.5343764642624205
0.6984809721481712	0.6668717395894641	0.635262507030757	0.6042418927319254	0.5765451987449979
0.8529051404248047	0.8346546329125137	0.8164041254002228	0.7981044830179318	0.7795273766092098
0.7811321906555138	0.7569327436956601	0.7327332967358063	0.7085983450089937	0.6848275970959928
0.7381039822403572	0.7093432620922709	0.6805825419441847	0.6524580568316917	0.6279263833971803
0.744641326884856	0.7155848194893094	0.6865283120937629	0.6578167299292229	0.6310529364412926
0.7618940922715423	0.7399536483853458	0.7180132044991493	0.6963253457197174	0.6760638320336857
0.6891970691636976	0.6591386041546651	0.6290801391456327	0.6002703381393688	0.5785117279038847
0.732591719839954	0.7034591421632941	0.6743265644866343	0.6455250571611298	0.6185931001705197
0.7639366732223828	0.7390983623494686	0.7142600514765545	0.6900984279920027	0.6697580501403385
0.7651044355471979	0.7346734520657502	0.7042424685843025	0.6743583348079397	0.6475622548114153
0.7519669366307921	0.7242174204596581	0.6964679042885242	0.6691962195239642	0.6446228430285232
0.7457750920773837	0.718982264861423	0.6921894376454623	0.665767315853798	0.6414385631835959
0.7300139024644999	0.701375765945347	0.6727376294261941	0.6445703516785908	0.6190620078130645
0.7901993089243479	0.7672360409911643	0.7442727730579807	0.7218486176073394	0.7024688239328731
0.6955968385335087	0.6577596774808763	0.6199225164282437	0.5821641287281822	0.5448505732130806
0.6970345375942306	0.6652807589258168	0.633526980257403	0.6023194551513901	0.5741966174145704
0.7935050331278817	0.7713404549679822	0.7491758768080828	0.7274125154431587	0.7079148205469866
0.7890843538663066	0.7626277860127285	0.7361712181591504	0.7099251714417169	0.6848679350759427
0.7445597334530889	0.7142570856847742	0.6839544379164595	0.6533866264829994	0.6213214389865844
0.7798701792740853	0.75849883614651	0.7371274930189348	0.7164546687050056	0.6997263718228567
0.7954294138181489	0.7720747466046952	0.7487200793912415	0.7257149627155678	0.7046837537688352
0.8039506275922035	0.7804444818476046	0.7569383361030059	0.7335439175601933	0.7107804211968729
0.7415409212563613	0.7121147989227932	0.6826886765892252	0.653868673000144	0.6284714147513998
0.8117342024618656	0.7876919916628184	0.7636497808637712	0.7396194079333559	0.7156558833062927
0.744502851911205	0.7215078703750347	0.6985128888388644	0.6760656890511578	0.6567118062811631
0.7107386543297018	0.6806533354699571	0.6505680166102124	0.6207427043114977	0.592385645970143
0.7282673395230888	0.6959524266556062	0.6636375137881236	0.6315090613299127	0.6004335485849122
0.7070626852520258	0.6794377701026041	0.6518128549531825	0.6244290525359762	0.5984068108495554
0.7664565007660611	0.7403497301713602	0.7142429595766593	0.6882938968847001	0.6632354088435883
0.7941939243759799	0.7708120347005636	0.7474301450251472	0.7240410949587008	0.7006116102492805
0.6782400788507217	0.6450564915668624	0.6118729042830031	0.5789710831484668	0.5476603921075489
0.679037817280204	0.6443412127429659	0.6096446082057279	0.5754789894991206	0.5443118414620098
0.757503059003536	0.7369678520730951	0.7164326451426543	0.696959933009984	0.6834871163619517
0.722782786445152	0.6913639741636503	0.6599451618821486	0.6286481373127015	0.5980388465045631
0.7690540655831206	0.7423235052854106	0.7155929449877004	0.6892114549181785	0.6648011602750455
0.7400430486683913	0.71396681002677	0.6878905713851485	0.66213005397434	0.6381524105984281
0.8163430469849569	0.8024185108156501	0.7884939746463433	0.775054384246975	0.7643532768420206
0.7771996199907117	0.7524317776726068	0.7276639353545019	0.7032816611501393	0.6810766854977484
0.6635098616717403	0.6275730930466739	0.5916363244216074	0.556176103946749	0.5234069452075762
0.7422014398441336	0.7147789971147978	0.6873565543854618	0.6604072916882178	0.6361300710037214
0.7849597623452524	0.7582468976174146	0.7315340328895766	0.7047286254988679	0.6774006307917217
0.7367688203565497	0.7087798701715669	0.680790919986584	0.6528903944234044	0.6254892016477359
0.7603333449339493	0.7328926477666874	0.7054519505994256	0.6783035217402642	0.6528055285404157
0.8095438363539722	0.787941588026024	0.7663393396980758	0.7445419016882326	0.721642229866509
0.7107957049151662	0.6766674661317686	0.6425392273483712	0.6083564557739957	0.5738657381776341
0.7966148821175268	0.7701040286866133	0.7435931752556998	0.7166488153921576	0.6872564498601194
0.710607239052753	0.6801976651982992	0.6497880913438453	0.6196313638607213	0.5909024568288901
0.7345706223219028	0.7084041126941073	0.6822376030663118	0.6564453589296129	0.6327665875692495
0.8111017920529933	0.7794434067625741	0.7477850214721549	0.7159666306102352	0.6832446901893185
0.7128577985120419	0.677930505975094	0.643003213438146	0.6084150265193881	0.5757417649928884
0.7632200664020437	0.7343110768214014	0.7054020872407593	0.6761238336491138	0.6447603505797275
0.7313560943307723	0.7072597834082689	0.6831634724857656	0.660107197224497	0.6429239909709995
0.7994785430475907	0.775110626152798	0.7507427092580052	0.7267813178791266	0.7051155712529946
0.7955056928456644	0.7694292751885374	0.7433528575314104	0.7173942228279786	0.6921007070630356
0.6539404691474747	0.6170317996959179	0.5801231302443611	0.544089474226191	0.5129970086580733
0.7530589441464436	0.7252695078824759	0.6974800716185081	0.6695803174800239	0.6410575996163751
0.718643853138196	0.6825912737244145	0.6465386943106329	0.6103964787150753	0.5737480886672502
0.7465532447756256	0.7167769333443837	0.6870006219131419	0.6571809169224622	0.6271161690178018
0.7607942103518651	0.7348497850487538	0.7089053597456424	0.6836732846403075	0.6624638426284131
0.7238392090936703	0.6908398545036956	0.6578404999137208	0.6243570094265454	0.5881396092866727
0.781822001995769	0.7591684557614314	0.736514909527094	0.7143641308291868	0.6950524744290838
0.7844711467606585	0.7583703307276886	0.7322695146947186	0.7067371958772051	0.6844151740731009
0.8122212465839822	0.7970408034130347	0.7818603602420873	0.7675111270195889	0.7578557264887423
0.7547981207882658	0.729533933238368	0.7042697456884701	0.6793418340603761	0.6563128685627074
0.7397803590500304	0.7086606852171344	0.6775410113842386	0.6468577341823101	0.6186387835645177
0.704431915704102	0.67260178224515	0.640771648786198	0.6090305588690336	0.5777922967731708
0.7378106543385857	0.7081328456047424	0.6784550368708993	0.6486537066820321	0.6181548523059324
0.7747086318368144	0.7492655416040549	0.7238224513712954	0.6986073102060226	0.6746793947133938
0.750717132767839	0.7251122278781391	0.6995073229884392	0.6743027399218711	0.6513587694287014
0.7974071667750956	0.7710345990493914	0.7446620313236872	0.7184161075320562	0.6928853405297063
0.7818432130175282	0.7542040348080733	0.7265648565986184	0.6991626684946378	0.6730987606972744
0.7562973936849914	0.7309847145239552	0.7056720353629189	0.6808020678492479	0.658432087742194
0.7058540451583388	0.6731965002240898	0.640538955289841	0.6080418948557345	0.5764510884849694
0.7547338016732033	0.7286689929886927	0.7026041843041821	0.6768334810746045	0.6527235878506495
0.6758793490555478	0.6389892151510352	0.6020990812465227	0.5655247145152322	0.5307334812550779
0.7780871714726278	0.7503824395382848	0.7226777076039418	0.6951633125218555	0.6687237473804069
0.7026939751631781	0.6652990914646922	0.6279042077662064	0.5903610056478813	0.5519802511769714
0.7048806782678351	0.6722622942632565	0.6396439102586778	0.6075399714479526	0.578341098527593
0.7394512941591539	0.7138652638151991	0.6882792334712443	0.6634412928570762	0.6428278060484884
0.8009200620556554	0.782864434244917	0.7648088064341788	0.7474574840738084	0.7340833662139534
0.722559136124881	0.6882746488759646	0.6539901616270481	0.6200806788900239	0.5882888421709772
0.6666134814106682	0.6303374534979856	0.594061425585303	0.558453310625372	0.5266168921648071
0.7573218109604006	0.7273301984459842	0.6973385859315677	0.6675436532648903	0.6388593693588885
0.7315871052333541	0.7042041048441473	0.6768211044549406	0.6497422414069751	0.6243808383072869
0.7578504658523523	0.7349179489722479	0.7119854320921437	0.6899881926307461	0.6732724536276629
0.6807508199793796	0.6470214214464035	0.6132920229134275	0.5802294489080146	0.5509324250778744
0.7704689132743495	0.7396552885424096	0.7088416638104696	0.6784548759616912	0.6504784309149021
0.7142631005715366	0.6816949829024435	0.6491268652333504	0.6167353676155131	0.5853412413262226
0.7264802593863647	0.6971356761614865	0.6677910929366084	0.6392074907113721	0.614921139139246
0.7870439348737595	0.7634570571267476	0.7398701793797358	0.7162980487236738	0.6928091947147882
0.7059724128397882	0.6775400067374131	0.649107600635038	0.6213569867245832	0.5974564452119858
0.7485245407893977	0.7209885994868416	0.6934526581842855	0.6663274236232171	0.641521445145974
0.7014322754576814	0.662744810075821	0.6240573446939606	0.5857305937543988	0.5494407929798003
0.6817642182673772	0.646365625589834	0.6109670329122908	0.5761358732844393	0.5445090013385826
0.7040583634261071	0.670280412005764	0.636502460585421	0.603386834093778	0.574011348596151
0.7555156083030276	0.7224440225133357	0.6893724367236439	0.6565137150649688	0.6248570346221274
0.7683316499564716	0.7425023585805132	0.7166730672045548	0.6915948507265648	0.6707579452633687
0.7183601769465263	0.6805176466833285	0.6426751164201308	0.605108409528515	0.5690992739353038
0.704767247073686	0.6673374932674596	0.6299077394612331	0.5921483446249243	0.552527470812819
0.7486941632006783	0.720362266852108	0.6920303705035379	0.6643438713939517	0.64030192281591
0.7987900387216822	0.7684759433878667	0.7381618480540513	0.7081079284308962	0.6795232179510511
0.7395694163431871	0.7058926940849127	0.6722159718266384	0.638243102187524	0.6025978918114782
0.7411109151713315	0.7189465813500658	0.6967822475288	0.675420228606371	0.658588872374139
0.6783457620875792	0.6471100337912306	0.6158743054948819	0.5852479024727384	0.5580623520261098
0.8120605220657681	0.7945004213641786	0.7769403206625893	0.760186537445446	0.7479860194718254
0.7112356122845225	0.6868640425261052	0.6624924727676879	0.6389664958680502	0.6202155717836161
0.7709546565805439	0.7385992488130879	0.7062438410456319	0.6734350084068079	0.6380656909128561
0.7847631301363999	0.7586947524429122	0.7326263747494246	0.7066815880283247	0.6814347180581845
0.8004387444682742	0.779485911690241	0.7585330789122077	0.7377659344185207	0.7180473694577755
0.7458907574409751	0.72304307438019	0.700195391319405	0.6781011185682065	0.6602613448734292
0.6591669833738282	0.6196525818439582	0.5801381803140883	0.5408548867357376	0.5028766570105874
0.7186553851349861	0.689805675146038	0.6609559651570898	0.6326924432908413	0.6077391187807721
0.7004964977739674	0.6683904400543232	0.6362843823346791	0.6045611074755574	0.5749994028766049
0.7428565930119662	0.7189956315452182	0.6951346700784702	0.6720884091324647	0.653642752336231
0.8037089461727899	0.7822477782736075	0.7607866103744251	0.739480631419695	0.7190510025883151
0.7292550655713981	0.6947487585523228	0.6602424515332476	0.6257490281673197	0.5913283586374642
0.6581599287800397	0.6266477419734634	0.5951355551668871	0.5642283689546952	0.5367376139025108
0.7060650002569803	0.6719716696142993	0.6378783389716185	0.6040671477585748	0.5718491945486451
0.7076957908562687	0.6809439442905008	0.6541920977247329	0.6282339659865999	0.6067579324388852
0.7137268384703465	0.6814901091374648	0.6492533798045832	0.6174582414601234	0.5881567621745581
0.7320819185392272	0.7055185074460883	0.6789550963529494	0.6527522696013357	0.6285856583371654
0.6850183983556388	0.6546917345800939	0.624365070804549	0.5946441877015316	0.5683441408505178
0.7483941924879602	0.7176015889760087	0.686808985464057	0.6561723168267737	0.626416210571897
0.7406597650816372	0.7095090539886405	0.6783583428956439	0.6477448500330756	0.6201650221275268
0.7425414106402805	0.7146188288692833	0.686696247098286	0.6589686297365411	0.6323419740747429
0.7815276383414302	0.7528406911308155	0.7241537439202009	0.6956240514119918	0.6679823743377229
0.773260287086872	0.7433429271897779	0.7134255672926837	0.6839637760144848	0.6570745753081996
0.665746184790995	0.6258876266970567	0.5860290686031183	0.5467313709485752	0.5106008455238632
0.7473333280059251	0.7187272570812895	0.6901211861566537	0.6616652075183995	0.6340567982359938
0.7445407909249775	0.7095713147688407	0.6746018386127038	0.639570360700705	0.6041887596108644
0.731618425350037	0.7018850499547516	0.6721516745594662	0.6430570332347142	0.6175693156085235
0.7414796015918473	0.7115091426692143	0.6815386837465812	0.6513440322149014	0.6198833676867047
0.7184964996483781	0.6911565365206899	0.6638165733930015	0.6370864856796793	0.6138003571768157
0.743472820579983	0.7135395014336731	0.6836061822873631	0.6541703973761208	0.6275441823721359
0.7395506671766121	0.7038251617267162	0.6680996562768202	0.6326211857116271	0.5985377182018717
0.6825890076249822	0.6458561672853423	0.6091233269457024	0.5728537718933284	0.5392003833473679
0.7519187999173126	0.7258272196547326	0.6997356393921528	0.6741436041391781	0.6513724936133581
0.8249981933399887	0.8013515443802003	0.7777048954204119	0.7539312129845113	0.7294401740200676
0.6970988420762827	0.66788577090465	0.6386726997330171	0.6100511450285145	0.5847698767778091
0.7328547407117566	0.7059440553467622	0.6790333699817678	0.6527076518271862	0.6296852365516221
0.720126422992886	0.6866113760319125	0.653096329070939	0.6195863019889177	0.5861046221036282
0.7327765429202486	0.7008310736867005	0.6688856044531524	0.637260181782685	0.6074420582469809
0.759526996017443	0.7277498819892074	0.695972767960972	0.6643050667981434	0.6332552187848022
0.7790408630314335	0.753021063305245	0.7270012635790565	0.7010989685847653	0.6758602214137803
0.8178034259429863	0.8003740192450642	0.7829446125471422	0.7662585416296376	0.7537700790221734
0.7548988778150291	0.7314935327141865	0.7080881876133439	0.6852815620812566	0.6658558988321618
0.6561499924078507	0.6200434673657774	0.5839369423237041	0.5481551465497277	0.5142070930900411
0.7408374574994016	0.7095862312772114	0.6783350050550213	0.6472931562907841	0.6174336595410621
0.6854221711633114	0.6558902642931926	0.6263583574230738	0.5974157844409828	0.5718011729144591
0.7527518896189038	0.7220587427439455	0.6913655958689873	0.6608390263007231	0.6312531168019235
0.8917652102209909	0.872098007897485	0.8524308055739792	0.8329695970661221	0.8146716331849371
0.7925157013951031	0.7706420815856699	0.7487684617762368	0.7274894255878149	0.709567996034673
0.7189656262613605	0.6903657815292431	0.6617659367971256	0.6340042786477609	0.6109758501609746
0.7412132844055401	0.7089845234625768	0.6767557625196133	0.6444882546677569	0.6120019434822765
0.7194907980857368	0.6935291675237135	0.6675675369616904	0.6425606200333971	0.6229449596384609
0.711342683362732	0.6808981777264147	0.6504536720900973	0.6201167740233566	0.5903875346220244
0.6676958998971606	0.6351461666622319	0.6025964334273032	0.5711439716351302	0.545887788628158
0.7236958589784606	0.6997373402058144	0.675778821433168	0.6526082330354693	0.6338870780926696
0.7058753823157738	0.6737140253380001	0.6415526683602263	0.6098148401722422	0.5804686740223264
0.6930635847329432	0.6615718013404374	0.6300800179479316	0.5993788468757166	0.5731422541718528
0.689469946160182	0.6522128959943583	0.6149558458285346	0.577805434829515	0.5412572139369654
0.7648114281933511	0.7361232329382198	0.7074350376830885	0.6786782263111805	0.6495339405440225
0.803753887277596	0.7791902766250723	0.7546266659725487	0.730398037469406	0.7080610491792064
0.7404165402842564	0.711205214327949	0.6819938883716417	0.6532462741760705	0.6271172347775269
0.7292369615063121	0.7030474704096965	0.676857979313081	0.6514125869737597	0.6301691114658267
0.750318148790536	0.7192315573970061	0.688144966003476	0.6570139662029039	0.6256321926560028
0.7560606354050856	0.7352547067992292	0.7144487781933729	0.6946268842590394	0.6803618224097058
0.7054034909854422	0.6818633945420632	0.6583232980986843	0.6360665404435524	0.6210567816603408
0.6547078277225181	0.6228067968624017	0.5909057660022852	0.5596228304749972	0.5318302719399495
0.6895002732916584	0.6535769108353802	0.6176535483791018	0.5820534194742705	0.5482785865895979
0.7626908455697192	0.7311084757341373	0.6995261058985555	0.6681151144582207	0.6376718947773011
0.6835106606716944	0.6485864163336994	0.6136621719957043	0.578908297842292	0.5451165020946657
0.7615129081595543	0.7369700461146751	0.7124271840697958	0.6881567855358675	0.6654249852073258
0.7814771780929414	0.7546123103613177	0.7277474426296942	0.7010348153299801	0.6751818879383596
0.757055345883488	0.7348130572328032	0.7125707685821185	0.6908485867851064	0.6720634422041142
0.7736960593503894	0.7456971507457112	0.717698242141033	0.6898226536858517	0.6626434526479872
0.7297219269904859	0.704258152498041	0.6787943780055962	0.6538709995138345	0.6319992308099224
0.7719301801025316	0.7452845291564073	0.718638878210283	0.6920959498344265	0.6661330945909858
0.8153779250297648	0.7984436408167026	0.7815093566036404	0.7649223369454069	0.7502963160975804
0.7701815674004536	0.7429662306146216	0.7157508938287895	0.6886079378701095	0.6618737155813872
0.7719338671293698	0.7506886767533433	0.7294434863773168	0.7085808955859623	0.6898788400982295
0.7476813629081406	0.7268675642529272	0.7060537655977138	0.686483651736802	0.6739366111156843
0.8256248454662413	0.7955242214585184	0.7654235974507957	0.7347465759850137	0.7008146449298183
0.6924235076134204	0.6606838469640863	0.6289441863147524	0.5977520515458791	0.5696517889111491
0.7919852296637551	0.7722315209249968	0.7524778121862384	0.7330297723677108	0.7153078413057958
0.7288557062799983	0.6998565215373851	0.6708573367947718	0.6421343297906232	0.6149708951904514
0.7292929457019136	0.7035884158045507	0.6778838859071878	0.6532099070819717	0.6343554379027653
0.6709947277978072	0.6333427962417433	0.5956908646856793	0.5586238659936228	0.5248599762268416
0.8149752022228353	0.7879157224859857	0.7608562427491363	0.7335990263805221	0.7052251936044093
0.8282425353886352	0.8054926397695936	0.7827427441505519	0.7599642444778669	0.7370242180545037
0.7646058951346415	0.7400509279492067	0.7154959607637718	0.6911267071208189	0.6678061756432002
0.7511077400172365	0.7281583438510799	0.7052089476849234	0.6826345116026709	0.6621774706540748
0.7426133660827565	0.7146533699599058	0.6866933738370551	0.6587762808774483	0.6311014615703475
0.7354104513457553	0.7074948495798525	0.6795792478139496	0.6520351435865858	0.6265888815403896
0.7306547364111139	0.6960395300649572	0.6614243237188004	0.6268764874245942	0.5927090890123862
0.7007627958168071	0.6672936926349671	0.6338245894531269	0.6006384928580117	0.5690505310917693
0.7765345307654207	0.7520864364393378	0.727638342113255	0.7031828150744932	0.6786853155956454
0.7626439330733891	0.7309470696273572	0.6992502061813253	0.6676666270254604	0.6367227629086529
0.6654743301530575	0.6297873339158199	0.5941003376785823	0.5592291374876364	0.5289647278662074
0.7819291605104853	0.7587381355609404	0.7355471106113954	0.7125992570328181	0.6910245892935722
0.6683649683906476	0.6284341896188343	0.5885034108470212	0.5493894596031303	0.5148881236932563
0.7967357472636926	0.7803718139640456	0.7640078806643987	0.7481135845442763	0.7348713239905958
0.7485006474661613	0.7262245529199638	0.7039484583737662	0.6822425651056386	0.6637565916722297
0.6922977732132964	0.6597957119375905	0.6272936506618844	0.5955219354181556	0.5678744755295382
0.7515387102281751	0.7215189611292104	0.6914992120302458	0.6611025904447009	0.6285777744103342
0.7967273679653566	0.7734451803761039	0.7501629927868512	0.7277996944975994	0.7106253531552669
0.7734391994327423	0.746935729748509	0.7204322600642756	0.6942941015830724	0.6702188511200039
0.8336582521258767	0.8141327484557278	0.7946072447855788	0.7753134663920813	0.7573282378794638
0.6849319062628388	0.6548688779148456	0.6248058495668525	0.5954757307846852	0.5702843436027799
0.8267425981476771	0.7994110065204327	0.7720794148931884	0.7446932761278755	0.7169991103227273
0.7172509330354467	0.6859449662506983	0.6546389994659498	0.623861449178589	0.5960678605664628
0.7290320032284135	0.6982210104382476	0.6674100176480815	0.63687329098634	0.6078853418894176
0.7764220991029792	0.7515347617560042	0.7266474244090291	0.7016178668893455	0.6757851937460853
0.720052446194721	0.690506988443888	0.6609615306930552	0.631551556277743	0.6029066546465423
0.7676746581422965	0.7438852234121448	0.720095788681993	0.6966954311883331	0.6754921882210705
0.7535902085945843	0.72216404210175	0.6907378756089156	0.6595214342913744	0.6294893085440326
0.7368463368005012	0.7058598351463498	0.6748733334921984	0.6439343224535367	0.6132634903556442
0.7133763533694448	0.674679616575733	0.6359828797820213	0.5974931881860023	0.5601726783585516
0.7617014944760051	0.73585537940129	0.710009264326575	0.6845523998982506	0.6612936292399589
0.7771339146265488	0.7539897415596786	0.7308455684928085	0.708136426812228	0.6878839021953287
0.7130647051653962	0.676536581165222	0.6400084571650478	0.6036784620543404	0.568467298425709
0.6985022243840021	0.6685174672755347	0.6385327101670675	0.6090233979054801	0.5821989170388087
0.7672333963212985	0.7388978229302138	0.7105622495391292	0.6821940543682756	0.6536416443951029
0.7572085212129395	0.7300296817989267	0.7028508423849138	0.6759732488534914	0.6507967872377375
0.8030546807712523	0.7762549293125269	0.7494551778538014	0.7224963474274005	0.69463919996278
0.8077983726347138	0.7862303817984254	0.7646623909621371	0.7427335534381723	0.7187670189611683
0.774645372807473	0.7447256053175674	0.7148058378276616	0.684775513641173	0.6541208771041513
0.8345062043864004	0.8116859769160047	0.788865749445609	0.7658878243509203	0.7420193826476619
0.7069735095037253	0.6718726180440348	0.6367717265843442	0.6016540569388112	0.566441641077402
0.777809207584883	0.754124855327343	0.7304405030698029	0.7069791201976634	0.6847768427926598
0.7572571566144387	0.7266259982002197	0.6959948397860005	0.665807649804101	0.6381275442785075
0.7351569192720296	0.7014014422704445	0.6676459652688596	0.6340068361706382	0.6010247222987536
0.6913370297009706	0.6596397293350158	0.627942428969061	0.5966113897254678	0.5673486226831749
0.7919174956501045	0.7699199474177227	0.747922399185341	0.7264249562913618	0.7077516022945908
0.7548390740739785	0.7276878030465075	0.7005365320190363	0.6737351916277552	0.6489099053766153
0.7206468095331333	0.6909992353557238	0.6613516611783142	0.6321785801006581	0.6056849559132154
0.6757513628482414	0.6399078585068546	0.6040643541654678	0.568505447241145	0.5345536585456986
0.7062511017906046	0.6726806152625834	0.6391101287345622	0.60572125281903	0.5733579298719654
0.7377322530062993	0.7137878432816571	0.6898434335570149	0.6663396438332765	0.645324030013467
0.740733575470779	0.7142969450074992	0.6878603145442194	0.6619963827418869	0.6393664734656747
0.7897294436723922	0.7677002077275915	0.7456709717827908	0.7241311027646814	0.7053546829605789
0.7026699682674171	0.6783569321011309	0.6540438959348446	0.6304491263891931	0.6109103999064868
0.6252703874068387	0.5896074869534181	0.5539445864999974	0.5190710848613189	0.48865530893959236
0.7318668729364356	0.7058409809055535	0.6798150888746712	0.6545141956117965	0.6333073617680012
0.747166409838718	0.7165341642222562	0.6859019186057945	0.6554454233108359	0.6259813879908552
0.779056575002387	0.7540274581305129	0.7289983412586387	0.7043340363618718	0.6817298203490975
0.7288794545715762	0.6995074390014047	0.6701354234312331	0.6413950651799012	0.616221668294494
0.7124915684186173	0.6769716975648804	0.6414518267111434	0.6063840567127523	0.5738692948667602
0.7355542639556318	0.7064282286417249	0.6773021933278179	0.6486771858049832	0.6228814762586098
0.7313556537411048	0.6966200554658564	0.6618844571906081	0.6268835679760656	0.5903845839829642
0.7284197580423893	0.7012569194481102	0.674094080853831	0.647428859850877	0.6235736794669765
0.6997793642282862	0.6655659136474421	0.6313524630665979	0.5970681860801241	0.5623839532235393
0.7592383757136975	0.7255465048133393	0.6918546339129811	0.6578586633871157	0.6221454458932755
0.6984433592374261	0.6623597218297851	0.6262760844221442	0.5904976948279023	0.556443036005002
0.6924944246806606	0.656636961485539	0.6207794982904175	0.5853550125909983	0.5523755456595444
0.7283343826912048	0.7027516427472077	0.6771689028032106	0.6521073700109591	0.6299890878048571
0.7596173537668032	0.7328899506010085	0.7061625474352137	0.6791604083275533	0.6506068386241612
0.7329112387196878	0.7015207228368543	0.6701302069540207	0.6392130244753934	0.6109687501000189
0.6769051576326752	0.6377914218046797	0.5986776859766844	0.5596237945366932	0.520907843643914
0.6607473548506222	0.625251991532694	0.5897566282147657	0.5551959796938327	0.5259136545131015
0.8474758993951054	0.8291703525029803	0.8108648056108552	0.7924198832172884	0.7731879090249519
0.7126987133328837	0.6849361028412321	0.6571734923495804	0.6300949968611056	0.606879690658024
0.7440712205209339	0.7080956438467069	0.6721200671724797	0.6360694779073358	0.5995952934335583
0.8105006908483355	0.7838558701305876	0.7572110494128396	0.7306973789773373	0.7049243126256451
0.6689076927106463	0.6373760551918537	0.605844417673061	0.5748707801020079	0.5470481615984325
0.7512477852438466	0.7267148124259878	0.702181839608129	0.6780361164214566	0.6560771872957613
0.6901233850022175	0.6509968893400616	0.6118703936779057	0.572757562556069	0.5337218949308744
0.7590686089284675	0.7352013483893541	0.7113340878502408	0.6883412354487088	0.6702861553990164
0.8018038960688704	0.7841470912097934	0.7664902863507165	0.7494552407385289	0.7359312621977011
0.7441867012487602	0.7207260872220496	0.6972654731953389	0.6745474194324836	0.6560225946468665
0.7737059061111772	0.7483541551281798	0.7230024041451825	0.6979155736176561	0.674324745750946
0.7520234835233939	0.7260048843208107	0.6999862851182276	0.6741795908495277	0.6495695212218578
0.7896810758977231	0.7647463702940718	0.7398116646904205	0.7152000323293296	0.6924127907260216
0.7125728315041853	0.6804844634881059	0.6483960954720265	0.6171697123785976	0.5908109478900685
0.7729174834216502	0.7372840261496285	0.7016505688776069	0.6655534844472439	0.6268383029685716
0.8283065478188582	0.8072789611745328	0.7862513745302073	0.7655680382798348	0.7468286799092566
0.6780978661222997	0.6474592042717312	0.6168205424211628	0.5871779455492304	0.5631601157634657
0.754995595815187	0.7261058747111742	0.6972161536071612	0.6688125742807542	0.6431542317898333
0.6397879750917751	0.60554083076347	0.5712936864351649	0.5380230436288606	0.5102666933018117
0.8216668840936014	0.7981745705929715	0.7746822570923415	0.7505672111006397	0.722935602139256
0.7353983322164415	0.7066904743172198	0.6779826164179981	0.6498614561618083	0.6250533705170533
0.7049112882314361	0.6716180413752849	0.6383247945191337	0.6053780214910551	0.5743877820487975
0.76658519661819	0.7417237162011445	0.716862235784099	0.6921377338094934	0.6681867474699882
0.7458907799718971	0.7178606231349848	0.6898304662980724	0.6623486622202301	0.6379633996502025
0.7697349748228177	0.7421507872317146	0.7145665996406115	0.6875844905955395	0.6640023119381826
0.7840381214987866	0.7580901919678315	0.7321422624368763	0.706337103947282	0.6813381718299913
0.7213778284701923	0.6927392422142509	0.6641006559583096	0.6358840797543994	0.6100505892945008
0.7064835694866168	0.678344235604317	0.6502049017220172	0.6227671411956655	0.59929115706514
0.7481614253285938	0.7159422145923956	0.6837230038561974	0.6513340681476584	0.6179866975391881
0.8294302367875688	0.8079460388180619	0.7864618408485551	0.7649688149287156	0.743425937678356
0.6021157473491829	0.5599571201162167	0.5177984928832505	0.47627146943967524	0.43831110508186555
0.7158980971230139	0.6811791383590362	0.6464601795950585	0.6122384226105931	0.5808243581608195
0.7736082091219095	0.7479567004967543	0.7223051918715991	0.6970337169420705	0.6739082877712455
0.7150932169889852	0.6835830415039896	0.6520728660189941	0.6208915893842297	0.5915676006444694
0.7115987389188461	0.6836744826362954	0.6557502263537446	0.6282767452748422	0.6033487864089727
0.6963985966402734	0.6634293858521699	0.6304601750640665	0.5979515679608329	0.5680439843871796
0.7472378049291587	0.7189410205074465	0.6906442360857343	0.6626066592958101	0.6360328249193185
0.7611702748696356	0.7351350943742356	0.7090999138788358	0.6834369019517985	0.6598755215033614
0.7580641028210562	0.7288670994755249	0.6996700961299936	0.6703953764366501	0.6406817934516471
0.7305045063147122	0.7000415751080319	0.6695786439013516	0.6392340822535342	0.6095579520966098
0.7064128529869105	0.6781614416903624	0.6499100303938142	0.6220003783846374	0.5960206370060209
0.6288367713818123	0.5891790895057417	0.5495214076296712	0.5105078588267297	0.4751317218257874
0.6840514542793041	0.6506965864624855	0.6173417186456669	0.5845054272415878	0.5545975306717841
0.7481884402331771	0.7177646104998266	0.6873407807664762	0.6565627539958472	0.6237845807688784
0.7677562193958734	0.7329357045148848	0.6981151896338961	0.6625250420585254	0.6225887878127578
0.8294906950062703	0.8051529338355217	0.7808151726647731	0.7561813612552923	0.7298757576692085
0.7711190756263931	0.7492577783853034	0.7273964811442135	0.706334729988639	0.6897880060673716
0.7221538524059435	0.6918526018876924	0.6615513513694413	0.6319237701488114	0.6061003914385541
0.7132191833418822	0.6801156405243752	0.6470120977068682	0.6135003009628959	0.5776830991523533
0.6967638221973144	0.6632099305212366	0.6296560388451587	0.5967195098636	0.5672692206744634
0.7011302964157399	0.6656312600809225	0.6301322237461052	0.5946880507267371	0.5595536901971117
0.817781660088215	0.7953400247143384	0.7728983893404617	0.7505604592108611	0.7288081513621132
0.742756005053383	0.7163663924277824	0.6899767798021817	0.6643999240583871	0.6434126967584103
0.7324748007288976	0.7080193309424199	0.6835638611559421	0.6600615283606416	0.6419415488169568
0.790263604368562	0.7640405913976557	0.7378175784267492	0.7115331276114873	0.6849017380199532
0.6643183612919784	0.6207973907259426	0.577276420159907	0.5342635115259863	0.49411962257932407
0.752369452879142	0.7248421039103339	0.6973147549415256	0.6708293161810845	0.6502275319737739
0.754166555958562	0.7282660331579096	0.7023655103572573	0.677306493753077	0.6569994526306608
0.7436644229940377	0.7122031020539004	0.6807417811137629	0.6495388347252621	0.6197949263564876
0.7255554373920838	0.6945968474065978	0.6636382574211117	0.632975932845084	0.6039866155121917
0.7477830911816278	0.7214171185777906	0.6950511459739532	0.6689418668537489	0.6442821327822512
0.6960733883553409	0.6632462506036096	0.6304191128518785	0.5982586609245336	0.5698629759172726
0.7505369644271912	0.721341219104948	0.6921454737827046	0.6629687696604305	0.6338995909678875
0.773825095847539	0.7438090477527127	0.7137929996578866	0.6838368919080264	0.6542192665731991
0.7091390454653944	0.6766914459091847	0.6442438463529749	0.6121081358251361	0.5817336589305881
0.7243554572651502	0.6956989606869073	0.6670424641086644	0.6390138205978453	0.6145306558904575
0.6541833225424432	0.6141309771707126	0.5740786317989821	0.5342829213561885	0.4959364253044296
0.7156259643200278	0.6907932267753142	0.6659604892306005	0.6416889606974158	0.6205865727767551
0.7326394799637301	0.6992158159940903	0.6657921520244504	0.6325301302610664	0.6001809001136753
0.7424803373033995	0.7211539644692009	0.6998275916350024	0.6791687294972981	0.6622792923226591
0.7972048367370199	0.7709995751933321	0.7447943136496442	0.7185267782013555	0.6919075827545328
0.838023235504295	0.817335425383569	0.7966476152628429	0.776332314936411	0.7581205729873549
0.75073549728105	0.7209811800654886	0.6912268628499272	0.662083606128569	0.6363910007494136
0.7439588400451157	0.7134112306604019	0.6828636212756881	0.6526119712585394	0.6240316002695946
0.7623763005078122	0.7279159183473104	0.6934555361868084	0.659037215525352	0.6248564156486834
0.8111939042822499	0.79206999250947	0.7729460807366899	0.7544754549634612	0.7396939274588639
0.7045396575381617	0.6687636202595295	0.6329875829808973	0.597379998141538	0.5627236622230115
0.7487703671691474	0.724342201686419	0.6999140362036906	0.6759457801198163	0.6545746269406497
0.8108068337139372	0.7887667799067516	0.7667267260995658	0.7451009201547689	0.7258143669614047
0.7509381963770251	0.7263188845624297	0.7016995727478342	0.677226175897001	0.6535767591108743
0.679120814921977	0.6398618266683531	0.6006028384147293	0.5613429314622986	0.522077836628634
0.7538556496623618	0.7274374140903128	0.7010191785182637	0.6751574538359193	0.652438339528042
0.723613230623921	0.6939920892535476	0.6643709478831742	0.6350318755769429	0.6072856439207115
0.6786120145699922	0.6435293612963302	0.6084467080226682	0.5736803123920585	0.5406998199098818
0.735638711132487	0.7131293997262945	0.6906200883201021	0.6690230747033725	0.6525777958519607
0.7731495422373189	0.7419722787460081	0.7107950152546973	0.679161326360912	0.6449502086485323
0.7303154569846213	0.697390825850799	0.6644661947169767	0.6318876222338231	0.6012632388346301
0.7427661224205536	0.7125306593369914	0.6822951962534294	0.6519601730747279	0.621062935223042
0.7163039198115194	0.6860416195467196	0.6557793192819198	0.6257381564703975	0.5969457542271039
0.7613791363270448	0.7341839498555115	0.7069887633839782	0.6801652210457346	0.6554403487074724
0.6989994206869331	0.6643677315095526	0.6297360423321721	0.595586230583223	0.5641575749406964
0.650675139695771	0.6149977713302628	0.5793204029647546	0.5436715624616612	0.5081838184582843
0.7609327820345235	0.7365145948066977	0.7120964075788718	0.6879166718272275	0.6650834687251997
0.7221587014625513	0.6905820213358524	0.6590053412091536	0.6277594152376678	0.5983812540463499
0.7527133933516404	0.7301460258657316	0.7075786583798229	0.6852850350225688	0.664537241503642
0.6787237291574941	0.6436151607642199	0.6085065923709457	0.5739699605655723	0.54266304786889
0.7148805371511138	0.6863491712170964	0.657817805283079	0.6298054724483675	0.6047241133515386
0.7190569368555368	0.6839586448989368	0.6488603529423367	0.6140996595461092	0.5812453812045715
0.6847891002000797	0.649818473590752	0.6148478469814243	0.5803359954682692	0.5484148414660721
0.7396900725561352	0.7124623439274526	0.68523461529877	0.6584387474981086	0.6340815926562995
0.7839770930383494	0.7597539251666202	0.735530757294891	0.7122091132779337	0.6939783637452496
0.7392782439944683	0.7102585316935232	0.6812388193925779	0.6525805172526122	0.6259630939927249
0.7968292943875627	0.7759506916661406	0.7550720889447187	0.7343148430226142	0.7142428975027179
0.7345672817343903	0.7021899754212294	0.6698126691080686	0.6381763159167338	0.6107241161907166
0.7522493309003436	0.7265086396602036	0.7007679484200635	0.6758633472670353	0.6556801368906386
0.7255686864728241	0.6904640730493035	0.6553594596257829	0.6203107800189364	0.5855779580095163
0.7939744136376894	0.7708840930762789	0.7477937725148684	0.725532827261474	0.7079553545070282
0.7552294723713016	0.7352743919561815	0.7153193115410615	0.6959404080748287	0.6798151689853387
0.692926709840327	0.6535640761525043	0.6142014424646816	0.575098951897239	0.5374654864361817
0.7273564918441849	0.6926464533798211	0.6579364149154574	0.623253914960332	0.5887269246393054
0.8514085356986502	0.8340554401817707	0.8167023446648912	0.7996521483493392	0.7843124202206982
0.8020483739467232	0.7720535630544555	0.7420587521621876	0.7115033053438772	0.6777819541199661
0.6954150280861708	0.6562538405261902	0.6170926529662094	0.5784828386559235	0.5429866225280812
0.7792679429888003	0.7546368563466037	0.7300057697044071	0.7055943520439056	0.6824234025100747
0.7649619568888419	0.740771453611698	0.716580950334554	0.6929253505604465	0.6722903445053102
0.7646598319389551	0.7376390340194207	0.7106182360998863	0.6839999852838469	0.6596549131729473
0.7974028221770705	0.7718578615967594	0.7463129010164484	0.7208946292016629	0.6961917673388381
0.7422965854360507	0.7126590744662046	0.6830215634963586	0.653706178546396	0.6262098353990285
0.7610681123556198	0.7346008590316935	0.7081336057077672	0.681852215703918	0.6566203936577
0.7081972033131014	0.6762410000605938	0.6442847968080863	0.6130701619267525	0.5860431548164828
0.6774847155318479	0.6430323606872271	0.6085800058426063	0.5743582506032539	0.5414386885918695
0.7251110301864508	0.693823741175571	0.6625364521646913	0.6318378340282551	0.6044634333175635
0.7908608915974387	0.7696438167700375	0.7484267419426361	0.727929918515339	0.7115003461770404
0.7215531008418051	0.6845257153919423	0.6474983299420795	0.6103814017961225	0.5727588271104329
0.6827646812522123	0.6465407780469337	0.610316874841655	0.5745758262385479	0.54156145183035
0.7565623078147222	0.7294703597792884	0.7023784117438546	0.6760894210913355	0.6543347212289605
0.7422869605988277	0.72476958620515	0.7072522118114724	0.6907591141448383	0.6800500949720507
0.7243689719457378	0.6879804142881295	0.6515918566305213	0.6151018833399766	0.5780392171765785
0.7503007578235982	0.7203391677515518	0.6903775776795055	0.6607736182555108	0.6331891948470487
0.6680905511094546	0.6397801964442246	0.6114698417789947	0.5842593329557006	0.5632596405191556
0.7465571118491822	0.7163476521387968	0.6861381924284113	0.6560751374842954	0.626838828513818
0.653633373471975	0.6189203967469507	0.5842074200219263	0.5500564260712626	0.5190789421626308
0.7183149139604709	0.6843278122752487	0.6503407105900267	0.6165368472802841	0.5837677288972546
0.744457283842455	0.7118116679551717	0.6791660520678884	0.6461657124712505	0.6111622523073257
0.8208960649433455	0.7972634147124267	0.7736307644815079	0.7501551538598934	0.727566344044035
0.792216388927645	0.7612115083459187	0.7302066277641923	0.6991629944611469	0.6679005250017758
0.7559195111777401	0.7262005897124737	0.6964816682472074	0.6669985031912615	0.6388466517744272
0.7446580655004534	0.7192954294056608	0.6939327933108683	0.6688941659573134	0.6456852121114445
0.8187393648456147	0.7947187344735942	0.7706981041015736	0.7465868411147274	0.7219637768300358
0.7914927463007414	0.7709060964497253	0.7503194465987091	0.7305159257880726	0.7151347253531416
0.8290669293815495	0.8037596020766999	0.7784522747718504	0.7529776451725226	0.7265582615063364
0.6865888308670107	0.6498893162725419	0.613189801678073	0.5767524973055347	0.5417958909372483
0.7686476680216717	0.7453049456226908	0.72196222322371	0.6992591847894243	0.6801684340947342
0.700965256128519	0.6714841721368655	0.642003088145212	0.6132443357426508	0.588564581231562
0.6843637368364471	0.6413612885155915	0.598358840194736	0.5552210089319453	0.5113186718064274
0.7448376835766097	0.7139089123780755	0.6829801411795414	0.6517766643073148	0.6190219277633713
0.7498481923955556	0.7273725014190213	0.7048968104424872	0.6831655215197568	0.6656378621401966
0.8189318567653926	0.7888719256821968	0.7588119945990008	0.7282232303194052	0.6946481512702092
0.7211446060108402	0.6924119788477415	0.663679351684643	0.6352537326359745	0.608561784757633
0.6815206590726116	0.6490025083742232	0.6164843576758349	0.5847305822329563	0.5572932247656999
0.6644497788970485	0.6254028933882017	0.5863560078793547	0.5471772168633426	0.5072535570173842
0.7358351267333553	0.7056055005963601	0.6753758744593648	0.6452987661574101	0.6160829242557307
0.7435462139753174	0.718688139501512	0.6938300650277065	0.6693910626194852	0.647318555180757
0.6983777256151938	0.6659539572356168	0.6335301888560398	0.6015098595649898	0.571767746007945
0.6187670572523492	0.5801610504847666	0.541555043717184	0.5040323510689554	0.4726271203667003
0.7555795380938903	0.723766964219099	0.6919543903443077	0.6603400916915049	0.6298454508587881
0.7040462383993841	0.671851686317934	0.639657134236484	0.6077626406367631	0.5775625737141723
0.7790465747620369	0.7541446559095114	0.7292427370569858	0.7045860321588377	0.6813140475442396
0.7969927325644168	0.7739826202742428	0.7509725079840689	0.7279979762309798	0.7052243673475793
0.7357300140870225	0.7085869071321967	0.681443800177371	0.6552731799508053	0.6345941807109966
0.7572404271329909	0.727493008874566	0.6977455906161412	0.6679125642344867	0.6375961097992631
0.7767803574506611	0.7448528894939804	0.7129254215372998	0.6808744459332977	0.6481260241139957
0.8415300033018345	0.8227782738697751	0.8040265444377156	0.7852398850872394	0.7662559769029549
0.7481087697717906	0.7210708734324239	0.6940329770930571	0.6671625640028392	0.6412379268283519
0.7610067874965849	0.7325432010525262	0.7040796146084676	0.6760760506271555	0.6506702280210076
0.6982112038683652	0.6699948786521072	0.6417785534358491	0.6145025553112793	0.5925365730882842
0.7111689465897523	0.6849525689101122	0.6587361912304723	0.6330417328782271	0.6102945467595506
0.7620703885081767	0.7349372367694746	0.7078040850307727	0.6808516040220873	0.6549193684767269
0.732922889449308	0.700566657158511	0.668210424867714	0.6358369719333691	0.6033662742297489
0.6569480017700112	0.6270886720120047	0.597229342253998	0.5682079714480834	0.5439185448771126
0.8302154458877385	0.808222885922099	0.7862303259564595	0.7640458474052821	0.7407776068844442
0.744355485859675	0.7109115892895047	0.6774676927193344	0.6437221758913662	0.608273413055385
0.7492481118523485	0.7219815598780676	0.6947150079037865	0.6677253539011299	0.6422993394505354
0.674528734802918	0.6395227332214201	0.6045167316399221	0.5700390003894424	0.5385444054144485
0.7560074510190651	0.7263891015666363	0.6967707521142074	0.6672752554416645	0.6384735069558051
0.7077783280467249	0.676875896596038	0.6459734651453509	0.6158681058290918	0.5902638033747759
0.6912307420347528	0.6561150503579544	0.620999358681156	0.5864992620002875	0.5554754229389349
0.7392368711308421	0.7143236907732154	0.6894105104155888	0.6649963259976777	0.6433999657157848
0.6736609204736153	0.636583474708261	0.5995060289429068	0.563004531977941	0.5297554110378588
0.7198865673916163	0.6894246999208878	0.6589628324501593	0.6292632688715111	0.603868426303837
0.762969137725267	0.7390422727201895	0.7151154077151122	0.691693402895656	0.6711223375390922
0.7108339274768524	0.6822040848093552	0.653574242141858	0.6258024198621689	0.6028758285062823
0.7008135544986536	0.6676179251332328	0.634422295767812	0.6015694209061567	0.5706520766502026
0.7178060344684515	0.6888623498325476	0.6599186651966437	0.6312478401239602	0.6041178497591183
0.6573479892365833	0.6245344753559058	0.5917209614752283	0.559340473719054	0.5294052793371047
0.8068111423661428	0.7855426974081205	0.7642742524500984	0.743147032049438	0.7228173050443344
0.6967071027794505	0.6661891001050327	0.635671097430615	0.6052395158726093	0.5752959533310025
0.765044337796553	0.735124578303112	0.7052048188096708	0.6753790457488945	0.646084012955409
0.7785938350528685	0.7546577421201354	0.7307216491874021	0.7069345224971595	0.683988606406308
0.6564956866431896	0.6212930031632232	0.5860903196832569	0.5515498228444907	0.5207486860918737
0.7499118799270169	0.7193170801005828	0.6887222802741487	0.6583603753720051	0.6293136253370452
0.6710904143801714	0.6359288260594402	0.6007672377387092	0.5656633707969599	0.5308854557957249
0.7549103100454859	0.730960350992634	0.7070103919397822	0.6840906388078124	0.6669884462567675
0.734077444133574	0.7021431868032628	0.6702089294729516	0.6388343664028465	0.6106203901625629
0.7341528711372476	0.7017706838475306	0.6693884965578136	0.6371038878955759	0.6053703045820161
0.6933747643688817	0.6593458348991972	0.6253169054295128	0.5913009249228969	0.5573580670567019
0.8253397075856653	0.8087309626711313	0.7921222177565973	0.7761892974681599	0.7640727508043575
0.7274593270268972	0.6958280070167734	0.6641966870066496	0.6326800530246021	0.6018110496789111
0.7036064501947986	0.6740499132305746	0.6444933762663506	0.6151013357127906	0.5866382044335662
0.726945832118509	0.7007386172042552	0.6745314022900013	0.6486210063043513	0.6243867432778661
0.7186197389139835	0.6870731861787377	0.6555266334434918	0.6243170228046321	0.5950101201761392
0.6995787353934395	0.6730028367894882	0.6464269381855369	0.620860166101184	0.6009919194694464
0.69937741825508	0.665624533238109	0.631871648221138	0.5982372496639731	0.5652719427359375
0.8000188513881415	0.7759325385337836	0.7518462256794256	0.7279452107042887	0.7050905706489949
0.6906728566788449	0.6598807954605816	0.6290887342423185	0.5989642443838704	0.5726095220535388
0.6740102236055071	0.6395412448449649	0.6050722660844227	0.5707455297594978	0.5372220347765302
0.7055683487092654	0.6780373034860248	0.650506258262784	0.6233727394195264	0.5984840473154587
0.8521072074379037	0.840413667454992	0.8287201274720803	0.8176261948884561	0.8099182381562795
0.7298137144290686	0.7031118635734336	0.6764100127177985	0.6504929292390156	0.6290074178025098
0.7638045389920118	0.7413227703191376	0.7188410016462634	0.6972104034245932	0.6803863546162016
0.7392095984833209	0.7108482998819318	0.6824870012805427	0.6547476245023331	0.6305202328618607
0.790766434787865	0.7688986510391673	0.7470308672904695	0.7252523315481394	0.7039777782361618
0.746811445108926	0.716301392251009	0.6857913393930918	0.6555328335918047	0.6266948110271557
0.7160542165465416	0.6811747294736084	0.6462952424006752	0.6116672090194387	0.5784591316441732
0.7796928769090706	0.7555314451045623	0.7313700133000538	0.707277647819345	0.6835752990475886
0.715480114692325	0.684493155176265	0.6535061956602051	0.6230519482576435	0.5956059198233985
0.7759639860303363	0.7454122969805302	0.714860607930724	0.6837338831681549	0.6493599385756608
0.733210219249853	0.7015398780190945	0.6698695367883359	0.6383150192194575	0.6074145564914933
0.7284127077830241	0.6968997933053819	0.6653868788277395	0.6346046564422598	0.6079486436096421
0.740078438518178	0.7081547907399125	0.6762311429616471	0.6445915373036726	0.6145559141203004
0.7581918052573889	0.7299595304240314	0.7017272555906737	0.6738853431454498	0.648247802462657
0.6710206961242725	0.6363949564718053	0.6017692168193383	0.5679859048160544	0.538959771727034
0.7909029678148446	0.7719459774434506	0.7529889870720567	0.7344767793126303	0.7184762536722963
0.743180502597506	0.7138546234116984	0.6845287442258906	0.6552350012531578	0.6261227310933988
0.8205858850232711	0.7943789559608895	0.7681720268985077	0.7418301254958714	0.7147260368933123
0.6860797984296283	0.6534840142340995	0.6208882300385707	0.5886864279604256	0.5587094382127301
0.6894928274548412	0.6569611600319999	0.6244294926091587	0.5921309679219007	0.5611489974892496
0.7366935512725622	0.7101772529925149	0.6836609547124677	0.6577798951381967	0.6354860209792818
0.7299768979058064	0.6994054083012301	0.6688339186966537	0.6389950688359914	0.6132934268944648
0.734582146127279	0.7070434204372095	0.6795046947471399	0.6521765750299859	0.6260377447367287
0.7325955908806809	0.7064880869767636	0.6803805830728463	0.6549013016944961	0.6329695854453187
0.7003145474635197	0.6710903739120347	0.6418662003605496	0.6130640236967333	0.5866448584379297
0.7711348794678673	0.7467843796925486	0.7224338799172298	0.6984671890110993	0.6766678622238691
0.7067130376282821	0.6748247763564217	0.6429365150845613	0.6111116482868116	0.5796447693302886
0.6690307038036861	0.6379415330565757	0.6068523623094653	0.5763329477775903	0.5490309398159009
0.7795774469480384	0.756658420611635	0.7337393942752315	0.7107113657266804	0.6870678029827127
0.7855624612276584	0.7636193132337603	0.7416761652398621	0.7201684014407624	0.7011192470107955
0.7925004209404954	0.7674287728576262	0.7423571247747571	0.7172048659683122	0.6915973993647002
0.7797566272442881	0.7518815374147028	0.7240064475851175	0.6958697682730757	0.6662558962652089
0.8333238242426054	0.8125186066733602	0.791713389104115	0.7713660273584415	0.7536041720022836
0.6211005354877515	0.579270244327123	0.5374399531664946	0.496268365350773	0.45881646748846544
0.6819607086122811	0.6445651540421716	0.6071695994720622	0.570277262510791	0.5362265894008584
0.7276037214770903	0.6967871522636475	0.6659705830502047	0.6357128831809277	0.6086111118504043
0.7343029152890531	0.7056663163311794	0.6770297173733056	0.6486494810671789	0.6217169216060345
0.7363165086897371	0.7073634875311268	0.6784104663725163	0.650080076536317	0.6252656783715745
0.8716141631254916	0.8572956621001634	0.8429771610748352	0.8285207963922686	0.8132859172771649
0.7660394132810241	0.7374908616276519	0.7089423099742796	0.6810186832366449	0.6566240000646993
0.7150364971914681	0.6841170410583296	0.653197584925191	0.6228897876815489	0.5960360209112122
0.7268773622787287	0.6977499878367471	0.6686226133947657	0.6398896780227004	0.6133841353866001
0.8408279683742993	0.8221394504703001	0.803450932566301	0.7849266991802788	0.7673301785131094
0.8270194528221815	0.7986638403152433	0.770308227808305	0.7417659208653787	0.7121693526631574
0.6255891595987294	0.5851087194373523	0.5446282792759752	0.5049795577069385	0.4700275411355573
0.7288771732096361	0.7008974043413916	0.6729176354731472	0.6456232287364275	0.6221990538040476
0.8105189085506801	0.7848357908884349	0.7591526732261897	0.7337099881951207	0.7096250233723571
0.7105754301420918	0.6800875066142182	0.6495995830863447	0.6198784004399015	0.5944869944305147
0.7300083198481733	0.6979615919072514	0.6659148639663296	0.6342202458346338	0.604513987607292
0.7470383250516898	0.7189534433094654	0.6908685615672411	0.6631713851220808	0.6376635758776888
0.7882750390053344	0.7665608471993341	0.744846655393334	0.7232462265020692	0.7022882154371054
0.7984088168663822	0.7773086945674047	0.7562085722684273	0.7353707175997092	0.7160138851193923
0.7302885767722935	0.7037642893125343	0.6772400018527751	0.65132748089385	0.6288695980881742
0.7795975042141602	0.7566132643130765	0.7336290244119928	0.7112271114187612	0.6921135915473929
0.6533427067763307	0.6190224348493769	0.5847021629224232	0.5509909512858123	0.5207190958639976
0.7616110567234988	0.7343410782591995	0.7070710997949001	0.6796887447196759	0.6516718002592785
0.7992249295462638	0.7838049517724641	0.7683849739986643	0.7538412399032337	0.7442456434366369
0.6836225910930512	0.646349394812568	0.6090761985320847	0.5718329068615787	0.5347584861678986
0.7731038865005636	0.7421782043484505	0.7112525221963374	0.679933423603683	0.6463927070509803
0.7429360522692727	0.7222718451437343	0.7016076380181959	0.6819522628190906	0.6679937495085002
0.751906675164754	0.7165818066551729	0.6812569381455919	0.6457418070529277	0.6091522654167665
0.7011891281052242	0.666568225929658	0.631947323754092	0.5974561406802121	0.5636974798305456
0.7585338301340062	0.7259733178712633	0.6934128056085205	0.6606248615464497	0.6265526128188755
0.6881520761255262	0.6537834032673125	0.6194147304090989	0.5855584846700286	0.5545959087774411
0.7866836499185376	0.7630079002471439	0.7393321505757502	0.7154482229874213	0.6903887171784352
0.7634200291670112	0.7409453806626397	0.7184707321582682	0.6965487252451193	0.6777474788239346
0.7702127062428316	0.7489427146376366	0.7276727230324416	0.706906576190782	0.688985634735575
0.6767063723694386	0.6442924703998187	0.6118785684301987	0.5800452852056225	0.5514907491278495
0.750556125043808	0.7208763066517768	0.6911964882597457	0.6613988227240977	0.6309356757702367
0.6935158647371759	0.655947127844981	0.6183783909527861	0.5806153320188346	0.5417549388265432
0.7885841429780782	0.7717515313856267	0.7549189197931752	0.7388873120257188	0.7273789633300723
0.7987694064744288	0.7758597454455992	0.7529500844167695	0.7300110301865608	0.7069059928977962
0.7554919028074872	0.7343438766923143	0.7131958505771412	0.6928724338530075	0.6772055765513466
0.7666065927510695	0.7391804884065012	0.7117543840619329	0.6845186893368117	0.6583582354677863
0.7068232239860526	0.6767614941633812	0.6466997643407097	0.6175667537191417	0.5936782093790918
0.7286696086290018	0.7009927487951587	0.6733158889613158	0.6458163131338488	0.6193178579815944
0.7107475289322029	0.68241579060329	0.6540840522743772	0.6265764712468436	0.6037228966968496
0.7977000997066945	0.7766303373995875	0.7555605750924806	0.734624109545507	0.7144403692174417
0.7221926605157438	0.6948731753843077	0.6675536902528717	0.6408664815733156	0.6177497304965992
0.6555298588266901	0.6217801390756748	0.5880304193246594	0.5545308572349303	0.5224439324828603
0.7653012326064065	0.7415775989296837	0.7178539652529609	0.6945007095464214	0.6732389738318627
0.7008981144712981	0.6663091603199378	0.6317202061685775	0.597547755151508	0.565727292379476
0.848702193868155	0.8289121519020789	0.8091221099360026	0.789104202697899	0.7677995429791133
0.7875910038017606	0.761417971951569	0.7352449401013773	0.709399691280379	0.6854054293262583
0.7461487268914817	0.720417052723256	0.6946853785550302	0.6695803503379372	0.6480139843529381
0.7708645083236445	0.7467716053108019	0.7226787022979592	0.6986917501948865	0.6753031016189992
0.7213391177698901	0.6937338691610909	0.6661286205522916	0.6389245034250319	0.6139855710025686
0.7091638925434633	0.6749904644444236	0.6408170363453838	0.6071383154098995	0.5762531999424728
0.7272392138935139	0.6946734599329745	0.6621077059724351	0.629968262043728	0.6002361857938221
0.7849395349040994	0.7680470171666233	0.751154499429147	0.7346395047429009	0.7202563782363149
0.7026957691438479	0.671374433268397	0.6400530973929461	0.6091217031352972	0.5803923045550224
0.7071719064196087	0.6739721587609535	0.6407724111022983	0.6082943613890959	0.57989173138927
0.6934106580603631	0.6581271212156266	0.6228435843708902	0.5880213488772628	0.5558040766261705
0.7755379560638644	0.7480907792377727	0.7206436024116809	0.693149312969583	0.6653889791453034
0.678012855125829	0.6458731267569768	0.6137333983881247	0.5822441021172239	0.5544277881665663
0.7548086686356579	0.728119861745446	0.7014310548552339	0.6753139804898157	0.6524254728911509
0.7192378466863507	0.6853191933299758	0.651400539973601	0.6179192666965152	0.5869078735245398
0.7121049879860873	0.6841553508669393	0.6562057137477914	0.6287853770683439	0.6043539936758584
0.7125395722169569	0.6802058172341834	0.64787206225141	0.6164224801691427	0.5899658119387986
0.7021236643264759	0.6710559735456925	0.639988282764909	0.6096446705411752	0.5833899213161878
0.743498694828207	0.7191110105940818	0.6947233263599567	0.6708637245958399	0.6499861982583202
0.7673434487171291	0.7398339323547211	0.7123244159923129	0.6847648887422325	0.6569229506043461
0.7370115795101969	0.7076981860287992	0.6783847925474014	0.6492150967330557	0.6208568599352692
0.7551128686572632	0.7275565061045837	0.7000001435519041	0.6726495680583079	0.6464610696395191
0.6342291818363021	0.594764001232564	0.555298820628826	0.5163032742385382	0.4799597466653066
0.7407862414269645	0.7163213314668353	0.691856421506706	0.668444016313257	0.6509750930177093
0.7404578138639692	0.7102647441919292	0.680071674519889	0.6502631496395908	0.6226261446240994
0.7184670414765442	0.6805485768636454	0.6426301122507467	0.6046849890754153	0.5665893253151303
0.7264892020030236	0.7021436827574281	0.6777981635118326	0.6538979583386757	0.6325124364355696
0.742181504083258	0.7106768045954338	0.6791721051076096	0.6478626545051095	0.6176557720355491
0.7914528733176035	0.7636566422129885	0.7358604111083733	0.7084727147589952	0.6833920093129209
0.7738719548098264	0.744273940484016	0.7146759261582055	0.6851339875172376	0.6559087076015551
0.7108071532648027	0.6739890662722403	0.637170979279678	0.6004100541248647	0.5639719211878799
0.6980390695040649	0.6657766507438557	0.6335142319836466	0.6014132356854122	0.5702237901098283
0.7454459650531564	0.7194683345047331	0.69349070395631	0.668229726697378	0.6470156820396146
0.6347939001895712	0.593491866730294	0.5521898332710168	0.5114257431627389	0.47369941275871974
0.8085075786668167	0.7899408343216611	0.7713740899765055	0.7530122190977728	0.7358072662469615
0.6952647444122462	0.6606519750574542	0.6260392057026622	0.5920848222061722	0.5618483358200149
0.8368961751271672	0.8169290608253545	0.7969619465235419	0.7768664511008124	0.7560459890153595
0.7909986394076335	0.7665586302053629	0.7421186210030923	0.7178873947097988	0.6948351630200259
0.7577971269118314	0.7336394872214571	0.7094818475310828	0.6861778009673406	0.6676939846362019
0.6663301393316068	0.6277386473516845	0.5891471553717621	0.5502755420354782	0.5098220867318636
0.6959302347594915	0.6612180730603049	0.6265059113611182	0.5922809275852738	0.5608070317475632
0.8035325254955384	0.7749764419939884	0.7464203584924383	0.71759892419	0.6872790570712941
0.76033972176969	0.7361377030423459	0.7119356843150019	0.6881703776173187	0.6668711785564422
0.7580878185271979	0.7321451317910931	0.7062024450549883	0.6811348804730775	0.6610091202863237
0.8032561906283562	0.7760893224409741	0.7489224542535919	0.7214782227415385	0.6924677238343021
0.8031994953845889	0.7789316296714345	0.75466376395828	0.7304974364279603	0.7069044938083111
0.7345012172784043	0.7055566041305593	0.6766119909827144	0.6477325158666287	0.6192208744410712
0.6921032696230998	0.6594715013545592	0.6268397330860188	0.5948296994314384	0.5663305937463592
0.699312233469436	0.6666405608457358	0.6339688882220356	0.602009839810692	0.5740749718498637
0.6974982714597109	0.6600476368480929	0.6225970022364749	0.5854740161859476	0.550201257662521
0.6875519287086893	0.6523143609606886	0.6170767932126879	0.5819521023020453	0.5474648255492933
0.7110117289864597	0.6818252853270965	0.6526388416677332	0.6240148455480306	0.5985669839944794
0.7838860634264246	0.761452102213053	0.7390181409996813	0.7166450131502631	0.6946154105834762
0.7720097137888732	0.744245577386216	0.7164814409835588	0.6885448404588423	0.6596343370883175
0.7179989053193897	0.6866701491260903	0.6553413929327907	0.6244540465608739	0.5960593361997364
0.7358130142707645	0.710222020863571	0.6846310274563776	0.6595088851420677	0.6370343393722889
0.7042292347007914	0.6718342293312213	0.6394392239616513	0.6075786089168635	0.5787356896795502
0.7603115771824739	0.7311993199159071	0.7020870626493405	0.6731970744450448	0.6455622369915044
0.7559768417569225	0.7308512477444197	0.7057256537319169	0.6810751868271191	0.6591077570478958
0.6814822498781277	0.6435141734602366	0.6055460970423456	0.5678134786328806	0.5314104887962237
0.7060714998914307	0.675020669256905	0.6439698386223792	0.6134072353335606	0.5856016460584866
0.825971129116317	0.796596120529499	0.767221111942681	0.7371039376584309	0.7027957625088388
0.7240069395292802	0.692029842313496	0.6600527450977117	0.6285641064068662	0.5998337871961368
0.7892811093569554	0.7656151550116003	0.7419492006662451	0.7186921356978554	0.6977440641774509
0.7181877675345193	0.6903387395110152	0.6624897114875112	0.6351961022596317	0.6110389363639396
0.8148633193576047	0.7875455116450284	0.760227703932452	0.7331993355171541	0.7078054273707083
0.8349193209453342	0.816298499798119	0.7976776786509038	0.7790777262432711	0.760595619359828
0.7302221659838717	0.7088434841609255	0.6874648023379791	0.6670959524745202	0.652429611674338
0.7208709542222486	0.6889082347554479	0.6569455152886474	0.6250924453491351	0.5938585649859385
0.7056375225103724	0.6685408386074984	0.6314441547046243	0.5942461952982175	0.5564763343280325
0.7768615101990052	0.7473563653599057	0.7178512205208063	0.6879675888171388	0.6559466462913562
0.7079324463010787	0.6766543239955377	0.6453762016899968	0.6146812006289604	0.5872790782994154
0.7767198198351216	0.7570457952738137	0.7373717707125056	0.7182440306570179	0.7022011527078446
0.7974903566961169	0.7696035698027679	0.741716782909419	0.7137892096535017	0.6856313162933135
0.7638781331115453	0.7404385941034911	0.7169990550954369	0.6938583471287307	0.6724051344979219
0.7336974873692864	0.7018923805050168	0.670087273640747	0.6384333459871342	0.6076331255378242
0.7540782453276671	0.7254131031511668	0.6967479609746664	0.6689220144732754	0.6458349959669959
0.7265522992071289	0.6993938270550659	0.6722353549030029	0.6457582684583836	0.6231289589986175
0.7126417211961135	0.6836184193497207	0.654595117503328	0.6262218831762774	0.6015195723984011
0.7390835805627416	0.705360717495106	0.6716378544274704	0.6380580253937387	0.6052859078480722
0.7217117418879235	0.6914330019092265	0.6611542619305294	0.6310590367684444	0.6020001175928598
0.8572196934106654	0.8358833377123928	0.8145469820141202	0.7927291258810886	0.7681922425204187
0.7654986030703389	0.7355491574015202	0.7055997117327015	0.6762890206628137	0.6505853692151048
0.7501493499545808	0.7241124284136082	0.6980755068726358	0.672541322030287	0.6498460853450151
0.7030421783061205	0.6714870541687927	0.639931930031465	0.6088736088459913	0.5806207280201682
0.7741674522346355	0.7503404475387838	0.7265134428429321	0.702991117168161	0.6811893103012759
0.7988699811536591	0.7783616103845131	0.7578532396153671	0.7381552393873497	0.72303339196573
0.7995564409148525	0.7747166294341372	0.749876817953422	0.7247688754715232	0.6981468004153596
0.7186380051594153	0.6862501121807936	0.6538622192021718	0.6218851856540065	0.5922282704224571
0.7623160230801669	0.7346447371992602	0.7069734513183533	0.6799765552801711	0.6567879306619885
0.8357537445129193	0.8118603193965244	0.7879668942801293	0.7639751295884851	0.7394280424851569
0.6969225963742056	0.6711324210175025	0.6453422456607992	0.6203096782018749	0.5995553135299642
0.7240781445301464	0.6896620832219523	0.6552460219137582	0.6213650677691874	0.5905058574124991
0.76806457704539	0.7388507481846012	0.7096369193238122	0.6804576288504599	0.6514733762401276
0.7570326274614786	0.7345837196447143	0.7121348118279498	0.690477352070834	0.6732891900922813
0.7491204370496258	0.724506310398574	0.6998921837475222	0.6760616436593841	0.6566560075712605
0.6951208668868164	0.6641050695067277	0.633089272126639	0.6028529905291633	0.5770186252837651
0.808950728131755	0.7859823410234178	0.7630139539150806	0.7401699519763366	0.718028351610723
0.7246741447699894	0.6991288124527155	0.6735834801354418	0.6486090766865023	0.626858701765849
0.7477110689835008	0.7260957690104229	0.7044804690373451	0.6836901947802423	0.6675588309275728
0.7049192976856169	0.6770455392548487	0.6491717808240803	0.621962519739155	0.5985056672620096
0.6915957501568881	0.6627571254411571	0.633918500725426	0.6061991411762019	0.584800258708587
0.7290872616601282	0.700504373760081	0.6719214858600339	0.6438654557786502	0.6187845855322872
0.7765839738314996	0.7459323870602897	0.7152808002890799	0.684213042613781	0.6507951727934432
0.803068147253849	0.7881784051483259	0.7732886630428027	0.7594454245707769	0.7515117796689533
0.6328101262260063	0.5936610987647907	0.5545120713035749	0.5159298854583664	0.4805486474761702
0.7701094781937484	0.7439721241328029	0.7178347700718575	0.6912013266810714	0.6617664727456569
0.7725962642214566	0.7469624904566091	0.7213287166917618	0.6958810075617676	0.6714840032115519
0.7366578231952222	0.7098856423575574	0.6831134615198925	0.6567185885628958	0.6324543687199566
0.7409550774703292	0.7126388206780742	0.6843225638858191	0.657083279573373	0.6359256460438225
0.7255930479132207	0.6995906480876293	0.6735882482620379	0.6485098305825004	0.6286491290909647
0.7010659608750947	0.6677753326906973	0.6344847045063	0.6017365169889695	0.5720514854662354
0.6767323436798444	0.6426048596558799	0.6084773756319153	0.5750480615941435	0.5455613051636719
0.5944792998032213	0.5495429031229763	0.5046065064427312	0.46023652206589344	0.4190650612289237
0.6463710203680021	0.6083530871393615	0.5703351539107209	0.5328035992939597	0.49801861891300986
0.7134509709526261	0.6825880462877153	0.6517251216228045	0.621184032059411	0.5924603414860581
0.694837764756374	0.66261116710799	0.630384569459606	0.5987377660629812	0.5703650539093904
0.8245305923809736	0.8028573529787761	0.7811841135765787	0.7597046297260369	0.7393192811709729
0.7606049096912592	0.7356255277652729	0.7106461458392866	0.6861841097761643	0.664643519646807
0.7656149017579951	0.7418052862547176	0.7179956707514401	0.6949968019941655	0.676576210467738
0.8370088050652472	0.824302459524427	0.8115961139836069	0.7992987934441345	0.7893112322219219
0.7347927903489673	0.7077025440440584	0.6806122977391496	0.6540216889981171	0.6302525276371067
0.7713511460895798	0.746017164280579	0.720683182471578	0.6962098700524904	0.676596747440583
0.7700182551247823	0.7414462554453001	0.7128742557658179	0.6849116380130766	0.6603901927520451
0.6953883002455667	0.658490468858926	0.6215926374722854	0.5849881535123642	0.5500401989817609
0.7254043181081717	0.6968959042167041	0.6683874903252366	0.6398465265673845	0.6111217541012403
0.7434682666367668	0.717123807475516	0.6907793483142651	0.6650912591087313	0.6431096832356129
0.7521262823797086	0.7246165671385789	0.6971068518974491	0.6702531183939844	0.6471037059602125
0.8190753870712224	0.7962739462070667	0.7734725053429111	0.7514081139821981	0.7335058324002235
0.6601462376118065	0.6199577298630556	0.5797692221143048	0.5398794006561368	0.5016762571280174
0.6898197574325492	0.6537473945721892	0.6176750317118291	0.5821544072955057	0.5497494433097294
0.7969510365363391	0.7738962509279772	0.7508414653196153	0.7282502537514459	0.7082768392740318
0.6499136558112922	0.6168722342766069	0.5838308127419216	0.5515259934759917	0.5233807584598427
0.8066742338283881	0.783691088166897	0.7607079425054059	0.7373870366777614	0.7121588032095056
0.698423816150102	0.66331053440749	0.6281972526648779	0.5932439519006866	0.5591940618186632
0.7015002925720811	0.661362882395561	0.6212254722190409	0.5810306900634244	0.5405119290242908
0.7371253677038134	0.7048398408869986	0.6725543140701837	0.6406913771954553	0.6112148006969829
0.7540852864630775	0.7291690410928418	0.7042527957226059	0.679702979925935	0.6572223875725065
0.7059029129747892	0.6713867761496177	0.6368706393244461	0.6024900319556683	0.5688747578150232
0.7161826083207684	0.6820416513676398	0.6479006944145113	0.6138274380843608	0.5801364863668689
0.7964723416658108	0.7750734109591145	0.7536744802524182	0.7326834382025927	0.7139957385462818
0.79108728883519	0.7709538783532153	0.7508204678712405	0.7310538912139324	0.7133588208010295
0.8340012807622432	0.8124564917044423	0.7909117026466416	0.7692698358369362	0.7470797721169657
0.7938498626228911	0.7713994770328887	0.7489490914428862	0.7266752918768147	0.7053986714873912
0.7047293091397965	0.6715448027436419	0.6383602963474873	0.6054462906944404	0.5740597995201173
0.7025945082213095	0.6670532541901191	0.6315120001589287	0.5963023868968934	0.5629655451134112
0.6799082024946244	0.6429868988048434	0.6060655951150625	0.569415929951962	0.5343002043178863
0.7352284745880205	0.7074685993834182	0.679708724178816	0.6524854051448804	0.6282920124243653
0.7204201859680116	0.6889362567057538	0.657452327443496	0.6266359495929522	0.5995892266238355
0.7781619692549702	0.7556145500463057	0.7330671308376413	0.71107895385724	0.6922488110876555
0.741576937481457	0.7142687668356704	0.6869605961898838	0.6601654323216706	0.6362672116242001
0.7635899386411912	0.736943533186065	0.7102971277309389	0.6842081778198728	0.6612671727351821
0.7832828801149139	0.750453709447666	0.7176245387804179	0.6846323902649931	0.6507199077795347
0.707163019750359	0.6792081514814123	0.6512532832124657	0.6240458444013991	0.6010591308483103
0.7445249919834908	0.7144821503309763	0.6844393086784617	0.6548443927365845	0.6277789079546008
0.728483411420494	0.7014752728500568	0.6744671342796197	0.6477824514726214	0.6229243195142565
0.8096679035893434	0.7879365497698361	0.7662051959503288	0.7443651169289903	0.721911067986198
0.6068266220136794	0.5705654948787124	0.5343043677437455	0.49880753835093694	0.4676266892167773
0.7344942677546258	0.7072619657410181	0.6800296637274104	0.6533875365178896	0.6300781194069203
0.8056737459583188	0.7842883635035672	0.7629029810488157	0.7420137260486163	0.7239260968828367
0.7538595829722142	0.7261229555414322	0.6983863281106502	0.6710364514032378	0.6458705514302949
0.7428169846100918	0.7108909314424496	0.6789648782748074	0.6474875897033919	0.6185444694688147
0.7608656464801914	0.7305867466422613	0.7003078468043312	0.6702294320667371	0.6412831543059709
0.7188053852519514	0.6848756490247748	0.6509459127975983	0.6174090772968205	0.586090947524463
0.6782997366908445	0.6468925463615788	0.615485356032313	0.5846524288638214	0.5570623589333625
0.7176910256761211	0.6898430630877175	0.6619951004993139	0.635098667153878	0.6135755081250424
0.7539829195378059	0.723789027935711	0.693595136333616	0.6634074042786672	0.633254455113185
0.6655562652131272	0.6338159109801882	0.6020755567472493	0.5711921782597876	0.5451481316133121
0.7936307517716641	0.767526356293621	0.7414219608155779	0.7152849428540385	0.6889637061162408
0.8054032829400629	0.790531880902693	0.7756604788653231	0.7618890561151336	0.7543292033154014
0.708184697798983	0.677789598758077	0.647394499717171	0.6170111432570038	0.5866940970105906
0.8020649896086538	0.781265896357193	0.7604668031057321	0.7403175802926043	0.7238381681145357
0.7420041780369063	0.7097440578516874	0.6774839376664685	0.6454106566318148	0.6143924540579516
0.716584237102556	0.6815765040862223	0.6465687710698884	0.6119983047772598	0.5798970784721081
0.7070964372541538	0.6787669743580831	0.6504375114620125	0.6227904798073152	0.5989971292551359
0.8476618048013845	0.8284860239630045	0.8093102431246245	0.790447806029256	0.7733548173234505
0.655288333442815	0.619866149313624	0.5844439651844331	0.5497388112581371	0.5190827183585164
0.8218850593963872	0.8011768658784647	0.7804686723605423	0.7599971126148648	0.740861820966296
0.7663549081882715	0.7410449032431662	0.7157348982980609	0.6907605882095346	0.6676819429830203
0.7467077651558286	0.7191966986873382	0.6916856322188476	0.664701608924379	0.6406937921644349
0.7643336260951101	0.7383671938505028	0.7124007616058954	0.6867628444514597	0.6629800481035383
0.8004997299100678	0.7818547579062245	0.7632097859023812	0.7455368625988115	0.7333530867431693
0.8159758212231072	0.797501788339099	0.7790277554550907	0.760898351244804	0.744715061055665
0.7683966543869634	0.7374966962315003	0.7065967380760371	0.6758429775304804	0.6459147931490458
0.7202829626750722	0.6909732761628143	0.6616635896505565	0.6331138129031987	0.6088552375591071
0.7451876802446251	0.7193137095362085	0.693439738827792	0.6679967791510641	0.6449877336434084
0.7576665900303002	0.7373510999136667	0.7170356097970332	0.6974641956773598	0.6820945698617387
0.7668157660992964	0.7443109570245056	0.7218061479497146	0.6996007169046645	0.6790858700324598
0.7763824382209624	0.7514942019530955	0.7266059656852284	0.7021794052817839	0.6803599229931004
0.6779757845677288	0.640562090141939	0.6031483957161492	0.5660644192304919	0.5308423560307697
0.7869407671898675	0.7685917175876774	0.7502426679854872	0.7323030265743918	0.7166753083484995
0.7638236738046442	0.7386141679501145	0.7134046620955846	0.688557947556062	0.6657599112569833
0.7897145620811191	0.7658268224292534	0.7419390827773875	0.7182187422410536	0.6954437025189167
0.7577023333950574	0.726798662908415	0.6958949924217724	0.6650917628481344	0.634855721915488
0.7849282895424537	0.757516892254466	0.7301054949664781	0.7032039569869649	0.6791815884576325
0.6889282564974455	0.6497521253846287	0.610575994271812	0.571151783991638	0.5303266736042991
0.7953219137973444	0.7677501467739816	0.7401783797506187	0.7125274461081434	0.6844294595092264
0.6645010750492997	0.6339982300910747	0.6034953851328497	0.573635177750212	0.5474039371127443
0.7335785092580448	0.7041052156047937	0.6746319219515424	0.6453830902499584	0.6174017925194644
0.778883383514933	0.7503370990700954	0.7217908146252576	0.6934677060787507	0.6664048691754415
0.7335748985661945	0.7039396917740705	0.6743044849819464	0.6450001903064224	0.6175645524171408
0.6882692569580642	0.6536528463482248	0.6190364357383856	0.5846631104940342	0.5516624854170931
0.742323611255146	0.7138332165563827	0.6853428218576193	0.6568750866337256	0.6285353091948869
0.745357445769607	0.7111711688039976	0.676984891838388	0.6432417324604442	0.6120008528291666
0.6768161937074383	0.6427717619698782	0.6087273302323181	0.5752730419222085	0.5451512865271578
0.7565619852670045	0.7395674990184306	0.7225730127698567	0.7068975371029578	0.69867049850115
0.7647740334062468	0.7289650430242307	0.6931560526422147	0.6573429087557374	0.6215063100789737
0.7288039088428552	0.7009320496456398	0.6730601904484246	0.645881156504897	0.6226144985277895
0.6725650637014084	0.6397305922253088	0.6068961207492091	0.5748840316163374	0.5475159257934388
0.7984310646095141	0.7776717662427426	0.756912467875971	0.736353482876963	0.7169256650829884
0.7799043809279254	0.7556166136895812	0.7313288464512372	0.7074483344751792	0.6858675881209508
0.6696535238987016	0.6331999054564862	0.5967462870142708	0.5605966082989585	0.5261632736061054
0.7784430425029938	0.7477806978677428	0.7171183532324918	0.6860730736663899	0.6528653651007833
0.6970583620801586	0.6620181763131253	0.6269779905460919	0.592086722982742	0.5580363947442113
0.6565385222543832	0.6229111960056332	0.5892838697568832	0.5566212113645276	0.52940602088251
0.77245090316206	0.7376269118387121	0.7028029205153642	0.6673442912635279	0.6283018691785335
0.8082174154613257	0.7832462541210257	0.7582750927807255	0.7334833269158796	0.7097046051670158
0.7271457731583277	0.7009769805567623	0.6748081879551967	0.6495979804642197	0.6298008916903686
0.7319668505730551	0.7014301027058826	0.6708933548387099	0.640631662606429	0.6119232062725954
0.7469542331917	0.7188953077947337	0.6908363823977672	0.6631467729516604	0.6375426862870442
0.6188642558069515	0.5789616142965839	0.5390589727862162	0.4996187217536569	0.4627895842491478
0.7472459679611588	0.7160905313935177	0.6849350948258768	0.6538291093748291	0.6230023737909633
0.7231598474457891	0.6937098727205305	0.6642598979952719	0.6352292619704824	0.6085666265992088
0.8317950491481126	0.8150399502970715	0.7982848514460303	0.7819467215776558	0.7679632105945547
0.7099823228287857	0.6744099062519233	0.638837489675061	0.6033741429399276	0.5685267123036525
0.7603852154346075	0.7336802466229053	0.7069752778112032	0.6804345906424903	0.6548215999576082
0.6882650968531738	0.6633083317928794	0.638351566732585	0.6145005254301164	0.5968934930355086
0.7122618698385095	0.6800950941806909	0.6479283185228724	0.6157925818836758	0.5838321222134286
0.7693677779825854	0.7473671958305242	0.7253666136784631	0.7036920420048413	0.683858447625072
0.751437990467106	0.7258392451201017	0.7002404997730973	0.6748948325548545	0.6509782945193641
0.7701981315533054	0.7507576368338521	0.7313171421143989	0.7128067634191999	0.6995487388492372
0.7536548847168559	0.7209603408542646	0.6882657969916733	0.6556730299550126	0.6236549954437471
0.7567414029431648	0.7291943254096949	0.7016472478762248	0.6750778255055212	0.6540292102097542
0.6368419936954131	0.6008407156010565	0.5648394375066998	0.5297317810029317	0.49967039499158983
0.737855702231382	0.7084566191593581	0.6790575360873342	0.6498391962407734	0.6216415112384622
0.7397092220176908	0.7108217839505147	0.6819343458833385	0.6534407242281128	0.6271709791667273
0.687526558989898	0.6570253567821729	0.6265241545744478	0.596473934759425	0.5689704071515583
0.8059141338436655	0.7798659890017023	0.7538178441597393	0.7278841751499293	0.7025969498025985
0.7213342181815996	0.6944590230064253	0.6675838278312509	0.6409450647529126	0.6156414309130477
0.677159574496856	0.6449761743584509	0.6127927742200459	0.5807001073564392	0.5491198102163469
0.7042198580441229	0.6725313112297714	0.64084276441542	0.6099320312259032	0.5834136023237371
0.6667667435990347	0.630965509324114	0.5951642750491933	0.5603000681769515	0.5307272439016995
0.7364048837426048	0.7103374532953489	0.684270022848093	0.6586354307930643	0.6354450719903304
0.7594431593963692	0.7336763469926845	0.7079095345889999	0.6827438299925663	0.6609725740335052
0.7977345848521598	0.7761870380097323	0.754639491167305	0.7338449070594499	0.7173022945572356
0.7174771140596938	0.6820595386793465	0.6466419632989994	0.6113214995248626	0.576549423835854
0.8090245386546686	0.7804449264832458	0.7518653143118229	0.7230192815049967	0.6926687745391202
0.7455762305682562	0.7144587607615739	0.6833412909548917	0.6520537654908737	0.6198059377526929
0.6925110479776895	0.6574204978590038	0.6223299477403181	0.5881367373746859	0.5590107939206931
0.7791701581347411	0.7518106246149823	0.7244510910952234	0.6975464486605033	0.6732105707720691
0.737794440090185	0.7069457006809546	0.6760969612717241	0.645417180662213	0.615691508384952
0.7127284221876371	0.6824764839650368	0.6522245457424365	0.62240987549118	0.5950644522728006
0.7099985746123381	0.680967991646051	0.651937408679764	0.6238999455053817	0.6014706179827287
0.7013450875854274	0.6689016861483768	0.6364582847113261	0.6044665634397023	0.5750254746895087
0.678342349405095	0.6421537562523196	0.6059651630995442	0.5701860154824033	0.5367190019346368
0.6822932761408943	0.6495101168111396	0.6167269574813847	0.5845118653077713	0.5555046416077314
0.8992349321438405	0.8837079758934624	0.8681810196430841	0.8523972178816072	0.8351630125741324
0.773538146320186	0.7479422278005725	0.7223463092809589	0.6969786572133436	0.6729000230849342
0.7194788430547507	0.6870617549843998	0.654644666914049	0.6229081588106802	0.5950148776853622
0.7117640852153619	0.6802671084532339	0.6487701316911059	0.6177750202937303	0.5896139366414256
0.7295999888340248	0.6987113187272029	0.6678226486203812	0.6373725713412953	0.6093992225433742
0.6956139587856789	0.6691586090192877	0.6427032592528966	0.6169235978454659	0.5949595405637742
0.7756616105917229	0.7478285716510827	0.7199955327104426	0.6925336582394642	0.6671677451136657
0.7241788324079045	0.6917464052200164	0.6593139780321283	0.6274848601479881	0.5990626227257493
0.7967627714148701	0.7702786507072202	0.7437945299995704	0.7173433762300273	0.6910783863678311
0.7221889592626738	0.6853704064282113	0.648551853593749	0.6116124792763474	0.5739908274819598
0.666926529562542	0.629068448498046	0.5912103674335499	0.5533568235121943	0.5155289007841832
0.6437248807198618	0.6052377814764638	0.5667506822330659	0.5284134442370351	0.4909224709222874
0.7325891955098698	0.7089088364302871	0.6852284773507046	0.6624783012036752	0.644980857012251
0.8502453078204625	0.8270568586924899	0.8038684095645173	0.7805934048198914	0.7568296215376016
0.7577624563698372	0.7305601106394166	0.703357764908996	0.6770299629393479	0.6556406991840869
0.7658111823789194	0.7408595484216544	0.7159079144643893	0.6913256574338619	0.6688292675148846
0.783360819939598	0.7530387923117736	0.7227167646839492	0.6923489640582503	0.6617226838580239
0.7219748755096711	0.693999620334432	0.6660243651591929	0.6383186284731466	0.6121348594896503
0.6763526429027723	0.6404984107688799	0.6046441786349874	0.568573098583849	0.5312774809234271
0.6991749183769612	0.6587732646965718	0.6183716110161824	0.5775097701438326	0.5340492576724083
0.6701818398260936	0.6359845709782201	0.6017873021303467	0.5680628203206064	0.5370081612914035
0.7802505239018209	0.754256076555867	0.728261629209913	0.7023950657843295	0.6772506613358997
0.6923661736874606	0.6654360253059748	0.638505876924489	0.6129554023507983	0.5951959293585095
0.7653737316721722	0.7384496537158587	0.7115255757595452	0.6851216283811763	0.6616548521895088
0.7022027526662394	0.6661389386341012	0.630075124601963	0.5949376878684317	0.5650314927208782
0.7262634442063959	0.6958867107268443	0.6655099772472927	0.6354123759914437	0.6068910310825665
0.6756142553968585	0.6400874190802126	0.6045605827635667	0.5694551846351666	0.5367296429427847
0.6938570646963578	0.6608547617942483	0.6278524588921389	0.5955523636917933	0.5672176270305492
0.767408524402195	0.7371437960210508	0.7068790676399067	0.6764642327456973	0.6452017481577254
0.7440593182379582	0.7186965577457595	0.6933337972535607	0.6678894686506628	0.6419845258969
0.6777200556184075	0.6398356654205977	0.6019512752227878	0.564324657726013	0.5281536796057782
0.7777724341498838	0.7555904264508796	0.7334084187518752	0.7117832491408878	0.6933025375893439
0.703061024109537	0.6705042800229493	0.6379475359363617	0.6055097948724063	0.5737440624617149
0.7664390356180434	0.7409296328604414	0.7154202301028396	0.6902211959132712	0.6667748093355553
0.8089927348719064	0.7871191348640562	0.765245534856206	0.7438682409660659	0.7252935818190754
0.7070622490844395	0.6770577585505237	0.647053268016608	0.6175647889445606	0.5909902204597284
0.8130172463152378	0.7875153266624687	0.7620134070096997	0.736535223768627	0.7111910797620593
0.7714395361631073	0.7464384893959669	0.7214374426288266	0.6968495913492658	0.6745950500731085
0.6729472690487904	0.6344985563056225	0.5960498435624546	0.5578140298833073	0.520780454686251
0.8353429695546964	0.8168126913840992	0.798282413213502	0.7799569095020378	0.7627877647255061
0.8058147335070321	0.7829056227525756	0.759996511998119	0.7370473145154618	0.7138717477554869
0.7629746059522574	0.7385938788461516	0.7142131517400457	0.6902119585644024	0.6683539889795257
0.7059101744787004	0.6780712757524157	0.6502323770261309	0.6230711022522196	0.5997363618770263
0.6694777668702099	0.6310507800051058	0.5926237931400018	0.5544579677761076	0.5177669183030292
0.8030204562116307	0.7825034673275183	0.761986478443406	0.74152837020466	0.7214027602699128
0.786681698479493	0.7550710353797399	0.7234603722799866	0.6917955311993713	0.6598247477052742
0.735144690413072	0.7056554185121878	0.6761661466113037	0.6470460235345922	0.6200104794769595
0.8261201706168714	0.8065913952169522	0.787062619817033	0.7684472320354204	0.7549897332696424
0.6780736082244716	0.6452605860388982	0.6124475638533249	0.5805797711224235	0.5540496778785526
0.6980690284813381	0.6647094350238282	0.6313498415663182	0.5982743454283593	0.5668031434745684
0.6092834951146221	0.5663070915387856	0.5233306879629491	0.48085226069824694	0.44118589973909333
0.6909129867119747	0.6548232285540408	0.6187334703961069	0.58280008427743	0.5477497292043911
0.7662896369329286	0.744349053338749	0.7224084697445695	0.7011084161609868	0.6834254279281421
0.7531465920314828	0.7242538142456753	0.6953610364598678	0.6669819956394575	0.6415040213517452
0.7354668019929079	0.7060076493048283	0.6765484966167485	0.6474505530980263	0.6203923534620839
0.7665457096485979	0.7452869446571697	0.7240281796657414	0.7033480338635258	0.6859353437401202
0.7640725499893769	0.7359797561648813	0.7078869623403856	0.6803366556000067	0.655849766970752
0.7046616011963484	0.664725455146932	0.6247893090975158	0.5848068564868822	0.5445629112758713
0.6683635233319968	0.6311899738718705	0.5940164244117441	0.5574841678485281	0.5245732846459873
0.7133175883527532	0.6804110860334466	0.64750458371414	0.615395909912911	0.5877925642630979
0.8043984028694213	0.7812629027486822	0.7581274026279429	0.7354542779463626	0.7153921818697585
0.7053832662077342	0.6738393345208549	0.6422954028339757	0.6109312537669593	0.5805823350157951
0.7521052321938413	0.7225838921054198	0.6930625520169984	0.6636342341561995	0.6347312117082857
0.8001576627730764	0.7741977043033276	0.7482377458335787	0.7223810022501054	0.6971071119016887
0.6804786488687288	0.640357200321246	0.6002357517737632	0.5601223981715391	0.5200547566289012
0.7798555931912401	0.7573923871553233	0.7349291811194065	0.7127518087475648	0.6921885356767643
0.7107199940863822	0.6750480181234277	0.6393760421604732	0.603563135352226	0.5669543937369834
0.7408021385228037	0.7118504522948956	0.6828987660669875	0.6542953579739291	0.6276586723655996
0.7619628746799043	0.7387676086241397	0.7155723425683751	0.6925980118454707	0.6708713003192031
0.7682721720874184	0.7435495221302001	0.7188268721729817	0.6944786260642241	0.6722446340341917
0.7492927142805378	0.72061555132364	0.691938388366742	0.6635854457359625	0.6370633714301731
0.7203936635948881	0.6967000697794301	0.6730064759639721	0.6497187579200948	0.6287230155304425
0.7063642927334923	0.6741291421328939	0.6418939915322953	0.6099895168478644	0.579952365128642
0.7260205667261058	0.6920637747122528	0.6581069826983997	0.6240678150698685	0.5895634733251076
0.8357698554498747	0.8209623912195635	0.8061549269892523	0.7921273243472728	0.7825035908181514
0.7120810406127609	0.6819828749733132	0.6518847093338654	0.6221379382441511	0.5943754879969445
0.668269002844726	0.6290072739739463	0.5897455451031667	0.5508090233370484	0.5137089422226158
0.7711964910162173	0.747373916529135	0.7235513420420525	0.7008348040059252	0.684364040652041
0.7626848715332931	0.7347944988231233	0.7069041261129535	0.6795378038903412	0.6551307885373872
0.7067257408948342	0.6787027153197233	0.6506796897446123	0.6234324015680325	0.6005656932535636
0.774635821673641	0.7498151106275858	0.7249943995815307	0.7001259337117998	0.6749877969208155
0.7559486120136015	0.7276179709260288	0.699287329838456	0.6709878350684622	0.6428642231833516
0.7272537576009434	0.6989938252633625	0.6707338929257816	0.6429119464390761	0.6175633008424237
0.8018735311583146	0.779697813514753	0.7575220958711913	0.7353326508180504	0.7130656872463024
0.7874007015014177	0.7634412348880922	0.7394817682747667	0.7160351830906398	0.6954848332364744
0.7725714624796957	0.7456511642691763	0.7187308660586571	0.6921223129304687	0.6672741805739958
0.7422007010098904	0.7142315626266473	0.6862624242434041	0.6586586512248861	0.6331180920749505
0.7192083544369098	0.6848200815788446	0.6504318087207792	0.6166881069582685	0.5865842905051822
0.7335698711634993	0.698721861478975	0.6638738517944508	0.6291467595215027	0.5951024864334121
0.7118336197417703	0.6846690718425186	0.6575045239432667	0.6312122611597368	0.6098457820488591
0.7252691256363788	0.6981388887056895	0.6710086517750002	0.6443464115406387	0.6203269430836206
0.713788455694763	0.6894518601739815	0.6651152646532001	0.6419108385384513	0.6250997595924169
0.7750906338370868	0.7460188302933641	0.7169470267496414	0.6877734202629675	0.658024933768394
0.7258880746232244	0.69537173371653	0.6648553928098357	0.635041965822648	0.6091978853777549
0.7592045160012311	0.7346060977629953	0.7100076795247595	0.6862165133253235	0.6669838897867286
0.7876539997519469	0.7597426834071533	0.7318313670623597	0.70402282019398	0.6767946113364668
0.7506343262890527	0.7233632700386565	0.6960922137882603	0.6689944124834968	0.6428749797958541
0.7329624945460069	0.7074397124910028	0.6819169304359987	0.657289354751582	0.6377169987933954
0.6720524590354567	0.6322120964748348	0.5923717339142127	0.5526539580298595	0.5136284276482277
0.7307959899790696	0.7004820829242954	0.6701681758695212	0.6397971686209771	0.6091037172574214
0.7197472401334588	0.6880996380090681	0.6564520358846776	0.6252745691657635	0.5967519514893161
0.6772482356497029	0.6428532008992062	0.6084581661487095	0.5743879166782822	0.5421517258210861
0.7636760157014094	0.735592746752792	0.7075094778041744	0.6792290984905714	0.6498356392905227
0.8030827084789218	0.7768840381581229	0.750685367837324	0.7241601351372567	0.6957908085659205
0.753514119258309	0.7317929579399607	0.7100717966216122	0.6890847508595052	0.6722432469111898
0.785034412530523	0.7592202648542947	0.7334061171780665	0.7080890301522949	0.685578838707117
0.7322353438499647	0.7066274512660856	0.6810195586822065	0.6563529717622089	0.6370019267293205
0.7047076048135524	0.673581049754136	0.6424544946947196	0.6115158667291016	0.5816384608267713
0.7311352475230005	0.7029521138039332	0.674768980084866	0.6469750743299005	0.6213791342583528
0.6614264426586386	0.6241537552435623	0.5868810678284861	0.5497817951539941	0.5136617934568125
0.6711552744622855	0.6382081846119033	0.6052610947615211	0.5726289351904441	0.5417751831605093
0.6722436467521726	0.6409465928874869	0.6096495390228012	0.5788354165028587	0.5507484015422148
0.7562732606226571	0.7283718039754257	0.7004703473281944	0.6727736721725366	0.6462333956639197
0.725623434389956	0.6931939908606559	0.6607645473313558	0.6285155960370548	0.5972858822468388
0.6876826251507376	0.6551771249537757	0.6226716247568137	0.5906816572893981	0.561602897013471
0.7564477189574446	0.7308796119664196	0.7053115049753947	0.6801388289512749	0.6571991468936179
0.7284390927340803	0.7032700044342073	0.6781009161343343	0.6538893834538932	0.6350851559662634
0.7277094848609474	0.6937180492650606	0.659726613669174	0.626155545531365	0.5949582874290512
0.7257697053853841	0.6893134263504245	0.6528571473154648	0.6165297347942575	0.5809300299433428
0.757840231398529	0.7313102287653865	0.7047802261322441	0.6787312454942703	0.6553985903412594
0.7402544532827898	0.7107095618797076	0.6811646704766253	0.652313151769843	0.6273771004313998
0.6812751334845937	0.6479862821509276	0.6146974308172615	0.5820941239667916	0.5533620786583813
0.7789649000815229	0.7558470764065532	0.7327292527315836	0.7100225785188885	0.6896376604290352
0.7973208909134127	0.768313931958299	0.7393069730031852	0.7101051650405125	0.6798030470498838
0.6791295764702943	0.6390430763463947	0.5989565762224951	0.5590126701782688	0.5198739912058018
0.7278042659362555	0.70289155292273	0.6779788399092045	0.6538932215222157	0.6344781966529914
0.7866130617063958	0.7577069288838338	0.7288007960612719	0.6998177008901477	0.6704000002521596
0.7139359993160557	0.6864295570094637	0.6589231147028718	0.6318633628829854	0.6073260669281428
0.7469292528189908	0.7203468415706745	0.6937644303223582	0.6675758210254429	0.6436110066638161
0.7805790660896025	0.7561553278868152	0.7317315896840278	0.7080073189284007	0.6882329325267242
0.7968254800482394	0.7730343171783396	0.7492431543084399	0.725112483452043	0.6990646150343439
0.7975421656320059	0.7783806525696849	0.7592191395073639	0.740417122756612	0.7236451774010839
0.6647426909853184	0.6295906885152596	0.5944386860452008	0.5599877846162002	0.5294959924264607
0.7798272003297575	0.7531039404384893	0.7263806805472209	0.6998197515335691	0.6741755030548918
0.745634944568387	0.7158725462450815	0.6861101479217758	0.6567601222972328	0.6297387603974304
0.7927186396194931	0.7675646258205291	0.7424106120215652	0.7177874661372247	0.6961621250520894
0.7905030658677416	0.771776412896154	0.7530497599245662	0.7352515412454611	0.7226961799722811
0.7385758728707194	0.7057663439127694	0.6729568149548195	0.6397006831337971	0.6039225902573445
0.7403648957082507	0.7161789404039257	0.6919929850996006	0.6687146585167946	0.6505617005281649
0.6845580152420172	0.6508919029678947	0.6172257906937721	0.5839850514010613	0.5531463882745715
