10000 0 0 7.7301523799279459e-01 -7.2192208650501393e-06 7.7281602795391058e-01 5.9684663486040624e-05 7.7448435923294667e-01 1.7647104401397463e-04 7.7291563297335264e-01 2.6232721310495242e-05 7.7448435923294667e-01 1.7647104401397463e-04 7.7343854172655058e-01 7.6312162211655035e-05
10000 0 1 4.0166221147269018e-02 1.2279002183126472e-04 3.9594230366283935e-02 1.2427603009973392e-04 4.1117284303100306e-02 2.3514239399019497e-04 3.9880225756776480e-02 1.2353302596549933e-04 4.1117284303100306e-02 2.3514239399019497e-04 4.0292578605551084e-02 1.6073614864039787e-04
10000 0 2 5.4846746629475859e-03 1.1345572621370543e-04 5.5714033019545169e-03 1.3997594679435231e-04 5.7893332499572335e-03 2.0993750605074251e-04 5.5280389824510518e-03 1.2671583650402887e-04 5.7893332499572335e-03 2.0993750605074251e-04 5.6151370716197788e-03 1.5445639301960007e-04
10000 0 3 1.0033496453879002e-03 5.1291244634279177e-05 1.0686233743273585e-03 7.9654528027212496e-05 1.0799053937687519e-03 9.8635519143029583e-05 1.0359865098576292e-03 6.5472886330745844e-05 1.0799053937687519e-03 9.8635519143029583e-05 1.0506261378280034e-03 7.6527097268173748e-05
10000 0 4 2.2408927991967464e-04 1.3878344313958829e-05 2.3967725062455021e-04 2.9557928781478666e-05 2.4157366820021627e-04 2.4579365177805597e-05 2.3188326527211244e-04 2.1718136547718747e-05 2.4157366820021627e-04 2.4579365177805597e-05 2.3511339958148035e-04 2.2671879424414361e-05
10000 0 5 5.6843655376571925e-05 5.1277057709373525e-06 6.1879619326272309e-05 9.2725262112222928e-06 6.6218661309835108e-05 5.8254821893715587e-06 5.9361637351422117e-05 7.2001159910798227e-06 6.6218661309835108e-05 5.8254821893715587e-06 6.1647312004226452e-05 6.7419047238437338e-06
10000 0 6 1.5851611106773632e-05 2.4560508479283288e-06 1.7483456756074981e-05 4.4214299869211761e-06 1.9550866730120191e-05 2.6520302913192298e-06 1.6667533931424306e-05 3.4387404174247525e-06 1.9550866730120191e-05 2.6520302913192298e-06 1.7628644864322932e-05 3.1765037087229116e-06
10000 0 7 4.5205288504538915e-06 9.4911691764027729e-07 5.1696030291130208e-06 2.0407448452341654e-06 6.0156908157799150e-06 1.6198856219954693e-06 4.8450659397834561e-06 1.4949308814372214e-06 6.0156908157799150e-06 1.6198856219954693e-06 5.2352742317822755e-06 1.5365824616233041e-06
10000 0 8 1.4457034428122811e-06 5.2752782443284163e-07 1.6047523982571918e-06 8.7075236829965273e-07 1.8976400713555222e-06 9.9670333216571643e-07 1.5252279205347364e-06 6.9914009636624718e-07 1.8976400713555222e-06 9.9670333216571643e-07 1.6493653041416650e-06 7.9832784163273682e-07
10000 0 9 4.5912654880166748e-07 2.4343831067270083e-07 4.8604727445085441e-07 3.2527631500095629e-07 6.1798549571905988e-07 4.1023012042429484e-07 4.7258691162626095e-07 2.8435731283682856e-07 6.1798549571905988e-07 4.1023012042429484e-07 5.2105310632386052e-07 3.2631491536598393e-07
10000 0 10 1.5716695276316200e-07 8.9642812951293555e-08 1.6900138936192728e-07 1.2826452916811362e-07 2.0556034764741225e-07 1.3581289786976064e-07 1.6308417106254464e-07 1.0895367105970359e-07 2.0556034764741225e-07 1.3581289786976064e-07 1.7724289659083384e-07 1.1790674666305594e-07
10000 0 11 5.9198408251645934e-08 2.6584812674120299e-08 5.8861563538866285e-08 4.8034759198383274e-08 6.6903356567878411e-08 4.7258669321329086e-08 5.9029985895256113e-08 3.7309785936251783e-08 6.6903356567878411e-08 4.7258669321329086e-08 6.1654442786130212e-08 4.0626080397944213e-08
10000 0 12 2.5125543276811505e-08 8.4336768240533658e-09 2.0429312925816564e-08 1.8244753626463003e-08 2.0378446072270382e-08 1.7351664630996358e-08 2.2777428101314035e-08 1.3339215225258185e-08 2.0378446072270382e-08 1.7351664630996358e-08 2.1977767424966149e-08 1.4676698360504241e-08
10000 0 13 9.2789410115801540e-09 1.6078240128493860e-09 6.5943185779678244e-09 7.7649784825939528e-09 5.9791199354081861e-09 5.6555877645307903e-09 7.9366297947739900e-09 4.6864012477216694e-09 5.9791199354081861e-09 5.6555877645307903e-09 7.2841265083187220e-09 5.0094634199913764e-09
10000 0 14 3.4886654853845267e-09 5.9710410791086442e-10 1.9856806273031383e-09 2.8952390914729600e-09 1.9517083317166093e-09 2.1653802318385775e-09 2.7371730563438323e-09 1.7461715996919121e-09 1.9517083317166093e-09 2.1653802318385775e-09 2.4753514814680910e-09 1.8859078104074672e-09
10000 0 15 1.4315366446954799e-09 2.6443831887714438e-10 7.1874299135333844e-10 1.0199948510186967e-09 9.3705977489114406e-10 6.6100235104803878e-10 1.0751398180244091e-09 6.4221658494792057e-10 9.3705977489114406e-10 6.6100235104803878e-10 1.0291131369799873e-09 6.4847850698129328e-10
10000 0 16 5.3201443375807094e-10 4.3766519317438491e-11 2.6139890729854413e-10 3.7797691837692208e-10 3.9130022070733582e-10 1.9324006634838513e-10 3.9670667052830756e-10 2.1087171884718028e-10 3.9130022070733582e-10 1.9324006634838513e-10 3.9490452058798363e-10 2.0499450134758190e-10
10000 0 17 1.6985478309109204e-10 -5.9918524080818098e-12 8.8841730342708221e-11 1.2951435797536335e-10 1.2642143924199709e-10 7.2180009173794448e-11 1.2934825671690012e-10 6.1761252783640773e-11 1.2642143924199709e-10 7.2180009173794448e-11 1.2837265089193242e-10 6.5234171580358656e-11
10000 0 18 5.7309466475618999e-11 -1.7584418986046540e-12 3.0900265561339203e-11 5.1056592772092536e-11 3.7601199798904521e-11 2.7863658692762422e-11 4.4104866018479098e-11 2.4649075436743941e-11 3.7601199798904521e-11 2.7863658692762422e-11 4.1936977278620899e-11 2.5720603188750100e-11
10000 0 19 2.0757398008807326e-11 -3.2904527402246077e-12 1.1839040245972268e-11 2.2633087478115246e-11 1.8471257554569927e-11 3.6972558595398724e-12 1.6298219127389799e-11 9.6713173689453184e-12 1.8471257554569927e-11 3.6972558595398724e-12 1.7022565269783174e-11 7.6799635324768358e-12
10000 0 20 8.2234094950629439e-12 -7.9635887064019858e-13 3.8999476519366354e-12 8.5057776932133147e-12 8.9920531317166593e-12 9.8164895277606737e-13 6.0616785734997901e-12 3.8547094112865583e-12 8.9920531317166593e-12 9.8164895277606737e-13 7.0384700929054129e-12 2.8970225917830612e-12
10000 0 21 3.6446367233955453e-12 4.6986280624817114e-13 1.2947606232537749e-12 3.6684337202289524e-12 2.6778316793702745e-12 1.1213232779727815e-12 2.4696986733246599e-12 2.0691482632385618e-12 2.6778316793702745e-12 1.1213232779727815e-12 2.5390763420065313e-12 1.7532066014833017e-12
10000 0 22 1.4937752635551149e-12 9.0507970066167163e-14 4.2477823990362280e-13 1.4557861220335908e-12 8.0593344513504865e-13 1.6498578135088668e-13 9.5927675172936897e-13 7.7314704604987896e-13 8.0593344513504865e-13 1.6498578135088668e-13 9.0816231619792886e-13 5.7042662448354818e-13
10000 0 23 4.7487155560439882e-13 1.6063933850931548e-13 1.8797182190685132e-13 4.4298509697921316e-13 2.3226843590002341e-13 4.7763441852775169e-14 3.3142168875562506e-13 3.0181221774426432e-13 2.3226843590002341e-13 4.7763441852775169e-14 2.9837060447042453e-13 2.1712929244710128e-13
10000 0 24 1.5795181552636607e-13 9.6339639580223546e-14 5.8925716877495836e-14 2.2198357411877580e-13 1.2621323486106708e-13 1.9013565883724163e-14 1.0843876620193095e-13 1.5916160684949967e-13 1.2621323486106708e-13 1.9013565883724163e-14 1.1436358908830964e-13 1.1244559319424115e-13
10000 0 25 2.1849190489246703e-14 3.3540807636965108e-14 7.4740445874849420e-15 8.4659884098855869e-14 7.5158093677863482e-14 -6.7614636286630048e-16 1.4661617538365821e-14 5.9100345867910488e-14 7.5158093677863482e-14 -6.7614636286630048e-16 3.4827109584865039e-14 3.9174848457651555e-14
10000 0 26 -7.6860490396180695e-15 7.9145679772540879e-15 -8.6845455643667864e-15 2.0468491232394725e-14 3.5584644428282981e-14 -2.7148579111344290e-15 -8.1852973019924280e-15 1.4191529604824406e-14 3.5584644428282981e-14 -2.7148579111344290e-15 6.4046832747660412e-15 8.5560670995047941e-15
10000 0 27 -1.5436033385518686e-16 4.2362174276890057e-15 -5.9471462052105875e-15 6.9432178763034290e-15 1.4066546318528945e-14 -4.2081125088986547e-15 -3.0507532695328874e-15 5.5897176519962173e-15 1.4066546318528945e-14 -4.2081125088986547e-15 2.6550132598210567e-15 2.3237742650312597e-15
10000 0 28 4.6465479476508638e-16 2.8235599737132977e-15 -2.6997655504643035e-15 1.9664463630838861e-15 3.5984213122621639e-15 -4.4045924902005572e-15 -1.1175553778496086e-15 2.3950031683985917e-15 3.5984213122621639e-15 -4.4045924902005572e-15 4.5443685218764887e-16 1.2847128219887541e-16
10000 0 29 1.0746460491385652e-16 7.9155959779160496e-16 -1.0093643938456246e-15 2.5189451904450471e-16 9.6592695646284617e-17 -4.1256226231670396e-15 -4.5094989446588405e-16 5.2172705841805486e-16 9.6592695646284617e-17 -4.1256226231670396e-15 -2.6843569776182783e-16 -1.0273895021103098e-15
10000 0 30 2.3940165206495071e-16 2.0820442048045670e-16 -4.7106364244701156e-16 -2.4597765517582669e-17 -5.6674985959040470e-17 -1.8649484792399545e-15 -1.1583099519103043e-16 9.1803327481437018e-17 -5.6674985959040470e-17 -1.8649484792399545e-15 -9.6112325447033767e-17 -5.6044727475902682e-16
10000 0 31 2.2222500740153105e-16 2.5120921630466391e-18 -2.5851467827618271e-16 6.8988715210638580e-17 -1.3119561898895205e-16 -8.0125102994561471e-16 -1.8144835437325826e-17 3.5750403686842609e-17 -1.3119561898895205e-16 -8.0125102994561471e-16 -5.5828429954534567e-17 -2.4325007419064315e-16
10000 0 32 1.0648907286851319e-16 -1.5810270009574244e-17 -1.0233891716318744e-16 3.7495048644521522e-17 -8.8459913350224795e-17 -4.2417190220825631e-16 2.0750778526628747e-18 1.0842389317473639e-17 -8.8459913350224795e-17 -4.2417190220825631e-16 -2.8103252548299682e-17 -1.3416237452443635e-16
10000 0 33 -6.9905347608900225e-18 -3.8262544807244638e-17 -6.5516782733729246e-17 2.0073748103717225e-17 -5.8372845983209638e-17 -1.7792790353352387e-16 -3.6253658747309631e-17 -9.0943983517637066e-18 -5.8372845983209638e-17 -1.7792790353352387e-16 -4.3626721159276298e-17 -6.5372233412350431e-17
10000 0 34 -3.5535282884037142e-17 -1.8285856423862572e-17 -3.8708475683580153e-17 7.2605764274273786e-18 -5.3050441449482414e-17 -8.1783126653990866e-17 -3.7121879283808647e-17 -5.5126399982175965e-18 -5.3050441449482414e-17 -8.1783126653990866e-17 -4.2431400005699903e-17 -3.0936135550142015e-17
10000 0 35 -2.9016569149034987e-17 -8.1360379812808457e-18 -2.5184260350200162e-17 2.8246795159604280e-18 -3.3069106997476037e-17 -2.5123058879981680e-17 -2.7100414749617575e-17 -2.6556792326602088e-18 -3.3069106997476037e-17 -2.5123058879981680e-17 -2.9089978832237060e-17 -1.0144805781767366e-17
10000 0 36 -1.9045962166737907e-17 -2.7482809103558353e-19 -1.3038023271878810e-17 6.6128309383148330e-18 -2.3706912398293152e-17 2.1186780403569573e-18 -1.6041992719308357e-17 3.1690014236396247e-18 -2.3706912398293152e-17 2.1186780403569573e-18 -1.8596965945636623e-17 2.8188936292120688e-18
10000 0 37 -1.2750643177645906e-17 -1.1069348246666968e-18 1.4383834267583090e-18 6.9181742229051314e-18 -2.0955621799530631e-17 2.2585185199760257e-17 -5.6561298754437983e-18 2.9056196991192175e-18 -2.0955621799530631e-17 2.2585185199760257e-17 -1.0755960516806076e-17 9.4654748659995639e-18
10000 0 38 -1.4409693117034131e-17 -9.1204888682440781e-18 2.0493102751404541e-17 -5.5664423386589529e-18 -3.4938887287539436e-17 5.6818848280581763e-17 3.0417048171852050e-18 -7.3434656034515151e-18 -3.4938887287539436e-17 5.6818848280581763e-17 -9.6184925510563411e-18 1.4043972357892910e-17
10000 0 39 -2.9306666809535630e-17 -3.2711335028364165e-17 5.3536746496509650e-17 -3.8072901180278344e-17 -5.2062243071746926e-17 1.5570419692698828e-16 1.2115039843487010e-17 -3.5392118104321251e-17 -5.2062243071746926e-17 1.5570419692698828e-16 -9.2773877949243010e-18 2.8306653572781926e-17
10000 0 40 -1.6082693565692605e-17 -1.1322765182368827e-16 1.1976136783728798e-16 -1.7885013560498131e-16 -1.0283335787310352e-16 3.9219464549115054e-16 5.1839337135797690e-17 -1.4603889371433479e-16 -1.0283335787310352e-16 3.9219464549115054e-16 2.8177213283061925e-19 3.3372286020826985e-17
10000 0 41 3.8370286011728063e-17 -2.0705054439274100e-16 3.9420118201198926e-16 -3.9884176695415008e-16 -1.2367119626425272e-16 8.5944883995299425e-16 2.1628573401185867e-16 -3.0294615567344555e-16 -1.2367119626425272e-16 8.5944883995299425e-16 1.0296675725315486e-16 8.4518842868701041e-17
10000 0 42 3.0878441093429072e-16 -4.9551984783210486e-16 4.0196724688976137e-16 -3.3190515596369697e-16 1.3636479649835179e-16 1.1386322824064410e-15 3.5537582891202604e-16 -4.1371250189790094e-16 1.3636479649835179e-16 1.1386322824064410e-15 2.8237215144080129e-16 1.0373575953687970e-16
10000 0 43 1.6839566330899637e-15 -2.2197789975116843e-15 2.0764111346968521e-15 3.1610820136660050e-16 7.3458417448304706e-16 -7.6124718843934392e-16 1.8801838838934078e-15 -9.5183539807254197e-16 7.3458417448304706e-16 -7.6124718843934392e-16 1.4983173140899542e-15 -8.8830599486147599e-16
10000 0 44 5.2377613415650984e-15 -8.1551243034495790e-15 6.1328385911283558e-15 2.3357505968861680e-15 3.8492078101193094e-15 -7.2475144849541854e-15 5.6852999663467271e-15 -2.9096868532817055e-15 3.8492078101193094e-15 -7.2475144849541854e-15 5.0732692476042537e-15 -4.3556293971725319e-15
10000 0 45 1.5097985804597787e-14 -2.0627953408757273e-14 1.2956812499338436e-14 9.6656893540214871e-16 2.0570048435039767e-14 -2.1449151336837587e-14 1.4027399151968111e-14 -9.8306922366775616e-15 2.0570048435039767e-14 -2.1449151336837587e-14 1.6208282246325328e-14 -1.3703511936730903e-14
10000 0 46 3.8894162046672136e-14 -4.7981643649498846e-14 2.5125647480521441e-14 -2.7081369605101639e-15 6.0943740635169999e-14 -3.6754015568015777e-14 3.2009904763596788e-14 -2.5344890305004504e-14 6.0943740635169999e-14 -3.6754015568015777e-14 4.1654516720787850e-14 -2.9147932059341589e-14
10000 0 47 1.2189406909982836e-13 -1.2727924907667104e-13 4.9041100560434614e-14 9.0451884443303147e-15 1.8115090014473579e-13 -7.7015113864516174e-14 8.5467584830131489e-14 -5.9117030316170361e-14 1.8115090014473579e-13 -7.7015113864516174e-14 1.1736202326833290e-13 -6.5083058165618965e-14
10000 0 48 2.8464002916342934e-13 -3.0097747016372316e-13 1.6189588865682094e-13 6.0473600328599949e-14 4.5363340454251928e-13 -9.4362798525953914e-14 2.2326795891012515e-13 -1.2025193491756159e-13 4.5363340454251928e-13 -9.4362798525953914e-14 3.0005644078758986e-13 -1.1162222278702570e-13
10000 0 49 6.2922616373240535e-13 -5.2359329606519420e-13 4.4562549710036781e-13 1.4442207721446286e-13 1.2020380397126709e-12 -1.1351601173152894e-13 5.3742583041638660e-13 -1.8958560942536567e-13 1.2020380397126709e-12 -1.1351601173152894e-13 7.5896323351514805e-13 -1.6422907686075341e-13
10000 0 50 1.7720583068767731e-12 -8.0200826957634964e-13 1.0948274050236191e-12 5.4817527024367906e-13 3.2435452472864832e-12 -5.9934943777267430e-13 1.4334428559501961e-12 -1.2691649966633529e-13 3.2435452472864832e-12 -5.9934943777267430e-13 2.0368103197289582e-12 -2.8439414570178161e-13
10000 0 51 4.7670544828013683e-12 -1.0656732717997700e-12 4.7404281359603220e-12 2.3057752371299913e-12 8.4141449865703140e-12 -9.5481844030387457e-13 4.7537413093808447e-12 6.2005098266511067e-13 8.4141449865703140e-12 -9.5481844030387457e-13 5.9738758684440012e-12 9.5094508342115593e-14
10000 0 52 1.1287496609600982e-11 -1.6564815668027293e-12 1.4949068940628194e-11 8.0117607394487638e-12 2.1068780792339427e-11 3.0871889027962664e-13 1.3118282775114588e-11 3.1776395863230173e-12 2.1068780792339427e-11 3.0871889027962664e-13 1.5768448780856201e-11 2.2213326876418870e-12
10000 0 53 2.2710003884517341e-11 -4.0061765597996821e-12 3.9598243398812942e-11 1.7059783629966047e-11 4.7765126809314117e-11 8.4685568218487252e-12 3.1154123641665145e-11 6.5268035350831827e-12 4.7765126809314117e-11 8.4685568218487252e-12 3.6691124697548131e-11 7.1740546306716963e-12
10000 0 54 5.3461200539544397e-11 -7.5524937535358118e-12 8.6098850603830177e-11 3.0240902081118269e-11 9.7519901929360092e-11 1.8379536365261205e-11 6.9780025571687293e-11 1.1344204163791229e-11 9.7519901929360092e-11 1.8379536365261205e-11 7.9026651024244893e-11 1.3689314897614552e-11
10000 0 55 1.3052664163988519e-10 -3.1656716775526080e-11 1.6865899948212756e-10 2.9084330172149103e-11 2.4898049420473619e-10 -1.7450903742665850e-11 1.4959282056100637e-10 -1.2861933016884882e-12 2.4898049420473619e-10 -1.7450903742665850e-11 1.8272204510891632e-10 -6.6744301153476088e-12
10000 0 56 3.5576975312364195e-10 -1.1984283134562153e-10 3.9700628275698722e-10 -3.0354759966524477e-12 6.8613779342472900e-10 -1.0105683627414450e-10 3.7638801794031459e-10 -6.1439153671136989e-11 6.8613779342472900e-10 -1.0105683627414450e-10 4.7963794310178599e-10 -7.4645047872139494e-11
10000 0 57 1.1911723608399255e-09 -4.5956966268424724e-10 9.8886960411439926e-10 -6.8499774002169793e-11 2.1670417700753746e-09 -4.1033471411042886e-10 1.0900209824771625e-09 -2.6403471834320852e-10 2.1670417700753746e-09 -4.1033471411042886e-10 1.4490279116765664e-09 -3.1280138359894863e-10
10000 0 58 3.9359337267333831e-09 -1.3471996243535192e-09 2.8884540847175180e-09 -1.3347487314878717e-10 6.6913944138561555e-09 -1.2036268583463092e-09 3.4121939057254505e-09 -7.4033724875115322e-10 6.6913944138561555e-09 -1.2036268583463092e-09 4.5052607417690186e-09 -8.9476711861620521e-10
10000 0 59 1.1813446125575220e-08 -3.5053787557525872e-09 7.6086434149588179e-09 -1.2352413611971384e-09 1.7976836980796053e-08 -3.0738544340145931e-09 9.7110447702670188e-09 -2.3703100584748627e-09 1.7976836980796053e-08 -3.0738544340145931e-09 1.2466308840443363e-08 -2.6048248503214395e-09
10000 0 60 3.6093254538551898e-08 -9.4085912411839782e-09 2.1881425220439768e-08 -5.7365948060905377e-09 4.8586964636820749e-08 -8.2591339072280591e-09 2.8987339879495835e-08 -7.5725930236372588e-09 4.8586964636820749e-08 -8.2591339072280591e-09 3.5520548131937471e-08 -7.8014399848341922e-09
10000 0 61 1.1014875180387559e-07 -1.8615927099213892e-08 5.6897603385111960e-08 -8.9068309800014403e-09 1.3026658262531085e-07 -6.5186348648298203e-09 8.3523177594493773e-08 -1.3761379039607666e-08 1.3026658262531085e-07 -6.5186348648298203e-09 9.9104312604766138e-08 -1.1347130981348384e-08
10000 0 62 2.9561867126949766e-07 -3.1443066987717993e-08 1.8329186205971378e-07 -2.1418541343345967e-08 3.5196862587675770e-07 -1.9159739128826207e-08 2.3945526666460570e-07 -2.6430804165531980e-08 3.5196862587675770e-07 -1.9159739128826207e-08 2.7695971973532301e-07 -2.4007115819963387e-08
10000 0 63 7.9602110838369947e-07 -5.7904444817505547e-08 6.5673652368088281e-07 -7.4011551922791972e-08 1.0677648291828051e-06 -1.2359171733016287e-07 7.2637881603229119e-07 -6.5957998370148759e-08 1.0677648291828051e-06 -1.2359171733016287e-07 8.4017415374912924e-07 -8.5169238023486797e-08
10000 0 64 2.2294340876224162e-06 -7.9102508896180796e-08 2.0199814969069088e-06 -2.2183730338921023e-07 3.2347036275028820e-06 -3.0622222097329004e-07 2.1247077922646627e-06 -1.5046990614269551e-07 3.2347036275028820e-06 -3.0622222097329004e-07 2.4947064040107357e-06 -2.0238734441956033e-07
10000 0 65 6.6524223576600832e-06 -5.6896851413865390e-07 6.2003027401505312e-06 -5.4243968818631608e-07 9.4603650770102901e-06 -8.5596523207682697e-07 6.4263625489053072e-06 -5.5570410116248504e-07 9.4603650770102901e-06 -8.5596523207682697e-07 7.4376967249403018e-06 -6.5579114480059891e-07
10000 0 66 1.9948844402002343e-05 -1.7361511979149045e-06 2.0425453451205094e-05 -1.4881248462367251e-06 2.6948568240095223e-05 -2.7625041573971555e-06 2.0187148926603717e-05 -1.6121380220758148e-06 2.6948568240095223e-05 -2.7625041573971555e-06 2.2440955364434219e-05 -1.9955934005162613e-06
10000 0 67 6.4345783950971815e-05 -5.4487702607140254e-06 7.0418299322378883e-05 -4.5308648696069614e-06 8.3665170684099415e-05 -5.7881507846920895e-06 6.7382041636675349e-05 -4.9898175651604934e-06 8.3665170684099415e-05 -5.7881507846920895e-06 7.2809751319150029e-05 -5.2559286383376916e-06
10000 0 68 2.4108531315339006e-04 -1.8756365537705161e-05 2.7494575866940786e-04 -8.6895051584051162e-06 3.0219485667692134e-04 -4.8776372888287178e-06 2.5801553591139897e-04 -1.3722935348055138e-05 3.0219485667692134e-04 -4.8776372888287178e-06 2.7274197616657309e-04 -1.0774502661646331e-05
10000 0 69 1.1044359134222310e-03 -2.4414126071698789e-05 1.2210635123381334e-03 -7.8530597367818045e-06 1.3062590115978409e-03 3.1484179276806771e-05 1.1627497128801822e-03 -1.6133592904240298e-05 1.3062590115978409e-03 3.1484179276806771e-05 1.2105861457860684e-03 -2.6100217722460829e-07
10000 0 70 5.7941106274436993e-03 -2.9849841440956623e-05 5.6393640718704532e-03 3.3320476318161928e-05 6.0352099004043810e-03 5.7300825983262849e-05 5.7167373496570762e-03 1.7353174386026522e-06 6.0352099004043810e-03 5.7300825983262849e-05 5.8228948665728442e-03 2.0257153620156051e-05
10000 0 71 4.0632610421439605e-02 -7.8104301642650971e-05 3.9742806706412809e-02 1.1774616937152580e-04 4.0619320777943987e-02 7.0509878007367947e-06 4.0187708563926207e-02 1.9820933864437417e-05 4.0619320777943987e-02 7.0509878007367947e-06 4.0331579301932131e-02 1.5564285176537206e-05
10000 1 0 1.6472629265825225e-01 -4.4604848387206416e-05 1.6320768108236700e-01 -3.3983983588202656e-05 1.7940976984082529e-01 3.8841081349161180e-04 1.6396698687030964e-01 -3.9294415987704536e-05 1.7940976984082529e-01 3.8841081349161180e-04 1.6911458119381484e-01 1.0327399383873424e-04
10000 1 1 1.7895608622833022e-02 5.0486374443196261e-05 1.7174412148291268e-02 1.4545496092946593e-04 1.9964056982307809e-02 9.8002817496507555e-05 1.7535010385562145e-02 9.7970667686331095e-05 1.9964056982307809e-02 9.8002817496507555e-05 1.8344692584477365e-02 9.7981384289723249e-05
10000 1 2 3.2388270464257167e-03 7.9425913778368449e-05 3.2585799618564297e-03 1.2146005960188814e-04 3.6711769248712863e-03 1.6877484869311899e-04 3.2487035041410730e-03 1.0044298669012830e-04 3.6711769248712863e-03 1.6877484869311899e-04 3.3895279777178102e-03 1.2322027402445851e-04
10000 1 3 6.9069997575024495e-04 4.8452085812373127e-05 7.4120986824023074e-04 8.2795098389196526e-05 7.8096098173136073e-04 9.0784305014636802e-05 7.1595492199523784e-04 6.5623592100784830e-05 7.8096098173136073e-04 9.0784305014636802e-05 7.3762360857394544e-04 7.4010496405402154e-05
10000 1 4 1.6121788466742535e-04 1.1543987494745078e-05 1.7570662582084889e-04 2.4917158206168007e-05 1.7756707167137991e-04 2.0273006535125408e-05 1.6846225524413711e-04 1.8230572850456544e-05 1.7756707167137991e-04 2.0273006535125408e-05 1.7149719405321802e-04 1.8911384078679497e-05
10000 1 5 4.6475893808578276e-05 2.7176956620861915e-06 4.8841097841645595e-05 6.6306059091507717e-06 5.3725835097452864e-05 4.9164672015634906e-06 4.7658495825111935e-05 4.6741507856184812e-06 5.3725835097452864e-05 4.9164672015634906e-06 4.9680942249225569e-05 4.7549229242668168e-06
10000 1 6 1.2764886395147226e-05 1.7659266736995224e-06 1.4222041800996082e-05 3.4585596937522233e-06 1.5808456051544011e-05 2.0496905228522924e-06 1.3493464098071654e-05 2.6122431837258727e-06 1.5808456051544011e-05 2.0496905228522924e-06 1.4265128082562439e-05 2.4247256301013457e-06
10000 1 7 3.5747224585251242e-06 7.3322703244501919e-07 4.1416534061395591e-06 1.7293622400516778e-06 4.7733564994481937e-06 1.2499943449570241e-06 3.8581879323323414e-06 1.2312946362483486e-06 4.7733564994481937e-06 1.2499943449570241e-06 4.1632441213709586e-06 1.2375278724845737e-06
10000 1 8 1.2067045470344748e-06 4.3110937617427625e-07 1.2981407266846568e-06 7.2769854962708281e-07 1.5161081768464866e-06 8.4473999912712025e-07 1.2524226368595657e-06 5.7940396290067955e-07 1.5161081768464866e-06 8.4473999912712025e-07 1.3403178168552059e-06 6.6784930830949315e-07
10000 1 9 3.9644759952998317e-07 1.9499631640398428e-07 3.8676971153968559e-07 2.7132567808679401e-07 4.7381501158474152e-07 3.6879437771389510e-07 3.9160865553483438e-07 2.3316099724538915e-07 4.7381501158474152e-07 3.6879437771389510e-07 4.1901077421813671e-07 2.7837212406822443e-07
10000 1 10 1.4434540910414931e-07 7.6714877051682430e-08 1.3852433627628548e-07 1.0747646504213070e-07 1.8246059834260948e-07 1.1275759156269071e-07 1.4143487269021740e-07 9.2095671046906571e-08 1.8246059834260948e-07 1.1275759156269071e-07 1.5511011457434809e-07 9.8982977885501282e-08
10000 1 11 5.3107845448115073e-08 1.8958208655148473e-08 4.7738860060057227e-08 4.2081958969362146e-08 5.8206107018113293e-08 4.2461975286714871e-08 5.0423352754086150e-08 3.0520083812255311e-08 5.8206107018113293e-08 4.2461975286714871e-08 5.3017604175428529e-08 3.4500714303741827e-08
10000 1 12 2.2400532595819048e-08 7.5650461339965905e-09 1.6371719148221629e-08 1.5622757819156854e-08 1.7523799678008083e-08 1.5173074690804867e-08 1.9386125872020339e-08 1.1593901976576723e-08 1.7523799678008083e-08 1.5173074690804867e-08 1.8765350474016252e-08 1.2786959547986103e-08
10000 1 13 7.7665402825362585e-09 2.3174734237672127e-09 5.2278411565574524e-09 6.9996988729908521e-09 5.4132665954461507e-09 5.0794847018380261e-09 6.4971907195468550e-09 4.6585861483790322e-09 5.4132665954461507e-09 5.0794847018380261e-09 6.1358826781799533e-09 4.7988856661986966e-09
10000 1 14 2.9777096147914323e-09 5.3754850233690818e-10 1.7719824953532048e-09 2.5221761830678557e-09 1.7045824179970092e-09 1.8147431275323188e-09 2.3748460550723186e-09 1.5298623427023819e-09 1.7045824179970092e-09 1.8147431275323188e-09 2.1514248427138820e-09 1.6248226043123609e-09
10000 1 15 1.1642047226337440e-09 2.6591274614354115e-10 5.6619690367228499e-10 8.2925680764699101e-10 7.9076505409874448e-10 6.1237824743338943e-10 8.6520081315301455e-10 5.4758477689526606e-10 7.9076505409874448e-10 6.1237824743338943e-10 8.4038889346825793e-10 5.6918260040797385e-10
10000 1 16 4.3020516361334619e-10 8.0049595709007629e-11 2.0172049884605439e-10 3.0975880139209054e-10 3.1641398384349512e-10 1.6497507121954329e-10 3.1596283122970030e-10 1.9490419855054908e-10 3.1641398384349512e-10 1.6497507121954329e-10 3.1611321543429857e-10 1.8492782277354715e-10
10000 1 17 1.3510528852041973e-10 3.3589726381368811e-12 7.2209023443256402e-11 1.0726681672591286e-10 1.0721637640424443e-10 6.9033895504148643e-11 1.0365715598183807e-10 5.5312894682024869e-11 1.0721637640424443e-10 6.9033895504148643e-11 1.0484356278930685e-10 5.9886561622732789e-11
10000 1 18 4.8765293908382704e-11 -1.9229304862419880e-12 2.0592897458009655e-11 3.7867177566195791e-11 2.9212173218427112e-11 2.4725157790205414e-11 3.4679095683196183e-11 1.7972123539976901e-11 2.9212173218427112e-11 2.4725157790205414e-11 3.2856788194939824e-11 2.0223134956719735e-11
10000 1 19 1.8211901425231894e-11 -4.7160358988766421e-12 9.1307189712761095e-12 1.7019642056396079e-11 1.8348727743836901e-11 1.0124438446954667e-12 1.3671310198254003e-11 6.1518030787597183e-12 1.8348727743836901e-11 1.0124438446954667e-12 1.5230449380114969e-11 4.4386833340716346e-12
10000 1 20 6.2274185846904517e-12 -1.2820994253596665e-12 3.1149330923555297e-12 5.9369178089430798e-12 6.9636646520875051e-12 -4.4592340974230902e-13 4.6711758385229905e-12 2.3274091917917067e-12 6.9636646520875051e-12 -4.4592340974230902e-13 5.4353387763778287e-12 1.4029649912803680e-12
10000 1 21 2.8091429246808827e-12 6.0733755174491197e-13 1.2165237158851796e-12 2.6336362013738322e-12 2.0245244557947597e-12 1.0281158471726382e-12 2.0128333202830312e-12 1.6204868765593721e-12 2.0245244557947597e-12 1.0281158471726382e-12 2.0167303654536073e-12 1.4230298667637939e-12
10000 1 22 1.2735670535830349e-12 4.2007148761873606e-14 4.2463982646342538e-13 9.3142666317340932e-13 5.4891317936287008e-13 8.6090448906957381e-14 8.4910344002323010e-13 4.8671690596764141e-13 5.4891317936287008e-13 8.6090448906957381e-14 7.4904001980311009e-13 3.5317475361408004e-13
10000 1 23 3.9781181164733828e-13 1.5001559155687493e-13 1.4391905363992755e-13 3.5211200688805645e-13 1.0486370580168950e-13 3.3323459764306321e-14 2.7086543264363290e-13 2.5106379922246569e-13 1.0486370580168950e-13 3.3323459764306321e-14 2.1553152369631843e-13 1.7848368606974587e-13
10000 1 24 1.2301438302636032e-13 8.6704097754596120e-14 4.4722333408709650e-14 1.8544062954961868e-13 1.2410226970260729e-13 1.0837164314924349e-14 8.3868358217534989e-14 1.3607236365210739e-13 1.2410226970260729e-13 1.0837164314924349e-14 9.7279662045892419e-14 9.4327297206379709e-14
10000 1 25 8.8833252734451086e-15 3.1502691966598815e-14 1.3621837321527538e-14 6.8280738223847278e-14 5.7445460689210829e-14 -7.6644695924029908e-15 1.1252581297486323e-14 4.9891715095223049e-14 5.7445460689210829e-14 -7.6644695924029908e-15 2.6650207761394491e-14 3.0706320199347696e-14
10000 1 26 -7.8916425885484527e-15 2.0600152553517696e-16 -5.9298184325215032e-15 2.1857501767766547e-14 2.3634096181617074e-14 -1.8898341508948746e-14 -6.9107305105349779e-15 1.1031751646650863e-14 2.3634096181617074e-14 -1.8898341508948746e-14 3.2708783868490390e-15 1.0550539281176597e-15
10000 1 27 1.4084232062537301e-15 1.1720955163538753e-15 -3.7587619022765240e-15 7.6197772866177279e-15 8.2956016014364367e-15 -8.4712491355273321e-15 -1.1751693480113971e-15 4.3959364014858014e-15 8.2956016014364367e-15 -8.4712491355273321e-15 1.9817543018045472e-15 1.0687455581475691e-16
10000 1 28 1.4540793750251434e-15 9.7732900754844575e-16 -2.5075603976536563e-15 1.6499904162566441e-15 7.4593584659694872e-16 -5.7685491633385236e-15 -5.2674051131425643e-16 1.3136597119025449e-15 7.4593584659694872e-16 -5.7685491633385236e-15 -1.0251505867718804e-16 -1.0470765798444779e-15
10000 1 29 2.0442618158939256e-16 2.0523451883946995e-17 -1.0916178486995876e-15 6.5072608371199509e-17 -1.2770514503515908e-15 -4.7354357058339430e-15 -4.4359583355509753e-16 4.2798030127573252e-17 -1.2770514503515908e-15 -4.7354357058339430e-15 -7.2141437248726189e-16 -1.5499465485262655e-15
10000 1 30 2.5474840552393729e-16 -1.2081276552060454e-16 -4.6705499175170741e-16 -2.4984710465981373e-16 -1.9198493771350374e-16 -1.8894760485478668e-15 -1.0615329311388506e-16 -1.8532993509020914e-16 -1.9198493771350374e-16 -1.8894760485478668e-15 -1.3476384131375795e-16 -7.5337863957609502e-16
10000 1 31 2.4746273273484230e-16 -6.7688016622940362e-17 -2.3249711915936207e-16 3.4802425268912317e-17 -6.9593047093898098e-17 -7.2648498942371760e-16 7.4828067877401143e-18 -1.6442795677014022e-17 -6.9593047093898098e-17 -7.2648498942371760e-16 -1.8209144506139289e-17 -2.5312352692591517e-16
10000 1 32 1.0787714175666590e-16 -2.0570048582344425e-17 -1.0870624374559817e-16 7.7885077004082795e-18 -8.9556026994707887e-17 -3.6354981631329874e-16 -4.1455099446613934e-19 -6.3907704409680729e-18 -8.9556026994707887e-17 -3.6354981631329874e-16 -3.0128376327880051e-17 -1.2544378573174494e-16
10000 1 33 -1.2312188615705845e-17 -2.3241757504175679e-17 -4.6366402430206847e-17 1.1317941518355408e-17 -5.2986718678469974e-17 -1.2235360917750722e-16 -2.9339295522956346e-17 -5.9619079929101355e-18 -5.2986718678469974e-17 -1.2235360917750722e-16 -3.7221769908127551e-17 -4.4759141721109162e-17
10000 1 34 -3.3563402997269023e-17 -4.6622508355522294e-18 -2.5927095510488084e-17 2.3406083440079862e-18 -5.2937136391732945e-17 -6.0816236653710250e-17 -2.9745249253878551e-17 -1.1608212457721216e-18 -5.2937136391732945e-17 -6.0816236653710250e-17 -3.7475878299830013e-17 -2.1045959715084831e-17
10000 1 35 -2.5055318443646578e-17 -2.7993435881061559e-18 -1.9022497072463421e-17 8.2917113971961585e-19 -2.7884413175168660e-17 -1.6184669075608997e-17 -2.2038907758054998e-17 -9.8508622419327005e-19 -2.7884413175168660e-17 -1.6184669075608997e-17 -2.3987409563759550e-17 -6.0516138413318451e-18
10000 1 36 -1.6660893951570803e-17 2.7080445125641641e-18 -9.6693242860136119e-18 4.2880189928063495e-18 -1.8891366958439443e-17 4.7443918848167907e-18 -1.3165109118792208e-17 3.4980317526852568e-18 -1.8891366958439443e-17 4.7443918848167907e-18 -1.5073861732007953e-17 3.9134851300624345e-18
10000 1 37 -8.5916292995935494e-18 5.2059224377296821e-20 3.4151791193221919e-18 2.8197381715688356e-18 -1.5448686766405099e-17 2.1644596327625405e-17 -2.5882250901356788e-18 1.4358986979730662e-18 -1.5448686766405099e-17 2.1644596327625405e-17 -6.8750456488921519e-18 8.1721312411905118e-18
10000 1 38 -6.3037700785477273e-18 -3.3658422948946527e-19 2.2734641910946627e-17 -9.5239463900329056e-18 -3.0465590909460442e-17 5.3771891550009751e-17 8.2154359161994489e-18 -4.9302653097611851e-18 -3.0465590909460442e-17 5.3771891550009751e-17 -4.6782396923538481e-18 1.4637120310162460e-17
10000 1 39 -1.0835425444412840e-17 -1.2876590406517848e-17 4.7000233183174215e-17 -3.9775848787593423e-17 -5.6320017408010911e-17 1.4859458955942264e-16 1.8082403869380688e-17 -2.6326219597055634e-17 -5.6320017408010911e-17 1.4859458955942264e-16 -6.7184032230831776e-18 3.1980716788437120e-17
10000 1 40 2.7601384354028523e-17 -7.5849562678633985e-17 1.3089901752417489e-16 -1.2427647771908589e-16 -1.2916129391134984e-16 3.7627736722559986e-16 7.9250200939101702e-17 -1.0006302019885994e-16 -1.2916129391134984e-16 3.7627736722559986e-16 9.7797026556178543e-18 5.8717108942626655e-17
10000 1 41 1.1617736644804578e-16 -9.8205634382872087e-17 3.9957004076430662e-16 -2.3072238323326184e-16 -1.2451896467014500e-16 8.3070845505304678e-16 2.5787370360617617e-16 -1.6446400880806695e-16 -1.2451896467014500e-16 8.3070845505304678e-16 1.3040948084740245e-16 1.6726014581230428e-16
10000 1 42 2.2992884798599598e-16 -1.7936700982181270e-16 3.0613521331538833e-16 -3.2147983606586328e-16 -2.7315667648168381e-16 1.5570164724137377e-15 2.6803203065069218e-16 -2.5042342294383800e-16 -2.7315667648168381e-16 1.5570164724137377e-15 8.7635794939900186e-17 3.5205654217535389e-16
10000 1 43 1.3221844074059030e-15 -1.5636812138130282e-15 1.0800957898539246e-15 2.9973095978624272e-16 4.4947752800723659e-16 3.4360993000179751e-16 1.2011400986299139e-15 -6.3197512701339268e-16 4.4947752800723659e-16 3.4360993000179751e-16 9.5058590842235459e-16 -3.0678010800832925e-16
10000 1 44 3.7021780735434860e-15 -6.3848703886358606e-15 5.4059049484719201e-15 9.8805357338124056e-16 2.6535099413008790e-15 -5.9816427163567723e-15 4.5540415110077034e-15 -2.6984084076273098e-15 2.6535099413008790e-15 -5.9816427163567723e-15 3.9205309877720947e-15 -3.7928198438704640e-15
10000 1 45 1.2117594095351349e-14 -1.5842123961686737e-14 1.1134373870629510e-14 -1.2258149802585255e-15 1.5732327423520664e-14 -1.4090833068582918e-14 1.1625983982990430e-14 -8.5339694709726318e-15 1.5732327423520664e-14 -1.4090833068582918e-14 1.2994765129833843e-14 -1.0386257336842728e-14
10000 1 46 3.0211757342362084e-14 -3.6884844708764609e-14 2.8675800001077770e-14 -8.0824582548396896e-15 4.0290510241108174e-14 -2.3825665701962495e-14 2.9443778671719927e-14 -2.2483651481802151e-14 4.0290510241108174e-14 -2.3825665701962495e-14 3.3059355861516007e-14 -2.2930989555188928e-14
10000 1 47 9.9351482193821470e-14 -1.0008795002214321e-13 4.9537819056597726e-14 2.5748858286411572e-14 1.5474520501334611e-13 -5.8557767718409817e-14 7.4444650625209595e-14 -3.7169545867865818e-14 1.5474520501334611e-13 -5.8557767718409817e-14 1.0121150208792175e-13 -4.4298953151380480e-14
10000 1 48 2.4616491905711190e-13 -2.4328820962225773e-13 1.8064205222229844e-13 6.3790198389096100e-14 3.5233767200297112e-13 -5.6414901176022842e-14 2.1340348563970516e-13 -8.9749005616580820e-14 3.5233767200297112e-13 -5.6414901176022842e-14 2.5971488109412715e-13 -7.8637637469728156e-14
10000 1 49 5.0606451428446158e-13 -4.3495297395579724e-13 3.2386542612306807e-13 1.8080821221672607e-13 9.9642553927117047e-13 -1.7079052034185579e-14 4.1496497020376480e-13 -1.2707238086953559e-13 9.9642553927117047e-13 -1.7079052034185579e-14 6.0878515989289999e-13 -9.0407937924418917e-14
10000 1 50 1.3643259871546210e-12 -4.4974003193635420e-13 5.6586624147488389e-13 5.1416935550064146e-13 2.5743563659623311e-12 -9.0382861777349997e-14 9.6509611431475245e-13 3.2214661782143631e-14 2.5743563659623311e-12 -9.0382861777349997e-14 1.5015161981972787e-12 -8.6511794043542444e-15
10000 1 51 3.8277422383392124e-12 -6.4454122542639696e-13 3.6545931390551148e-12 2.3213317998503356e-12 6.6093499648241169e-12 -6.6810042584575562e-13 3.7411676886971636e-12 8.3839528721196934e-13 6.6093499648241169e-12 -6.6810042584575562e-13 4.6972284474061475e-12 3.3623004952606100e-13
10000 1 52 8.5659079155538282e-12 -7.2642379593137142e-13 1.1137946876840598e-11 6.1750547369612497e-12 1.6330336707397183e-11 1.9997752992178829e-12 9.8519273961972130e-12 2.7243154705149391e-12 1.6330336707397183e-11 1.9997752992178829e-12 1.2011397166597204e-11 2.4828020800825865e-12
10000 1 53 1.6620422342288718e-11 -9.9460679712987201e-13 3.2240768520167372e-11 1.6627216018133518e-11 3.8418192382178366e-11 1.2704827574045816e-11 2.4430595431228047e-11 7.8163046105018232e-12 3.8418192382178366e-11 1.2704827574045816e-11 2.9093127748211484e-11 9.4458122650164864e-12
10000 1 54 4.0669841248176226e-11 1.3909102540260738e-12 6.8208615819976436e-11 2.9457208911795010e-11 7.8416963951741021e-11 3.1732802903267663e-11 5.4439228534076331e-11 1.5424059582910540e-11 7.8416963951741021e-11 3.1732802903267663e-11 6.2431807006631223e-11 2.0860307356362913e-11
10000 1 55 1.0808197013272235e-10 -1.5550432562171795e-11 1.3226279910864447e-10 1.7682598401578995e-11 2.1050953658441465e-10 1.0260637115830093e-11 1.2017238462068342e-10 1.0660829197036004e-12 2.1050953658441465e-10 1.0260637115830093e-11 1.5028476860859383e-10 4.1309343184124307e-12
10000 1 56 2.8237650004469891e-10 -7.1405812773630453e-11 2.6311939527483589e-10 3.4877482989678448e-12 5.3803442741091841e-10 -2.7390764699944231e-11 2.7274794765976737e-10 -3.3959032237331303e-11 5.3803442741091841e-10 -2.7390764699944231e-11 3.6117677424348439e-10 -3.1769609724868941e-11
10000 1 57 8.4013068112038595e-10 -2.8980430397583141e-10 6.9863913150354834e-10 -7.9918725032069199e-11 1.6261396157035713e-09 -1.8410155477087042e-10 7.6938490631196710e-10 -1.8486151450395030e-10 1.6261396157035713e-09 -1.8410155477087042e-10 1.0549698094425017e-09 -1.8460819459292366e-10
10000 1 58 3.0635186867702352e-09 -9.9838868593113895e-10 2.0842024240105355e-09 -2.0244311646742967e-10 5.3197874642493151e-09 -7.1413615029615391e-10 2.5738605553903851e-09 -6.0041590119928431e-10 5.3197874642493151e-09 -7.1413615029615391e-10 3.4891695250100280e-09 -6.3832265089824085e-10
10000 1 59 8.6040349257672932e-09 -2.8451156491501952e-09 4.9766195762365767e-09 -1.3211047750966914e-09 1.5122562275307752e-08 -1.9550131420413438e-09 6.7903272510019349e-09 -2.0831102121234435e-09 1.5122562275307752e-08 -1.9550131420413438e-09 9.5677389257705402e-09 -2.0404111887627435e-09
10000 1 60 2.5243357038512005e-08 -7.2657545320534239e-09 1.4073625602564813e-08 -5.5591221893102883e-09 3.7966843354049659e-08 -5.8528191600231714e-09 1.9658491320538407e-08 -6.4124383606818561e-09 3.7966843354049659e-08 -5.8528191600231714e-09 2.5761275331708822e-08 -6.2258986271289612e-09
10000 1 61 8.1947831400378243e-08 -1.1794901305489257e-08 4.0439770690021464e-08 -9.4648326089851604e-09 1.0622201112291018e-07 -6.8884229091900016e-09 6.1193801045199853e-08 -1.0629866957237208e-08 1.0622201112291018e-07 -6.8884229091900016e-09 7.6203204404436629e-08 -9.3827189412214723e-09
10000 1 62 2.2714425022364970e-07 -1.7616867350916643e-08 1.3634892812943670e-07 -1.6274968107262768e-08 2.9039057354073075e-07 -1.4590292402060316e-08 1.8174658917654320e-07 -1.6945917729089706e-08 2.9039057354073075e-07 -1.4590292402060316e-08 2.1796125063127238e-07 -1.6160709286746575e-08
10000 1 63 6.2500151477048450e-07 -2.4051437722922853e-08 5.1665811122238411e-07 -4.5713857489788105e-08 8.7473112568005777e-07 -7.0378492422092897e-08 5.7082981299643436e-07 -3.4882647606355482e-08 8.7473112568005777e-07 -7.0378492422092897e-08 6.7213025055764216e-07 -4.6714595878267954e-08
10000 1 64 1.6870485944986873e-06 -3.9675643987336192e-08 1.6020038258605040e-06 -2.4972277506587497e-07 2.6506844002336655e-06 -2.3134511649312748e-07 1.6445262101795956e-06 -1.4469920952660558e-07 2.6506844002336655e-06 -2.3134511649312748e-07 1.9799122735309518e-06 -1.7358117851544619e-07
10000 1 65 5.3342602302657564e-06 -3.8686868919092300e-07 5.0403061098020249e-06 -4.8751254127726634e-07 7.7591594382451684e-06 -6.1743853313037290e-07 5.1872831700338907e-06 -4.3719061523409467e-07 7.7591594382451684e-06 -6.1743853313037290e-07 6.0445752594376491e-06 -4.9727325453285408e-07
10000 1 66 1.5825474969269402e-05 -1.3384136729672462e-06 1.6307434877009242e-05 -1.8707978546378289e-06 2.1668809052844125e-05 -2.2163964101044201e-06 1.6066454923139322e-05 -1.6046057638025376e-06 2.1668809052844125e-05 -2.2163964101044201e-06 1.7933906299707590e-05 -1.8085359792364983e-06
10000 1 67 4.9472127858759262e-05 -4.0298517880681109e-06 5.4574822849170843e-05 -3.2372652610074992e-06 6.5720451300223823e-05 -5.5059261401345288e-06 5.2023475353965052e-05 -3.6335585245378051e-06 6.5720451300223823e-05 -5.5059261401345288e-06 5.6589134002717976e-05 -4.2576810630700457e-06
10000 1 68 1.8095971914904621e-04 -1.5029797032441221e-05 2.0456327849790255e-04 -4.7912160995213293e-06 2.2872469581679521e-04 -5.0293660977674430e-06 1.9276149882347439e-04 -9.9105065659812752e-06 2.2872469581679521e-04 -5.0293660977674430e-06 2.0474923115458132e-04 -8.2834597432433311e-06
10000 1 69 8.0021880061280836e-04 -5.6732661826188388e-06 8.8740761766189493e-04 2.5328638015798002e-05 9.6747363992473522e-04 2.1815136455176287e-05 8.4381320913735165e-04 9.8276859165895816e-06 9.6747363992473522e-04 2.1815136455176287e-05 8.8503335273314610e-04 1.3823502762785149e-05
10000 1 70 3.4648373202167053e-03 6.2298710645831588e-06 3.3516127420358706e-03 9.0865432428115320e-05 3.8166806159857349e-03 1.0130590332116613e-04 3.4082250311262881e-03 4.8547651746349240e-05 3.8166806159857349e-03 1.0130590332116613e-04 3.5443768927461033e-03 6.6133735604621526e-05
10000 1 71 1.8015777653798234e-02 2.6061462957415859e-05 1.7181295950250960e-02 3.1873492717459685e-05 1.9190231053011944e-02 -1.4989664208555752e-04 1.7598536802024597e-02 2.8967477837437772e-05 1.9190231053011944e-02 -1.4989664208555752e-04 1.8129101552353713e-02 -3.0653895470227326e-05
10000 2 0 3.5560318315406694e-02 -1.0726591195004003e-04 3.4676001755320582e-02 -1.0885794307386593e-04 8.2240252889431209e-02 5.3566253695876641e-04 3.5118160035363638e-02 -1.0806192751195298e-04 8.2240252889431209e-02 5.3566253695876641e-04 5.0825524320052828e-02 1.0651289397828681e-04
10000 2 1 6.6126944881411609e-03 -3.5504758985221464e-05 6.0953342182285342e-03 -2.5460265386736394e-05 1.0563379074271328e-02 -2.1176554193512068e-04 6.3540143531848475e-03 -3.0482512185978929e-05 1.0563379074271328e-02 -2.1176554193512068e-04 7.7571359268803416e-03 -9.0910188769026176e-05
10000 2 2 1.3280621735316134e-03 1.4550538495237389e-05 1.3337858278757735e-03 5.7577262559704807e-05 2.0038689006226483e-03 9.2995511665379215e-05 1.3309240007036934e-03 3.6063900527471098e-05 2.0038689006226483e-03 9.2995511665379215e-05 1.5552389673433450e-03 5.5041104240107137e-05
10000 2 3 3.3444541922395942e-04 2.9352343077240448e-05 3.6374235754585687e-04 6.5644419997343663e-05 4.5986613462383076e-04 6.7807123166799754e-05 3.4909388838490815e-04 4.7498381537292054e-05 4.5986613462383076e-04 6.7807123166799754e-05 3.8601797046454900e-04 5.4267962080461292e-05
10000 2 4 8.7319152097345971e-05 5.7531271975207680e-06 9.7954458185645380e-05 1.8360995903964368e-05 1.0735398022454343e-04 1.5870003832478154e-05 9.2636805141495682e-05 1.2057061550742567e-05 1.0735398022454343e-04 1.5870003832478154e-05 9.7542530169178262e-05 1.3328042311321095e-05
10000 2 5 3.0652399480159690e-05 4.5860256626832811e-07 3.0705868096415009e-05 3.9133539092441853e-06 3.7488586643048983e-05 2.7290896848061828e-06 3.0679133788287349e-05 2.1859782377562569e-06 3.7488586643048983e-05 2.7290896848061828e-06 3.2948951406541220e-05 2.3670153867728986e-06
10000 2 6 8.5956913709683894e-06 9.5818127391028654e-07 9.5558050373069101e-06 2.2967352385826279e-06 1.1055039191456441e-05 1.0893344603422063e-06 9.0757482041376506e-06 1.6274582562464572e-06 1.1055039191456441e-05 1.0893344603422063e-06 9.7355118665772469e-06 1.4480836576117069e-06
10000 2 7 2.3287764918586763e-06 5.3428510321426140e-07 2.6982752071608757e-06 1.2278725605091169e-06 3.1726301058589195e-06 8.3682320575035724e-07 2.5135258495097760e-06 8.8107883186168915e-07 3.1726301058589195e-06 8.3682320575035724e-07 2.7332272682928241e-06 8.6632695649124504e-07
10000 2 8 8.6546869613513708e-07 3.2762438945522283e-07 8.9770553803461312e-07 5.1245257154245999e-07 1.0496553546509917e-06 6.4637746644051226e-07 8.8158711708487516e-07 4.2003848049884141e-07 1.0496553546509917e-06 6.4637746644051226e-07 9.3760986294024735e-07 4.9548480914606502e-07
10000 2 9 2.9598584696232600e-07 1.3450767758256527e-07 2.7053264551715421e-07 1.9082497047634919e-07 3.2447454181404822e-07 2.9691356404631067e-07 2.8325924623974010e-07 1.6266632402945723e-07 3.2447454181404822e-07 2.9691356404631067e-07 2.9699767809784281e-07 2.0741540403507502e-07
10000 2 10 1.1463867929554435e-07 5.8625170722373274e-08 9.8099604920015560e-08 7.7575861173199303e-08 1.5002716573710452e-07 8.3213201057008752e-08 1.0636914210777996e-07 6.8100515947786295e-08 1.5002716573710452e-07 8.3213201057008752e-08 1.2092181665088814e-07 7.3138077650860439e-08
10000 2 11 4.1377802604294174e-08 1.0653659459172795e-08 3.3732315849012475e-08 3.0542635503215071e-08 4.3385971838860644e-08 3.3336611667454863e-08 3.7555059226653321e-08 2.0598147481193932e-08 4.3385971838860644e-08 3.3336611667454863e-08 3.9498696764055758e-08 2.4844302209947576e-08
10000 2 12 1.6305104136981665e-08 5.2278854195597729e-09 1.1006879071756155e-08 1.1340505250881097e-08 1.2814684532628468e-08 1.0210358904778495e-08 1.3655991604368911e-08 8.2841953352204349e-09 1.2814684532628468e-08 1.0210358904778495e-08 1.3375555913788763e-08 8.9262498584064556e-09
10000 2 13 5.6380766786415549e-09 2.0406628265641149e-09 3.6095543361262972e-09 5.0485902066965468e-09 4.3731825017188647e-09 3.7267786567833846e-09 4.6238155073839258e-09 3.5446265166303311e-09 4.3731825017188647e-09 3.7267786567833846e-09 4.5402711721622391e-09 3.6053438966813488e-09
10000 2 14 2.1845500095220709e-09 3.9342675405978854e-10 1.3576763263717917e-09 1.8493800225331591e-09 1.4371054144623874e-09 1.2731935842960875e-09 1.7711131679469313e-09 1.1214033882964739e-09 1.4371054144623874e-09 1.2731935842960875e-09 1.6597772501187500e-09 1.1720001202963451e-09
10000 2 15 7.7334611619731704e-10 1.9695762637767275e-10 3.8734232179787357e-10 5.3137234189416717e-10 6.3136745271146390e-10 4.4033157035341254e-10 5.8034421899759530e-10 3.6416498413591999e-10 6.3136745271146390e-10 4.4033157035341254e-10 5.9735196356888477e-10 3.8955384620841749e-10
10000 2 16 2.8947061761102935e-10 8.8858738533955437e-11 1.3374935782801566e-10 2.0316063233063601e-10 2.4662454375795383e-10 1.2800592575921542e-10 2.1160998771952252e-10 1.4600968543229572e-10 2.4662454375795383e-10 1.2800592575921542e-10 2.2328150639899960e-10 1.4000843220793562e-10
10000 2 17 9.5719224241191984e-11 1.2279589333486220e-11 4.9167811139593972e-11 7.6625135526100907e-11 8.4448752056769334e-11 6.3133240080851091e-11 7.2443517690392978e-11 4.4452362429793565e-11 8.4448752056769334e-11 6.3133240080851091e-11 7.6445262479185092e-11 5.0679321646812738e-11
10000 2 18 3.5419753092721659e-11 1.0044220831917189e-12 8.0239499771951919e-12 2.3410330469528773e-11 1.6821126641765665e-11 1.8916079175610967e-11 2.1721851534958426e-11 1.2207376276360246e-11 1.6821126641765665e-11 1.8916079175610967e-11 2.0088276570560838e-11 1.4443610576110485e-11
10000 2 19 1.3443944831242951e-11 -3.5511049563660770e-12 6.4266992024053823e-12 1.1381703724263694e-11 1.4989406968119850e-11 -6.2727146062162515e-13 9.9353220168241663e-12 3.9152993839488084e-12 1.4989406968119850e-11 -6.2727146062162515e-13 1.1620017000589393e-11 2.4011091024253307e-12
10000 2 20 4.1671903041634055e-12 -1.6860102030810480e-12 1.7705749171894097e-12 3.1057968386064023e-12 4.8853161146116425e-12 -1.6819899598005007e-12 2.9688826106764077e-12 7.0989331776267715e-13 4.8853161146116425e-12 -1.6819899598005007e-12 3.6076937786548193e-12 -8.7401108091715456e-14
10000 2 21 1.9458165085169907e-12 7.0314239940949517e-13 1.1060081801658172e-12 1.5448418458182754e-12 1.2962209327033130e-12 8.1358350281756705e-13 1.5259123443414041e-12 1.1239921226138852e-12 1.2962209327033130e-12 8.1358350281756705e-13 1.4493485404620401e-12 1.0205225826817790e-12
10000 2 22 8.0843373440648038e-13 4.4657580381376549e-14 3.6494187838575024e-13 4.8232603102270936e-13 2.8914271403395472e-13 2.2792693725434164e-14 5.8668780639611526e-13 2.6349180570204298e-13 2.8914271403395472e-13 2.2792693725434164e-14 4.8750610894206171e-13 1.8325876837650671e-13
10000 2 23 2.5536114303153299e-13 9.6412555132695685e-14 1.0192642069331999e-13 1.9716646451045290e-13 -1.7434401745902107e-14 1.9757939044186259e-14 1.7864378186242649e-13 1.4678950982157428e-13 -1.7434401745902107e-14 1.9757939044186259e-14 1.1328438732631694e-13 1.0444565289577827e-13
10000 2 24 7.2685543113125599e-14 6.0589334462565344e-14 4.0059806946267066e-14 1.2400516499223589e-13 1.0634018012482238e-13 -7.1509351989095373e-15 5.6372675029696330e-14 9.2297249727400618e-14 1.0634018012482238e-13 -7.1509351989095373e-15 7.3028510061405005e-14 5.9147854751963900e-14
10000 2 25 -1.8103474831041452e-15 2.0554325636110388e-14 2.0432843802933054e-14 4.1282298820546650e-14 3.3875086023145107e-14 -7.9494212346882779e-15 9.3112481599144555e-15 3.0918312228328516e-14 3.3875086023145107e-14 -7.9494212346882779e-15 1.7499194114324671e-14 1.7962401073989584e-14
10000 2 26 -9.1894404880483372e-15 -3.5952933974546285e-15 -4.3511229882891136e-15 1.7802289017327470e-14 9.5164961066323684e-15 -2.1989951886380022e-14 -6.7702817381687254e-15 7.1034978099364209e-15 9.5164961066323684e-15 -2.1989951886380022e-14 -1.3413557899016941e-15 -2.5943187555023933e-15
10000 2 27 1.1056702880439524e-15 9.4239619000050959e-17 -2.0323985995795796e-15 6.3834724968571449e-15 2.3977408205247211e-16 -8.1460365895186568e-15 -4.6336415576781364e-16 3.2388560579285978e-15 2.3977408205247211e-16 -8.1460365895186568e-15 -2.2898474316105169e-16 -5.5610815788715362e-16
10000 2 28 1.4357303262678642e-15 -4.6564384483133928e-16 -1.7245465516168401e-15 7.3135496638472288e-16 -6.3273320626840900e-16 -5.4189141137743511e-15 -1.4440811267448791e-16 1.3285556077669180e-16 -6.3273320626840900e-16 -5.4189141137743511e-15 -3.0718314387246160e-16 -1.7177343307403223e-15
10000 2 29 1.7267754702237186e-16 -4.8218268979989487e-16 -8.0973387539218135e-16 -3.1468792166521341e-16 -2.0122747243291521e-15 -4.2379427479254906e-15 -3.1852816418490474e-16 -3.9843530573255416e-16 -2.0122747243291521e-15 -4.2379427479254906e-15 -8.8311035089965386e-16 -1.6782711197968663e-15
10000 2 30 2.7131614506660983e-16 -2.8628292638863506e-16 -3.3014577465317506e-16 -3.3049779359921974e-16 -2.4979753126408564e-16 -1.5691227525961405e-15 -2.9414814793282613e-17 -3.0839035999392740e-16 -2.4979753126408564e-16 -1.5691227525961405e-15 -1.0287572028355029e-16 -7.2863449086133173e-16
10000 2 31 2.3494906313487370e-16 -9.0895442158848266e-17 -1.3728899706661783e-16 3.1279711238640042e-17 2.8292202074877137e-17 -6.1251204090580815e-16 4.8830033034127935e-17 -2.9807865460104109e-17 2.8292202074877137e-17 -6.1251204090580815e-16 4.1984089381044330e-17 -2.2404259060867207e-16
10000 2 32 8.9534027667014635e-17 -8.0105996372179809e-18 -8.8840997172353449e-17 8.3054665580395209e-18 -9.0588644925168069e-17 -2.6640753520687865e-16 3.4651524733059284e-19 1.4743346041077001e-19 -9.0588644925168069e-17 -2.6640753520687865e-16 -2.9965204810168959e-17 -8.8704222762019036e-17
10000 2 33 -1.4783009655027647e-17 -9.5180716072949850e-18 -2.5172012444123194e-17 7.6164340043898424e-18 -4.0676069909126232e-17 -7.9321427908989129e-17 -1.9977511049575421e-17 -9.5081880145257131e-19 -4.0676069909126232e-17 -7.9321427908989129e-17 -2.6877030669425691e-17 -2.7074355170631424e-17
10000 2 34 -2.7448514501688344e-17 5.6986564482168591e-18 -1.6569142878002200e-17 3.2314766567022723e-18 -4.7579395821950575e-17 -4.4143337802028744e-17 -2.2008828689845270e-17 4.4650665524595657e-18 -4.7579395821950575e-17 -4.4143337802028744e-17 -3.0532351067213701e-17 -1.1737734899036537e-17
10000 2 35 -1.8497702548953684e-17 2.4240925175505769e-18 -1.1778959821492767e-17 7.4471022087370229e-19 -1.9639840460787369e-17 -6.4853558177446141e-18 -1.5138331185223226e-17 1.5844013692121396e-18 -1.9639840460787369e-17 -6.4853558177446141e-18 -1.6638834277077939e-17 -1.1055176931067782e-18
10000 2 36 -1.2490603217566618e-17 4.2562375045471128e-18 -6.2621246186537578e-18 2.1793450052345185e-18 -1.4468840989963308e-17 5.0781622783004312e-18 -9.3763639181101871e-18 3.2177912548908159e-18 -1.4468840989963308e-17 5.0781622783004312e-18 -1.1073856275394560e-17 3.8379149293606874e-18
10000 2 37 -3.2670051368741851e-18 2.8363558907517376e-19 3.9854533667568083e-18 -9.7992438181417542e-19 -9.2976403721828320e-18 1.6515104477199240e-17 3.5922411494131159e-19 -3.4814439636950083e-19 -9.2976403721828320e-18 1.6515104477199240e-17 -2.8597307141000691e-18 5.2729385614867459e-18
10000 2 38 1.3544803862406144e-18 4.7396638664799201e-18 2.0417230655155561e-17 -1.1652301122213660e-17 -2.2992306327940209e-17 4.4808319019226433e-17 1.0885855520698087e-17 -3.4563186278668698e-18 -2.2992306327940209e-17 4.4808319019226433e-17 -4.0686509551467816e-19 1.2631893921164230e-17
10000 2 39 1.4867755355442983e-18 1.2196801014413553e-17 3.8086599121726268e-17 -2.9003566456417044e-17 -4.7428570444921907e-17 1.2264319112606581e-16 1.9786687328635282e-17 -8.4033827210017457e-18 -4.7428570444921907e-17 1.2264319112606581e-16 -2.6183985958837811e-18 3.5278808561354104e-17
10000 2 40 4.2026894079112363e-17 -2.6573797368890507e-17 1.2804051590975395e-16 -6.6343851710949823e-17 -1.2111763645333808e-16 3.3039932677417922e-16 8.5033704994433153e-17 -4.6458824539920164e-17 -1.2111763645333808e-16 3.3039932677417922e-16 1.6316591178509406e-17 7.9160559231446296e-17
10000 2 41 1.2831278102484749e-16 -2.2560545263794209e-17 3.2467166165274328e-16 -7.5167776180562617e-17 -4.2546396615040803e-17 7.2337388200818511e-16 2.2649222133879537e-16 -4.8864160722178416e-17 -4.2546396615040803e-17 7.2337388200818511e-16 1.3681268202084999e-16 2.0854852018794276e-16
10000 2 42 4.7357969972357417e-17 1.6174363565613898e-17 2.3746080899842095e-16 -8.7812298964243697e-17 -4.5289783097372446e-16 1.4833854005281105e-15 1.4240938948538919e-16 -3.5818967699314900e-17 -4.5289783097372446e-16 1.4833854005281105e-15 -5.6026350667648692e-17 4.7058248837649348e-16
10000 2 43 7.8896736402270089e-16 -1.0876104136289596e-15 4.2977240885842325e-16 1.9502926075159055e-16 5.2553585049847964e-16 1.0951238493493020e-15 6.0936988644056207e-16 -4.4629057643868458e-16 5.2553585049847964e-16 1.0951238493493020e-15 5.8142520779320120e-16 6.7514232157310948e-17
10000 2 44 1.7686445315213335e-15 -4.0844263326609026e-15 3.7910051615507397e-15 6.3387700927194706e-16 1.6813554760986626e-15 -5.3067855223009822e-15 2.7798248465360366e-15 -1.7252746616944778e-15 1.6813554760986626e-15 -5.3067855223009822e-15 2.4136683897235787e-15 -2.9191116152299789e-15
10000 2 45 8.9830579833475912e-15 -1.0455811492275118e-14 7.3500536965581112e-15 -2.0407651649568954e-15 1.1352849293769195e-14 -1.0098963260127289e-14 8.1665558399528512e-15 -6.2482883286160066e-15 1.1352849293769195e-14 -1.0098963260127289e-14 9.2286536578916319e-15 -7.5318466391197662e-15
10000 2 46 1.9871906396746427e-14 -2.2899923770303009e-14 2.4235315592107876e-14 -7.7648843511528485e-15 2.3494847497126076e-14 -1.4993350218678936e-14 2.2053610994427150e-14 -1.5332404060727928e-14 2.3494847497126076e-14 -1.4993350218678936e-14 2.2534023161993459e-14 -1.5219386113378264e-14
10000 2 47 6.5458743134608106e-14 -6.3508012990057598e-14 3.1083743005111080e-14 3.7060644934906441e-14 1.1508383056476340e-13 -3.5523076504161911e-14 4.8271243069859593e-14 -1.3223684027575578e-14 1.1508383056476340e-13 -3.5523076504161911e-14 7.0542105568160862e-14 -2.0656814853104355e-14
10000 2 48 1.6042122574107109e-13 -1.7632100646261543e-13 1.4183400682392996e-13 6.5809152097425307e-14 2.6457629689473415e-13 -3.9888887964406639e-14 1.5112761628250051e-13 -5.5255927182595063e-14 2.6457629689473415e-13 -3.9888887964406639e-14 1.8894384315324505e-13 -5.0133580776532255e-14
10000 2 49 3.0627173371538794e-13 -3.2246669150312416e-13 1.4676724826404435e-13 1.3991574953318977e-13 7.4089278473340365e-13 7.9412064958010550e-14 2.2651949098971616e-13 -9.1275470984967194e-14 7.4089278473340365e-13 7.9412064958010550e-14 3.9797725557094527e-13 -3.4379625670641275e-14
10000 2 50 8.8305712682418733e-13 -1.9663380229964623e-13 1.7311439778319266e-13 2.8900378587807486e-13 1.8313314414219541e-12 2.2328882883694672e-13 5.2808576230369001e-13 4.6184991789214317e-14 1.8313314414219541e-12 2.2328882883694672e-13 9.6250098867644465e-13 1.0521960413845844e-13
10000 2 51 2.5359891974010461e-12 -3.8641379920187374e-13 2.3253071560396563e-12 1.5776790899193028e-12 4.4171638801281211e-12 -5.3149488188165739e-13 2.4306481767203512e-12 5.9563264535871450e-13 4.4171638801281211e-12 -5.3149488188165739e-13 3.0928200778562742e-12 2.1992346961192386e-13
10000 2 52 5.3823286457092318e-12 -3.7877246377449248e-13 6.7590093380302526e-12 3.3390271353880772e-12 1.0774589113623686e-11 1.8722065353990034e-12 6.0706689918697418e-12 1.4801273358067923e-12 1.0774589113623686e-11 1.8722065353990034e-12 7.6386423657877231e-12 1.6108204023375294e-12
10000 2 53 9.9800197077800884e-12 1.6354599997110748e-12 2.0891604793093747e-11 1.3346553276004584e-11 2.5495333343224863e-11 1.2951097480489489e-11 1.5435812250436918e-11 7.4910066378578296e-12 2.5495333343224863e-11 1.2951097480489489e-11 1.8788985948032898e-11 9.3110369187350485e-12
10000 2 54 2.4796437985073739e-11 6.9570279307513516e-12 4.6648233114023729e-11 2.5401214848262994e-11 5.6651249526052344e-11 3.6559174648816377e-11 3.5722335549548734e-11 1.6179121389507175e-11 5.6651249526052344e-11 3.6559174648816377e-11 4.2698640208383271e-11 2.2972472475943573e-11
10000 2 55 7.5794685017128391e-11 -4.7693308449583341e-12 9.0351515727894026e-11 5.3667416770771688e-12 1.6076025357194404e-10 2.3823522111655927e-11 8.3073100372511208e-11 2.9870541605941737e-13 1.6076025357194404e-10 2.3823522111655927e-11 1.0896881810565548e-10 8.1403109812582545e-12
10000 2 56 1.7406464446126107e-10 -3.1723232407851624e-11 1.3245416390898296e-10 2.4565178605546137e-11 3.7162310377250960e-10 2.1768235001625011e-11 1.5325940418512203e-10 -3.5790269011527434e-12 3.7162310377250960e-10 2.1768235001625011e-11 2.2604730404758453e-10 4.8700603997731742e-12
10000 2 57 4.8680876260601934e-10 -1.5817607510505998e-10 3.9411828401866073e-10 -8.8865080562302662e-11 1.1025550154214595e-09 -1.7852359149388269e-11 4.4046352331234003e-10 -1.2352057783368132e-10 1.1025550154214595e-09 -1.7852359149388269e-11 6.6116068734871314e-10 -8.8297838272250292e-11
10000 2 58 1.9572256960139098e-09 -6.4336299114893921e-10 1.2644453197264906e-09 -2.7606957811866605e-10 3.6523115445532173e-09 -4.3516243108257303e-10 1.6108355078702002e-09 -4.5971628463380263e-10 3.6523115445532173e-09 -4.3516243108257303e-10 2.2913275200978723e-09 -4.5153166678339278e-10
10000 2 59 5.1211607297520090e-09 -1.9668771488469550e-09 2.4480640453938600e-09 -8.2834061399754458e-10 1.1687629013062490e-08 -1.0169971262592262e-09 3.7846123875729341e-09 -1.3976088814222499e-09 1.1687629013062490e-08 -1.0169971262592262e-09 6.4189512627361185e-09 -1.2707382963679084e-09
10000 2 60 1.4097696105008260e-08 -5.1083398189983494e-09 7.2442354784644148e-09 -3.9062939405486151e-09 2.6415460868451277e-08 -3.9298695592491482e-09 1.0670965791736337e-08 -4.5073168797734822e-09 2.6415460868451277e-08 -3.9298695592491482e-09 1.5919130817307981e-08 -4.3148344395987037e-09
10000 2 61 5.0474946896095051e-08 -6.7650988391168076e-09 2.3563863748485989e-08 -7.2217880848310010e-09 7.8315092648368040e-08 -7.1544782998822990e-09 3.7019405322290520e-08 -6.9934434619739043e-09 7.8315092648368040e-08 -7.1544782998822990e-09 5.0784634430983026e-08 -7.0471217412767023e-09
10000 2 62 1.4119323962961622e-07 -7.2141458311021377e-09 8.1471799822186998e-08 -1.2682765999746061e-08 2.0639006185263604e-07 -9.5895351823097029e-09 1.1133251972590161e-07 -9.9484559154240983e-09 2.0639006185263604e-07 -9.5895351823097029e-09 1.4301836710147973e-07 -9.8288156710526332e-09
10000 2 63 4.0946951993742171e-07 -4.3448712966674900e-09 3.4066226363320190e-07 -2.2405793994580057e-08 6.3759906076249231e-07 -3.1069925804841725e-08 3.7506589178531183e-07 -1.3375332645623774e-08 6.3759906076249231e-07 -3.1069925804841725e-08 4.6257694811103866e-07 -1.9273530365363089e-08
10000 2 64 1.0784402973892263e-06 -3.5586381521935334e-08 1.0671106008496863e-06 -2.3961715071043111e-07 1.8897576673120441e-06 -1.3054876388997273e-07 1.0727754491194563e-06 -1.3760176611618321e-07 1.8897576673120441e-06 -1.3054876388997273e-07 1.3451028551836521e-06 -1.3525076537411303e-07
10000 2 65 3.5583983763352312e-06 -1.8425658783728753e-07 3.3865715199861543e-06 -3.4390525767296414e-07 5.6369277429366620e-06 -3.5052918025787139e-07 3.4724849481606926e-06 -2.6408092275512582e-07 5.6369277429366620e-06 -3.5052918025787139e-07 4.1939658797526815e-06 -2.9289700858937435e-07
10000 2 66 1.0321434623708219e-05 -9.2742389125761920e-07 1.0632150835800766e-05 -1.6180915387847312e-06 1.5254518992963799e-05 -1.4497363057283843e-06 1.0476792729754492e-05 -1.2727577150211751e-06 1.5254518992963799e-05 -1.4497363057283843e-06 1.2069368150824261e-05 -1.3317505785902447e-06
10000 2 67 3.1395510873719197e-05 -2.2848849680791735e-06 3.4823930415935460e-05 -5.0278415001904551e-07 4.5940173412939699e-05 -3.6701998936738490e-06 3.3109720644827325e-05 -1.3938345590491095e-06 4.5940173412939699e-05 -3.6701998936738490e-06 3.7386538234198114e-05 -2.1526230039240224e-06
10000 2 68 1.1092695885442545e-04 -1.0268214004583166e-05 1.2459152400239214e-04 -1.5450278935218793e-06 1.5360529325088152e-04 -3.1748929097228150e-06 1.1775924142840879e-04 -5.9066209490525228e-06 1.5360529325088152e-04 -3.1748929097228150e-06 1.2970792536923302e-04 -4.9960449359426199e-06
10000 2 69 4.4947046001570824e-04 7.3258874256112758e-06 5.0220174940142251e-04 3.7317009163985599e-05 6.2967101388667691e-04 1.5290602740025463e-05 4.7583610470856537e-04 2.2321448294798437e-05 6.2967101388667691e-04 1.5290602740025463e-05 5.2711440776793581e-04 1.9977833109874113e-05
10000 2 70 1.5111100852788638e-03 3.2105757888475304e-05 1.4677888949979564e-03 1.0970306470139745e-04 2.1841132494414563e-03 9.9895914578519178e-05 1.4894494901384102e-03 7.0904411294936379e-05 2.1841132494414563e-03 9.9895914578519178e-05 1.7210040765727589e-03 8.0568245722797312e-05
10000 2 71 6.4828220414087402e-03 8.5874513390613548e-05 5.7968213664470478e-03 1.2888692861980338e-04 9.9362940624299068e-03 -2.3733858145613966e-04 6.1398217039278936e-03 1.0738072100520846e-04 9.9362940624299068e-03 -2.3733858145613966e-04 7.4053124900952307e-03 -7.5257131485742448e-06
10000 3 0 7.1186917732413172e-03 5.4200671762570066e-05 7.3949351490598678e-03 5.7160184031380956e-05 3.3329702965634277e-02 6.7244716799685932e-04 7.2568134611505925e-03 5.5680427896975511e-05 3.3329702965634277e-02 6.7244716799685932e-04 1.5947776629311822e-02 2.6126934126360343e-04
10000 3 1 2.1430186850487738e-03 -4.3493864171578072e-05 1.9844084554333018e-03 -3.8876788728820074e-05 5.2289877246974393e-03 -1.0844324251008312e-04 2.0637135702410376e-03 -4.1185326450199073e-05 5.2289877246974393e-03 -1.0844324251008312e-04 3.1188049550598383e-03 -6.3604631803493755e-05
10000 3 2 5.1417667761110132e-04 8.3744933195416412e-08 5.3400859456272955e-04 2.7525819969058396e-05 9.7187960883201988e-04 3.6690434684720337e-05 5.2409263608691544e-04 1.3804782451126906e-05 9.7187960883201988e-04 3.6690434684720337e-05 6.7335496033528366e-04 2.1433333195658049e-05
10000 3 3 1.5041003718314840e-04 9.5293649131574879e-06 1.6641834679249475e-04 4.1602943385288791e-05 2.5201686636802168e-04 4.0213280829959252e-05 1.5841419198782159e-04 2.5566154149223140e-05 2.5201686636802168e-04 4.0213280829959252e-05 1.8961508344788827e-04 3.0448529709468513e-05
10000 3 4 4.3068872768871837e-05 7.0962865557327891e-08 4.8575366616290428e-05 1.1261940318137338e-05 5.9169396767210208e-05 1.1695563610768994e-05 4.5822119692581133e-05 5.6664515918473329e-06 5.9169396767210208e-05 1.1695563610768994e-05 5.0271212050790820e-05 7.6761555981545534e-06
10000 3 5 1.8290766621266400e-05 -9.6642643639009080e-07 1.7447858357601743e-05 1.9139967984746690e-06 2.3622285904922711e-05 7.7909425696058343e-07 1.7869312489434070e-05 4.7378518104228912e-07 2.3622285904922711e-05 7.7909425696058343e-07 1.9786970294596951e-05 5.7555487301505382e-07
10000 3 6 4.8711203469540087e-06 3.3534999183394202e-07 5.5367365313259827e-06 1.3761424566608450e-06 6.6058231254993237e-06 4.1046314164953276e-07 5.2039284391399957e-06 8.5574622424739353e-07 6.6058231254993237e-06 4.1046314164953276e-07 5.6712266679264375e-06 7.0731853004810657e-07
10000 3 7 1.3471567126338215e-06 3.7920248986637488e-07 1.5988593710312152e-06 7.7746458252332557e-07 1.9182643190289302e-06 4.9241623184885740e-07 1.4730080418325184e-06 5.7833353619485022e-07 1.9182643190289302e-06 4.9241623184885740e-07 1.6214268008979888e-06 5.4969443474618598e-07
10000 3 8 5.8817332501608415e-07 2.0597383962364949e-07 6.0099123332538168e-07 3.1527177715673315e-07 6.7736824173818303e-07 4.5871705946393365e-07 5.9458227917073291e-07 2.6062280839019132e-07 6.7736824173818303e-07 4.5871705946393365e-07 6.2217760002654962e-07 3.2665422541477208e-07
10000 3 9 2.0696251149900397e-07 8.7052214608452194e-08 1.9296984512124984e-07 1.1712021716426555e-07 2.1866683275006851e-07 2.1162681487079395e-07 1.9996617831012689e-07 1.0208621588635888e-07 2.1866683275006851e-07 2.1162681487079395e-07 2.0619972979010741e-07 1.3859974888117057e-07
10000 3 10 8.6274422212969167e-08 3.9484668088277250e-08 6.9224266237555853e-08 5.2612761949026159e-08 1.1348476343289506e-07 5.2347610984623875e-08 7.7749344225262504e-08 4.6048715018651708e-08 1.1348476343289506e-07 5.2347610984623875e-08 8.9661150627806698e-08 4.8148347007309090e-08
10000 3 11 3.0966604081394342e-08 5.5961858833165692e-09 2.4786938614644064e-08 2.1530284048542750e-08 3.1055709314868564e-08 2.4387303968935354e-08 2.7876771348019205e-08 1.3563234965929659e-08 3.1055709314868564e-08 2.4387303968935354e-08 2.8936417336968989e-08 1.7171257966931557e-08
10000 3 12 1.1010675626492310e-08 2.6605115244969828e-09 7.1587265798887316e-09 7.7678552037163114e-09 8.7783466130700961e-09 5.6640531322969004e-09 9.0847011031905206e-09 5.2141833641066473e-09 8.7783466130700961e-09 5.6640531322969004e-09 8.9825829398170447e-09 5.3641399535033978e-09
10000 3 13 4.1474482064001326e-09 1.6555140086954659e-09 2.5019525876582676e-09 3.2806113156139128e-09 3.3427265052698500e-09 2.5059421383045008e-09 3.3247003970292003e-09 2.4680626621546894e-09 3.3427265052698500e-09 2.5059421383045008e-09 3.3307090997760831e-09 2.4806891542046262e-09
10000 3 14 1.5249359694527856e-09 3.1174384105431184e-10 9.3790125289459016e-10 1.2322817240070358e-09 1.2455861276360383e-09 8.9410119953872988e-10 1.2314186111736879e-09 7.7201278253067376e-10 1.2455861276360383e-09 8.9410119953872988e-10 1.2361411166611380e-09 8.1270892153335910e-10
10000 3 15 4.5129480831264055e-10 1.5655577528353996e-10 2.4320413015363354e-10 3.1621089679445025e-10 4.5610878400356118e-10 2.6678933829186704e-10 3.4724946923313702e-10 2.3638333603899513e-10 4.5610878400356118e-10 2.6678933829186704e-10 3.8353590748994502e-10 2.4651867012328575e-10
10000 3 16 1.8352129015621827e-10 7.9848041450921614e-11 9.2464627515222562e-11 1.1973716836505219e-10 1.6683291536539545e-10 9.6417541037210562e-11 1.3799295883572042e-10 9.9792604907986907e-11 1.6683291536539545e-10 9.6417541037210562e-11 1.4760627767894541e-10 9.8667583617728130e-11
10000 3 17 6.9812712330163963e-11 1.4060377906229726e-11 3.0202504368724076e-11 5.2406836014775765e-11 5.6002328433613376e-11 4.9569061499612415e-11 5.0007608349444019e-11 3.3233606960502745e-11 5.6002328433613376e-11 4.9569061499612415e-11 5.2005848377500472e-11 3.8678758473539300e-11
10000 3 18 2.3078668871463028e-11 3.1430449328488801e-12 9.3435322734033003e-14 1.3915525587126990e-11 4.2164946851597710e-12 9.9659187547211738e-12 1.1586052097098531e-11 8.5292852599879357e-12 4.2164946851597710e-12 9.9659187547211738e-12 9.1295329597856099e-12 9.0081630915656812e-12
10000 3 19 8.9943755632983163e-12 -1.9007608985919360e-12 4.0965147179549191e-12 7.1193372367186183e-12 1.0378279818637550e-11 -1.5713979845364257e-12 6.5454451406266173e-12 2.6092881690633411e-12 1.0378279818637550e-11 -1.5713979845364257e-12 7.8230566999635949e-12 1.2157261178634188e-12
10000 3 20 2.8103755901740547e-12 -1.5629031537947259e-12 8.2375354515423868e-13 1.4605648853500970e-12 3.2051393577479704e-12 -2.4470428484442216e-12 1.8170645676641467e-12 -5.1169134222314473e-14 3.2051393577479704e-12 -2.4470428484442216e-12 2.2797561643587546e-12 -8.4979370562961674e-13
10000 3 21 1.2583230514625066e-12 4.9901352103284979e-13 8.9028310295008674e-13 7.4936307574458019e-13 5.4169888146118649e-13 9.6508840852486631e-14 1.0743030772062966e-12 6.2418829838871499e-13 5.4169888146118649e-13 9.6508840852486631e-14 8.9676834529125980e-13 4.4829514587663884e-13
10000 3 22 3.5197412609712328e-13 4.3790559330052981e-14 2.3400311956773523e-13 2.5770101330097405e-13 1.3824271842176286e-13 2.4763862421504839e-14 2.9298862283242926e-13 1.5074578631551352e-13 1.3824271842176286e-13 2.4763862421504839e-14 2.4140665469554044e-13 1.0875181168417728e-13
10000 3 23 1.3563819541542056e-13 5.2388545868743209e-14 7.3349756450850016e-14 8.7900616602357513e-14 -7.6197342901032463e-14 -3.3542446815373753e-15 1.0449397593313529e-13 7.0144581235550364e-14 -7.6197342901032463e-14 -3.3542446815373753e-15 4.4263536321746033e-14 4.5644972596521113e-14
10000 3 24 3.1633963167414245e-14 2.6016080555628822e-14 3.5172139314088689e-14 6.2302918203452833e-14 8.4785989672567757e-14 -4.4051894703959225e-14 3.3403051240751464e-14 4.4159499379540829e-14 8.4785989672567757e-14 -4.4051894703959225e-14 5.0530697384690224e-14 1.4755701351707478e-14
10000 3 25 -9.6798878356257245e-15 9.5709831952118732e-15 2.0666548359457104e-14 2.1458692977669796e-14 2.3674403783638401e-14 -5.9592911369213272e-15 5.4933302619156900e-15 1.5514838086440836e-14 2.3674403783638401e-14 -5.9592911369213272e-15 1.1553688102489926e-14 8.3567950119867806e-15
10000 3 26 -7.2237028082587100e-15 -3.9971449554821967e-15 -2.9509278691077025e-15 1.2008586923980822e-14 4.7852869370083892e-16 -1.7495123357444749e-14 -5.0873153386832058e-15 4.0057209842493126e-15 4.7852869370083892e-16 -1.7495123357444749e-14 -3.2320339945551904e-15 -3.1612271296487076e-15
10000 3 27 9.3197420056493334e-16 -1.8152339112087355e-16 -7.4653046225156585e-16 4.0384239031085592e-15 -2.9153809561591462e-15 -5.6865421787876619e-15 9.2721869156683745e-17 1.9284502559938428e-15 -2.9153809561591462e-15 -5.6865421787876619e-15 -9.0997907261525950e-16 -6.0988055559999208e-16
10000 3 28 6.4462124267705607e-16 -1.4832338267320168e-15 -1.0668981727842471e-15 -1.8585425797707199e-17 -7.6680336597518703e-16 -4.8019505416481377e-15 -2.1113846505359550e-16 -7.5090962626486202e-16 -7.6680336597518703e-16 -4.8019505416481377e-15 -3.9636009869412600e-16 -2.1012565980592870e-15
10000 3 29 -5.8434332209274833e-17 -7.5466694456364736e-16 -6.3294762851121338e-16 -6.2752693801160127e-16 -2.1228006886919869e-15 -3.2187209426629012e-15 -3.4569098036024410e-16 -6.9109694128762431e-16 -2.1228006886919869e-15 -3.2187209426629012e-15 -9.3806088313749165e-16 -1.5336382750793832e-15
10000 3 30 2.9070098684433149e-16 -2.8512366636632490e-16 -1.4089287212465343e-16 -3.3323856597109436e-16 -2.2249007013305508e-16 -1.1928624265091745e-15 7.4904057359839031e-17 -3.0918111616870963e-16 -2.2249007013305508e-16 -1.1928624265091745e-15 -2.4227318471125671e-17 -6.0374155294886456e-16
10000 3 31 1.9251770559345034e-16 -8.3828595010790833e-17 -3.7270308369702539e-17 4.0105461899760270e-17 8.9714428751251748e-17 -5.0423908116271733e-16 7.7623698611873899e-17 -2.1861566555515281e-17 8.9714428751251748e-17 -5.0423908116271733e-16 8.1653941991666511e-17 -1.8265407142458261e-16
10000 3 32 7.0431227982804894e-17 8.3487700056234803e-18 -5.4512936858059167e-17 2.5316427524199492e-17 -7.3398297049673519e-17 -1.9578811364918539e-16 7.9591455623728633e-18 1.6832598764911487e-17 -7.3398297049673519e-17 -1.9578811364918539e-16 -1.9160001974975932e-17 -5.4040972039787468e-17
10000 3 33 -1.5140282338825501e-17 2.0440217951176837e-18 -1.5357634510890467e-17 9.6110107945307325e-18 -2.8303974742984561e-17 -5.4905934041120692e-17 -1.5248958424857984e-17 5.8275162948242085e-18 -2.8303974742984561e-17 -5.4905934041120692e-17 -1.9600630530900173e-17 -1.4416967150490756e-17
10000 3 34 -2.3131685893769469e-17 1.0783073940654089e-17 -1.0333008662763679e-17 6.7852999229177382e-18 -4.1492548358178804e-17 -2.9405764347351453e-17 -1.6732347278266575e-17 8.7841869317859141e-18 -4.1492548358178804e-17 -2.9405764347351453e-17 -2.4985747638237318e-17 -3.9457968279265413e-18
10000 3 35 -1.2135435451962606e-17 6.0207362076343070e-18 -6.8862590932957798e-18 1.7707776110785593e-18 -1.1631575866122406e-17 7.6277586924120978e-19 -9.5108472726291922e-18 3.8957569093564329e-18 -1.1631575866122406e-17 7.6277586924120978e-19 -1.0217756803793596e-17 2.8514298959846915e-18
10000 3 36 -8.7133922182113196e-18 4.7497646756352386e-18 -3.4753971721247949e-18 7.4960663176161521e-19 -1.0060099363213234e-17 4.6650905204530901e-18 -6.0943946951680576e-18 2.7496856536984269e-18 -1.0060099363213234e-17 4.6650905204530901e-18 -7.4162962511831160e-18 3.3881539426166476e-18
10000 3 37 -1.1251194712908198e-19 6.8984538334336076e-19 4.1877990712005229e-18 -3.1242977670159689e-18 -4.4637265807220346e-18 1.0777063384463723e-17 2.0376435620357206e-18 -1.2172261918363041e-18 -4.4637265807220346e-18 1.0777063384463723e-17 -1.2947981888353115e-19 2.7808703335970383e-18
10000 3 38 6.8696858050338227e-18 8.2519226594405608e-18 1.6375060738771796e-17 -1.0991162585072764e-17 -1.5046170609468871e-17 3.5081647980420945e-17 1.1622373271902810e-17 -1.3696199628161016e-18 -1.5046170609468871e-17 3.5081647980420945e-17 2.7328586447789160e-18 1.0780802684929579e-17
10000 3 39 8.4189197509212801e-18 3.1102316683216203e-17 2.4534311686515829e-17 -1.8580190688426735e-17 -3.4100543878830584e-17 8.7527569405212037e-17 1.6476615718718553e-17 6.2610629973947338e-18 -3.4100543878830584e-17 8.7527569405212037e-17 -3.8243748046449271e-19 3.3349898466667166e-17
10000 3 40 4.4381305419290774e-17 6.8080681286902555e-18 1.1808680582141583e-16 -1.5008683658792037e-17 -9.7463942311786789e-17 2.7131162512329577e-16 8.1234055620353301e-17 -4.1003077650508907e-18 -9.7463942311786789e-17 2.7131162512329577e-16 2.1668056309639938e-17 8.7703669864397996e-17
10000 3 41 1.3322313541556500e-16 2.1969018063298481e-17 2.5627582497763743e-16 2.6599764784229960e-17 4.4365504499290942e-18 5.7897638185749050e-16 1.9474948019660120e-16 2.4284391423764220e-17 4.4365504499290942e-18 5.7897638185749050e-16 1.3131183694771049e-16 2.0918172156833966e-16
10000 3 42 -8.5846919073299991e-17 3.7386948133428027e-18 1.6784072551777753e-16 1.6097064170141632e-16 -3.9917512279127654e-16 1.1906966946800785e-15 4.0996903222238770e-17 8.2354668257379557e-17 -3.9917512279127654e-16 1.1906966946800785e-15 -1.0572710544893299e-16 4.5180201039827911e-16
10000 3 43 2.3783394681269393e-16 -7.3739030784203370e-16 -3.3020177122723978e-17 1.3970692888787195e-16 4.9600733408905166e-16 1.5070226745538985e-15 1.0240688484498498e-16 -2.9884168947708090e-16 4.9600733408905166e-16 1.5070226745538985e-15 2.3360703459300719e-16 3.0311309853324552e-16
10000 3 44 3.8738766755373503e-16 -2.3051371352116655e-15 2.3487073347153624e-15 6.4612866533781958e-16 8.8236274172337246e-16 -4.8041649137228400e-15 1.3680475011345487e-15 -8.2950423493692297e-16 8.8236274172337246e-16 -4.8041649137228400e-15 1.2061525813308232e-15 -2.1543911278655618e-15
10000 3 45 6.5734848406933831e-15 -5.7473013513943257e-15 4.2357672904074020e-15 -1.8971862698883204e-15 8.1372375045276854e-15 -8.3932629641832541e-15 5.4046260655503925e-15 -3.8222438106413231e-15 8.1372375045276854e-15 -8.3932629641832541e-15 6.3154965452094907e-15 -5.3459168618219670e-15
10000 3 46 1.2009865359680871e-14 -9.9598249654121878e-15 1.7189603645004444e-14 -4.2414969432251629e-15 1.1338759675068975e-14 -6.7237840965012053e-15 1.4599734502342658e-14 -7.1006609543186754e-15 1.1338759675068975e-14 -6.7237840965012053e-15 1.3512742893251430e-14 -6.9750353350461845e-15
10000 3 47 3.9163904850247901e-14 -3.3847672092513415e-14 1.9331037892240509e-14 3.9210949239710334e-14 7.6193208262165986e-14 -1.3706279640871287e-14 2.9247471371244205e-14 2.6816385735984594e-15 7.6193208262165986e-14 -1.3706279640871287e-14 4.4896050334884797e-14 -2.7810008312247893e-15
10000 3 48 9.3449228914038132e-14 -1.1883250822083310e-13 1.0219524896641086e-13 5.9883436497462155e-14 2.0115746611487765e-13 -2.5486882952498494e-14 9.7822238940224501e-14 -2.9474535861685474e-14 2.0115746611487765e-13 -2.5486882952498494e-14 1.3226731466510887e-13 -2.8145318225289813e-14
10000 3 49 1.8324203066404643e-13 -2.1913051169130770e-13 4.6731069940019980e-14 1.0487384989863437e-13 5.5449486357818386e-13 1.4208965719680682e-13 1.1498655030203321e-13 -5.7128330896336668e-14 5.5449486357818386e-13 1.4208965719680682e-13 2.6148932139408342e-13 9.2776651347111610e-15
10000 3 50 5.2852939120335952e-13 -1.1557618770642652e-13 1.9654896575627712e-14 1.3533358006048079e-13 1.1747042279449155e-12 2.5325514694587076e-13 2.7409214388949360e-13 9.8786961770271391e-15 1.1747042279449155e-12 2.5325514694587076e-13 5.7429617190796747e-13 9.1004179766641674e-14
10000 3 51 1.3461356777137850e-12 -3.4434567982746227e-13 1.1542340022767976e-12 6.4581402886808229e-13 2.4889177387147141e-12 -5.0004875125221812e-13 1.2501848399952913e-12 1.5073417452031001e-13 2.4889177387147141e-12 -5.0004875125221812e-13 1.6630958062350987e-12 -6.6193467403866031e-14
10000 3 52 3.1831297635605084e-12 -3.8114418598745473e-13 3.8538106648708908e-12 9.2050961187068909e-13 6.5607174569638559e-12 1.0326093020808461e-12 3.5184702142156996e-12 2.6968271294161718e-13 6.5607174569638559e-12 1.0326093020808461e-12 4.5325526284650850e-12 5.2399157598802682e-13
10000 3 53 5.0578640085097921e-12 2.4478812320417108e-12 1.1160788601045373e-11 9.9536394819690808e-12 1.3557852432555930e-11 9.3900163897071953e-12 8.1093263047775824e-12 6.2007603570053956e-12 1.3557852432555930e-11 9.3900163897071953e-12 9.9255016807036981e-12 7.2638457012393277e-12
10000 3 54 1.2710534747915859e-11 7.8672310750519165e-12 3.0132178934500480e-11 1.9613351117979824e-11 3.9421254932582711e-11 3.2615856215885026e-11 2.1421356841208170e-11 1.3740291096515869e-11 3.9421254932582711e-11 3.2615856215885026e-11 2.7421322871666348e-11 2.0032146136305586e-11
10000 3 55 4.8545380310677624e-11 -1.5272421773202468e-12 6.2360713656445800e-11 -5.5619257967451266e-12 1.1562988658191048e-10 3.0277626717665425e-11 5.5453046983561712e-11 -3.5445839870326867e-12 1.1562988658191048e-10 3.0277626717665425e-11 7.5511993516344633e-11 7.7294862478666829e-12
10000 3 56 9.4184524417401986e-11 -2.4519593145297300e-12 5.5639516761989410e-11 2.9261606022342821e-11 2.4552483123185692e-10 3.7255971847765884e-11 7.4912020589695694e-11 1.3404823353906546e-11 2.4552483123185692e-10 3.7255971847765884e-11 1.3178295747041609e-10 2.1355206185192988e-11
10000 3 57 2.5621686999237824e-10 -7.3991622064924192e-11 2.2339728574401303e-10 -9.5427339972330281e-11 7.0118607013147788e-10 9.1982354922870188e-11 2.3980707786819565e-10 -8.4709481018627243e-11 7.0118607013147788e-10 9.1982354922870188e-11 3.9360007528928971e-10 -2.5812202371461433e-11
10000 3 58 1.1674567162186575e-09 -3.7932006427956789e-10 6.9270057175591517e-10 -3.4240627717510871e-10 2.2825761902277220e-09 -3.8357721359568879e-10 9.3007864398728631e-10 -3.6086317072733830e-10 2.2825761902277220e-09 -3.8357721359568879e-10 1.3809111594007647e-09 -3.6843451835012180e-10
10000 3 59 2.5934325242091779e-09 -1.3585217709710505e-09 7.6685730333037364e-10 -2.0940722054771268e-10 8.1991824077969165e-09 -4.6139236537190721e-10 1.6801449137697757e-09 -7.8396449575938160e-10 8.1991824077969165e-09 -4.6139236537190721e-10 3.8531574117788223e-09 -6.7644045229689003e-10
10000 3 60 6.9315151809273903e-09 -3.5416758226688959e-09 3.5296972901769360e-09 -2.3044130117744077e-09 1.6940448855226574e-08 -2.6439605553093682e-09 5.2306062355521632e-09 -2.9230444172216518e-09 1.6940448855226574e-08 -2.6439605553093682e-09 9.1338871087769667e-09 -2.8300164632508906e-09
10000 3 61 2.8196079827500432e-08 -2.8013257037346487e-09 1.2633918791462133e-08 -4.8860955211065512e-09 5.2570499672624122e-08 -7.5592435468895932e-09 2.0414999309481282e-08 -3.8437106124205999e-09 5.2570499672624122e-08 -7.5592435468895932e-09 3.1133499430528889e-08 -5.0822215905769313e-09
10000 3 62 7.6265546908372953e-08 -1.4168034695814609e-09 4.4824930080994015e-08 -9.1821412679097890e-09 1.2877653477936679e-07 -5.7139818217360068e-09 6.0545238494683487e-08 -5.2994723687456250e-09 1.2877653477936679e-07 -5.7139818217360068e-09 8.3289003922911254e-08 -5.4376421864090856e-09
10000 3 63 2.4845509814170935e-07 7.0128833886234928e-09 2.1109706325809016e-07 -4.1926723559944692e-09 4.2479422900934190e-07 5.6786266514719067e-09 2.2977608069989976e-07 1.4101055163145118e-09 4.2479422900934190e-07 5.6786266514719067e-09 2.9478213013638045e-07 2.8329458947003098e-09
10000 3 64 6.5391343191928286e-07 -7.6923953338743864e-08 6.8743679652030083e-07 -2.1753319731433670e-07 1.2146759844134187e-06 -5.8877050544669900e-08 6.7067511421979185e-07 -1.4722857532654027e-07 1.2146759844134187e-06 -5.8877050544669900e-08 8.5200873761766743e-07 -1.1777806706591682e-07
10000 3 65 2.1255574848472226e-06 -7.2682942305914966e-08 2.0532077930213981e-06 -2.6065732614140383e-07 3.6631796926477561e-06 -2.4603891991223341e-07 2.0893826389343101e-06 -1.6667013422365940e-07 3.6631796926477561e-06 -2.4603891991223341e-07 2.6139816568387916e-06 -1.9312639611985070e-07
10000 3 66 6.1459953954875585e-06 -4.8285284824292642e-07 6.4073464039929932e-06 -1.1439823508038071e-06 9.5506164481948837e-06 -9.6362614397129929e-07 6.2766708997402754e-06 -8.1341759952336674e-07 9.5506164481948837e-06 -9.6362614397129929e-07 7.3679860825584782e-06 -8.6348711433934419e-07
10000 3 67 1.8276504677704940e-05 -1.7485781108433406e-06 1.9642401315761682e-05 1.1263572086319778e-06 2.9057671317027138e-05 -3.2118797041295568e-06 1.8959452996733311e-05 -3.1111045110568142e-07 2.9057671317027138e-05 -3.2118797041295568e-06 2.2325525770164589e-05 -1.2780335354469732e-06
10000 3 68 6.1667606959407489e-05 -7.8490008080956581e-06 7.0167809105565676e-05 -3.6444099484581375e-07 9.0916719727238279e-05 -1.3268891388157005e-06 6.5917708032486589e-05 -4.1067209014707355e-06 9.0916719727238279e-05 -1.3268891388157005e-06 7.4250711930737143e-05 -3.1801103139190569e-06
10000 3 69 2.1707830096220749e-04 6.7721191529817882e-06 2.5013436427914900e-04 3.1203652482211171e-05 3.5309394137955581e-04 9.6273423881054346e-06 2.3360633262067826e-04 1.8987885817596479e-05 3.5309394137955581e-04 9.6273423881054346e-06 2.7343553554030409e-04 1.5867704674432798e-05
10000 3 70 5.8108062101132612e-04 -9.3407448169244333e-06 6.1057746840228176e-04 3.2076052832882975e-05 1.1299986476398995e-03 4.0713797868211524e-05 5.9582904470680399e-04 1.1367654007979271e-05 1.1299986476398995e-03 4.0713797868211524e-05 7.7388557901783583e-04 2.1149701961390020e-05
10000 3 71 2.3541391853491725e-03 1.7241920983184791e-04 1.8351068571017689e-03 1.6787323352303232e-04 4.8459202823101597e-03 -1.3202876238804418e-04 2.0946230212254705e-03 1.7014622167744011e-04 4.8459202823101597e-03 -1.3202876238804418e-04 3.0117221082536999e-03 6.9421226988945338e-05
10000 4 0 1.3034256229834821e-03 2.6519849162781766e-05 1.6373794561944470e-03 9.6146427530696403e-05 1.2726687524209562e-02 1.9870587715391320e-04 1.4704025395889646e-03 6.1333138346739084e-05 1.2726687524209562e-02 1.9870587715391320e-04 5.2224975344624964e-03 1.0712405128246379e-04
10000 4 1 5.3179993778158395e-04 -4.6967865288136796e-05 4.9274588843572326e-04 -7.2925594763990226e-05 2.4062301990027762e-03 -4.3684807470822022e-05 5.1227291310865361e-04 -5.9946730026063511e-05 2.4062301990027762e-03 -4.3684807470822022e-05 1.1435920084066943e-03 -5.4526089174316348e-05
10000 4 2 1.9978705426972065e-04 -2.0475136162640133e-05 2.0546231566423946e-04 -7.7648483527935884e-06 4.3632464604848877e-04 8.5376871920122072e-06 2.0262468496698004e-04 -1.4119992257716861e-05 4.3632464604848877e-04 8.5376871920122072e-06 2.8052467199414960e-04 -6.5674324411405044e-06
10000 4 3 6.1792904396060639e-05 1.0129902441787799e-06 6.9620189736729990e-05 2.7902847578128889e-05 1.1453901897213043e-04 2.2707091224496217e-05 6.5706547066395315e-05 1.4457918911153835e-05 1.1453901897213043e-04 2.2707091224496217e-05 8.1984037701640346e-05 1.7207643015601295e-05
10000 4 4 2.1107135977582723e-05 -1.6318168537228531e-06 2.3896314310790492e-05 7.0004490867683905e-06 3.1494011815467313e-05 1.0111316955726793e-05 2.2501725144186607e-05 2.6843161165227687e-06 3.1494011815467313e-05 1.0111316955726793e-05 2.5499154034613509e-05 5.1599830629241107e-06
10000 4 5 1.0510438582525482e-05 -1.0877645851803233e-06 9.4189631457794621e-06 4.3436417423493547e-07 1.3631721677632668e-05 4.7406636847281275e-07 9.9647008641524721e-06 -3.2670020547269392e-07 1.3631721677632668e-05 4.7406636847281275e-07 1.1187041135312536e-05 -5.9778014157525026e-08
10000 4 6 2.5196120000946300e-06 -1.9027868053157356e-07 2.9346241045528262e-06 7.3264666143992959e-07 3.7816868957243027e-06 3.3496537988651787e-08 2.7271180523237279e-06 2.7118399045417800e-07 3.7816868957243027e-06 3.3496537988651787e-08 3.0786410001239194e-06 1.9195483963233593e-07
10000 4 7 7.3367039108858304e-07 2.4234556069395682e-07 9.2956210446638082e-07 4.6788122459149324e-07 1.1410413097091468e-06 2.2751544602075865e-07 8.3161624777748198e-07 3.5511339264272503e-07 1.1410413097091468e-06 2.2751544602075865e-07 9.3475793508803691e-07 3.1258074376873619e-07
10000 4 8 3.9736960011067904e-07 9.3891551839143051e-08 3.9197102107741344e-07 1.8339140407327313e-07 4.2203751620459925e-07 3.1812806292265024e-07 3.9467031059404621e-07 1.3864147795620810e-07 4.2203751620459925e-07 3.1812806292265024e-07 4.0379271246423052e-07 1.9847033961168883e-07
10000 4 9 1.2610004200889955e-07 5.3148042576016690e-08 1.3733412509524124e-07 7.1795361811838266e-08 1.5200657399223367e-07 1.3246239105074781e-07 1.3171708355207040e-07 6.2471702193927475e-08 1.5200657399223367e-07 1.3246239105074781e-07 1.3848024703212481e-07 8.5801931812867586e-08
10000 4 10 6.1474254275693905e-08 2.3130198172553038e-08 4.7870818643790436e-08 3.1239040597616187e-08 7.9816813453980268e-08 2.7347198856390087e-08 5.4672536459742167e-08 2.7184619385084613e-08 7.9816813453980268e-08 2.7347198856390087e-08 6.3053962124488192e-08 2.7238812542186434e-08
10000 4 11 2.2598007986919929e-08 4.7227611021920049e-09 1.9145081494315501e-08 1.5255772872768357e-08 2.2146481545591375e-08 1.7047773998254658e-08 2.0871544740617713e-08 9.9892669874801814e-09 2.2146481545591375e-08 1.7047773998254658e-08 2.1296523675608936e-08 1.2342102657738340e-08
10000 4 12 7.6526806372290186e-09 2.2750814063868702e-10 4.5844162182506800e-09 5.1309672125100712e-09 6.0832332074879471e-09 2.5103168638243700e-09 6.1185484277398493e-09 2.6792376765743791e-09 6.0832332074879471e-09 2.5103168638243700e-09 6.1067766876558816e-09 2.6229307389910425e-09
10000 4 13 3.2494785454435899e-09 1.3894731054440486e-09 1.7898767870956636e-09 2.0342604453842558e-09 2.2703861921151284e-09 1.5530378224430375e-09 2.5196776662696267e-09 1.7118667754141522e-09 2.2703861921151284e-09 1.5530378224430375e-09 2.4365805082181271e-09 1.6589237910904470e-09
10000 4 14 1.1066875053161608e-09 2.0661500061234533e-10 6.2085575584695010e-10 7.6964724237457863e-10 1.0822448291109219e-09 5.9385570878211993e-10 8.6377163058155546e-10 4.8813112149346195e-10 1.0822448291109219e-09 5.9385570878211993e-10 9.3659603009134426e-10 5.2337265058968118e-10
10000 4 15 2.3698091366151556e-10 1.1794033995852614e-10 1.4409867214441538e-10 1.9741401337031956e-10 3.1938702115532159e-10 1.7192930416171697e-10 1.9053979290296548e-10 1.5767717666442284e-10 3.1938702115532159e-10 1.7192930416171697e-10 2.3348886898708417e-10 1.6242788583018756e-10
10000 4 16 1.0881330305606984e-10 6.6958274392785686e-11 6.9275763104159768e-11 6.7533784939641037e-11 9.8735159936896340e-11 8.8859997929496633e-11 8.9044533080114804e-11 6.7246029666213361e-11 9.8735159936896340e-11 8.8859997929496633e-11 9.2274742032375299e-11 7.4450685753974443e-11
10000 4 17 5.2007986256231503e-11 1.7279973305294116e-11 1.9906416117130899e-11 3.7207423178934235e-11 3.4184149174559972e-11 3.5998463265598314e-11 3.5957201186681201e-11 2.7243698242114176e-11 3.4184149174559972e-11 3.5998463265598314e-11 3.5366183849307452e-11 3.0161953249942224e-11
10000 4 18 1.2264289349928758e-11 4.8153502220592673e-12 -5.0036836044112403e-12 1.0671721317411942e-11 -7.0537985816155010e-12 3.0208504311451816e-12 3.6303028727587590e-12 7.7435357697356048e-12 -7.0537985816155010e-12 3.0208504311451816e-12 6.8935721300672328e-14 6.1693073235387965e-12
10000 4 19 4.7115805078641494e-12 -1.6944023555960522e-12 1.9860169674144257e-12 4.4482252542132303e-12 5.9627659536668530e-12 -2.9309429610181650e-12 3.3487987376392875e-12 1.3769114493085890e-12 5.9627659536668530e-12 -2.9309429610181650e-12 4.2201211429818094e-12 -5.9040020800329040e-14
10000 4 20 1.6548423139465589e-12 -9.6879515852124460e-13 4.8465997655177696e-13 6.8678889012708807e-13 2.1345088324776474e-12 -2.5478690405416303e-12 1.0697511452491679e-12 -1.4100313419707826e-13 2.1345088324776474e-12 -2.5478690405416303e-12 1.4246703743253276e-12 -9.4329176964526219e-13
10000 4 21 6.8940647219758718e-13 1.7578290689558639e-13 6.6140300931774845e-13 1.9800378782624397e-13 1.1708769227096223e-13 -3.4916068946000945e-13 6.7540474075766781e-13 1.8689334736091518e-13 1.1708769227096223e-13 -3.4916068946000945e-13 4.8929905792876589e-13 8.2086684206069705e-15
10000 4 22 2.2199640937744796e-14 -2.7438941184085163e-15 6.3983977780518625e-14 1.7017423822936963e-13 5.7270613941909768e-14 1.7915332790218247e-15 4.3091809359131709e-14 8.3715172055480556e-14 5.7270613941909768e-14 1.7915332790218247e-15 4.7818077553391060e-14 5.6407292463327644e-14
10000 4 23 7.7537675378204138e-14 4.4360565645171203e-14 5.7032469025282539e-14 5.1448343957478951e-14 -5.7838713784051398e-14 2.1229792285124498e-14 6.7285072201743339e-14 4.7904454801325080e-14 -5.7838713784051398e-14 2.1229792285124498e-14 2.5577143539811759e-14 3.9012900629258224e-14
10000 4 24 1.3145339747454313e-14 5.1179259173611347e-15 1.7666897063438842e-14 2.3610511143912794e-14 6.7129841023701254e-14 -6.8949331715289149e-14 1.5406118405446579e-14 1.4364218530636965e-14 6.7129841023701254e-14 -6.8949331715289149e-14 3.2647359278198135e-14 -1.3406964884671739e-14
10000 4 25 -1.3587486978461404e-14 1.2725807393263255e-15 1.7353112103152138e-14 5.4963888429926310e-15 1.7762534236306711e-14 -6.0908169324255110e-15 1.8828125623453669e-15 3.3844847911594781e-15 1.7762534236306711e-14 -6.0908169324255110e-15 7.1760531203324810e-15 2.2605088329781500e-16
10000 4 26 -3.0069478308446914e-15 -3.6511159646442008e-15 -1.7125453770699864e-15 5.9639259712238362e-15 -1.3908753278988290e-15 -1.0631519351068279e-14 -2.3597466039573388e-15 1.1564050032898177e-15 -1.3908753278988290e-15 -1.0631519351068279e-14 -2.0367895119378354e-15 -2.7729031148295477e-15
10000 4 27 1.2081522200266159e-15 -1.0447728926484748e-15 6.2447934186975325e-16 1.3970878249125043e-15 -2.3377503284157852e-15 -3.6505506056627938e-15 9.1631578094818462e-16 1.7615746613201476e-16 -2.3377503284157852e-15 -3.6505506056627938e-15 -1.6837292217313864e-16 -1.0994118911329213e-15
10000 4 28 1.2825523050117256e-16 -1.9843739310334094e-15 -7.3379975597173233e-16 -4.7583832816077806e-16 -1.0092699093105688e-15 -5.0671991146541588e-15 -3.0277226273527991e-16 -1.2301061295970937e-15 -1.0092699093105688e-15 -5.0671991146541588e-15 -5.3827147826037622e-16 -2.5091371246161151e-15
10000 4 29 -2.3066095374988479e-16 -8.7748922464118260e-16 -6.1890506406484931e-16 -7.0913839925155778e-16 -2.0933138906189692e-15 -2.3198751339286806e-15 -4.2478300890736702e-16 -7.9331381194637019e-16 -2.0933138906189692e-15 -2.3198751339286806e-15 -9.8095996947790116e-16 -1.3021675859404737e-15
10000 4 30 2.6931312828119353e-16 -1.6579076622607583e-16 4.1276046435453790e-17 -2.3595800671017960e-16 -2.1026579228277239e-16 -8.2954097886147156e-16 1.5529458735832366e-16 -2.0087438646812773e-16 -2.1026579228277239e-16 -8.2954097886147156e-16 3.3441127477958303e-17 -4.1042991726590899e-16
10000 4 31 1.1872570221357853e-16 -4.9197334424787658e-17 6.8044707158484668e-18 7.4273014648264939e-17 9.0864686054735324e-17 -3.9785248827312830e-16 6.2765086464713497e-17 1.2537840111738641e-17 9.0864686054735324e-17 -3.9785248827312830e-16 7.2131619661387439e-17 -1.2425893601655034e-16
10000 4 32 5.8118326351681608e-17 1.4178853111196466e-17 -1.9914008849214326e-17 3.8032356890445927e-17 -4.7068325806438334e-17 -1.5785024730035732e-16 1.9102158751233641e-17 2.6105605000821195e-17 -4.7068325806438334e-17 -1.5785024730035732e-16 -2.9546694346570173e-18 -3.5213012432904973e-17
10000 4 33 -1.2102650993031003e-17 8.7643310752179558e-18 -8.0038461346924325e-18 1.0172350332576417e-17 -2.0615895755317220e-17 -3.9488455097799933e-17 -1.0053248563861717e-17 9.4683407038971865e-18 -2.0615895755317220e-17 -3.9488455097799933e-17 -1.3574130961013552e-17 -6.8505912300018534e-18
10000 4 34 -1.7906015171568465e-17 8.9241186517198102e-18 -7.2830141724808006e-18 6.8145182944819368e-18 -3.3777715841490743e-17 -1.8823490474504488e-17 -1.2594514672024633e-17 7.8693184731008735e-18 -3.3777715841490743e-17 -1.8823490474504488e-17 -1.9655581728513333e-17 -1.0282845094342468e-18
10000 4 35 -7.4356025153585381e-18 8.0395911639488184e-18 -3.2526081406406427e-18 3.2318383931409743e-18 -5.7369666049647649e-18 3.5311564497973979e-18 -5.3441053279995904e-18 5.6357147785448965e-18 -5.7369666049647649e-18 3.5311564497973979e-18 -5.4750590869879819e-18 4.9341953356290639e-18
10000 4 36 -5.9953985677261443e-18 4.2195722920861703e-18 -1.1105190551374603e-18 3.3551813176796220e-19 -6.7900917929193546e-18 4.6684876678671880e-18 -3.5529588114318027e-18 2.2775452119270662e-18 -6.7900917929193546e-18 4.6684876678671880e-18 -4.6320031385943205e-18 3.0745260305737732e-18
10000 4 37 1.2607752938650881e-18 1.2280672592934978e-18 3.6558869569740318e-18 -3.8242934179835860e-18 -1.2348484148589674e-18 7.2877509093355535e-18 2.4583311254195599e-18 -1.2981130793450441e-18 -1.2348484148589674e-18 7.2877509093355535e-18 1.2272712786600506e-18 1.5638415835484883e-18
10000 4 38 1.0038109168673495e-17 1.0028010099904541e-17 1.3762246786700391e-17 -9.3614004499523614e-18 -9.6176401651532160e-18 2.2694175253195088e-17 1.1900177977686942e-17 3.3330482497608987e-19 -9.6176401651532160e-18 2.2694175253195088e-17 4.7275719300735559e-18 7.7869283010490891e-18
10000 4 39 7.9456202842518737e-18 3.3089458664839184e-17 1.8691725721118414e-17 -1.1944137304022824e-17 -2.5016870242510233e-17 5.5872423093876051e-17 1.3318673002685143e-17 1.0572660680408180e-17 -2.5016870242510233e-17 5.5872423093876051e-17 5.4015858762001754e-19 2.5672581484897470e-17
10000 4 40 4.4803057525364750e-17 1.9275329339566552e-17 9.4756643675889548e-17 5.7731908961283866e-18 -7.1798936214792938e-17 2.1232313375824408e-16 6.9779850600627155e-17 1.2524260117847470e-17 -7.1798936214792938e-17 2.1232313375824408e-16 2.2586921662153791e-17 7.9123884664646337e-17
10000 4 41 1.1943991128716061e-16 3.2234509930379023e-17 1.9072092957929693e-16 7.5779272800682177e-17 1.9982154438181547e-17 4.2020569109955551e-16 1.5508042043322877e-16 5.4006891365530597e-17 1.9982154438181547e-17 4.2020569109955551e-16 1.1004766510154635e-16 1.7607315794353889e-16
10000 4 42 -9.4053477272087297e-17 -1.9472960177934420e-17 2.4935085407748303e-16 3.0408853239545852e-16 -3.0878759951795671e-16 8.5946786300566668e-16 7.7648688402697864e-17 1.4230778610876204e-16 -3.0878759951795671e-16 8.5946786300566668e-16 -5.1163407570853655e-17 3.8136114507439692e-16
10000 4 43 -1.1515548924737409e-16 -4.4429934743949216e-16 -1.7228061638443462e-16 2.2682440382153716e-17 4.2375506077877621e-16 1.5144753497500488e-15 -1.4371805281590436e-16 -2.1080845352866922e-16 4.2375506077877621e-16 1.5144753497500488e-15 4.5439651715655834e-17 3.6428614756423675e-16
10000 4 44 -3.1687936869955111e-16 -1.2126740559945062e-15 1.2131380427500229e-15 2.2671500277612811e-16 4.3120176531176854e-16 -3.5110406011549754e-15 4.4812933702523587e-16 -4.9297952660918904e-16 4.3120176531176854e-16 -3.5110406011549754e-15 4.4248681312074676e-16 -1.4989998847911178e-15
10000 4 45 4.9280725602483231e-15 -2.2066953422141900e-15 2.6061070869901653e-15 -1.5677925712156543e-15 5.5187130471347416e-15 -6.5388502300338343e-15 3.7670898236192444e-15 -1.8872439567149220e-15 5.5187130471347416e-15 -6.5388502300338343e-15 4.3509642314577432e-15 -3.4377793811545592e-15
10000 4 46 5.7517967490554202e-15 -1.9717251674799727e-15 1.1703439485268640e-14 -1.7247020479007832e-15 4.5741704377643901e-15 -4.9896297857482967e-16 8.7276181171620295e-15 -1.8482136076903780e-15 4.5741704377643901e-15 -4.9896297857482967e-16 7.3431355573628164e-15 -1.3984633979851952e-15
10000 4 47 2.1028937412079639e-14 -1.6295342485153246e-14 1.3999411897703271e-14 2.7476448298131837e-14 4.2653427047520313e-14 5.7202210796301105e-16 1.7514174654891455e-14 5.5905529064892956e-15 4.2653427047520313e-14 5.7202210796301105e-16 2.5893925452434408e-14 3.9177093069805336e-15
10000 4 48 5.0445139947184469e-14 -7.2081975647208483e-14 5.9976273234169506e-14 6.2785424289877069e-14 1.4522650792946665e-13 -1.5673376778440301e-14 5.5210706590676987e-14 -4.6482756786657071e-15 1.4522650792946665e-13 -1.5673376778440301e-14 8.5215973703606866e-14 -8.3233093785905707e-15
10000 4 49 1.1579897775613544e-13 -1.4803714355862230e-13 -9.8782924878280208e-16 1.2716619339737443e-13 4.5549104587273125e-13 1.9423021605544128e-13 5.7405574253676318e-14 -1.0435475080623937e-14 4.5549104587273125e-13 1.9423021605544128e-13 1.9010073146002795e-13 5.7786421964731127e-14
10000 4 50 3.0984739676472719e-13 -5.7825024092647111e-14 -4.9220517988386767e-14 4.2997613041483438e-14 7.1453827985470980e-13 8.9034408219065905e-14 1.3031343938817020e-13 -7.4137055255818365e-15 7.1453827985470980e-13 8.9034408219065905e-14 3.2505505287701677e-13 2.4735665722634077e-14
10000 4 51 5.5534015137676682e-13 -4.0486745113734710e-13 4.1895771090844059e-13 -3.2084079322679658e-14 1.2677536422909479e-12 -4.5068105815094885e-13 4.8714893114260373e-13 -2.1847576523001338e-13 1.2677536422909479e-12 -4.5068105815094885e-13 7.4735050152538520e-13 -2.9587752953699189e-13
10000 4 52 1.7035469183711585e-12 -7.3871910921357598e-13 2.2967546088601405e-12 -6.9263670010411336e-13 3.4460341179615791e-12 3.7149531017677126e-13 2.0001507636156495e-12 -7.1567790465884462e-13 3.4460341179615791e-12 3.7149531017677126e-13 2.4821118817309594e-12 -3.5328683304697263e-13
10000 4 53 1.4909298316841786e-12 1.7446221948792739e-12 3.7054932690894186e-12 6.2800441886858086e-12 4.7632210958818335e-12 4.2888815176639519e-12 2.5982115503867984e-12 4.0123331917825410e-12 4.7632210958818335e-12 4.2888815176639519e-12 3.3198813988851429e-12 4.1045159670763441e-12
10000 4 54 4.6831158160794516e-12 5.2108376056716312e-12 1.6064521561880306e-11 1.3306654954530690e-11 2.8071623676302610e-11 2.4012575120630295e-11 1.0373818688979879e-11 9.2587462801011612e-12 2.8071623676302610e-11 2.4012575120630295e-11 1.6273087018087455e-11 1.4176689226944205e-11
10000 4 55 2.9360507373896278e-11 -3.3695312639490072e-12 4.7226568428632881e-11 -6.1539535731347349e-12 8.5975725399626377e-11 3.1294190910925287e-11 3.8293537901264579e-11 -4.7617424185418714e-12 8.5975725399626377e-11 3.1294190910925287e-11 5.4187600400718510e-11 7.2569020246138475e-12
10000 4 56 3.6285088835055242e-11 1.8441811542477836e-11 1.9346696362647770e-11 2.7379273189712837e-11 1.6284850499214834e-10 4.1463208912668135e-11 2.7815892598851506e-11 2.2910542366095338e-11 1.6284850499214834e-10 4.1463208912668135e-11 7.2826763396617111e-11 2.9094764548286268e-11
10000 4 57 1.2340611486179265e-10 -4.9663349290726631e-11 1.2119325383895414e-10 -7.3947970263681080e-11 4.3618554426470646e-10 1.0881495003964317e-10 1.2229968435037340e-10 -6.1805659777203858e-11 4.3618554426470646e-10 1.0881495003964317e-10 2.2692830432181773e-10 -4.9321231715881817e-12
10000 4 58 6.8676366858315069e-10 -2.7843684155109838e-10 4.0784112992602253e-10 -4.3576203385912688e-10 1.2636375432082870e-09 -3.2035880352034932e-10 5.4730239925458661e-10 -3.5709943770511263e-10 1.2636375432082870e-09 -3.2035880352034932e-10 7.8608078057248674e-10 -3.4485255964352484e-10
10000 4 59 1.0168945900103027e-09 -9.4577798455867188e-10 -2.4526490007180977e-10 2.2544311448074303e-10 5.3213519602112442e-09 -1.7997139510536426e-10 3.8581484496924647e-10 -3.6016743503896440e-10 5.3213519602112442e-09 -1.7997139510536426e-10 2.0309938833832458e-09 -3.0010208839443099e-10
10000 4 60 2.8707446479204880e-09 -2.5898497184906668e-09 1.4082266427753846e-09 -1.0963127331406547e-09 1.0235615219113462e-08 -1.6262973781230240e-09 2.1394856453479365e-09 -1.8430812258156607e-09 1.0235615219113462e-08 -1.6262973781230240e-09 4.8381955032697783e-09 -1.7708199432514483e-09
10000 4 61 1.5060307286448728e-08 -2.9025978129187335e-10 5.9075086094163383e-09 -5.8400194404557867e-09 3.4448083089418755e-08 -7.1791465709944400e-09 1.0483907947932533e-08 -3.0651396108738300e-09 3.4448083089418755e-08 -7.1791465709944400e-09 1.8471966328427940e-08 -4.4364752642473664e-09
10000 4 62 3.4819405772720579e-08 -2.3202238092552185e-09 2.1493520755841314e-08 -8.3652640472648295e-09 6.8735194037743181e-08 -7.9150723165735429e-09 2.8156463264280946e-08 -5.3427439282600240e-09 6.8735194037743181e-08 -7.9150723165735429e-09 4.1682706855435027e-08 -6.2001867243645306e-09
10000 4 63 1.4304841230846789e-07 8.7224456798583887e-09 1.2782526812967957e-07 8.8174285487246783e-09 2.7201615240554163e-07 2.2868886639198033e-08 1.3543684021907372e-07 8.7699371142915335e-09 2.7201615240554163e-07 2.2868886639198033e-08 1.8096327761456301e-07 1.3469586955927034e-08
10000 4 64 3.8083896786520114e-07 -1.1131275766367164e-07 4.3368422995983502e-07 -1.8211310046950931e-07 7.1782045149126524e-07 -2.1392045228479794e-08 4.0726159891251805e-07 -1.4671292906659048e-07 7.1782045149126524e-07 -2.1392045228479794e-08 5.1078121643876708e-07 -1.0493930112055358e-07
10000 4 65 1.1494630061588384e-06 -2.1517907437125409e-08 1.1245095891022682e-06 -2.0044444567668993e-07 2.1789107054022413e-06 -1.7107876246502646e-07 1.1369862976305534e-06 -1.1098117655690767e-07 2.1789107054022413e-06 -1.7107876246502646e-07 1.4842944335544493e-06 -1.3101370519294728e-07
10000 4 66 3.3946076171173387e-06 5.5954358230692362e-08 3.5597954317480625e-06 -4.6578479786903046e-07 5.6558199968023869e-06 -5.2503746486894718e-07 3.4772015244327004e-06 -2.0491521981916904e-07 5.6558199968023869e-06 -5.2503746486894718e-07 4.2034076818892623e-06 -3.1162263483576175e-07
10000 4 67 1.0222632733340033e-05 -1.5323667160947782e-06 9.8471441946465582e-06 1.2497890179278574e-06 1.7031870849450657e-05 -3.2045317958211423e-06 1.0034888463993297e-05 -1.4128884908346040e-07 1.7031870849450657e-05 -3.2045317958211423e-06 1.2367215925812416e-05 -1.1623698313293544e-06
10000 4 68 3.2179790183285345e-05 -5.8792442787080919e-06 3.6940123143960532e-05 -7.5704842703612228e-07 4.8533306330977136e-05 -8.0187452076275635e-08 3.4559956663622939e-05 -3.3181463528721069e-06 4.8533306330977136e-05 -8.0187452076275635e-08 3.9217739886074338e-05 -2.2388267192734965e-06
10000 4 69 9.7102318477597653e-05 7.1340752764428023e-06 1.1321679042517482e-04 2.2966495136956213e-05 1.8084142444139303e-04 4.5488499903331252e-06 1.0515955445138624e-04 1.5050285206699508e-05 1.8084142444139303e-04 4.5488499903331252e-06 1.3038684444805515e-04 1.1549806801244047e-05
10000 4 70 2.4346262091128108e-04 -1.7745256887695103e-05 2.8712159887718655e-04 -1.0719590221980235e-05 5.8176600846799990e-04 4.3883505666725279e-06 2.6529210989423383e-04 -1.4232423554837669e-05 5.8176600846799990e-04 4.3883505666725279e-06 3.7078340941882248e-04 -8.0254988476676028e-06
10000 4 71 7.0592340089715099e-04 1.2995188421815378e-04 4.2264783133068475e-04 1.4737177322433128e-04 2.2294907735746095e-03 -1.7758999836771341e-05 5.6428561611391790e-04 1.3866182872124253e-04 2.2294907735746095e-03 -1.7758999836771341e-05 1.1193540019341485e-03 8.6521552535237894e-05
10000 5 0 2.9542111300179339e-04 9.8696168615751805e-05 4.1098042417955490e-04 1.1592330572328257e-04 4.5754099772188804e-03 -1.3909221925481288e-04 3.5320076859067414e-04 1.0730973716951719e-04 4.5754099772188804e-03 -1.3909221925481288e-04 1.7606038381334096e-03 2.5175751694740499e-05
10000 5 1 1.0230009921815696e-04 -2.4724004017942123e-06 5.9845954340453899e-05 -3.8877567805633973e-05 1.0350245045045953e-03 2.0349215127417444e-05 8.1073026779305432e-05 -2.0674984103714093e-05 1.0350245045045953e-03 2.0349215127417444e-05 3.9905685268773537e-04 -7.0002510266702467e-06
10000 5 2 8.7835758307057692e-05 -1.2983049419942379e-05 7.8273431454645002e-05 -2.1222396009511121e-05 1.8999752577319713e-04 1.6939267777528711e-06 8.3054594880851347e-05 -1.7102722714726748e-05 1.8999752577319713e-04 1.6939267777528711e-06 1.1870223851163326e-04 -1.0837172883900207e-05
10000 5 3 2.2997154149613264e-05 3.5697978152727585e-07 2.8357922003941964e-05 1.9807523881751499e-05 4.9082308131903499e-05 1.4357664127608737e-05 2.5677538076777614e-05 1.0082251831639387e-05 4.9082308131903499e-05 1.4357664127608737e-05 3.3479128095152902e-05 1.1507389263629170e-05
10000 5 4 9.3574368702032435e-06 -1.3263968906526894e-06 9.4160291220277104e-06 4.4879234531144182e-06 1.6194033291588573e-05 8.4393795186007366e-06 9.3867329961154761e-06 1.5807632812308644e-06 1.6194033291588573e-05 8.4393795186007366e-06 1.1655833094606507e-05 3.8669686936874878e-06
10000 5 5 6.5633298704312072e-06 -6.1631133904367183e-07 5.6317659090776644e-06 2.7320400028366317e-07 8.1885733552801983e-06 8.9201723936849835e-07 6.0975478897544353e-06 -1.7155366938000433e-07 8.1885733552801983e-06 8.9201723936849835e-07 6.7945563782630224e-06 1.8296996686949656e-07
10000 5 6 1.3006165732410831e-06 -4.0046074854761420e-07 1.4578130540122826e-06 3.0271338300715529e-07 2.1855616207879566e-06 -1.9723321269885039e-07 1.3792148136266830e-06 -4.8873682770229455e-08 2.1855616207879566e-06 -1.9723321269885039e-07 1.6479970826804408e-06 -9.8326859413103099e-08
10000 5 7 4.1856568770399062e-07 8.8132343840624135e-08 5.6499141614199605e-07 1.8783902538842229e-07 7.5606125789747155e-07 -1.7869725448425247e-08 4.9177855192299329e-07 1.3798568461452322e-07 7.5606125789747155e-07 -1.7869725448425247e-08 5.7987278724781930e-07 8.6033881260207045e-08
10000 5 8 2.4924819958193473e-07 5.6938073806827427e-08 2.4402164688777002e-07 1.2150276553288534e-07 2.5184834064824706e-07 2.5934711556487438e-07 2.4663492323485237e-07 8.9220419669856378e-08 2.5184834064824706e-07 2.5934711556487438e-07 2.4837272903931725e-07 1.4592931830152904e-07
10000 5 9 7.2017178369543097e-08 2.4195337385940965e-08 8.8861245929689830e-08 4.0922231559941392e-08 1.0077467652945820e-07 7.2926587924135537e-08 8.0439212149616457e-08 3.2558784472941181e-08 1.0077467652945820e-07 7.2926587924135537e-08 8.7217700276230366e-08 4.6014718956672629e-08
10000 5 10 4.0664616653807524e-08 8.2272951389595050e-09 3.2856558136372687e-08 1.4802336565117844e-08 5.0486542372346148e-08 1.2594205624371973e-08 3.6760587395090106e-08 1.1514815852038675e-08 5.0486542372346148e-08 1.2594205624371973e-08 4.1335905720842118e-08 1.1874612442816441e-08
10000 5 11 1.6806487858211345e-08 4.9631824309439976e-09 1.5626348673617552e-08 1.0767964503211338e-08 1.5849726821374538e-08 1.1682577027767869e-08 1.6216418265914448e-08 7.8655734670776678e-09 1.5849726821374538e-08 1.1682577027767869e-08 1.6094187784401143e-08 9.1379079873077334e-09
10000 5 12 5.5982452661203070e-09 -1.1576292849484049e-09 3.0640852764839108e-09 3.4867898985373371e-09 4.3733568083060465e-09 3.9027873538107546e-10 4.3311652713021091e-09 1.1645803067944661e-09 4.3733568083060465e-09 3.9027873538107546e-10 4.3452291169700880e-09 9.0647978299000253e-10
10000 5 13 2.7150776556283997e-09 1.1930432116911225e-09 1.2766199013021668e-09 1.3248584936748264e-09 1.4179070616458558e-09 1.0588931442822193e-09 1.9958487784652832e-09 1.2589508526829743e-09 1.4179070616458558e-09 1.0588931442822193e-09 1.8032015395254742e-09 1.1922649498827226e-09
10000 5 14 8.9560964691575438e-10 5.7261655508971453e-11 3.9353115097841956e-10 4.3212581923463576e-10 9.4880602394296299e-10 3.8464931395733394e-10 6.4457039894708697e-10 2.4469373737180361e-10 9.4880602394296299e-10 3.8464931395733394e-10 7.4598227394571224e-10 2.9134559623364704e-10
10000 5 15 1.0595287699817042e-10 1.0208938489427114e-10 9.6907508695966607e-11 1.2363737909629382e-10 2.0991845004600177e-10 1.5487830591001819e-10 1.0143019284706852e-10 1.1286338199528247e-10 2.0991845004600177e-10 1.5487830591001819e-10 1.3759294524671293e-10 1.2686835663352771e-10
10000 5 16 5.8547727424073496e-11 4.7715662392038149e-11 5.8169058866888917e-11 3.8679698543571848e-11 5.3892280043837708e-11 7.8187637897336401e-11 5.8358393145481207e-11 4.3197680467804998e-11 5.3892280043837708e-11 7.8187637897336401e-11 5.6869688778266703e-11 5.4860999610982128e-11
10000 5 17 4.0792986743148937e-11 1.7240200347442268e-11 1.4214550560443479e-11 2.8157793719482054e-11 2.0058087616470679e-11 1.7908193495135493e-11 2.7503768651796208e-11 2.2698997033462163e-11 2.0058087616470679e-11 1.7908193495135493e-11 2.5021874973354365e-11 2.1102062520686606e-11
10000 5 18 3.9268038565038582e-12 5.0497017047258965e-12 -8.5815674581683208e-12 9.2340221796795977e-12 -1.4872389003788173e-11 -1.1953331530364868e-12 -2.3273818008322313e-12 7.1418619422027471e-12 -1.4872389003788173e-11 -1.1953331530364868e-12 -6.5090508684842120e-12 4.3627969104563358e-12
10000 5 19 1.3246895147566329e-12 -2.3158924405665685e-12 8.5841756270617507e-13 2.9794188216245954e-12 2.9753660297219123e-12 -4.1407870297844370e-12 1.0915535387314039e-12 3.3176319052901344e-13 2.9753660297219123e-12 -4.1407870297844370e-12 1.7194910357282399e-12 -1.1590868829088034e-12
10000 5 20 1.0835288648041464e-12 -2.4937269985845424e-13 3.7283932377834690e-13 3.6495353200859050e-13 1.4406594074708121e-12 -2.1705006745694942e-12 7.2818409429124670e-13 5.7790416075068130e-14 1.4406594074708121e-12 -2.1705006745694942e-12 9.6567586535110176e-13 -6.8497328080645260e-13
10000 5 21 3.8931976160612277e-13 -1.5439855288618722e-13 4.6997971321015487e-13 -1.9401507159580733e-13 7.6592309673091578e-14 -3.9160481826830787e-13 4.2964973740813882e-13 -1.7420681224099727e-13 7.6592309673091578e-14 -3.9160481826830787e-13 3.1196392816312307e-13 -2.4667281425010077e-13
10000 5 22 -1.3109445107414839e-13 -5.3570253037092029e-14 1.6366865560619477e-14 1.3572305809291286e-13 2.4570463292547857e-14 -5.0014110394467229e-15 -5.7363792756764459e-14 4.1076402527910417e-14 2.4570463292547857e-14 -5.0014110394467229e-15 -3.0052374073660351e-14 2.5717131338791369e-14
10000 5 23 7.4737134336348218e-14 3.9862655637490528e-14 4.9429043589878302e-14 2.0772934819096512e-14 -4.8194236279242323e-15 2.8021018247462204e-14 6.2083088963113260e-14 3.0317795228293522e-14 -4.8194236279242323e-15 2.8021018247462204e-14 3.9782251432767427e-14 2.9552202901349749e-14
10000 5 24 1.0041930683677289e-14 -1.6127951869149603e-14 2.1671652915594835e-16 -3.9615040284345026e-15 3.7633539424235397e-14 -7.5419876185295594e-14 5.1293236064166187e-15 -1.0044727948792052e-14 3.7633539424235397e-14 -7.5419876185295594e-14 1.5964062212356209e-14 -3.1836444027626568e-14
10000 5 25 -1.3081929440047694e-14 -6.3940750404524118e-15 8.6871303595105792e-15 -2.4323623589486002e-15 1.8102252919730848e-14 -2.5299617608635805e-15 -2.1973995402685573e-15 -4.4132186997005056e-15 1.8102252919730848e-14 -2.5299617608635805e-15 4.5691512797312440e-15 -3.7854663867548639e-15
10000 5 26 8.9298639325458470e-16 -3.9050539067619436e-15 -1.5168604281192642e-15 1.5178742420740285e-15 -1.0131530587556450e-15 -7.5852116523190189e-15 -3.1193701743233974e-16 -1.1935898323439576e-15 -1.0131530587556450e-15 -7.5852116523190189e-15 -5.4567569787344144e-16 -3.3241304390023116e-15
10000 5 27 1.5520728837566448e-15 -1.4347605044100125e-15 2.2061963154122257e-15 -3.0623606734180848e-16 -4.1053362588258475e-16 -2.2749159002367473e-15 1.8791345995844354e-15 -8.7049828587591048e-16 -4.1053362588258475e-16 -2.2749159002367473e-15 1.1159118577620952e-15 -1.3386374906628560e-15
10000 5 28 -1.9913152602913681e-16 -1.3909990979442806e-15 -4.2166885203970530e-16 -3.6528660242806297e-16 -9.9475620155578468e-16 -4.8479820497188026e-15 -3.1040018903442108e-16 -8.7814285018617175e-16 -9.9475620155578468e-16 -4.8479820497188026e-15 -5.3851885987487555e-16 -2.2014225833637152e-15
10000 5 29 -3.6142194989966780e-16 -7.7913234736025464e-16 -6.6893879341820826e-16 -6.1831748439616446e-16 -1.9351697367230401e-15 -1.6943303697974095e-15 -5.1518037165893805e-16 -6.9872491587820960e-16 -1.9351697367230401e-15 -1.6943303697974095e-15 -9.8851016001363875e-16 -1.0305934005179428e-15
10000 5 30 1.9015009134785206e-16 -1.0283443825549029e-17 1.2409429460673484e-16 -1.1783035832319678e-16 -1.2455419054047489e-16 -5.0678963881247144e-16 1.5712219297729346e-16 -6.4056901074372904e-17 -1.2455419054047489e-16 -5.0678963881247144e-16 6.3230065138037341e-17 -2.1163448032040575e-16
10000 5 31 7.3966419389224642e-17 -2.2980896734210960e-17 5.1455424600259367e-19 9.7143577005575421e-17 9.5397685690851549e-17 -3.0207109538694455e-16 3.7240486817613618e-17 3.7081340135682229e-17 9.5397685690851549e-17 -3.0207109538694455e-16 5.6626219775359591e-17 -7.5969471705193353e-17
10000 5 32 4.9346528152906484e-17 2.0629719421372403e-17 -8.0688123007984395e-18 4.0728838125566073e-17 -2.4953325797984248e-17 -1.2249152560832966e-16 2.0638857926054022e-17 3.0679278773469235e-17 -2.4953325797984248e-17 -1.2249152560832966e-16 5.4414633513745987e-18 -2.0377656020463729e-17
10000 5 33 -5.3071277823638591e-18 8.1428737721712995e-18 -3.1334684429959063e-18 8.2711967049839182e-18 -1.7795607071051086e-17 -2.4237726593568960e-17 -4.2202981126798825e-18 8.2070352385776096e-18 -1.7795607071051086e-17 -2.4237726593568960e-17 -8.7454010988036166e-18 -2.6078853721379135e-18
10000 5 34 -1.0891069480538679e-17 4.3623521719858510e-18 -6.5341761456790447e-18 4.4755288385790463e-18 -2.5669308176487738e-17 -1.0824774057940296e-17 -8.7126228131088619e-18 4.4189405052824483e-18 -2.5669308176487738e-17 -1.0824774057940296e-17 -1.4364851267568486e-17 -6.6229768245846642e-19
10000 5 35 -3.1633047002472583e-18 8.2269267442138834e-18 -8.6506839753469302e-19 4.1335539145659489e-18 -2.6086889666706743e-18 2.7983764914185742e-18 -2.0141865488909759e-18 6.1802403293899165e-18 -2.6086889666706743e-18 2.7983764914185742e-18 -2.2123540214842084e-18 5.0529523833994696e-18
10000 5 36 -3.7868781661348364e-18 3.7167557894143302e-18 4.7816340306010138e-19 5.0130981209521845e-19 -4.6693221548915333e-18 4.2729941462446731e-18 -1.6543573815373674e-18 2.1090328007547744e-18 -4.6693221548915333e-18 4.2729941462446731e-18 -2.6593456393220895e-18 2.8303532492514073e-18
10000 5 37 1.0143482785948485e-18 1.5853015945696298e-18 2.4815430106282579e-18 -2.9143008228010463e-18 1.6697883674804810e-19 5.1696360818235774e-18 1.7479456446115532e-18 -6.6449961411570822e-19 1.6697883674804810e-19 5.1696360818235774e-18 1.2209567086570516e-18 1.2802122845307203e-18
10000 5 38 1.0241395067313288e-17 8.3367412432336118e-18 1.2800877441193244e-17 -6.8845159852703404e-18 -5.6660064573954148e-18 1.0084857234344874e-17 1.1521136254253266e-17 7.2611262898163572e-19 -5.6660064573954148e-18 1.0084857234344874e-17 5.7920886837037057e-18 3.8456941641027152e-18
10000 5 39 6.5577716542907036e-18 2.3794234065013800e-17 1.6053104903248911e-17 -7.2300788264839433e-18 -1.8708687323563175e-17 3.3263539436428187e-17 1.1305438278769807e-17 8.2820776192649292e-18 -1.8708687323563175e-17 3.3263539436428187e-17 1.3007297446588128e-18 1.6609231558319348e-17
10000 5 40 3.0757107333866161e-17 2.4600451705851872e-17 7.4112504275261952e-17 7.1548113793527067e-18 -5.2891383827833330e-17 1.5095025091678828e-16 5.2434805804564057e-17 1.5877631542602290e-17 -5.2891383827833330e-17 1.5095025091678828e-16 1.7326075927098259e-17 6.0901838000664283e-17
10000 5 41 9.7286030829896573e-17 3.3540389751099460e-17 1.2291402335491151e-16 2.9070522318679823e-17 1.8344002314868311e-17 2.8415449823235615e-16 1.1010002709240405e-16 3.1305456034889639e-17 1.8344002314868311e-17 2.8415449823235615e-16 7.9514685499892137e-17 1.1558847010071180e-16
10000 5 42 -5.6944798525561152e-17 -6.9360549611843796e-18 2.3086590066048596e-16 4.2116319082715442e-16 -1.8625756577197656e-16 5.9834117080660531e-16 8.6960551067462405e-17 2.0711356793298502e-16 -1.8625756577197656e-16 5.9834117080660531e-16 -4.1121545456839159e-18 3.3752276889085842e-16
10000 5 43 -3.1446330997281815e-16 -2.0097414018000468e-16 -2.2397272550248494e-16 3.9304516414008070e-17 4.6083684616186016e-16 1.1881285275115942e-15 -2.6921801773765157e-16 -8.0834811882998305e-17 4.6083684616186016e-16 1.1881285275115942e-15 -2.5866396437814325e-17 3.4215296791519915e-16
10000 5 44 -4.6292695286229164e-16 -6.2354310407065895e-16 5.7010454549786590e-16 -3.3414407948656509e-16 7.6133401180478571e-17 -2.5682743922202642e-15 5.3588796317787132e-17 -4.7884359177861200e-16 7.6133401180478571e-17 -2.5682743922202642e-15 6.1103664605350937e-17 -1.1753205252591627e-15
10000 5 45 3.9226338118243265e-15 9.4671848190676201e-17 1.7935746284814132e-15 -1.4579625288496817e-15 2.4779394357968437e-15 -4.7184974944239218e-15 2.8581042201528699e-15 -6.8164534032950276e-16 2.4779394357968437e-15 -4.7184974944239218e-15 2.7313826253675281e-15 -2.0272627250276425e-15
10000 5 46 3.1070480360117743e-15 1.8185397603038454e-15 8.6475950552807568e-15 -1.2993540235684062e-15 1.2741077338222718e-15 2.1008398546998665e-15 5.8773215456462660e-15 2.5959286836771960e-16 1.2741077338222718e-15 2.1008398546998665e-15 4.3429169417049340e-15 8.7334186381176857e-16
10000 5 47 1.4270072178357637e-14 -6.7844781952439991e-15 9.0726233815142852e-15 1.5429104239257925e-14 2.2203887203101192e-14 1.6162261317482663e-14 1.1671347779935961e-14 4.3223130220069632e-15 2.2203887203101192e-14 1.6162261317482663e-14 1.5182194254324371e-14 8.2689624538321961e-15
10000 5 48 2.8986121172350819e-14 -4.4390973625115074e-14 3.4579712762718254e-14 6.8358757583523493e-14 1.2260622203963033e-13 1.5595719791389550e-15 3.1782916967534540e-14 1.1983891979204209e-14 1.2260622203963033e-13 1.5595719791389550e-15 6.2057351991566471e-14 8.5091186458491235e-15
10000 5 49 6.2965801109925168e-14 -8.1467286285682659e-14 -3.4611344798041379e-14 1.6630558261367888e-13 3.3537229558042203e-13 2.2145675134259319e-13 1.4177228155941894e-14 4.2419148163998111e-14 3.3537229558042203e-13 2.2145675134259319e-13 1.2124225063076859e-13 1.0209834922352980e-13
10000 5 50 2.2268782199331208e-13 7.0523605628694563e-15 -8.0052982953999990e-14 -3.5565084688039542e-14 3.7260830383781895e-13 -1.7056324378865271e-13 7.1317419519656047e-14 -1.4256362062585043e-14 3.7260830383781895e-13 -1.7056324378865271e-13 1.7174771429237699e-13 -6.6358655971274251e-14
10000 5 51 2.9523005244228617e-13 -4.1583969442801315e-13 1.7178549636166177e-13 -3.7628214705621876e-13 7.6165351532028300e-13 -3.3701345310637629e-13 2.3350777440197397e-13 -3.9606092074211593e-13 7.6165351532028300e-13 -3.3701345310637629e-13 4.0955635470807702e-13 -3.7637843153020275e-13
10000 5 52 7.2288619267081525e-13 -1.3768626734077472e-12 1.4794239603927948e-12 -1.3007817677067027e-12 1.5520543496235267e-12 -2.4855792740568963e-13 1.1011550765318049e-12 -1.3388222205572249e-12 1.5520543496235267e-12 -2.4855792740568963e-13 1.2514548342290454e-12 -9.7540078950671302e-13
10000 5 53 -3.0687832635972543e-13 8.8693727533437251e-13 -1.4167806581039997e-12 3.6476874435141813e-12 1.0077021500748201e-12 6.9482699602987724e-13 -8.6182949223186254e-13 2.2673123594242768e-12 1.0077021500748201e-12 6.9482699602987724e-13 -2.3865227812963497e-13 1.7431505716261436e-12
10000 5 54 -6.6290731346502616e-13 2.6120718694863005e-12 6.8760566336120671e-12 9.5850994241971890e-12 2.1290017866209335e-11 1.5224874508475654e-11 3.1065746600735206e-12 6.0985856468417449e-12 2.1290017866209335e-11 1.5224874508475654e-11 9.1677223954521249e-12 9.1406819340530480e-12
10000 5 55 1.6350210992406527e-11 -5.0802973377567258e-12 3.3267332540477902e-11 -1.3986316428844547e-12 6.1694016569233916e-11 2.2493000057244464e-11 2.4808771766442214e-11 -3.2394644903205903e-12 6.1694016569233916e-11 2.2493000057244464e-11 3.7103853367372780e-11 5.3380236922010940e-12
10000 5 56 -4.9894733597437983e-12 3.6609116905471975e-11 -2.9212328482123622e-12 3.2486540348531519e-11 1.1422731513036339e-10 4.8073641736292925e-11 -3.9553531039780807e-12 3.4547828627001747e-11 1.1422731513036339e-10 4.8073641736292925e-11 3.5438869640802405e-11 3.9056432996765466e-11
10000 5 57 4.9426857824772424e-11 -4.6647849362804293e-11 1.8084138805839745e-11 -4.7728199649594784e-11 2.1822236262724894e-10 5.2840564659972344e-11 3.3755498315306083e-11 -4.7188024506199539e-11 2.1822236262724894e-10 5.2840564659972344e-11 9.5244453085953686e-11 -1.3845161450808911e-11
10000 5 58 3.9011616164258460e-10 -2.2373761586876207e-10 3.7629219943522732e-10 -5.6753949364716380e-10 5.0535612079751407e-10 -3.0768516795690896e-10 3.8320418053890599e-10 -3.9563855475796294e-10 5.0535612079751407e-10 -3.0768516795690896e-10 4.2392149395844200e-10 -3.6632075915761163e-10
10000 5 59 2.8198383336932263e-10 -6.6153387309325520e-10 -5.9439852873925215e-10 3.4470910583799402e-10 3.5010113681161191e-09 -1.8545117387879026e-10 -1.5620734768496476e-10 -1.5841238362763059e-10 3.5010113681161191e-09 -1.8545117387879026e-10 1.0628655575820631e-09 -1.6742531371135047e-10
10000 5 60 6.6974637371728686e-10 -1.4432628334134171e-09 3.6320997583419161e-10 -3.4545591438854981e-10 6.5413895361064740e-09 -9.4443092670599663e-10 5.1647817477573923e-10 -8.9435937390098344e-10 6.5413895361064740e-09 -9.4443092670599663e-10 2.5247819618859839e-09 -9.1104989150265454e-10
10000 5 61 6.5790528534242879e-09 -3.5755088331579284e-10 1.4242035922241418e-09 -6.6728141999902193e-09 2.2180828514623202e-08 -6.2817532790574110e-09 4.0016282228242149e-09 -3.5151825416530063e-09 2.2180828514623202e-08 -6.2817532790574110e-09 1.0061361653423876e-08 -4.4373727874544743e-09
10000 5 62 1.2708522638859423e-08 -3.9851450324709887e-09 9.8201365768667577e-09 -1.2077762574169948e-08 3.0059592486372209e-08 -1.2949093329390188e-08 1.1264329607863090e-08 -8.0314538033204684e-09 3.0059592486372209e-08 -1.2949093329390188e-08 1.7529417234032796e-08 -9.6706669786770415e-09
10000 5 63 7.7470610101905985e-08 9.4526453967319465e-09 7.8376832862229076e-08 1.4924158017785630e-08 1.6922723788783979e-07 2.9935654657576830e-08 7.7923721482067531e-08 1.2188401707258788e-08 1.6922723788783979e-07 2.9935654657576830e-08 1.0835822695065829e-07 1.8104152690698134e-08
10000 5 64 2.0627894556447938e-07 -1.1295163942407903e-07 2.5324107105218329e-07 -1.2579378186224624e-07 3.8476417671526476e-07 -1.1472693478433535e-08 2.2976000830833134e-07 -1.1937271064316263e-07 3.8476417671526476e-07 -1.1472693478433535e-08 2.8142806444397583e-07 -8.3406038254919599e-08
10000 5 65 6.2204354955828538e-07 -6.0515990712443516e-08 6.1266043249496636e-07 -2.1127623597703329e-07 1.3262458183593983e-06 -1.8944042111375052e-07 6.1735199102662587e-07 -1.3589611334473841e-07 1.3262458183593983e-06 -1.8944042111375052e-07 8.5364993347088334e-07 -1.5374421593440910e-07
10000 5 66 1.8309166129726105e-06 2.2346307071367935e-07 1.8215332456585216e-06 -1.7212969760385546e-07 3.1370324593799247e-06 -4.3833881092966892e-07 1.8262249293155660e-06 2.5666686554911943e-08 3.1370324593799247e-06 -4.3833881092966892e-07 2.2631607726703522e-06 -1.2900181260661499e-07
10000 5 67 5.8146951205382535e-06 -1.7482800619644527e-06 4.3032694311611045e-06 3.1394239217489564e-07 9.4196969239270942e-06 -3.1422851464836462e-06 5.0589822758496786e-06 -7.1716883489477851e-07 9.4196969239270942e-06 -3.1422851464836462e-06 6.5125538252088163e-06 -1.5255409387577342e-06
10000 5 68 1.6798803516341162e-05 -4.5130402960042744e-06 1.8866127157173658e-05 -1.4687686341094106e-06 2.5236526235903984e-05 -3.9745307425995000e-07 1.7832465336757410e-05 -2.9909044650568427e-06 2.5236526235903984e-05 -3.9745307425995000e-07 2.0300485636472936e-05 -2.1264206681245449e-06
10000 5 69 3.9122785166927070e-05 6.0372658469835092e-06 4.9562610380067444e-05 1.4080590664101137e-05 8.7256295859126023e-05 -2.5650423683691568e-07 4.4342697773497257e-05 1.0058928255542323e-05 8.7256295859126023e-05 -2.5650423683691568e-07 5.8647230468706845e-05 6.6204507580825771e-06
10000 5 70 1.1187947317246411e-04 -9.6657344741273065e-06 1.4866715023759689e-04 -1.7665659557874470e-05 3.2707298798936445e-04 -1.0800428545770728e-05 1.3027331170503050e-04 -1.3665697016000888e-05 3.2707298798936445e-04 -1.0800428545770728e-05 1.9587320379980846e-04 -1.2710607525924167e-05
10000 5 71 1.0151949163990262e-04 8.4302605681830638e-05 -9.2168620129921564e-06 1.0561568207957919e-04 8.7772162067095336e-04 1.8503384306345748e-05 4.6151314813455231e-05 9.4959143880704914e-05 8.7772162067095336e-04 1.8503384306345748e-05 3.2334141676595459e-04 6.9473890689251863e-05
10000 6 0 8.3667911027716723e-05 1.9646306766957063e-05 4.0342432687206791e-05 -2.8317136261837202e-05 1.6000896782277115e-03 -2.1819484606062356e-04 6.2005171857461760e-05 -4.3354147474400695e-06 1.6000896782277115e-03 -2.1819484606062356e-04 5.7470000731421156e-04 -7.5621891851834557e-05
10000 6 1 2.8639573165074784e-05 1.6915155490032210e-05 -1.5302048030869904e-05 -2.1957730950484256e-05 4.1703641913003821e-04 6.1451624929239248e-05 6.6687625671024400e-06 -2.5212877302260232e-06 4.1703641913003821e-04 6.1451624929239248e-05 1.4345798142141434e-04 1.8803016489595733e-05
10000 6 2 3.7375740752241685e-05 -9.5824659400859466e-07 3.2785792390197882e-05 -1.6390194338737337e-05 7.6559697670723070e-05 -4.6449772222333874e-06 3.5080766571219787e-05 -8.6742204663729666e-06 7.6559697670723070e-05 -4.6449772222333874e-06 4.8907076937720874e-05 -7.3311393849931069e-06
10000 6 3 8.5890427344562768e-06 4.4646318767893064e-07 1.2926863385562537e-05 1.2646117253605556e-05 2.4286450610502370e-05 1.0647242522525931e-05 1.0757953060009407e-05 6.5462902206422433e-06 2.4286450610502370e-05 1.0647242522525931e-05 1.5267452243507062e-05 7.9132743212701387e-06
10000 6 4 4.5680161214922325e-06 -2.3914096162492820e-07 2.9398027592049385e-06 2.8333893006975032e-06 8.8908236163169925e-06 6.4742616815270131e-06 3.7539094403485855e-06 1.2971241695362876e-06 8.8908236163169925e-06 6.4742616815270131e-06 5.4662141656713879e-06 3.0228366735331958e-06
10000 6 5 3.9778145901780667e-06 -3.0599157394594198e-07 3.5918038478330655e-06 5.4843666102514663e-07 5.2723943741787543e-06 1.1462493610450898e-06 3.7848092190055661e-06 1.2122254353960232e-07 5.2723943741787543e-06 1.1462493610450898e-06 4.2806709373966286e-06 4.6289814937476486e-07
10000 6 6 7.1265044196311381e-07 -3.4981472100266075e-07 7.0545105614767477e-07 1.7865583653978993e-07 1.3320162143222074e-06 -1.0283955432236421e-07 7.0905074905539434e-07 -8.5579442231435411e-08 1.3320162143222074e-06 -1.0283955432236421e-07 9.1670590414433195e-07 -9.1332812928411658e-08
10000 6 7 2.5806139596571534e-07 -2.2739270532410264e-08 3.8743168774125415e-07 -6.0219987556120909e-09 5.4524641881337230e-07 -2.0535557721892411e-07 3.2274654185348474e-07 -1.4380634644011178e-08 5.4524641881337230e-07 -2.0535557721892411e-07 3.9691316750678063e-07 -7.8038948835648823e-08
10000 6 8 1.4583479576037690e-07 5.2318277433544971e-08 1.2307559287801708e-07 7.8945185868997087e-08 1.5170286930394824e-07 2.4025474745193831e-07 1.3445519431919699e-07 6.5631731651271026e-08 1.5170286930394824e-07 2.4025474745193831e-07 1.4020441931411406e-07 1.2383940358482679e-07
10000 6 9 3.5768001783844313e-08 -2.7557612270713351e-09 5.5908123551290378e-08 1.8981640950766963e-08 6.5529997624384720e-08 3.5980901115876841e-08 4.5838062667567342e-08 8.1129398618478132e-09 6.5529997624384720e-08 3.5980901115876841e-08 5.2402040986506466e-08 1.7402260279857488e-08
10000 6 10 2.6852442890908916e-08 -6.6992787089482021e-10 2.2645282030439379e-08 3.4656735044350938e-09 3.2623272921242325e-08 7.5549006695073055e-09 2.4748862460674149e-08 1.3978728167701368e-09 3.2623272921242325e-08 7.5549006695073055e-09 2.7373665947530203e-08 3.4502154343491930e-09
10000 6 11 1.2387719286111379e-08 5.8096938076789960e-09 1.3317190802436175e-08 7.5986107500882849e-09 1.1076042500160843e-08 8.6988720855813101e-09 1.2852455044273778e-08 6.7041522788836404e-09 1.1076042500160843e-08 8.6988720855813101e-09 1.2260317529569466e-08 7.3690588811161973e-09
10000 6 12 3.9206866384596933e-09 -1.6697128907086922e-09 2.0338298229257662e-09 2.4936418215532329e-09 2.6437122239416601e-09 -9.4691240987703192e-10 2.9772582306927297e-09 4.1196446542227036e-10 2.6437122239416601e-09 -9.4691240987703192e-10 2.8660762284423730e-09 -4.0994493010830400e-11
10000 6 13 2.1382380614218390e-09 9.4052500345793499e-10 7.3934830312821635e-10 1.1747831433929870e-09 9.4997197664795553e-10 5.9150706691222218e-10 1.4387931822750278e-09 1.0576540734254609e-09 9.4997197664795553e-10 5.9150706691222218e-10 1.2758527803993370e-09 9.0227173792104792e-10
10000 6 14 6.9019391695496532e-10 -6.1730539183548958e-11 1.9378125567873133e-10 2.2122806935729690e-10 7.3070157633888845e-10 2.8086674014780600e-10 4.4198758631684831e-10 7.9748765086873972e-11 7.3070157633888845e-10 2.8086674014780600e-10 5.3822558299086162e-10 1.4678809010718466e-10
10000 6 15 5.1973466168499547e-11 9.7101853709759103e-11 6.0789144272909193e-11 9.5338294460305190e-11 1.2915828584423083e-10 1.5156282653674195e-10 5.6381305220704370e-11 9.6220074085032147e-11 1.2915828584423083e-10 1.5156282653674195e-10 8.0640298761879844e-11 1.1466765823560206e-10
10000 6 16 2.7664792912795504e-11 2.9949753242711423e-11 5.1316541944024808e-11 2.5006025763968762e-11 3.3529405740222487e-11 6.7257205602746858e-11 3.9490667428410153e-11 2.7477889503340092e-11 3.3529405740222487e-11 6.7257205602746858e-11 3.7503580199014264e-11 4.0737661536475683e-11
10000 6 17 2.9355667433351143e-11 1.5481190038216406e-11 9.1826810906873818e-12 2.3207461224198188e-11 8.6870000901264068e-12 4.9353275063106904e-12 1.9269174262019262e-11 1.9344325631207299e-11 8.6870000901264068e-12 4.9353275063106904e-12 1.5741782871388308e-11 1.4541326256241762e-11
10000 6 18 2.5658448561668864e-13 3.9617276456269277e-12 -9.4781322218998331e-12 6.5785944717311990e-12 -1.7675720151370428e-11 -2.5973314091478253e-12 -4.6107738681415725e-12 5.2701610586790634e-12 -1.7675720151370428e-11 -2.5973314091478253e-12 -8.9657559625511911e-12 2.6476635694034338e-12
10000 6 19 -3.7145772093078253e-13 -2.8364004637593431e-12 8.4902116212165556e-13 2.2361288792265874e-12 8.0439270280785471e-13 -5.4383545817897363e-12 2.3878172059543651e-13 -3.0013579226637783e-13 8.0439270280785471e-13 -5.4383545817897363e-12 4.2731871466624254e-13 -2.0128753887741639e-12
10000 6 20 8.5176728035710675e-13 7.1308075244269328e-14 1.3480361370359743e-13 2.0239643922661007e-13 1.2054533733821339e-12 -1.6506702377665666e-12 4.9328544703035214e-13 1.3685225723543970e-13 1.2054533733821339e-12 -1.6506702377665666e-12 7.3067475581427936e-13 -4.5898857443189568e-13
10000 6 21 2.0696450772845868e-13 -3.5609394852926561e-13 5.0314459475320665e-13 -3.4976434991829618e-13 2.9617736164946370e-13 -3.9728215951755187e-13 3.5505455124083265e-13 -3.5292914922378087e-13 2.9617736164946370e-13 -3.9728215951755187e-13 3.3542882137704297e-13 -3.6771348598837115e-13
10000 6 22 -1.6148234954726112e-13 -1.1731588729547331e-13 5.2663715694187960e-14 8.5076910985288473e-14 -1.3673007871444016e-14 -1.8158806639236637e-14 -5.4409316926536579e-14 -1.6119488155092417e-14 -1.3673007871444016e-14 -1.8158806639236637e-14 -4.0830547241505718e-14 -1.6799260983140489e-14
10000 6 23 7.1900847898925209e-14 1.2024775047144124e-14 4.5825984858485298e-14 -6.3414920030298034e-15 6.2237537286593069e-14 3.2049025897069238e-14 5.8863416378705253e-14 2.8416415220571602e-15 6.2237537286593069e-14 3.2049025897069238e-14 5.9988123348001188e-14 1.2577436313727853e-14
10000 6 24 1.4666757131710955e-14 -3.2455334207426383e-14 -8.1221635003599805e-15 -2.5582580866372092e-14 -7.6749037198601360e-15 -6.1772614927238084e-14 3.2722968156754871e-15 -2.9018957536899241e-14 -7.6749037198601360e-15 -6.1772614927238084e-14 -3.7677002950305392e-16 -3.9936843333678853e-14
10000 6 25 -1.1663163194061802e-14 -1.2603281371179237e-14 1.0109282263060756e-15 -2.7584655807381711e-15 2.0017854385059619e-14 -2.4347096449112750e-15 -5.3261174838778630e-15 -7.6808734759587041e-15 2.0017854385059619e-14 -2.4347096449112750e-15 3.1218731391012975e-15 -5.9321521989428936e-15
10000 6 26 3.8278496032296677e-15 -5.0614934630787832e-15 6.3774696021763205e-17 -1.1238261015961449e-15 -9.2144673384149131e-16 -5.2758612294223545e-15 1.9458121496257154e-15 -3.0926597823374640e-15 -9.2144673384149131e-16 -5.2758612294223545e-15 9.9005918846997973e-16 -3.8203935980324277e-15
10000 6 27 1.8516603320818652e-15 -1.0296449699319120e-15 3.4235753560038251e-15 -1.1614832515235100e-15 7.8940327380966359e-16 -2.6037758642205690e-15 2.6376178440428451e-15 -1.0955641107277110e-15 7.8940327380966359e-16 -2.6037758642205690e-15 2.0215463206317843e-15 -1.5983013618919970e-15
10000 6 28 -3.5416103431846198e-16 -7.2948678014852598e-16 -1.9647981245858404e-16 -3.7053873964903384e-16 -3.8268540864789966e-16 -4.3134202552729220e-15 -2.7532042338852301e-16 -5.5001275989877991e-16 -3.8268540864789966e-16 -4.3134202552729220e-15 -3.1110875180831519e-16 -1.8044819250234940e-15
10000 6 29 -4.3249802193401581e-16 -5.1278941010414000e-16 -7.2891584939226252e-16 -3.8564025319106537e-16 -1.5354490091219914e-15 -1.1139297696502585e-15 -5.8070693566313914e-16 -4.4921483164760263e-16 -1.5354490091219914e-15 -1.1139297696502585e-15 -8.9895429348275657e-16 -6.7078647764848792e-16
10000 6 30 1.3834180282610052e-16 1.0412827310394912e-16 1.4249000361192580e-16 -5.4578969203557221e-17 -2.4375296839318167e-17 -2.1498877712182081e-16 1.4041590321901316e-16 2.4774651950195948e-17 -2.4375296839318167e-17 -2.1498877712182081e-16 8.5485503199569375e-17 -5.5146491073809633e-17
10000 6 31 5.2411837077820095e-17 -2.1119762343195179e-17 -2.1981162793757899e-17 1.1666590296590207e-16 8.1691885360342782e-17 -2.1823176092099799e-16 1.5215337142031098e-17 4.7773070311353446e-17 8.1691885360342782e-17 -2.1823176092099799e-16 3.7374186548134993e-17 -4.0895206766097034e-17
10000 6 32 3.7424519247199639e-17 2.8199977430003508e-17 -3.1446132389766591e-18 4.1201482162464070e-17 -6.4616862934990539e-18 -6.9653592831528757e-17 1.7139953004111490e-17 3.4700729796233789e-17 -6.4616862934990539e-18 -6.9653592831528757e-17 9.2727399049079737e-18 -8.4044413020392841e-20
10000 6 33 -2.1270655249001448e-18 4.3004584143037509e-18 -4.7539563727023623e-18 3.3331207662365692e-18 -2.3679712282118343e-17 -7.4405724606439288e-18 -3.4405109488012536e-18 3.8167895902701601e-18 -2.3679712282118343e-17 -7.4405724606439288e-18 -1.0186911393240282e-17 6.4335573298797099e-20
10000 6 34 -4.2432271372160950e-18 4.4478822210079287e-19 -4.7923826696666898e-18 1.6154069253922499e-18 -1.8289478471059627e-17 -2.8079132366496905e-18 -4.5178049034413928e-18 1.0300975737465214e-18 -1.8289478471059627e-17 -2.8079132366496905e-18 -9.1083627593141370e-18 -2.4923936305221590e-19
10000 6 35 -6.3052963631454262e-19 6.5869960616931931e-18 -6.4546082041050564e-19 4.4167471406247084e-18 -1.2484711961746999e-18 1.8542188138786711e-18 -6.3799522836252413e-19 5.5018716011589503e-18 -1.2484711961746999e-18 1.8542188138786711e-18 -8.4148721763324927e-19 4.2859873387321907e-18
10000 6 36 -1.9158919666469436e-18 3.2553261538720165e-18 1.0880323021351986e-18 7.0240187557470141e-19 -3.5453679361193249e-18 3.5959199292518884e-18 -4.1392983225587251e-19 1.9788640147233590e-18 -3.5453679361193249e-18 3.5959199292518884e-18 -1.4577425335436898e-18 2.5178826528995351e-18
10000 6 37 -4.5903364574978209e-20 1.6876766271413879e-18 1.4593963480834030e-18 -1.9688151606117832e-18 6.6408816411647496e-19 2.9804409679822875e-18 7.0674649175421240e-19 -1.4056926673519765e-19 6.6408816411647496e-19 2.9804409679822875e-18 6.9252704920829979e-19 8.9976747817063072e-19
10000 6 38 7.4264423040002166e-18 6.4918695774271157e-18 9.6816800936411440e-18 -5.2601989679964304e-18 -2.3646149057094275e-18 -5.5903191780065328e-19 8.5540611988206803e-18 6.1583530471534266e-19 -2.3646149057094275e-18 -5.5903191780065328e-19 4.9145024973106444e-18 2.2421289721001065e-19
10000 6 39 3.0228263727520976e-18 1.9870876092691018e-17 8.1985852626918494e-18 -1.8370522416962843e-18 -8.8803730407487228e-18 1.9117339670779435e-17 5.6107058177219735e-18 9.0169119254973665e-18 -8.8803730407487228e-18 1.9117339670779435e-17 7.8034619823174135e-19 1.2383721173924722e-17
10000 6 40 2.6800058739313191e-17 3.7259649595476980e-17 5.8339110114721825e-17 8.5985356165082581e-18 -4.2191500973167436e-17 9.2967092430258191e-17 4.2569584427017508e-17 2.2929092605992618e-17 -4.2191500973167436e-17 9.2967092430258191e-17 1.4315889293622525e-17 4.6275092547414472e-17
10000 6 41 7.3706434177880048e-17 1.7283264854368682e-17 7.5529649078625555e-17 -4.5108418173850004e-17 1.4539224922104998e-17 1.9428512782641609e-16 7.4618041628252802e-17 -1.3912576659740661e-17 1.4539224922104998e-17 1.9428512782641609e-16 5.4591769392870194e-17 5.5486658168978256e-17
10000 6 42 -4.6876854593204272e-17 3.3944520337106953e-17 9.9082919470743941e-17 4.8044792472350102e-16 -1.4596823752827266e-16 4.0609996353926472e-16 2.6103032438769835e-17 2.5719622253030400e-16 -1.4596823752827266e-16 4.0609996353926472e-16 -3.1254057550244325e-17 3.0683080286662424e-16
10000 6 43 -5.0127285479306269e-16 -2.9695622496366907e-17 -3.1198185107376488e-16 5.8493810772006418e-17 3.2008390380063935e-16 9.6843403894703744e-16 -4.0662735293341379e-16 1.4399094137819755e-17 3.2008390380063935e-16 9.6843403894703744e-16 -1.6439026735539605e-16 3.3241074240755899e-16
10000 6 44 -5.4701850137515104e-16 -1.2546914370604009e-16 2.8143672119894230e-16 -5.9186488270402687e-16 1.8144339596975837e-17 -2.1002942754920300e-15 -1.3279089008810437e-16 -3.5866701320503350e-16 1.8144339596975837e-17 -2.1002942754920300e-15 -8.2479146859744297e-17 -9.3920943396736553e-16
10000 6 45 3.1058663758949966e-15 1.2750914843842060e-15 1.5845128988464369e-15 -1.1159192780867166e-15 -9.3274848514411769e-18 -3.8022542470546449e-15 2.3451896373707170e-15 7.9586103148744702e-17 -9.3274848514411769e-18 -3.8022542470546449e-15 1.5603505966299975e-15 -1.2143606802523852e-15
10000 6 46 2.2621149511069173e-15 2.3463538033032620e-15 9.7138643097022339e-15 -2.9159210990110059e-16 -4.2266501537154474e-17 3.4616992120987033e-16 5.9879896304045758e-15 1.0273808467010807e-15 -4.2266501537154474e-17 3.4616992120987033e-16 3.9779042530906650e-15 8.0031053820401052e-16
10000 6 47 8.1989189312821448e-15 -1.4308621810997981e-15 5.1120404815735030e-15 1.4027507795280310e-14 2.0493885759323483e-14 3.0623780648717677e-14 6.6554797064278239e-15 6.2983228070902562e-15 2.0493885759323483e-14 3.0623780648717677e-14 1.1268281724059711e-14 1.4406808754299393e-14
10000 6 48 2.1797874344914935e-14 -2.8299002586126618e-14 1.2217077316007152e-14 6.6856530994355724e-14 9.8398882849904377e-14 1.2127106580105507e-14 1.7007475830461045e-14 1.9278764204114553e-14 9.8398882849904377e-14 1.2127106580105507e-14 4.4137944836942160e-14 1.6894878329444871e-14
10000 6 49 3.2005949669640986e-14 -3.1038942326695379e-14 -4.4932652814799138e-14 1.5233336421871106e-13 1.8128265267926537e-13 2.0852725571895929e-13 -6.4633515725790759e-15 6.0647210946007838e-14 1.8128265267926537e-13 2.0852725571895929e-13 5.6118649844702402e-14 1.0994055920365832e-13
10000 6 50 1.8614920932913827e-13 7.5278661738896390e-14 -5.2605140664195721e-14 -9.4462823106446226e-14 2.5565779557457492e-13 -3.6753789918672496e-13 6.6772034332471274e-14 -9.5920806837749181e-15 2.5565779557457492e-13 -3.6753789918672496e-13 1.2973395474650582e-13 -1.2890735351809157e-13
10000 6 51 3.4342193474109494e-13 -3.3927433052216245e-13 1.5920358065191501e-13 -5.9227901619006949e-13 5.6923867020658029e-13 -2.1981892596716213e-13 2.5131275769650498e-13 -4.6577667335611602e-13 5.6923867020658029e-13 -2.1981892596716213e-13 3.5728806186653008e-13 -3.8379075755979805e-13
10000 6 52 3.4240464326412902e-13 -1.8667841976979356e-12 1.1039786853143016e-12 -1.3574756769480357e-12 7.6929173403117351e-13 -1.3006977884014324e-12 7.2319166428921531e-13 -1.6121299373229857e-12 7.6929173403117351e-13 -1.3006977884014324e-12 7.3855835420320145e-13 -1.5083192210158013e-12
10000 6 53 -9.1393744823135192e-13 2.1126215258599770e-13 -3.1497067388053500e-12 1.8012496871057681e-12 9.5371911830602191e-13 -1.0024374095517131e-12 -2.0318220935183510e-12 1.0062559198458829e-12 9.5371911830602191e-13 -1.0024374095517131e-12 -1.0366416895768933e-12 3.3669147671335090e-13
10000 6 54 -3.9878964739094968e-12 7.1912515088952815e-13 1.6785444309928449e-12 8.2787725100892044e-12 1.7296722868671044e-11 7.6257276544500196e-12 -1.1546760214583258e-12 4.4989488304893665e-12 1.7296722868671044e-11 7.6257276544500196e-12 4.9957902752514639e-12 5.5412084384762503e-12
10000 6 55 6.5925677052041236e-12 -4.0171365229705568e-12 1.9849460944150258e-11 5.8759413881923099e-13 4.1304902747333212e-11 1.4937752748762824e-11 1.3221014324677190e-11 -1.7147711920756629e-12 4.1304902747333212e-11 1.4937752748762824e-11 2.2582310465562526e-11 3.8360701215371662e-12
10000 6 56 -2.3259028147766763e-11 4.9497641676767976e-11 -1.7517180145474505e-11 4.3800983357120371e-11 7.5186738326884735e-11 5.4502071868114258e-11 -2.0388104146620634e-11 4.6649312516944177e-11 7.5186738326884735e-11 5.4502071868114258e-11 1.1470176677881155e-11 4.9266898967334200e-11
10000 6 57 8.6892694673435487e-12 -3.3446889055352631e-11 -5.8316977707567716e-11 -1.2848222287989901e-11 7.3718843662028513e-11 -5.5122683194613979e-12 -2.4813854120112084e-11 -2.3147555671671268e-11 7.3718843662028513e-11 -5.5122683194613979e-12 8.0303784739347819e-12 -1.7269126554267978e-11
10000 6 58 3.0895154992722344e-10 -1.6322799360468982e-10 3.5815031729070057e-10 -5.6328612990911348e-10 4.1992266043470827e-11 -2.8138256563613112e-10 3.3355093360896198e-10 -3.6325706175690167e-10 4.1992266043470827e-11 -2.8138256563613112e-10 2.3636471108713157e-10 -3.3596556304997808e-10
10000 6 59 8.6919283221303644e-11 -4.6926683826879676e-10 -5.2652360289602960e-10 1.9051683972629011e-10 2.7419036562347131e-09 -2.1690188700707948e-10 -2.1980215983736297e-10 -1.3937499927125331e-10 2.7419036562347131e-09 -2.1690188700707948e-10 7.6743311218666240e-10 -1.6521729518319535e-10
10000 6 60 -1.8716189433266301e-10 -2.3915694065921895e-10 1.6760986254532835e-10 -6.1640564218185116e-10 4.3130484329406299e-09 -4.6032839891551706e-10 -9.7760158936673329e-12 -4.2778129142053505e-10 4.3130484329406299e-09 -4.6032839891551706e-10 1.4311654670510982e-09 -4.3863032725219574e-10
10000 6 61 1.7836764943711955e-09 -3.6173008212712337e-10 -4.0110205209418952e-10 -5.6680683535446982e-09 1.4976808202028992e-08 -4.5952686274371528e-09 6.9128722113850298e-10 -3.0148992178359109e-09 1.4976808202028992e-08 -4.5952686274371528e-09 5.4531275481019987e-09 -3.5416890210363247e-09
10000 6 62 3.9700755804839451e-09 -5.1261620443354426e-09 7.2234399712410469e-09 -1.3693380735614067e-08 8.5067207525078569e-09 -1.6156287797707950e-08 5.5967577758624960e-09 -9.4097713899747557e-09 8.5067207525078569e-09 -1.6156287797707950e-08 6.5667454347442824e-09 -1.1658610192552488e-08
10000 6 63 3.8445473251858252e-08 6.7534164019636603e-09 4.8673124077961549e-08 1.5103055508859874e-08 1.0025887909199716e-07 3.0971802450594923e-08 4.3559298664909901e-08 1.0928235955411768e-08 1.0025887909199716e-07 3.0971802450594923e-08 6.2459158807272315e-08 1.7609424787139484e-08
10000 6 64 1.0749547186418470e-07 -1.0041720491139241e-07 1.3883567793540893e-07 -7.2734541655311869e-08 1.7639290072713725e-07 -5.8944818383545926e-09 1.2316557489979682e-07 -8.6575873283352145e-08 1.7639290072713725e-07 -5.8944818383545926e-09 1.4090801684224362e-07 -5.9682076135019622e-08
10000 6 65 3.4081970452287226e-07 -1.1643146177863690e-07 3.7661863364898559e-07 -2.0986697146924853e-07 8.5319941378158190e-07 -2.0948293609619637e-07 3.5871916908592893e-07 -1.6314921662394272e-07 8.5319941378158190e-07 -2.0948293609619637e-07 5.2354591731781329e-07 -1.7859378978136060e-07
10000 6 66 1.1474913461889097e-06 2.2141314028902117e-07 9.9407955811046655e-07 -9.3777995541232536e-08 1.7226749514363326e-06 -4.5887394800476510e-07 1.0707854521496882e-06 6.3817572373894324e-08 1.7226749514363326e-06 -4.5887394800476510e-07 1.2880819519119030e-06 -1.1041293441899215e-07
10000 6 67 3.3931468963466127e-06 -1.8551489939256861e-06 1.5393815058448196e-06 -7.3963882814642776e-07 5.2576392260478659e-06 -3.1661021480725122e-06 2.4662642010957160e-06 -1.2973939110360570e-06 5.2576392260478659e-06 -3.1661021480725122e-06 3.3967225427464324e-06 -1.9202966567148753e-06
10000 6 68 8.8426635762528021e-06 -2.4008338595877630e-06 9.6827718428767045e-06 -3.7381455315014134e-07 1.3134494421171864e-05 1.2682560621685069e-06 9.2627177095647533e-06 -1.3873242063689521e-06 1.3134494421171864e-05 1.2682560621685069e-06 1.0553309946767124e-05 -5.0213078352313241e-07
10000 6 69 1.5574680252156738e-05 3.6609374513059000e-06 2.1560979683149617e-05 5.7622244126941898e-06 3.9887584624638847e-05 -3.8740129684909531e-06 1.8567829967653178e-05 4.7115809320000447e-06 3.9887584624638847e-05 -3.8740129684909531e-06 2.5674414853315063e-05 1.8497162985030453e-06
10000 6 70 5.8419957660821158e-05 -6.0510041199841087e-06 7.8016966441580226e-05 -1.4474226367853289e-05 1.9456884811143324e-04 -1.6328932249247115e-05 6.8218462051200689e-05 -1.0262615243918699e-05 1.9456884811143324e-04 -1.6328932249247115e-05 1.1033525740461155e-04 -1.2284720912361504e-05
10000 6 71 -2.6360250271518948e-05 5.3915732207597581e-05 -5.5511354219317768e-05 8.0649294668246177e-05 3.3352011384522526e-04 5.2687120349795924e-05 -4.0935802245418358e-05 6.7282513437921882e-05 3.3352011384522526e-04 5.2687120349795924e-05 8.3882836451462856e-05 6.2417382408546556e-05
10000 7 0 -1.5302818379139924e-05 -6.8237639811295972e-06 -3.1979238145196596e-05 -5.1784302964986802e-05 5.0778947976758116e-04 -2.3765977747402590e-04 -2.3641028262168260e-05 -2.9304033473058200e-05 5.0778947976758116e-04 -2.3765977747402590e-04 1.5350247441441487e-04 -9.8755948140047417e-05
10000 7 1 4.6267709186130634e-05 2.7851743655407207e-05 -1.9675143788406245e-05 -1.1602341927277282e-05 1.6774822109230498e-04 3.8732158132489865e-05 1.3296282698862195e-05 8.1247008640649624e-06 1.6774822109230498e-04 3.8732158132489865e-05 6.4780262163343117e-05 1.8327186620206595e-05
10000 7 2 1.0024106400442775e-05 5.2129065404721591e-07 1.6726367348552597e-05 -6.1561102993195199e-06 2.2215605427311478e-05 -4.5027925769666675e-06 1.3375236874497686e-05 -2.8174098226361520e-06 2.2215605427311478e-05 -4.5027925769666675e-06 1.6322026392102280e-05 -3.3792040740796566e-06
10000 7 3 3.4334868062339408e-06 3.9450412446236799e-07 7.1160737384824502e-06 6.2317343182563572e-06 1.3490147431297659e-05 6.7822697070878286e-06 5.2747802723581953e-06 3.3131192213593625e-06 1.3490147431297659e-05 6.7822697070878286e-06 8.0132359920046815e-06 4.4695027166021839e-06
10000 7 4 1.9687532312988950e-06 9.8173243724009391e-07 1.0966055095065187e-06 1.1456549007635239e-06 5.6411833773379615e-06 4.5815896645874200e-06 1.5326793704027069e-06 1.0636936690018089e-06 5.6411833773379615e-06 4.5815896645874200e-06 2.9021807060477913e-06 2.2363256675303461e-06
10000 7 5 2.2091272464210678e-06 -2.5163576529649471e-07 2.1106949830764728e-06 3.9418990059576080e-07 3.5928016590491426e-06 6.9127107463373189e-07 2.1599111147487701e-06 7.1277067649633046e-08 3.5928016590491426e-06 6.9127107463373189e-07 2.6375412961822277e-06 2.7794173664433263e-07
10000 7 6 4.5204521010994998e-07 -1.5051877549857424e-07 4.8677242513202572e-07 1.6510224003836505e-07 1.0255131337972455e-06 3.2404203621546270e-08 4.6940881762098782e-07 7.2917322698954059e-09 1.0255131337972455e-06 3.2404203621546270e-08 6.5477692301307364e-07 1.5662556053779025e-08
10000 7 7 1.8125183422119751e-07 -5.5664175648482377e-09 2.7851177499147779e-07 -1.5343772845561851e-08 4.0208944057027282e-07 -2.4443075455432357e-07 2.2988180460633765e-07 -1.0455095205205044e-08 4.0208944057027282e-07 -2.4443075455432357e-07 2.8728434992764938e-07 -8.8446981654911219e-08
10000 7 8 6.4368814008429036e-08 7.1788081850967915e-08 2.8058283475736743e-08 5.6156517083809899e-08 7.7054791112609887e-08 2.0507178895577916e-07 4.6213548742082886e-08 6.3972299467388901e-08 7.7054791112609887e-08 2.0507178895577916e-07 5.6493962865591886e-08 1.1100546263018565e-07
10000 7 9 1.7580868700066803e-08 -2.6188325439029800e-08 3.5568392034843763e-08 -2.8482667983107068e-10 4.1994325150300881e-08 1.3580808929461428e-08 2.6574630367455283e-08 -1.3236576059430436e-08 4.1994325150300881e-08 1.3580808929461428e-08 3.1714528628403816e-08 -4.2974477297998143e-09
10000 7 10 2.1093098717260516e-08 -5.2017492502742057e-09 1.8394623675022068e-08 -1.5045684901115987e-09 2.4849833138810777e-08 7.8215462972255136e-09 1.9743861196141292e-08 -3.3531588701929020e-09 2.4849833138810777e-08 7.8215462972255136e-09 2.1445851843697789e-08 3.7174285227990320e-10
10000 7 11 7.5620450685655895e-09 5.2351163297752951e-09 1.0453324749214658e-08 4.2389318337817945e-09 6.9638789206427445e-09 6.7274644167490885e-09 9.0076849088901244e-09 4.7370240817785453e-09 6.9638789206427445e-09 6.7274644167490885e-09 8.3264162461409964e-09 5.4005041934353927e-09
10000 7 12 2.7670927984152653e-09 -1.0903795710230939e-09 1.3957455803031601e-09 1.9425493515562074e-09 1.0924299622608186e-09 -1.5784289628219285e-09 2.0814191893592125e-09 4.2608489026655679e-10 1.0924299622608186e-09 -1.5784289628219285e-09 1.7517561136597477e-09 -2.4208639409627164e-10
10000 7 13 1.4034108977650437e-09 7.7103520660529432e-10 4.8699814573550282e-10 1.0269882324543458e-09 8.3480442360992992e-10 2.0889541656294088e-10 9.4520452175027331e-10 8.9901171952981998e-10 8.3480442360992992e-10 2.0889541656294088e-10 9.0840448903682545e-10 6.6897295187419350e-10
10000 7 14 5.1796409088561426e-10 -5.8914972051563099e-11 8.1733350659354604e-11 1.4220969561048308e-10 4.8222042065926142e-10 2.2339472007127317e-10 2.9984872077248442e-10 4.1647361779459989e-11 4.8222042065926142e-10 2.2339472007127317e-10 3.6063928740141009e-10 1.0222981454339772e-10
10000 7 15 2.4428564070384874e-11 9.3374020125806510e-11 1.3021843104538136e-11 8.9596775774483701e-11 8.3113131237962067e-11 1.3052951215313744e-10 1.8725203587461506e-11 9.1485397950145106e-11 8.3113131237962067e-11 1.3052951215313744e-10 4.0187846137628362e-11 1.0450010268447587e-10
10000 7 16 1.4286726184077174e-11 1.6127660252708168e-11 4.3191441797506981e-11 1.7098785104445761e-11 2.6075686002596132e-11 6.1139615231339695e-11 2.8739083990792078e-11 1.6613222678576963e-11 2.6075686002596132e-11 6.1139615231339695e-11 2.7851284661393427e-11 3.1455353529497871e-11
10000 7 17 1.5846462572560101e-11 1.6948285361238658e-11 5.6210239632846407e-12 1.9014484215300661e-11 1.7582251828164338e-12 1.6627620735987056e-12 1.0733743267922371e-11 1.7981384788269658e-11 1.7582251828164338e-12 1.6627620735987056e-12 7.7419039062203911e-12 1.2541843883379341e-11
10000 7 18 -1.6655309096875419e-12 2.9435736580367974e-12 -7.9238679678795609e-12 4.4154146943924178e-12 -1.7216468818179863e-11 -1.6143449009612341e-12 -4.7946994387835511e-12 3.6794941762146074e-12 -1.7216468818179863e-11 -1.6143449009612341e-12 -8.9352892319156540e-12 1.9148811504893265e-12
10000 7 19 -5.4486575972099157e-13 -2.5093678343192258e-12 1.6668504874098595e-12 2.0804782906951526e-12 -7.5598970434267037e-13 -5.2255098800461494e-12 5.6099236384443402e-13 -2.1444477181203660e-13 -7.5598970434267037e-13 -5.2255098800461494e-12 1.2199834111539922e-13 -1.8847998078900741e-12
10000 7 20 4.4872567038052614e-13 -1.0022512757386636e-14 -8.7234657402812382e-14 2.2176928320073312e-13 8.7864284030154563e-13 -9.7536449022584786e-13 1.8074550648885688e-13 1.0587338522167324e-13 8.7864284030154563e-13 -9.7536449022584786e-13 4.1337795109308649e-13 -2.5453923992750046e-13
10000 7 21 -1.0851914901650276e-14 -4.0446182005744147e-13 5.0608942013543118e-13 -2.9183982998883078e-13 3.6348482922377948e-13 -3.1258856234434243e-13 2.4761875261689047e-13 -3.4815082502313612e-13 3.6348482922377948e-13 -3.1258856234434243e-13 2.8624077815252011e-13 -3.3629673746353824e-13
10000 7 22 -1.6087464102374362e-13 -2.0670074233151348e-13 6.4649709105518643e-14 3.4753293643574828e-15 -1.3345397742027587e-14 -1.0965501033647114e-13 -4.8112465959112488e-14 -1.0161270648357800e-13 -1.3345397742027587e-14 -1.0965501033647114e-13 -3.6523443220084188e-14 -1.0429347443454237e-13
10000 7 23 5.3210486264765142e-14 -3.8386099012721679e-15 6.7121222383613128e-14 -1.4195242297606372e-14 1.0714767439991232e-13 2.8637660200976783e-14 6.0165854324189128e-14 -9.0169260994392701e-15 1.0714767439991232e-13 2.8637660200976783e-14 7.5826461016096843e-14 3.5346026673660808e-15
10000 7 24 1.5222737748303285e-14 -3.8110442796084148e-14 -8.2766428039853622e-15 -3.8455189610583726e-14 -2.8524881729311852e-14 -4.9428927101912727e-14 3.4730474721589612e-15 -3.8282816203333934e-14 -2.8524881729311852e-14 -4.9428927101912727e-14 -7.1929289283313100e-15 -4.1998186502860194e-14
10000 7 25 -8.4290043150013997e-15 -1.3761030327995822e-14 -4.2058166233827420e-15 1.4256211302543910e-15 1.6255221771871480e-14 -6.8658460211002709e-15 -6.3174104691920709e-15 -6.1677045988707152e-15 1.6255221771871480e-14 -6.8658460211002709e-15 1.2068002778291125e-15 -6.4004184062805669e-15
10000 7 26 5.8087298118889930e-15 -7.3894123745812962e-15 2.7681210311107599e-15 -3.0003386291163618e-15 -5.1719665650519671e-16 -1.9733873243452159e-15 4.2884254214998764e-15 -5.1948755018488286e-15 -5.1719665650519671e-16 -1.9733873243452159e-15 2.6865513954981854e-15 -4.1210461093476240e-15
10000 7 27 1.3512903220165192e-15 -1.8299525164113152e-16 3.6254191148020336e-15 -1.1613355222469392e-15 1.2009561084016875e-15 -2.9867326947030201e-15 2.4883547184092764e-15 -6.7216538694403536e-16 1.2009561084016875e-15 -2.9867326947030201e-15 2.0592218484067467e-15 -1.4436878228636970e-15
10000 7 28 -6.5122564977691894e-16 -4.4436480634703513e-16 1.2546196419085054e-16 -5.4814691415757032e-16 1.3039263731067777e-17 -3.0335641681339657e-15 -2.6288184279303422e-16 -4.9625586025230272e-16 1.3039263731067777e-17 -3.0335641681339657e-15 -1.7090814061833355e-16 -1.3420252962128570e-15
10000 7 29 -2.8800551573398280e-16 -3.0889601755761636e-16 -7.9153873066926897e-16 -2.2877970914496934e-16 -1.1570058447401855e-15 -5.7642417936942122e-16 -5.3977212320162591e-16 -2.6883786335129287e-16 -1.1570058447401855e-15 -5.7642417936942122e-16 -7.4551669704781244e-16 -3.7136663535733562e-16
10000 7 30 1.3939281264185471e-16 1.7570292571244717e-16 9.9191802684273753e-17 -3.2262577193705325e-17 5.1190951190785784e-18 -7.6486127988319204e-18 1.1929230766306425e-16 7.1720174259370916e-17 5.1190951190785784e-18 -7.6486127988319204e-18 8.1234570148402356e-17 4.5263911906636637e-17
10000 7 31 4.3803818740869201e-17 -1.6350086087151468e-17 -4.0909000148015639e-17 1.2322591142682128e-16 6.9468108433228077e-17 -1.4550392356490366e-16 1.4474092964267810e-18 5.3437912669834905e-17 6.9468108433228077e-17 -1.4550392356490366e-16 2.4120975675360545e-17 -1.2876032741744614e-17
10000 7 32 1.6854211346809410e-17 2.8879369467067509e-17 -6.1896599586843728e-19 4.1486564490097690e-17 3.2534228343518682e-19 -3.2412853287234191e-17 8.1176226754704862e-18 3.5182966978582597e-17 3.2534228343518682e-19 -3.2412853287234191e-17 5.5201958781253864e-18 1.2651026889977000e-17
10000 7 33 -5.1278291603336936e-19 -3.4291779095467551e-18 -7.1872131350356979e-18 -3.1796162591731641e-18 -3.0460031582902821e-17 4.1097080110978968e-18 -3.8499980255345336e-18 -3.3043970843599596e-18 -3.0460031582902821e-17 4.1097080110978968e-18 -1.2720009211323961e-17 -8.3302871920734077e-19
10000 7 34 -8.2311369608117966e-20 -1.1904734179427050e-18 -1.8629414879635049e-18 6.4007064092510223e-19 -1.1251627547686018e-17 3.4988962308127548e-18 -9.7262642878581144e-19 -2.7520138850880138e-19 -1.1251627547686018e-17 3.4988962308127548e-18 -4.3989601350858801e-18 9.8283115126505056e-19
10000 7 35 1.0204526556506862e-19 4.5247433276063081e-18 -1.7988604560915003e-18 4.6135669828944108e-18 -1.8848748461647939e-18 1.5448886921897423e-18 -8.4840759526321582e-19 4.5691551552503598e-18 -1.8848748461647939e-18 1.5448886921897423e-18 -1.1938966788970753e-18 3.5610663342301534e-18
10000 7 36 -7.9076085988053425e-19 2.4196287704345112e-18 1.3511275716982455e-18 7.1023632957989938e-19 -2.3288243087493952e-18 2.6852279758776700e-18 2.8018335590885561e-19 1.5649325500072053e-18 -2.3288243087493952e-18 2.6852279758776700e-18 -5.8948586564389452e-19 1.9383643586306935e-18
10000 7 37 -1.3727846900840741e-19 1.5153620691048076e-18 1.4693788443820389e-18 -2.3025048307650712e-18 1.1831470955515638e-18 1.4632156686290772e-18 6.6605018768681580e-19 -3.9357138083013178e-19 1.1831470955515638e-18 1.4632156686290772e-18 8.3841582364173178e-19 2.2535763565627121e-19
10000 7 38 3.9566830610518395e-18 3.8768224612253093e-18 5.8004397854880563e-18 -5.6436843759938861e-18 -5.5313475620229036e-19 -1.1033588432553878e-17 4.8785614232699479e-18 -8.8343095738428843e-19 -5.5313475620229036e-19 -1.1033588432553878e-17 3.0679960301125354e-18 -4.2668167824408179e-18
10000 7 39 -8.8381790387738839e-19 2.0100739973594948e-17 4.2840897036532364e-18 -2.7679882946417147e-20 9.0125506102874172e-19 8.5653651603221562e-18 1.7001358998879240e-18 1.0036530045324265e-17 9.0125506102874172e-19 8.5653651603221562e-18 1.4338422869348630e-18 9.5461417503235620e-18
10000 7 40 2.4367015054032677e-17 4.6075947166161908e-17 4.7844605745765546e-17 6.7794672310368233e-18 -3.0386437296588764e-17 4.6938782689455462e-17 3.6105810399899113e-17 2.6427707198599364e-17 -3.0386437296588764e-17 4.6938782689455462e-17 1.3941727834403153e-17 3.3264732362218061e-17
10000 7 41 3.0949483856599085e-17 -3.0237639181690577e-19 5.2851151668540187e-17 -1.0219732461942784e-16 3.6018238371073746e-18 9.4204702067649458e-17 4.1900317762569633e-17 -5.1249850505622372e-17 3.6018238371073746e-18 9.4204702067649458e-17 2.9134153120748874e-17 -2.7649996478650955e-18
10000 7 42 -6.4758648780168038e-17 4.3619998359982448e-17 6.5950229609590322e-17 4.4379312965846226e-16 -2.0963358344564927e-16 2.8395848969725664e-16 5.9579041471114185e-19 2.4370656400922235e-16 -2.0963358344564927e-16 2.8395848969725664e-16 -6.9480667538742327e-17 2.5712387257190045e-16
10000 7 43 -6.7479494057258696e-16 3.3281253080615201e-17 -1.3819261168433092e-16 3.1585453717105108e-17 -1.4151444228281379e-16 7.2770996152848817e-16 -4.0649377612845895e-16 3.2433353398860155e-17 -1.4151444228281379e-16 7.2770996152848817e-16 -3.1816733151324386e-16 2.6419222277540283e-16
10000 7 44 -5.4435110353191374e-16 1.5323321130638974e-16 5.7990193016651677e-19 -7.8849522677786131e-16 -2.2213117920750068e-16 -1.3711468674735461e-15 -2.7188560080087360e-16 -3.1763100773573581e-16 -2.2213117920750068e-16 -1.3711468674735461e-15 -2.5530079360308263e-16 -6.6880296098167251e-16
10000 7 45 1.8178467703051294e-15 1.3239901286809595e-15 1.4413808241280255e-15 -7.8370202711258984e-16 -4.6002500487380889e-16 -3.3608277254755185e-15 1.6296137972165774e-15 2.7014405078418483e-16 -4.6002500487380889e-16 -3.3608277254755185e-15 9.3306752985311533e-16 -9.4017987463571611e-16
10000 7 46 1.4193549977100166e-15 6.8009232496398727e-16 9.2871377719806121e-15 -1.6453486418168635e-15 1.3396420560154208e-15 -1.2639066758562583e-15 5.3532463848453145e-15 -4.8262815842643810e-16 1.3396420560154208e-15 -1.2639066758562583e-15 4.0153782752353500e-15 -7.4305433090304480e-16
10000 7 47 -3.6840859717175957e-16 1.6458658264872158e-16 6.2638166991301096e-16 2.0866011416892256e-14 1.7750943576385872e-14 3.8490149972399707e-14 1.2898653637062569e-16 1.0515298999770488e-14 1.7750943576385872e-14 3.8490149972399707e-14 6.0029722163757073e-15 1.9840249323980226e-14
10000 7 48 1.1048409928605060e-14 -2.6362956468324826e-14 -6.4370669575679703e-15 4.6274194429286553e-14 7.5591437578204054e-14 1.2139797851787874e-14 2.3056714855185451e-15 9.9556189804808636e-15 7.5591437578204054e-14 1.2139797851787874e-14 2.6734260183080379e-14 1.0683678604249867e-14
10000 7 49 -1.9804508603195888e-15 -1.0822256338096604e-15 -2.4905165128127906e-14 1.1633505922371159e-13 1.7229452410974018e-14 1.3354185711712471e-13 -1.3442807994223747e-14 5.7626416794950966e-14 1.7229452410974018e-14 1.3354185711712471e-13 -3.2187211924911590e-15 8.2931563569008888e-14
10000 7 50 1.4468573151165201e-13 9.0626660623022460e-14 -1.7541779854359258e-14 -1.8826807098923942e-13 2.2998707762578089e-13 -4.2692367202462549e-13 6.3571975828646371e-14 -4.8820705183108481e-14 2.2998707762578089e-13 -4.2692367202462549e-13 1.1904367642769121e-13 -1.7485502746361415e-13
10000 7 51 4.1302497822430331e-13 -2.3731233068822881e-13 1.5165535751166634e-13 -6.2179063607845850e-13 5.3100659427571158e-13 -2.0069040345523534e-14 2.8234016786798483e-13 -4.2955148338334365e-13 5.3100659427571158e-13 -2.0069040345523534e-14 3.6522897667056043e-13 -2.9305733570407027e-13
10000 7 52 7.5638522758520729e-14 -1.9866833041341914e-12 7.5844728762024655e-13 -7.9259364383051283e-13 1.3948252538616195e-13 -1.8266143992168847e-12 4.1704290518938363e-13 -1.3896384739823522e-12 1.3948252538616195e-13 -1.8266143992168847e-12 3.2452277858830970e-13 -1.5352971157271964e-12
10000 7 53 -7.1439976921749430e-13 2.1145466236264787e-13 -2.9963935154791483e-12 7.2533235870811082e-13 8.9402826354859681e-13 -6.3043312361373754e-13 -1.8553966423483213e-12 4.6839351053537940e-13 8.9402826354859681e-13 -6.3043312361373754e-13 -9.3892167371601532e-13 1.0211796581900708e-13
10000 7 54 -5.0526295893540424e-12 -7.5326274693845282e-13 -8.9451702766980894e-13 7.8334011061115762e-12 1.4238591089217011e-11 3.3645738690806987e-12 -2.9735733085119257e-12 3.5400691795865616e-12 1.4238591089217011e-11 3.3645738690806987e-12 2.7638148240643861e-12 3.4815707427512738e-12
10000 7 55 -5.8257894458188815e-13 -9.9044471522957855e-13 2.3101531489609315e-12 -5.2559152298313840e-12 2.2635228663706191e-11 1.2977864996413563e-11 8.6378710218952168e-13 -3.1231799725304814e-12 2.2635228663706191e-11 1.2977864996413563e-11 8.1209342893617447e-12 2.2438350171175332e-12
10000 7 56 -2.1706145004221994e-11 5.6500209805884864e-11 -2.6993538204302763e-11 3.7864891446049369e-11 2.8232591913709293e-11 4.9269685177333959e-11 -2.4349841604262379e-11 4.7182550625967117e-11 2.8232591913709293e-11 4.9269685177333959e-11 -6.8223637649384874e-12 4.7878262143089391e-11
10000 7 57 -3.6154464872105604e-11 -1.9469632248545288e-11 -1.1692265688550977e-10 2.1760163368786991e-12 7.9622265565607428e-12 -3.3509154322588999e-11 -7.6538560878807692e-11 -8.6468079558332951e-12 7.9622265565607428e-12 -3.3509154322588999e-11 -4.8371631733684880e-11 -1.6934256744751862e-11
10000 7 58 3.5513440266463961e-10 -9.3099650221651044e-11 2.5035775000948958e-10 -4.8375453214143808e-10 -1.4848130783221297e-10 -2.4685652513781847e-10 3.0274607633706457e-10 -2.8842709118154455e-10 -1.4848130783221297e-10 -2.4685652513781847e-10 1.5233694828063871e-10 -2.7457023583363585e-10
10000 7 59 1.3608466018808630e-10 -3.1098671055253049e-10 -2.7118944221456046e-10 5.8194497732513940e-11 2.3555462350860074e-09 -2.3842117897891313e-10 -6.7552391013237080e-11 -1.2639610641000826e-10 2.3555462350860074e-09 -2.3842117897891313e-10 7.4014715101984441e-10 -1.6373779726630988e-10
10000 7 60 -5.1984644119436410e-10 -2.0025522444117231e-10 5.9748877972488584e-10 -1.3179908340511790e-09 2.8263973165100983e-09 1.8912405583198411e-10 3.8821169265260871e-11 -7.5912302924617564e-10 2.8263973165100983e-09 1.8912405583198411e-10 9.6801321834687326e-10 -4.4304066755345570e-10
10000 7 61 -6.5402976929558030e-11 -2.5312841828634071e-10 -5.2746101923933665e-10 -4.3966745464874967e-09 1.0705467368280858e-08 -3.2431786788125362e-09 -2.9643199808444734e-10 -2.3249014823869187e-09 1.0705467368280858e-08 -3.2431786788125362e-09 3.3708677907039876e-09 -2.6309938811954577e-09
10000 7 62 -1.2746956035330112e-09 -4.2182878455150003e-09 5.7586452890372768e-09 -1.2422157705123043e-08 -2.9603556862719639e-09 -1.2244908990361484e-08 2.2419748427521328e-09 -8.3202227753190209e-09 -2.9603556862719639e-09 -1.2244908990361484e-08 5.0786466641076723e-10 -9.6284515136665079e-09
10000 7 63 1.5048957139289533e-08 3.2009602223754752e-09 3.4449937002438982e-08 1.6131390590989260e-08 6.1088561953403286e-08 2.1915182934132227e-08 2.4749447070864258e-08 9.6661754066823670e-09 6.1088561953403286e-08 2.1915182934132227e-08 3.6862485365043932e-08 1.3749177915832320e-08
10000 7 64 5.8863506328683067e-08 -7.7018444294018905e-08 6.8313697018137793e-08 -2.8622293114188754e-08 6.7266582569514165e-08 1.7758848535417548e-08 6.3588601673410433e-08 -5.2820368704103831e-08 6.7266582569514165e-08 1.7758848535417548e-08 6.4814595305445006e-08 -2.9293962957596706e-08
10000 7 65 1.8152836672527052e-07 -1.5610020581437271e-07 2.3118966247073209e-07 -1.9741958857385325e-07 5.7693372917626871e-07 -2.4748157208058214e-07 2.0635901459800132e-07 -1.7675989719411298e-07 5.7693372917626871e-07 -2.4748157208058214e-07 3.2988391945742375e-07 -2.0033378882293602e-07
10000 7 66 7.9980046666595885e-07 1.5974833365280302e-07 6.9897274404961392e-07 -1.0353408629581311e-07 1.0816216135039637e-06 -4.5567299571250243e-07 7.4938660535778638e-07 2.8107123678494955e-08 1.0816216135039637e-06 -4.5567299571250243e-07 8.6013160807317869e-07 -1.3315291611850416e-07
10000 7 67 2.0960488124215060e-06 -1.5349746702459772e-06 4.7888312019824504e-07 -1.0508935201703449e-06 3.2522292878917330e-06 -2.5770180064164035e-06 1.2874659663098755e-06 -1.2929340952081609e-06 3.2522292878917330e-06 -2.5770180064164035e-06 1.9423870735038282e-06 -1.7209620656109084e-06
10000 7 68 4.8671789384242604e-06 -1.9343925225677243e-07 5.0962579376208201e-06 7.3616461352454368e-07 6.8243931094789824e-06 3.2429477031042607e-06 4.9817184380225407e-06 2.7136268063388563e-07 6.8243931094789824e-06 3.2429477031042607e-06 5.5959433285080204e-06 1.2618910214573439e-06
10000 7 69 6.0717518676712872e-06 1.7072656697574834e-06 9.0009607069070413e-06 3.6861050604165931e-06 1.8061653153414995e-05 -4.8550436872447619e-06 7.5363562872891642e-06 2.6966853650870383e-06 1.8061653153414995e-05 -4.8550436872447619e-06 1.1044788575997775e-05 1.7944234764310486e-07
10000 7 70 3.0909619969089011e-05 -6.1506735528837408e-06 4.1574793880893694e-05 -1.1536342577213055e-05 1.2131002990840520e-04 -1.3903942532243324e-05 3.6242206924991352e-05 -8.8435080650483978e-06 1.2131002990840520e-04 -1.3903942532243324e-05 6.4598147919462629e-05 -1.0530319554113372e-05
10000 7 71 -3.7729103511204861e-05 3.0544421127867534e-05 -3.2450082804122963e-05 5.9336235611276206e-05 1.1938405977945289e-04 2.7699674039159015e-05 -3.5089593157663912e-05 4.4940328369571870e-05 1.1938405977945289e-04 2.7699674039159015e-05 1.6401624488041690e-05 3.9193443592767583e-05
10000 8 0 -1.0898616387674428e-04 -2.2429493550533015e-05 -3.9491314986382089e-05 -5.8150730395338378e-05 9.5987148601432172e-05 -1.6318330843393791e-04 -7.4238739431563183e-05 -4.0290111972935693e-05 9.5987148601432172e-05 -1.6318330843393791e-04 -1.7496776753898062e-05 -8.1254510793269760e-05
10000 8 1 3.7766646081375042e-05 4.9629115005404013e-05 -2.5916884256295865e-05 6.6550597838196157e-06 4.5561987284324491e-05 3.6798360812775967e-05 5.9248809125395888e-06 2.8142087394611814e-05 4.5561987284324491e-05 3.6798360812775967e-05 1.9137249703134556e-05 3.1027511867333201e-05
10000 8 2 3.7322327045496995e-06 -2.3745153647236017e-06 1.3784436052088816e-05 -1.7736533756493012e-06 7.4751315106572349e-06 -5.9965242987315408e-06 8.7583343783192582e-06 -2.0740843701864515e-06 7.4751315106572349e-06 -5.9965242987315408e-06 8.3306000890985838e-06 -3.3815643463681476e-06
10000 8 3 1.4499949021335974e-06 1.1833867679887548e-06 4.0206573697500944e-06 3.2083883468717925e-06 7.3075749099391889e-06 6.8946933351735641e-06 2.7353261359418459e-06 2.1958875574302738e-06 7.3075749099391889e-06 6.8946933351735641e-06 4.2594090606076264e-06 3.7621561500113703e-06
10000 8 4 8.4734741227047918e-07 1.2928784470753514e-06 8.5462326419760479e-07 1.8213797501153783e-07 4.6195818516888099e-06 3.0337734734398315e-06 8.5098533823404193e-07 7.3750821104344460e-07 4.6195818516888099e-06 3.0337734734398315e-06 2.1071841760522976e-06 1.5029299651755736e-06
10000 8 5 1.1224165047505639e-06 -1.5749228798991909e-07 1.0934372588705570e-06 2.9271198710248520e-07 2.5754105161703942e-06 3.3881813089166232e-07 1.1079268818105606e-06 6.7609849556283054e-08 2.5754105161703942e-06 3.3881813089166232e-07 1.5970880932638385e-06 1.5801261000140948e-07
10000 8 6 2.5646336400130981e-07 -1.9619705232635933e-08 3.7003631197458452e-07 1.3675745740131272e-07 7.6755307691946581e-07 1.0997944789850027e-07 3.1324983798794717e-07 5.8568876084338396e-08 7.6755307691946581e-07 1.0997944789850027e-07 4.6468425096511999e-07 7.5705733355725688e-08
10000 8 7 1.8871338277821815e-07 5.2139493471125101e-08 1.9659799072256425e-07 1.6131653528550995e-08 2.8361415381098964e-07 -1.8600739366051087e-07 1.9265568675039120e-07 3.4135573499838048e-08 2.8361415381098964e-07 -1.8600739366051087e-07 2.2297517577059068e-07 -3.9245415553611591e-08
10000 8 8 8.2640754979106192e-10 7.4964215380216144e-08 -2.0281509856784230e-08 4.8684566551329645e-08 3.6477939925758043e-08 1.4210026466395124e-07 -9.7275511534965846e-09 6.1824390965772895e-08 3.6477939925758043e-08 1.4210026466395124e-07 5.6742792062549575e-09 8.8583015531832342e-08
10000 8 9 4.5327959796902620e-09 -2.2758653040971534e-08 1.8909656645274955e-08 -3.0664474983532748e-09 2.3874591426606849e-08 8.7095236758190675e-09 1.1721226312482609e-08 -1.2912550269662405e-08 2.3874591426606849e-08 8.7095236758190675e-09 1.5772348017190688e-08 -5.7051922878352475e-09
10000 8 10 1.5838491549610867e-08 -7.2810878442415762e-09 1.5361466677024909e-08 -2.5956385036074073e-09 2.1479745231065852e-08 1.2194646499475338e-08 1.5599979113317888e-08 -4.9383631739244920e-09 2.1479745231065852e-08 1.2194646499475338e-08 1.7559901152567208e-08 7.7264005054211809e-10
10000 8 11 4.8472682727049008e-09 4.0041876312797828e-09 6.9574075455473107e-09 2.0739294841106412e-09 4.6060946721123158e-09 4.8463714714687657e-09 5.9023379091261057e-09 3.0390585576952120e-09 4.6060946721123158e-09 4.8463714714687657e-09 5.4702568301215085e-09 3.6414961956197299e-09
10000 8 12 1.9621400402795872e-09 -5.1431083407183982e-11 9.3596883264039938e-10 1.7468159368345263e-09 -1.6299955250562527e-10 -2.1078497225686377e-09 1.4490544364599933e-09 8.4769242671367115e-10 -1.6299955250562527e-10 -2.1078497225686377e-09 9.1170310680478706e-10 -1.3748828971376510e-10
10000 8 13 7.6632007559262850e-10 5.5462467718109013e-10 3.5474478350650397e-10 8.1034662514516302e-10 7.2283325478607982e-10 -6.0274933893617291e-11 5.6053242954956624e-10 6.8248565116312662e-10 7.2283325478607982e-10 -6.0274933893617291e-11 6.1463270462840403e-10 4.3489878947754529e-10
10000 8 14 4.0111462882829382e-10 -1.7369349830061117e-11 2.7798709770438913e-11 1.0155482166671330e-10 2.6332845979724513e-10 1.8649082217947955e-10 2.1445666929936637e-10 4.2092735918326089e-11 2.6332845979724513e-10 1.8649082217947955e-10 2.3074726613199263e-10 9.0225431338710570e-11
10000 8 15 1.4702801843638773e-11 7.1323344550273279e-11 -2.8793293547640068e-11 4.7610809328961535e-11 1.4580464786304952e-11 6.8954233608498809e-11 -7.0452458520006475e-12 5.9467076939617407e-11 1.4580464786304952e-11 6.8954233608498809e-11 1.6332436076788566e-13 6.2629462495911199e-11
10000 8 16 1.0934288326809998e-11 8.1721079119311817e-12 4.0018082647766649e-11 1.2574774844768882e-11 2.3074168800927460e-11 5.2802263083941948e-11 2.5476185487288325e-11 1.0373441378350032e-11 2.3074168800927460e-11 5.2802263083941948e-11 2.4675513258501367e-11 2.4516381946880666e-11
10000 8 17 4.9365567327270316e-13 2.3014724349227664e-11 -3.6888264745936792e-12 1.4451164442536937e-11 -5.7990597527465155e-12 6.9135763016213976e-12 -1.5975854006604880e-12 1.8732944395882301e-11 -5.7990597527465155e-12 6.9135763016213976e-12 -2.9980768513558305e-12 1.4793155031128665e-11
10000 8 18 -1.5583924987899032e-12 3.9063034076813425e-12 -4.4436303603348325e-12 5.1389637724198370e-12 -1.4838767721250600e-11 2.6019713668199815e-13 -3.0010114295623680e-12 4.5226335900505902e-12 -1.4838767721250600e-11 2.6019713668199815e-13 -6.9469301934584444e-12 3.1018214389277261e-12
10000 8 19 9.9921308338099407e-14 -7.2366978849891557e-13 2.3864728599586411e-12 1.6387243137742626e-12 -7.1122888432616227e-13 -4.4257330361208012e-12 1.2431970841483703e-12 4.5752726263767347e-13 -7.1122888432616227e-13 -4.4257330361208012e-12 5.9172176132352605e-13 -1.1702261702818181e-12
10000 8 20 1.8532619837412173e-13 4.3105496062156618e-14 -3.1755945435431141e-13 4.0619126896723607e-13 1.1009817380354329e-13 -4.4464154972851719e-13 -6.6116627990094837e-14 2.2464838251469633e-13 1.1009817380354329e-13 -4.4464154972851719e-13 -7.3783607255487949e-15 1.5517384336251580e-15
10000 8 21 -1.1995155266443750e-13 -3.8454329508954608e-13 4.2063332790186611e-13 -2.1145845205132924e-13 1.3059722999035848e-13 -2.4371066208853142e-13 1.5034088761871430e-13 -2.9800087357043767e-13 1.3059722999035848e-13 -2.4371066208853142e-13 1.4375966840926237e-13 -2.7990413640980222e-13
10000 8 22 -6.2190385431336317e-14 -2.2884939403648407e-13 4.8132095351425644e-14 -4.7277234444412712e-14 7.0568120693434894e-14 -2.2094234145577717e-13 -7.0291450399553366e-15 -1.3806331424044840e-13 7.0568120693434894e-14 -2.2094234145577717e-13 1.8836610204508072e-14 -1.6568965664555801e-13
10000 8 23 2.2631537761789687e-14 -1.5085377456808200e-14 7.8228506207263461e-14 -1.0953508904513486e-14 1.0924059641140490e-13 -2.2514517454029517e-14 5.0430021984526577e-14 -1.3019443180660843e-14 1.0924059641140490e-13 -2.2514517454029517e-14 7.0033546793486014e-14 -1.6184467938450400e-14
10000 8 24 1.0906286892549377e-14 -3.4675978009472189e-14 -1.1538725689252746e-14 -3.7114758298384366e-14 -3.5891605552805008e-14 -4.7685880813773025e-14 -3.1621939835168495e-16 -3.5895368153928275e-14 -3.5891605552805008e-14 -4.7685880813773025e-14 -1.2174681449836127e-14 -3.9825539040543185e-14
10000 8 25 -7.0840237542135613e-15 -1.1514286021797039e-14 -4.7633084986572806e-15 3.6221911777205576e-15 1.0465166817152363e-14 -8.4892435005136108e-15 -5.9236661264354209e-15 -3.9460474220382406e-15 1.0465166817152363e-14 -8.4892435005136108e-15 -4.6072181190615960e-16 -5.4604461148633635e-15
10000 8 26 7.5909147615802194e-15 -8.5675425663159903e-15 4.9276756325806611e-15 -3.5288482047955849e-15 -4.6204051755574152e-16 4.5308443202808531e-16 6.2592951970804406e-15 -6.0481953855557880e-15 -4.6204051755574152e-16 4.5308443202808531e-16 4.0188499588683793e-15 -3.8811021130278299e-15
10000 8 27 4.5885018007280310e-17 5.3689017266708518e-16 3.2928079055674445e-15 -7.0365163454204870e-16 1.1297025096595822e-15 -2.6096409585374087e-15 1.6693464617873624e-15 -8.3380730937481760e-17 1.1297025096595822e-15 -2.6096409585374087e-15 1.4894651444114354e-15 -9.2546747347079066e-16
10000 8 28 -8.5708920892224870e-16 -5.2746907224287398e-16 4.8852820512591324e-16 -9.0350035127673856e-16 1.3217940537269873e-16 -1.5837650322494964e-15 -1.8428050189816773e-16 -7.1548471175980627e-16 1.3217940537269873e-16 -1.5837650322494964e-15 -7.8793866141212236e-17 -1.0049114852563697e-15
10000 8 29 -1.7537022217327199e-16 -3.3525366180894799e-16 -8.4117933667427298e-16 -1.8418659883169647e-16 -8.2184835188726889e-16 -3.4931651988497783e-16 -5.0827477942377251e-16 -2.5972013032032223e-16 -8.2184835188726889e-16 -3.4931651988497783e-16 -6.1279930357827134e-16 -2.8958559350854076e-16
10000 8 30 1.2246300132713928e-16 1.8899723512357925e-16 2.8327229834056837e-17 -3.8893454986415090e-18 -4.5162014549908321e-17 5.4051083042202195e-17 7.5395115580598059e-17 9.2553944812468867e-17 -4.5162014549908321e-17 5.4051083042202195e-17 3.5209405537095928e-17 7.9719657555713306e-17
10000 8 31 4.2737718198493034e-17 -2.2270141758154775e-18 -9.6087386939561931e-18 1.1282245694278142e-16 6.2267033677350265e-17 -1.0425157138521386e-16 1.6564489752268420e-17 5.5297721383482972e-17 6.2267033677350265e-17 -1.0425157138521386e-16 3.1798671060629033e-17 2.1146237939173617e-18
10000 8 32 1.5120231235690570e-18 3.2779787349116067e-17 1.2394074205899702e-17 4.5480598038087217e-17 1.9592792751121744e-17 -1.9343142588140743e-17 6.9530486647343794e-18 3.9130192693601642e-17 1.9592792751121744e-17 -1.9343142588140743e-17 1.1166296693530167e-17 1.9639080933020844e-17
10000 8 33 3.7721233462953462e-18 -4.0291016634740920e-18 -6.4413190548081210e-18 -7.3184456548459797e-18 -2.9760050200457012e-17 1.2316566249923693e-17 -1.3345978542563874e-18 -5.6737736591600359e-18 -2.9760050200457012e-17 1.2316566249923693e-17 -1.0809748636323263e-17 3.2300631053454028e-19
10000 8 34 1.7533085639003020e-18 -1.1009790592283651e-18 -1.7826962221222045e-19 1.6172655906187503e-18 -5.2451709515412829e-18 4.6270605579354493e-18 7.8751947084404074e-19 2.5814326569519262e-19 -5.2451709515412829e-18 4.6270605579354493e-18 -1.2233773366177339e-18 1.7144490297752782e-18
10000 8 35 -4.4119721752017661e-20 1.4119539956616822e-18 -2.6676665293965417e-18 4.3244085711805276e-18 -3.6828240638845137e-18 8.9227062394665071e-20 -1.3558931255742797e-18 2.8681812834211047e-18 -3.6828240638845137e-18 8.9227062394665071e-20 -2.1315367716776912e-18 1.9418632097456247e-18
10000 8 36 -5.0025083293138467e-19 8.4753812379697806e-19 1.2790091728742362e-18 3.0058489976494953e-19 -7.1315203667211251e-19 1.1463536370932473e-18 3.8937916997142578e-19 5.7406151178096375e-19 -7.1315203667211251e-19 1.1463536370932473e-18 2.1868767756913011e-20 7.6482555355172494e-19
10000 8 37 -5.9367373162246050e-21 9.1193395014140821e-19 2.3199745368078339e-18 -3.0801880410369107e-18 1.1891224340678417e-18 6.8480928828046624e-19 1.1570188997458046e-18 -1.0841270454477512e-18 1.1891224340678417e-18 6.8480928828046624e-19 1.1677200778531504e-18 -4.9448160087167874e-19
10000 8 38 1.7933985997574580e-18 3.1802840364007243e-18 3.2303525392590422e-18 -4.9633868366316315e-18 6.5779907280795171e-19 -1.6110261664094457e-17 2.5118755695082501e-18 -8.9155140011545362e-19 6.5779907280795171e-19 -1.6110261664094457e-17 1.8938500706081502e-18 -5.9644548214417884e-18
10000 8 39 -1.1584754053111860e-18 2.0618550160301558e-17 2.8719963669098538e-18 -2.8736046011218114e-18 9.8622335891194912e-18 2.0553411461676363e-18 8.5676048079933392e-19 8.8724727795898738e-18 9.8622335891194912e-18 2.0553411461676363e-18 3.8585848502393856e-18 6.6000955684491271e-18
10000 8 40 2.3324471681347847e-17 4.1528359456257116e-17 4.4989628840970698e-17 -3.9170809707889943e-18 -1.4612710647687729e-17 1.4101047103380138e-17 3.4157050261159272e-17 1.8805639242734062e-17 -1.4612710647687729e-17 1.4101047103380138e-17 1.7900463291543604e-17 1.7237441862949418e-17
10000 8 41 -3.1730244311559520e-18 1.3326498736448844e-18 8.6238145230572365e-18 -1.3395899215411432e-16 -2.3074797693570323e-17 3.1850082655409567e-17 2.7253950459506423e-18 -6.6313171140234721e-17 -2.3074797693570323e-17 3.1850082655409567e-17 -5.8746692005563455e-18 -3.3592086541686621e-17
10000 8 42 -1.2050572827803780e-16 3.4757869669857549e-17 2.5085934496846870e-17 3.9251875880340977e-16 -2.6869666144962714e-16 1.8798329708076931e-16 -4.7709896890595462e-17 2.1363831423663366e-16 -2.6869666144962714e-16 1.8798329708076931e-16 -1.2137215174360602e-16 2.0508664185134552e-16
10000 8 43 -8.1831406629629651e-16 -7.4756494135043423e-17 -9.9859016615710753e-17 1.7879537146554801e-17 -4.0486807180887843e-16 4.9740808247627223e-16 -4.5908654145600359e-16 -2.8438478494244308e-17 -4.0486807180887843e-16 4.9740808247627223e-16 -4.4101371824029524e-16 1.4684370849592788e-16
10000 8 44 -7.1816108023793270e-16 1.9462202328387802e-16 -4.7566077286984568e-16 -7.0413906230252416e-16 -1.5452340005212031e-16 -7.8104747717368808e-16 -5.9691092655388924e-16 -2.5475851950932309e-16 -1.5452340005212031e-16 -7.8104747717368808e-16 -4.4944841771996620e-16 -4.3018817206411139e-16
10000 8 45 4.8323740118939361e-16 1.2525972297762213e-15 1.4479960017956503e-15 -4.0046084588392806e-16 7.0972808853185979e-16 -2.3371898830913988e-15 9.6561670149252198e-16 4.2606819194614660e-16 7.0972808853185979e-16 -2.3371898830913988e-15 8.8032049717230125e-16 -4.9501783306636851e-16
10000 8 46 1.8995456205628687e-15 3.4954401266663210e-17 7.8529293431432594e-15 -3.1788258589812062e-15 6.2089896785322304e-15 -8.7793438276726928e-16 4.8762374818530636e-15 -1.5719357288572715e-15 6.2089896785322304e-15 -8.7793438276726928e-16 5.3204882140794523e-15 -1.3406019468272706e-15
10000 8 47 -8.7001712678222336e-15 -8.4898527256333535e-16 -6.4948652489262694e-15 2.2685266869463695e-14 1.4599590862117252e-14 3.7592764525388672e-14 -7.5975182583742515e-15 1.0918140798450180e-14 1.4599590862117252e-14 3.7592764525388672e-14 -1.9848188487708357e-16 1.9809682040763008e-14
10000 8 48 -1.9665244339172634e-15 -3.3391951436508305e-14 1.8625801204175997e-15 1.4527271054106052e-14 5.2364180387748090e-14 -1.5538576147655411e-15 -5.1972156749831875e-17 -9.4323401912011264e-15 5.2364180387748090e-14 -1.5538576147655411e-15 1.7420078691416141e-14 -6.8061793323892646e-15
10000 8 49 -5.6299240609600281e-14 1.0629000762840749e-14 -9.0437636797712834e-15 1.0897858301559380e-13 -1.1219358854469546e-13 5.1061720919499015e-14 -3.2671502144685782e-14 5.9803791889217278e-14 -1.1219358854469546e-13 5.1061720919499015e-14 -5.9178864278022335e-14 5.6889768232644524e-14
10000 8 50 5.5293956538271190e-14 5.8466349401476278e-14 -9.6736173381660373e-14 -1.9226900630424016e-13 1.9751857214534580e-13 -3.8995871176152209e-13 -2.0721108421694591e-14 -6.6901328451381942e-14 1.9751857214534580e-13 -3.8995871176152209e-13 5.2025451767318867e-14 -1.7458712288809533e-13
10000 8 51 5.1214747711198128e-13 -2.1348291808864215e-13 9.3386567146361857e-14 -5.2185829892009530e-13 5.3858961012043484e-13 2.4589798347836877e-13 3.0276702212917157e-13 -3.6767060850436871e-13 5.3858961012043484e-13 2.4589798347836877e-13 3.8137455145959262e-13 -1.6314774451012287e-13
10000 8 52 -1.4197936762436999e-13 -1.9385506308965368e-12 4.9706079011192220e-13 7.5647494856399662e-14 -1.0097538142943758e-14 -1.5851883032198172e-12 1.7754071124377612e-13 -9.3145156802006858e-13 -1.0097538142943758e-14 -1.5851883032198172e-12 1.1499462811486948e-13 -1.1493638130866512e-12
10000 8 53 -3.9173224933711054e-13 7.8744619856375664e-13 -2.2209197533368620e-12 2.8860909046886673e-13 6.8488992282659595e-13 6.2514624063942312e-13 -1.3063260013369863e-12 5.3802764451631168e-13 6.8488992282659595e-13 6.2514624063942312e-13 -6.4258735994912553e-13 5.6706717655734876e-13
10000 8 54 -4.4272283441035042e-12 -2.1099048057143059e-12 -6.9027055292020006e-13 7.5288524345044922e-12 1.4654798830813018e-11 5.1155113689886251e-12 -2.5587494485118523e-12 2.7094738143950933e-12 1.4654798830813018e-11 5.1155113689886251e-12 3.1790999779297708e-12 3.5114863325929371e-12
10000 8 55 -1.8057224601625042e-12 1.2577820217186043e-12 -1.1526968517555690e-11 -1.0263911829337374e-11 5.7059379255771756e-12 1.2218869629864330e-11 -6.6663454888590969e-12 -4.5030649038093848e-12 5.7059379255771756e-12 1.2218869629864330e-11 -2.5422510173803391e-12 1.0709132740818531e-12
10000 8 56 -1.8952480562319154e-11 6.8272624487919325e-11 -3.1022001481306114e-11 1.9591642357811370e-11 -1.3777399980037733e-11 5.9982331506289818e-11 -2.4987241021812636e-11 4.3932133422865347e-11 -1.3777399980037733e-11 5.9982331506289818e-11 -2.1250627341220999e-11 4.9282199450673504e-11
10000 8 57 -7.2601855011162846e-11 -6.4619757519975001e-13 -1.9058006163954395e-10 3.0271356896178000e-11 -3.6211178254103886e-11 -4.5990491719763746e-11 -1.3159095832535340e-10 1.4812579660489125e-11 -3.6211178254103886e-11 -4.5990491719763746e-11 -9.9797698301603567e-11 -5.4551107995951652e-12
10000 8 58 4.1448613658313020e-10 5.1426092366415243e-12 2.2690858418834645e-10 -4.3220160915917985e-10 -5.2729709403172214e-11 -1.9534509959768685e-10 3.2069736038573832e-10 -2.1352949996126916e-10 -5.2729709403172214e-11 -1.9534509959768685e-10 1.9622167045610149e-10 -2.0746803317340839e-10
10000 8 59 2.5176152792519239e-10 -3.8870304244610129e-10 4.1601070150587992e-11 1.0768887921303320e-10 1.9674127856277058e-09 -1.4749261484862315e-10 1.4668129903789018e-10 -1.4050708161653403e-10 1.9674127856277058e-09 -1.4749261484862315e-10 7.5359179456782875e-10 -1.4283559269389706e-10
10000 8 60 -9.3183112214832940e-10 -6.7695122999598106e-10 5.3572182809768484e-10 -1.8522756708418818e-09 1.6066332978493361e-09 8.9215114807461028e-10 -1.9805464702532228e-10 -1.2646134504189315e-09 1.6066332978493361e-09 8.9215114807461028e-10 4.0350800126623047e-10 -5.4569191758775095e-10
10000 8 61 -9.4384939358512751e-10 -8.0860919142007521e-10 4.0122153512903656e-10 -2.5872248405834259e-09 7.0925178983201364e-09 -3.0206792374013574e-09 -2.7131392922804548e-10 -1.6979170160017506e-09 7.0925178983201364e-09 -3.0206792374013574e-09 2.1832966799546815e-09 -2.1388377564682858e-09
10000 8 62 -2.8714701578923799e-09 -2.3515456779165814e-09 3.4213102696101041e-09 -1.0242566855292597e-08 -7.8509151840420098e-09 -6.0107471172967028e-09 2.7492005585886210e-10 -6.2970562666045893e-09 -7.8509151840420098e-09 -6.0107471172967028e-09 -2.4336916907747617e-09 -6.2016198835019608e-09
10000 8 63 -1.3049292261986278e-10 -8.4169703314851087e-09 2.0291905672075877e-08 1.0097958093331062e-08 3.9277919008086418e-08 1.4481761986489358e-08 1.0080706374728006e-08 8.4049388092297658e-10 3.9277919008086418e-08 1.4481761986489358e-08 1.9813110585847475e-08 5.3875832494451036e-09
10000 8 64 3.4064408783904889e-08 -4.2936052428144647e-08 3.1565806299750439e-08 1.0364842222372084e-08 2.2963949512337758e-08 3.2609076590793035e-08 3.2815107541827664e-08 -1.6285605102886281e-08 2.2963949512337758e-08 3.2609076590793035e-08 2.9531388198664361e-08 1.2622128340158097e-11
10000 8 65 1.0680328888285275e-07 -1.3856562021519854e-07 1.3106034474563703e-07 -1.2797575008984569e-07 3.8794279334328682e-07 -2.5380420221203517e-07 1.1893181681424489e-07 -1.3327068515252212e-07 3.8794279334328682e-07 -2.5380420221203517e-07 2.0860214232392551e-07 -1.7344852417235977e-07
10000 8 66 6.0721853624659330e-07 -1.0367655686611686e-08 5.7045098602472029e-07 -2.1149930738331627e-07 6.8268471339027887e-07 -5.5853159978903807e-07 5.8883476113565675e-07 -1.1093348153496398e-07 6.8268471339027887e-07 -5.5853159978903807e-07 6.2011807855386408e-07 -2.6013285428632198e-07
10000 8 67 1.3111612563639839e-06 -9.5182770855631268e-07 1.4620066185410090e-07 -1.0250399597829896e-06 2.5830052406646007e-06 -1.5328116160658705e-06 7.2868095910904244e-07 -9.8843383416965123e-07 2.5830052406646007e-06 -1.5328116160658705e-06 1.3467890529608950e-06 -1.1698930948017243e-06
10000 8 68 2.9216790187411109e-06 1.0541474307667572e-06 2.5571615626364758e-06 1.7281584205549484e-06 3.4262823174586288e-06 3.7324425873390601e-06 2.7394202906887933e-06 1.3911529256608527e-06 3.4262823174586288e-06 3.7324425873390601e-06 2.9683742996120718e-06 2.1715828128869219e-06
10000 8 69 7.6687418646266366e-07 5.1581016778942437e-07 4.4927033606166575e-06 4.7616079391573935e-06 8.7074447329549711e-06 -1.7980320400255975e-06 2.6297887735396604e-06 2.6387090534734088e-06 8.7074447329549711e-06 -1.7980320400255975e-06 4.6556740933447637e-06 1.1597953556404065e-06
10000 8 70 1.0044957017022071e-05 -3.6446484470404012e-06 1.1533846070097476e-05 -6.4875011133177452e-06 6.8547589339653921e-05 -1.3130364483670189e-05 1.0789401543559773e-05 -5.0660747801790730e-06 6.8547589339653921e-05 -1.3130364483670189e-05 3.0042130808924491e-05 -7.7541713480094445e-06
10000 8 71 -2.8607875689090602e-05 2.4073133871349781e-05 -1.3221015311336709e-05 3.3054494170953411e-05 4.2526247740262697e-05 9.2688165987022593e-06 -2.0914445500213654e-05 2.8563814021151596e-05 4.2526247740262697e-05 9.2688165987022593e-06 2.3245224661179632e-07 2.2132148213668481e-05
10000 9 0 -1.0960289594139388e-04 -5.8798426710250544e-05 -9.4076331802644623e-06 -7.1434408500039155e-05 -3.0533315060135737e-05 -1.2136355247348713e-04 -5.9505264560829170e-05 -6.5116417605144846e-05 -3.0533315060135737e-05 -1.2136355247348713e-04 -4.9847948060598023e-05 -8.3865462561258933e-05
10000 9 1 1.9051881606430810e-05 4.9842697197130772e-05 -6.6048931918462872e-06 1.3670483107137646e-05 -1.0241931421590459e-06 5.5664161119800615e-05 6.2234942072922616e-06 3.1756590152134212e-05 -1.0241931421590459e-06 5.5664161119800615e-05 3.8075984241418255e-06 3.9725780474689681e-05
10000 9 2 7.2044504593405625e-06 5.0632434770546922e-07 1.2540000086444786e-05 1.7949222441515721e-06 7.3861573366891857e-06 -1.8441023992223226e-06 9.8722252728926739e-06 1.1506232959285206e-06 7.3861573366891857e-06 -1.8441023992223226e-06 9.0435359608248440e-06 1.5238139754490623e-07
10000 9 3 1.1437005203814705e-06 9.9487230652000233e-07 2.7177108595456103e-06 1.6811066596395922e-06 4.5239276087619656e-06 8.2255713293990653e-06 1.9307056899635404e-06 1.3379894830797973e-06 4.5239276087619656e-06 8.2255713293990653e-06 2.7951129962296822e-06 3.6338500985195532e-06
10000 9 4 3.2368409795660368e-07 8.4147723582409203e-07 1.0824087373438903e-06 8.6054187461706728e-08 3.7533608513473266e-06 1.5523693394114876e-06 7.0304641765024698e-07 4.6376571164289937e-07 3.7533608513473266e-06 1.5523693394114876e-06 1.7198178955492734e-06 8.2663358756576202e-07
10000 9 5 4.7080895894026168e-07 7.2430549508443663e-08 5.0703286662305878e-07 4.7223272296584447e-07 1.6990080368269685e-06 3.8503450575956286e-07 4.8892091278166025e-07 2.7233163623714409e-07 1.6990080368269685e-06 3.8503450575956286e-07 8.9228328746342968e-07 3.0989925941128368e-07
10000 9 6 5.3078160813881486e-08 -1.1495678561786133e-07 2.6951941268074490e-07 3.1897638784440107e-08 5.1827265794615518e-07 2.0626627381353530e-08 1.6129878674731320e-07 -4.1529573416710612e-08 5.1827265794615518e-07 2.0626627381353530e-08 2.8029007714692717e-07 -2.0810839817355896e-08
10000 9 7 1.7437508246863652e-07 8.2033882012931256e-08 1.4480650182192218e-07 2.7998379936783038e-08 1.5599173657897884e-07 -9.4436148257449292e-08 1.5959079214527936e-07 5.5016130974857144e-08 1.5599173657897884e-07 -9.4436148257449292e-08 1.5839110695651250e-07 5.1987045640883318e-09
10000 9 8 -1.9245790973279610e-08 7.7921502139465386e-08 -2.8174242042810513e-08 5.2289377742075166e-08 1.7851423718912707e-08 1.1097124591198437e-07 -2.3710016508045062e-08 6.5105439940770276e-08 1.7851423718912707e-08 1.1097124591198437e-07 -9.8562030990591376e-09 8.0394041931174965e-08
10000 9 9 -1.6127351960776602e-09 -1.1287215733960024e-08 1.1105476656199000e-08 -4.5061414562795254e-09 1.6487689605131444e-08 6.8248362146517747e-09 4.7463707300606706e-09 -7.8966785951197746e-09 1.6487689605131444e-08 6.8248362146517747e-09 8.6601436884175943e-09 -2.9895069918625915e-09
10000 9 10 1.1614685488715702e-08 -4.9308916419238219e-09 1.3080791522338938e-08 -6.5608876555874441e-10 1.6517921936360755e-08 1.6442916464471456e-08 1.2347738505527320e-08 -2.7934902037412830e-09 1.6517921936360755e-08 1.6442916464471456e-08 1.3737799649138463e-08 3.6186453523296300e-09
10000 9 11 3.7868087766065205e-09 2.8831538683757254e-09 4.0662972050341652e-09 4.3547605883119923e-10 3.0351767938723445e-09 3.3510581638437866e-09 3.9265529908203424e-09 1.6593149636034623e-09 3.0351767938723445e-09 3.3510581638437866e-09 3.6294275918376762e-09 2.2232293636835701e-09
10000 9 12 1.4730755517066583e-09 6.2937299073510916e-10 6.6213578311999930e-10 1.7674995609570900e-09 -5.4409418527189040e-10 -1.8036277711372812e-09 1.0676056674133288e-09 1.1984362758460996e-09 -5.4409418527189040e-10 -1.8036277711372812e-09 5.3037238318492242e-10 1.9774826018497265e-10
10000 9 13 3.8408004470325617e-10 4.1306294033635184e-10 3.1402379226638120e-10 6.9870235348613543e-10 6.0414092376612511e-10 3.3981905388172858e-11 3.4905191848481866e-10 5.5588264691124366e-10 6.0414092376612511e-10 3.3981905388172858e-11 4.3408158691192081e-10 3.8191573307022008e-10
10000 9 14 2.7705275442259801e-10 -7.4230188646163267e-11 3.8713903252797865e-11 -2.2867200090568354e-12 1.1142605592355566e-10 8.4467974134519601e-11 1.5788332883769794e-10 -3.8258454327610050e-11 1.1142605592355566e-10 8.4467974134519601e-11 1.4239757119965050e-10 2.6503551597665005e-12
10000 9 15 1.7421932025252939e-11 5.2066585062831147e-11 -4.9037942102697388e-11 3.2858288905386117e-11 -2.4806410734907166e-11 2.8644084749774401e-11 -1.5808005038722225e-11 4.2462436984108632e-11 -2.4806410734907166e-11 2.8644084749774401e-11 -1.8807473604117204e-11 3.7856319572663885e-11
10000 9 16 1.8365850479404430e-11 4.9397461178387622e-12 3.9766074598311244e-11 1.1621683699045599e-11 2.3153976258594431e-11 3.5936462627545568e-11 2.9065962538857839e-11 8.2807149084421813e-12 2.3153976258594431e-11 3.5936462627545568e-11 2.7095300445436702e-11 1.7499297481476643e-11
10000 9 17 -3.9015711881480574e-12 1.8333699260785812e-11 -1.2117985812851268e-11 5.7045937166321013e-12 -1.0702828977644404e-11 1.0462082616492717e-11 -8.0097785004996637e-12 1.2019146488708957e-11 -1.0702828977644404e-11 1.0462082616492717e-11 -8.9074619928812433e-12 1.1500125197970209e-11
10000 9 18 -1.4754280057323877e-12 4.2893232424527047e-12 -2.2178413609745834e-12 5.6701674772735847e-12 -1.2633690453636931e-11 1.1136568292142921e-12 -1.8466346833534854e-12 4.9797453598631451e-12 -1.2633690453636931e-11 1.1136568292142921e-12 -5.4423199401146336e-12 3.6910491829801939e-12
10000 9 19 6.8832225759789720e-13 8.2363515992465843e-13 2.3753175122140518e-12 5.6572928696754261e-13 -2.8617793516627087e-13 -3.8202754166404474e-12 1.5318198849059745e-12 6.9468222344610052e-13 -2.8617793516627087e-13 -3.8202754166404474e-12 9.2582061154855927e-13 -8.1030365658274873e-13
10000 9 20 -4.2081021212516523e-14 1.8772726866639045e-13 -3.4770358710070580e-13 6.3478226380682697e-13 -7.6764608922789339e-13 -3.5482069469170079e-14 -1.9489230415661116e-13 4.1125476623660870e-13 -7.6764608922789339e-13 -3.5482069469170079e-14 -3.8581023251370527e-13 2.6234248766801575e-13
10000 9 21 -2.4342668283414862e-13 -3.4002801513215250e-13 3.1561066694997202e-13 -9.4279434828167021e-14 -1.5306997900425420e-13 -9.7184002236389574e-14 3.6091992057911701e-14 -2.1715372498015975e-13 -1.5306997900425420e-13 -9.7184002236389574e-14 -2.6961998296143599e-14 -1.7716381739890302e-13
10000 9 22 4.2399669251402042e-14 -1.7209826393624313e-13 -5.1987104372570718e-15 -5.1629142662648051e-14 1.5137441846605755e-13 -3.3633142597354489e-13 1.8600479407072485e-14 -1.1186370329944559e-13 1.5137441846605755e-13 -3.3633142597354489e-13 6.2858459093400831e-14 -1.8668627752414536e-13
10000 9 23 1.2561828160002895e-14 -3.2360356604723175e-14 5.7116331902776886e-14 -3.5051054541042207e-14 7.5238520292417275e-14 -5.6916316313291596e-14 3.4839080031389894e-14 -3.3705705572882691e-14 7.5238520292417275e-14 -5.6916316313291596e-14 4.8305560118399025e-14 -4.1442575819685659e-14
10000 9 24 1.1429138253457125e-14 -2.4549370096392299e-14 -7.1421251711128800e-15 -2.9834430888353029e-14 -4.0362073651878462e-14 -5.0898649405801927e-14 2.1435065411721225e-15 -2.7191900492372665e-14 -4.0362073651878462e-14 -5.0898649405801927e-14 -1.2025020189844739e-14 -3.5094150130182417e-14
10000 9 25 -8.1275964823267417e-15 -1.1777417538341828e-14 -4.3913778078157802e-15 3.0127371044803350e-15 5.1474070372205838e-16 -9.5087187260593564e-15 -6.2594871450712610e-15 -4.3823402169307466e-15 5.1474070372205838e-16 -9.5087187260593564e-15 -4.0014111954734880e-15 -6.0911330533069494e-15
10000 9 26 7.0286931359336134e-15 -8.0423706259275739e-15 5.0340478577215490e-15 -4.3993307906688715e-15 -9.8184683566452868e-16 1.2857555320054524e-16 6.0313704968275816e-15 -6.2208507082982227e-15 -9.8184683566452868e-16 1.2857555320054524e-16 3.6936313859968778e-15 -4.1043752877986331e-15
10000 9 27 -4.9466865832616570e-16 9.4783942319849584e-16 2.5902921088232200e-15 -3.1633214853007619e-16 1.1158680685212884e-15 -1.7801944302598814e-15 1.0478117252485271e-15 3.1575363733420983e-16 1.1158680685212884e-15 -1.7801944302598814e-15 1.0704971730061141e-15 -3.8289571853048723e-16
10000 9 28 -7.6362158773187716e-16 -4.4093144044575373e-16 7.8402713157847129e-16 -8.9403470995412616e-16 4.3357813305818001e-16 -7.6052468987839938e-16 1.0202771923297064e-17 -6.6748307519993994e-16 4.3357813305818001e-16 -7.6052468987839938e-16 1.5132789230159137e-16 -6.9849694675942642e-16
10000 9 29 -6.1292049262713619e-17 -4.3303911424410973e-16 -7.0684379840564187e-16 -1.1999379462621920e-16 -5.6168369691769898e-16 -2.7211768229888622e-16 -3.8406792383417775e-16 -2.7651645443516445e-16 -5.6168369691769898e-16 -2.7211768229888622e-16 -4.4327318152868476e-16 -2.7505019705640504e-16
10000 9 30 1.1165604672989524e-16 2.0482414918380212e-16 -2.8729955333504792e-17 -5.0198253077271488e-17 -1.7361652772378895e-16 5.1336527145239035e-17 4.1463045698195229e-17 7.7312948053265308e-17 -1.7361652772378895e-16 5.1336527145239035e-17 -3.0230145442466164e-17 6.8654141083923219e-17
10000 9 31 2.0685026332601427e-17 2.1080870107044677e-17 1.6662445466679307e-17 1.0240202659242858e-16 4.8038727192708979e-17 -5.7139980955248735e-17 1.8673735899640367e-17 6.1741448349736627e-17 4.8038727192708979e-17 -5.7139980955248735e-17 2.8462066330663236e-17 2.2114305248074838e-17
10000 9 32 -7.6979528577099014e-18 2.8142297174249829e-17 3.2495380527342907e-17 5.0627025200483331e-17 2.7809466713222796e-17 -1.1102876303067207e-17 1.2398713834816503e-17 3.9384661187366580e-17 2.7809466713222796e-17 -1.1102876303067207e-17 1.7535631460951934e-17 2.2555482023888652e-17
10000 9 33 -5.7368849945613174e-19 -3.0547420714228600e-18 -6.5050061850564629e-18 -9.9888600483091596e-18 -2.5698455158084950e-17 1.3039489729690034e-17 -3.5393473422562973e-18 -6.5218010598660098e-18 -2.5698455158084950e-17 1.3039489729690034e-17 -1.0925716614199180e-17 -1.3707966806618833e-21
10000 9 34 2.1138711368953023e-19 1.1218399201031329e-18 -2.1917880792681017e-18 3.1920126666518295e-18 -3.5273573464182783e-18 5.0126873174646233e-18 -9.9020048278928574e-19 2.1569262933774813e-18 -3.5273573464182783e-18 5.0126873174646233e-18 -1.8359194373322831e-18 3.1088466347398620e-18
10000 9 35 9.8845984235967857e-20 -8.3044530519073971e-19 -3.0552894481405552e-18 3.8097557771148834e-18 -4.1644230759129973e-18 -1.3033903244217488e-18 -1.4782217319522936e-18 1.4896552359620718e-18 -4.1644230759129973e-18 -1.3033903244217488e-18 -2.3736221799391943e-18 5.5864004916746497e-19
10000 9 36 -2.2008711315638558e-19 -8.8773769173134868e-19 8.6216595631957294e-19 -4.1628201250567300e-19 2.3475394400250721e-19 1.0633732256514985e-19 3.2103942158159368e-19 -6.5200985211851087e-19 2.3475394400250721e-19 1.0633732256514985e-19 2.9227759572189817e-19 -3.9922746055729064e-19
10000 9 37 -1.3104824096435561e-19 -7.7426640867389731e-20 2.3942210763239640e-18 -3.7863744741850371e-18 8.9294847876655582e-19 -6.1779927883880823e-19 1.1315864176798043e-18 -1.9319005575262134e-18 8.9294847876655582e-19 -6.1779927883880823e-19 1.0520404380420548e-18 -1.4938667979637448e-18
10000 9 38 1.1742225238246209e-18 3.8668980195526232e-18 1.3649921643116859e-18 -3.1251137304333293e-18 8.8239603361138760e-21 -1.5715040911517728e-17 1.2696073440681534e-18 3.7089214455964695e-19 8.8239603361138760e-21 -1.5715040911517728e-17 8.4934621615747354e-19 -4.9910855407994782e-18
10000 9 39 7.6468013466918592e-19 1.5233211935875932e-17 6.1601995435631703e-18 -1.8135677312658100e-20 1.0997574189556661e-17 -3.0260980728485350e-18 3.4624398391161782e-18 7.6075381292816364e-18 1.0997574189556661e-17 -3.0260980728485350e-18 5.9741512892630059e-18 4.0629927285715788e-18
10000 9 40 1.6944885753735819e-17 2.0442748200203331e-17 4.0027062491523066e-17 -2.1624482926983563e-17 1.2705200142851335e-17 -1.1696858255766281e-17 2.8485974122629443e-17 -5.9086736339011605e-19 1.2705200142851335e-17 -1.1696858255766281e-17 2.3225716129370073e-17 -4.2928643275155038e-18
10000 9 41 -7.4249967480423799e-18 1.0510069864596130e-17 -2.5388294607497422e-17 -1.2355204702640810e-16 -5.0808848437905275e-17 1.2926243914206519e-17 -1.6406645677769899e-17 -5.6520988580905988e-17 -5.0808848437905275e-17 1.2926243914206519e-17 -2.7874046597815025e-17 -3.3371911082535148e-17
10000 9 42 -1.2228259370282968e-16 5.6974034087611321e-17 -3.8361203824027362e-17 3.8135841484816108e-16 -2.5397852101971016e-16 1.0701223108918603e-16 -8.0321898763428528e-17 2.1916622446788621e-16 -2.5397852101971016e-16 1.0701223108918603e-16 -1.3820743951552241e-16 1.8178156000831946e-16
10000 9 43 -9.1002646049514666e-16 -2.3677838796694409e-16 -1.1942959658773692e-16 9.4558944118230602e-17 -4.8860114132088791e-16 3.7851910586794603e-16 -5.1472802854144179e-16 -7.1109721924356746e-17 -4.8860114132088791e-16 3.7851910586794603e-16 -5.0601906613459049e-16 7.8766554006410844e-17
10000 9 44 -8.5432126794751430e-16 1.3981920928277949e-16 -1.1566016882884627e-15 -1.7268659694493360e-16 5.9741977298743025e-16 -2.5924250693144136e-16 -1.0054614781179886e-15 -1.6433693831077056e-17 5.9741977298743025e-16 -2.5924250693144136e-16 -4.7116772774951566e-16 -9.7369964864531825e-17
10000 9 45 -2.0541364296043731e-16 1.1678160975507100e-15 1.5299426239473342e-15 -1.9501478518349680e-16 1.5049018074712237e-15 -9.0913971163306757e-16 6.6226449049344849e-16 4.8640065618360656e-16 1.5049018074712237e-15 -9.0913971163306757e-16 9.4314359615270675e-16 2.1220533578048518e-17
10000 9 46 2.5112685618947782e-15 -1.3647829981960379e-16 6.9882476578207784e-15 -2.5049254920548867e-15 9.3969710134961739e-15 -1.0858447886570371e-15 4.7497581098577783e-15 -1.3207018959372452e-15 9.3969710134961739e-15 -1.0858447886570371e-15 6.2988290777372432e-15 -1.2424161935105092e-15
10000 9 47 -1.4521406174948987e-14 -2.5183742448822846e-15 -1.1921002108888792e-14 1.7164061525597574e-14 9.2546527793359181e-15 2.8049677073798445e-14 -1.3221204141918889e-14 7.3228436403576441e-15 9.2546527793359181e-15 2.8049677073798445e-14 -5.7292518348339529e-15 1.4231788118171243e-14
10000 9 48 2.4694921788019146e-15 -4.2461680493538333e-14 1.8764494755995795e-14 -1.5286344434729954e-14 3.8531656102536342e-14 -2.0602225603511137e-14 1.0616993467398854e-14 -2.8874012464134143e-14 3.8531656102536342e-14 -2.0602225603511137e-14 1.9921881012444682e-14 -2.6116750177259808e-14
10000 9 49 -8.3966447860949763e-14 1.3069179320600037e-14 6.1746452585377804e-15 8.7707859955664206e-14 -1.4917211053999616e-13 -3.1856793302855862e-14 -3.8895901301205991e-14 5.0388519638132124e-14 -1.4917211053999616e-13 -3.1856793302855862e-14 -7.5654637714136040e-14 2.2973415324469461e-14
10000 9 50 -5.9798852329062472e-14 1.4984146566371062e-14 -2.7823405984709333e-13 -9.9532525889507982e-14 1.1512568200992613e-13 -3.2729850201604865e-13 -1.6901645608807790e-13 -4.2274189661568457e-14 1.1512568200992613e-13 -3.2729850201604865e-13 -7.4302410055409885e-14 -1.3728229377972853e-13
10000 9 51 5.2256492145059572e-13 -3.7465387197750945e-13 1.0166885597289391e-13 -5.0835552850774573e-13 5.1857292227446286e-13 1.8871265767630298e-13 3.1211688871174483e-13 -4.4150470024262759e-13 5.1857292227446286e-13 1.8871265767630298e-13 3.8093556656598414e-13 -2.3143224760298406e-13
10000 9 52 -5.0671190424778485e-13 -1.6315316907984925e-12 5.6219570934997608e-13 1.1035728204120633e-12 2.0728304686998077e-13 -1.3027166076649300e-12 2.7741902551095618e-14 -2.6397943519321464e-13 2.0728304686998077e-13 -1.3027166076649300e-12 8.7588950657390668e-14 -6.1022515935045302e-13
10000 9 53 -5.4449064168892593e-13 9.4706580664894655e-13 -1.4886648296366775e-12 1.4360331951045036e-13 -2.8121887227767055e-13 2.0351873512994038e-12 -1.0165777356628018e-12 5.4533456307969848e-13 -2.8121887227767055e-13 2.0351873512994038e-12 -7.7145811453442471e-13 1.0419521591529335e-12
10000 9 54 -4.7782883899308347e-12 -4.7176546609508786e-12 3.9757141668238138e-13 5.2991223267149638e-12 1.6323925160403322e-11 7.2437928812139361e-12 -2.1903584866242265e-12 2.9073383288204260e-13 1.6323925160403322e-11 7.2437928812139361e-12 3.9810693957182892e-12 2.6084201823260071e-12
10000 9 55 1.2461304624448850e-13 -1.1164806867608629e-12 -2.0056481129802788e-11 -1.2987435908464867e-11 -4.8994186357537633e-12 1.2635580407059538e-11 -9.9659340417791503e-12 -7.0519582976128654e-12 -4.8994186357537633e-12 1.2635580407059538e-11 -8.2770955731040219e-12 -4.8944539605539747e-13
10000 9 56 -1.5344060114840496e-11 7.7697448013241211e-11 -2.9585055239899619e-11 1.6423798021560923e-11 -3.2182282649254306e-11 7.4455559266958063e-11 -2.2464557677370057e-11 4.7060623017401070e-11 -3.2182282649254306e-11 7.4455559266958063e-11 -2.5703799334664808e-11 5.6192268433920066e-11
10000 9 57 -7.9389063231083856e-11 2.4456155131276684e-11 -2.5150771445958951e-10 7.0372692139063176e-11 -3.7363418637325598e-11 -6.9075428497608650e-11 -1.6544838884533669e-10 4.7414423635169931e-11 -3.7363418637325598e-11 -6.9075428497608650e-11 -1.2275339877599966e-10 8.5844729242437378e-12
10000 9 58 4.4015513379963168e-10 8.9539425354367502e-11 2.8461556251585372e-10 -4.9899922981741375e-10 9.6991264221094365e-11 -2.7565223005574063e-10 3.6238534815774273e-10 -2.0472990223152313e-10 9.6991264221094365e-11 -2.7565223005574063e-10 2.7392065351219324e-10 -2.2837067817292893e-10
10000 9 59 1.8625790132246905e-10 -4.3698168908768173e-10 1.5260955509829386e-10 3.5214031116652440e-10 1.3399583503584042e-09 2.3835894342347631e-14 1.6943372821038146e-10 -4.2420688960578663e-11 1.3399583503584042e-09 2.3835894342347631e-14 5.5960860225972236e-10 -2.8272514008938326e-11
10000 9 60 -1.4567152379796680e-09 -1.1532630615686974e-09 1.0206455723496036e-10 -2.7684365489102207e-09 8.5378057707447716e-10 4.7963140150995933e-10 -6.7732534037235380e-10 -1.9608498052394590e-09 8.5378057707447716e-10 4.7963140150995933e-10 -1.6695670122341015e-10 -1.1473560696563194e-09
10000 9 61 -1.6761263448107905e-09 -1.4123345255583109e-09 5.4891515063671598e-10 2.0056100904685770e-10 4.0382973647251185e-09 -3.3280718258241294e-09 -5.6360559708703728e-10 -6.0588675825572663e-10 4.0382973647251185e-09 -3.3280718258241294e-09 9.7036205685034792e-10 -1.5132817807785275e-09
10000 9 62 -3.5766838008472841e-10 -6.1916387520737786e-10 3.6292234070333007e-10 -1.3964505928784733e-08 -7.1357216226484185e-09 -7.5537161013318930e-10 2.6269803093008317e-12 -7.2918349019960558e-09 -7.1357216226484185e-09 -7.5537161013318930e-10 -2.3768225540099388e-09 -5.1130138047084331e-09
10000 9 63 -8.4369562988295550e-09 -2.1655600049106507e-08 8.6042704039417727e-09 2.0618574888495456e-09 1.6897767812541083e-08 2.8053133137229031e-09 8.3657052556108850e-11 -9.7968712801284800e-09 1.6897767812541083e-08 2.8053133137229031e-09 5.6883606392177663e-09 -5.5961430821780184e-09
10000 9 64 1.7380835472259933e-08 -8.0990561104127662e-09 1.4666346565388993e-08 3.9229882495662932e-08 -2.6460511054040726e-09 3.6922955902866402e-08 1.6023591018824464e-08 1.5565413192625083e-08 -2.6460511054040726e-09 3.6922955902866402e-08 9.8003769774149512e-09 2.2684594096038856e-08
10000 9 65 5.3149494122810030e-08 -7.0689418139234428e-08 8.0674027974432900e-08 -5.7943110897320453e-08 2.7556605936683025e-07 -2.7424465504718286e-07 6.6911761048621468e-08 -6.4316264518277447e-08 2.7556605936683025e-07 -2.7424465504718286e-07 1.3646319382135772e-07 -1.3429239469457924e-07
10000 9 66 4.8141316989591604e-07 -1.2822964006246362e-07 5.1270389146370767e-07 -4.0076987422335176e-07 4.5284068912788608e-07 -6.7476029072469411e-07 4.9705853067981191e-07 -2.6449975714290768e-07 4.5284068912788608e-07 -6.7476029072469411e-07 4.8231925016250324e-07 -4.0125326833683649e-07
10000 9 67 6.1650166250013435e-07 -6.5810327121458098e-07 -2.1787075179555143e-07 -8.0866651275282960e-07 2.1195608966086029e-06 -5.9672369598120691e-07 1.9931545535229148e-07 -7.3338489198370529e-07 2.1195608966086029e-06 -5.9672369598120691e-07 8.3939726910439523e-07 -6.8783115998287253e-07
10000 9 68 1.8007701248388860e-06 1.0295516486941266e-06 9.0001202268664731e-07 2.4697866142440141e-06 2.5342688142661363e-06 2.2499153671252184e-06 1.3503910737627667e-06 1.7496691314690702e-06 2.5342688142661363e-06 2.2499153671252184e-06 1.7450169872638899e-06 1.9164178766877861e-06
10000 9 69 3.9725941995455092e-07 8.2775462808860112e-07 5.1545495905718074e-06 7.2478068173021756e-06 8.4670559913825395e-06 3.5569690901708710e-06 2.7759045052631792e-06 4.0377807226953885e-06 8.4670559913825395e-06 3.5569690901708710e-06 4.6729550006362990e-06 3.8775101785205492e-06
10000 9 70 -3.7109366484986723e-06 -1.4545443227171462e-06 -6.5967867353853203e-06 -1.3507538881448010e-06 2.6378246378799650e-05 -1.4416159841474358e-05 -5.1538616919419963e-06 -1.4026491054309736e-06 2.6378246378799650e-05 -1.4416159841474358e-05 5.3568409983052190e-06 -5.7404860174454351e-06
10000 9 71 -2.1331856669366050e-05 -2.6681945757519667e-07 -5.9275033433185136e-06 1.0184871738648516e-05 1.6128233777115659e-05 3.1905204149154308e-06 -1.3629680006342282e-05 4.9590261405366596e-06 1.6128233777115659e-05 3.1905204149154308e-06 -3.7103754118563020e-06 4.3695242319962494e-06
10000 10 0 -7.5405017734637774e-05 -6.7558399626844751e-06 -4.5052659465002498e-06 -3.2665126362359066e-05 -6.3401207034450278e-05 -4.7886653467878220e-05 -3.9955141840569014e-05 -1.9710483162521771e-05 -6.3401207034450278e-05 -4.7886653467878220e-05 -4.7770496905196100e-05 -2.9102539930973920e-05
10000 10 1 1.1223070305043080e-05 2.9946035163780170e-05 2.0455919586765466e-06 5.0487224241672717e-06 -7.3730346420624793e-06 5.1341470652763238e-05 6.6343311318598135e-06 1.7497378793973722e-05 -7.3730346420624793e-06 5.1341470652763238e-05 1.9652092072190490e-06 2.8778742746903561e-05
10000 10 2 8.9019619637366898e-06 -3.4707811131213200e-07 1.1614013676688735e-05 1.7541524539502719e-06 9.3737741152516740e-06 -2.2524803629914277e-07 1.0257987820212713e-05 7.0353717131906997e-07 9.3737741152516740e-06 -2.2524803629914277e-07 9.9632499185590322e-06 3.9394210211299906e-07
10000 10 3 1.5219907197501244e-06 1.1923589690080455e-06 2.8277002692607367e-06 9.2135402659218008e-07 1.5129181303908456e-06 6.7016859234966006e-06 2.1748454945054305e-06 1.0568564978001129e-06 1.5129181303908456e-06 6.7016859234966006e-06 1.9542030398005685e-06 2.9384663063656085e-06
10000 10 4 1.2276254706249451e-07 7.5916459367886871e-07 1.2728248766725505e-06 2.5069799858224328e-07 2.6375987661152252e-06 1.2930616562040600e-06 6.9779371186752253e-07 5.0493129613055599e-07 2.6375987661152252e-06 1.2930616562040600e-06 1.3443953966167569e-06 7.6764141615505739e-07
10000 10 5 1.8699037492371763e-07 3.7873108183513140e-07 2.7940793876964545e-07 6.1061796590875875e-07 1.0571472875296333e-06 8.1483724644179303e-07 2.3319915684668154e-07 4.9467452387194505e-07 1.0571472875296333e-06 8.1483724644179303e-07 5.0784853374099873e-07 6.0139543139522771e-07
10000 10 6 -1.5279392386662720e-07 -2.2111338446373031e-07 1.7687612173800040e-07 -1.6225273229108673e-08 2.5938658399425981e-07 -4.4588806247629540e-09 1.2041098935686598e-08 -1.1866932884641950e-07 2.5938658399425981e-07 -4.4588806247629540e-09 9.4489593955210993e-08 -8.0599179439200645e-08
10000 10 7 1.3896484016042704e-07 9.2965827471056788e-08 1.0019294047149978e-07 -1.6033644797823062e-09 2.9721800935800758e-08 -2.6203226752979784e-08 1.1957889031596342e-07 4.5681231495637241e-08 2.9721800935800758e-08 -2.6203226752979784e-08 8.9626527189242530e-08 2.1719745412764899e-08
10000 10 8 -1.9461959529448842e-08 6.5813722782841158e-08 -5.6414768305971169e-09 5.4799286704489245e-08 2.3685938152524271e-08 7.8684524993282728e-08 -1.2551718180022979e-08 6.0306504743665201e-08 2.3685938152524271e-08 7.8684524993282728e-08 -4.7249940250722919e-10 6.6432511493537706e-08
10000 10 9 -7.5290468872978203e-10 -7.5394160346748066e-09 1.0081744703194717e-08 -5.8009863639513869e-09 1.6649607258863593e-08 2.5982127288675308e-09 4.6644200072324681e-09 -6.6702011993130968e-09 1.6649607258863593e-08 2.5982127288675308e-09 8.6594824244428429e-09 -3.5807298899195542e-09
10000 10 10 8.2539262718007515e-09 -8.5661030621005038e-10 7.8458557361966079e-09 1.7604884620823324e-09 1.0865595758292465e-08 1.7474395859194162e-08 8.0498910039986797e-09 4.5193907793614103e-10 1.0865595758292465e-08 1.7474395859194162e-08 8.9884592554299402e-09 6.1260913383554815e-09
10000 10 11 3.6876688225925396e-09 3.3531338746568238e-09 2.9104557872286835e-09 -1.3149607768579837e-10 1.6902190943851084e-09 2.4177334985561521e-09 3.2990623049106118e-09 1.6108188984855126e-09 1.6902190943851084e-09 2.4177334985561521e-09 2.7627812347354441e-09 1.8797904318423924e-09
10000 10 12 8.2702273258803893e-10 6.1135219273133446e-10 4.0424351668066741e-10 1.6258159752092168e-09 -3.3417280722291842e-10 -1.6443724965820059e-09 6.1563312463435312e-10 1.1185840839702755e-09 -3.3417280722291842e-10 -1.6443724965820059e-09 2.9903114734859590e-10 1.9759855711951502e-10
10000 10 13 1.7112739958520956e-10 2.5476602695059266e-10 1.4847750998976541e-10 5.4239742564620954e-10 3.4557362297641657e-10 1.7922612651725975e-10 1.5980245478748749e-10 3.9858172629840112e-10 3.4557362297641657e-10 1.7922612651725975e-10 2.2172617751713050e-10 3.2546319303802064e-10
10000 10 14 1.1797977085844476e-10 -1.7728937613476865e-10 6.5437956651613161e-11 -4.9276112650407296e-11 7.2690409259515283e-11 6.0708801094644147e-11 9.1708863755028965e-11 -1.1328274439258797e-10 7.2690409259515283e-11 6.0708801094644147e-11 8.5369378923191080e-11 -5.5285562563510602e-11
10000 10 15 2.5092284658553593e-11 2.0379939917596839e-11 -5.3065802124606298e-11 2.9393308499442081e-11 -2.1560835032411823e-11 1.8531890362089591e-11 -1.3986758733026352e-11 2.4886624208519460e-11 -2.1560835032411823e-11 1.8531890362089591e-11 -1.6511450832821509e-11 2.2768379593042834e-11
10000 10 16 1.9974651903719909e-11 2.8681849165632639e-12 3.3042956050020520e-11 6.6185152880305161e-12 1.2308777549891359e-11 9.4560235118150803e-12 2.6508803976870216e-11 4.7433501022968896e-12 1.2308777549891359e-11 9.4560235118150803e-12 2.1775461834543930e-11 6.3142412388029531e-12
10000 10 17 -1.9514141803332640e-12 8.5424643649372869e-12 -1.5990000370231888e-11 -5.2027992212966954e-12 -1.2916533302207887e-11 1.3368276404147330e-11 -8.9707072752825754e-12 1.6698325718202957e-12 -1.2916533302207887e-11 1.3368276404147330e-11 -1.0285982617591012e-11 5.5693138492626400e-12
10000 10 18 -4.0145597366719594e-13 1.6109801549569935e-12 -1.2608969463608507e-12 4.3236558054259750e-12 -1.0669185402344191e-11 -2.8460041168056376e-13 -8.3117646001402325e-13 2.9673179801914840e-12 -1.0669185402344191e-11 -2.8460041168056376e-13 -4.1105127741240792e-12 1.8833451829008016e-12
10000 10 19 1.5039879920486224e-12 6.0916944546970678e-13 2.2160320598536842e-12 -4.6668301143100548e-13 -3.2553911034982108e-13 -3.0450649322119426e-12 1.8600100259511534e-12 7.1243217019350647e-14 -3.2553911034982108e-13 -3.0450649322119426e-12 1.1314936471841618e-12 -9.6752616605774706e-13
10000 10 20 -1.2037407171840301e-13 -3.0224997567465539e-14 -3.2776191707075975e-13 4.3734668070444152e-13 -6.0512695483754218e-13 -1.0367946025568190e-13 -2.2406799439458138e-13 2.0356084156848799e-13 -6.0512695483754218e-13 -1.0367946025568190e-13 -3.5108764787556833e-13 1.0114740762709802e-13
10000 10 21 -2.2396020296110250e-13 -2.7357041291563519e-13 2.0805845935082975e-13 1.0264576479502683e-13 -2.8638116076875632e-13 2.5907530788018801e-13 -7.9508718051363753e-15 -8.5462324060304170e-14 -2.8638116076875632e-13 2.5907530788018801e-13 -1.0076096812634302e-13 2.9383553253193220e-14
10000 10 22 7.0331242941725657e-14 -1.4954473650718288e-13 -1.2333206950662694e-13 -1.9441402298620693e-14 3.5982299146502790e-14 -3.9239273776496868e-13 -2.6500413282450639e-14 -8.4493069402901782e-14 3.5982299146502790e-14 -3.9239273776496868e-13 -5.6728424727994958e-15 -1.8712629219025742e-13
10000 10 23 -5.6851786297936932e-15 -6.9277896029833921e-14 1.3169082366550180e-14 -6.8616095037125200e-14 5.9706449294232522e-15 -1.0575471298304573e-13 3.7419518683782436e-15 -6.8946995533479560e-14 5.9706449294232522e-15 -1.0575471298304573e-13 4.4848495553932460e-15 -8.1216234683334947e-14
10000 10 24 2.0495167962029455e-14 -9.7612492989133251e-16 -4.3832712515654934e-15 -2.0575913603342675e-14 -3.7148281492927056e-14 -4.3576205820361292e-14 8.0559483552319809e-15 -1.0776019266617003e-14 -3.7148281492927056e-14 -4.3576205820361292e-14 -7.0121282608210308e-15 -2.1709414784531764e-14
10000 10 25 -8.5310858655744930e-15 -1.3692142520705174e-14 -4.7625222530137961e-15 6.0509766747129447e-15 -8.9983558991511183e-15 -1.2455754008822100e-14 -6.6468040592941445e-15 -3.8205829229961147e-15 -8.9983558991511183e-15 -1.2455754008822100e-14 -7.4306546725798025e-15 -6.6989732849381102e-15
10000 10 26 5.3365680043111487e-15 -7.1662634725402978e-15 3.1303566380533674e-15 -4.4084103268020487e-15 4.9301737510656224e-16 1.1380021372661822e-16 4.2334623211822583e-15 -5.7873368996711732e-15 4.9301737510656224e-16 1.1380021372661822e-16 2.9866473391570262e-15 -3.8202911952052429e-15
10000 10 27 -2.4348461344874119e-16 2.3576560813525518e-16 1.8842422413248915e-15 -2.5075741218570364e-16 4.4737330479927257e-16 -9.3711607341549699e-16 8.2037881393807514e-16 -7.4959020252242335e-18 4.4737330479927257e-16 -9.3711607341549699e-16 6.9604364422514088e-16 -3.1736929248864849e-16
10000 10 28 -5.8408457900606147e-16 -4.3805740096997325e-16 7.5791573030726712e-16 -8.8298935094906987e-16 8.8127164646853835e-16 -6.5891920702457928e-16 8.6915575650602824e-17 -6.6052337595952161e-16 8.8127164646853835e-16 -6.5891920702457928e-16 3.5170093258991462e-16 -6.5998865298120747e-16
10000 10 29 -8.2722361469534059e-18 -3.5714368869598309e-16 -4.4219756355956041e-16 2.9483452406821742e-17 -2.4999041979738992e-16 -3.2089258246319067e-16 -2.2523489985325690e-16 -1.6383011814458068e-16 -2.4999041979738992e-16 -3.2089258246319067e-16 -2.3348673983463456e-16 -2.1618427291745066e-16
10000 10 30 1.3441905184381255e-16 2.7248655347037582e-16 1.7419201579949486e-17 -4.2198839230592583e-17 -2.9037096846434109e-16 9.2244053334178739e-17 7.5919126711881024e-17 1.1514385711989162e-16 -2.9037096846434109e-16 9.2244053334178739e-17 -4.6177571680193011e-17 1.0751058919132065e-16
10000 10 31 -1.2833693175526188e-17 3.4370443006685087e-17 1.7796005843380881e-17 6.8474144811191997e-17 3.7608773785992261e-17 -2.6711816550612815e-17 2.4811563339273467e-18 5.1422293908938542e-17 3.7608773785992261e-17 -2.6711816550612815e-17 1.4190362151282316e-17 2.5377590422421421e-17
10000 10 32 -1.1033321219438987e-17 1.8344672901114055e-17 5.3024188580072219e-17 5.5877197522992122e-17 3.2231303089788733e-17 -4.8366055909355947e-18 2.0995433680316618e-17 3.7110935212053088e-17 3.2231303089788733e-17 -4.8366055909355947e-18 2.4740723483473989e-17 2.3128421611056860e-17
10000 10 33 -6.7711891110035568e-18 -1.4877976726773007e-18 -1.3633976691532485e-17 -7.4007717287271649e-18 -2.0841701322721490e-17 1.3240044879702179e-17 -1.0202582901268020e-17 -4.4442847007022328e-18 -2.0841701322721490e-17 1.3240044879702179e-17 -1.3748955708419177e-17 1.4504918260992376e-18
10000 10 34 -3.6842685470682113e-19 2.1322456312856017e-18 -4.7169088270037758e-18 4.7535534144287819e-18 -3.1546696812170834e-18 4.2693319218706088e-18 -2.5426678408552986e-18 3.4428995228571918e-18 -3.1546696812170834e-18 4.2693319218706088e-18 -2.7466684543092266e-18 3.7183769891949975e-18
10000 10 35 4.4465308953925612e-19 -2.3123293953026694e-18 -2.5897762344948368e-18 2.6013812236031131e-18 -3.4525957241556292e-18 -1.9030082791241688e-18 -1.0725615724777904e-18 1.4452591415022183e-19 -3.4525957241556292e-18 -1.9030082791241688e-18 -1.8659062897037367e-18 -5.3798548360790834e-19
10000 10 36 5.5356989678085409e-19 -2.1129757120241083e-18 2.6543507630657040e-19 -8.1591195743533155e-19 9.2254025722632517e-19 -5.7439316678024309e-19 4.0950248654371222e-19 -1.4644438347297199e-18 9.2254025722632517e-19 -5.7439316678024309e-19 5.8051507677124987e-19 -1.1677602787465607e-18
10000 10 37 -4.8627410536782721e-19 -6.2066766328098585e-19 1.5549817308884123e-18 -3.3019849923597737e-18 3.8194478628756546e-19 -1.7390263377833850e-18 5.3435381276029255e-19 -1.9613263278203799e-18 3.8194478628756546e-19 -1.7390263377833850e-18 4.8355080393605014e-19 -1.8872263311413816e-18
10000 10 38 5.6533377497004503e-20 4.3843654079042728e-18 -1.5766407711798427e-18 -3.5979379937001667e-18 -3.1632451807394675e-18 -1.2964064514273042e-17 -7.6005369684141907e-19 3.9321370710205307e-19 -3.1632451807394675e-18 -1.2964064514273042e-17 -1.5611175248074353e-18 -4.0592123666896453e-18
10000 10 39 1.2798233793236700e-18 1.0006531591040356e-17 6.8051199355315801e-18 2.2037340089192069e-18 1.2014375355849213e-17 -2.6219090097202232e-18 4.0424716574276252e-18 6.1051327999797816e-18 1.2014375355849213e-17 -2.6219090097202232e-18 6.6997728902348203e-18 3.1961188634131133e-18
10000 10 40 8.1702488007213237e-18 1.9065071617334656e-18 3.1013671961700660e-17 -3.0349830522152243e-17 3.8159881874000338e-17 -3.4693432615242121e-17 1.9591960381210992e-17 -1.4221661680209390e-17 3.8159881874000338e-17 -3.4693432615242121e-17 2.5781267545474105e-17 -2.1045585325220297e-17
10000 10 41 1.0815408333099073e-17 4.5627318922767241e-18 -2.8169374060725327e-17 -8.8896964236500546e-17 -4.7152474202684808e-17 3.5360768425976104e-17 -8.6769828638131271e-18 -4.2167116172111909e-17 -4.7152474202684808e-17 3.5360768425976104e-17 -2.1502146643437021e-17 -1.6324487972749237e-17
10000 10 42 -1.3935067180916792e-16 1.0863931267701442e-16 -1.0478834122958504e-16 3.8146470172657506e-16 -2.6061391764440606e-16 7.2169686532388000e-17 -1.2206950651937649e-16 2.4505200720179474e-16 -2.6061391764440606e-16 7.2169686532388000e-17 -1.6825097689438635e-16 1.8742456697865915e-16
10000 10 43 -8.6356124777568031e-16 -3.9130668853249680e-16 -4.8420953735491480e-17 3.0604182476613293e-17 -4.9046950794014105e-16 4.2643275649467799e-16 -4.5599110075558590e-16 -1.8035125302794174e-16 -4.9046950794014105e-16 4.2643275649467799e-16 -4.6748390315043755e-16 2.1910083479598165e-17
10000 10 44 -1.0564736667272671e-15 1.2806924384468968e-16 -1.6323088266845725e-15 3.6405589479300935e-17 1.2748647243062409e-15 1.6442226919986997e-16 -1.3443912467059199e-15 8.2237416661995306e-17 1.2748647243062409e-15 1.6442226919986997e-16 -4.7130592303519963e-16 1.0963236750795353e-16
10000 10 45 -7.9316363808570703e-16 1.7727254650637229e-15 8.9542994703953464e-16 -3.3848426449512478e-16 1.7490041544515972e-15 4.6640528558968406e-16 5.1133154476913807e-17 7.1712060028429906e-16 1.7490041544515972e-15 4.6640528558968406e-16 6.1709015446847490e-16 6.3354882871942732e-16
10000 10 46 2.3199718342833895e-15 2.6197925939070198e-16 4.8698301980286568e-15 -2.5084654366685835e-15 9.7489690461107364e-15 1.0779356708050668e-15 3.5949010161560227e-15 -1.1232430886389407e-15 9.7489690461107364e-15 1.0779356708050668e-15 5.6462570261409273e-15 -3.8951683549093821e-16
10000 10 47 -1.9907987979399267e-14 -3.4806042131234780e-15 -1.3444223156676238e-14 8.3555743405866729e-15 1.4056809686399803e-15 1.5933186552918265e-14 -1.6676105568037753e-14 2.4374850637315974e-15 1.4056809686399803e-15 1.5933186552918265e-14 -1.0648843389145174e-14 6.9360522267938200e-15
10000 10 48 1.2364526283871811e-14 -3.6517318202772621e-14 3.7510678999014176e-14 -2.7996887813170218e-14 1.7124825024303908e-14 -1.7133325748830382e-14 2.4937602641442992e-14 -3.2257103007971418e-14 1.7124825024303908e-14 -1.7133325748830382e-14 2.2333343435729964e-14 -2.7215843921591070e-14
10000 10 49 -6.7679277027568523e-14 -1.1426675793139796e-14 4.8724983491012276e-14 3.7911607178450214e-14 -1.0919155888001389e-13 -1.1399188577190763e-13 -9.4771467682781237e-15 1.3242465692655210e-14 -1.0919155888001389e-13 -1.1399188577190763e-13 -4.2715284138856707e-14 -2.9168984795532400e-14
10000 10 50 -1.5650469948219180e-13 2.2895269146780946e-14 -3.9506086706164135e-13 -2.8160310973130524e-14 -4.4024208238161990e-14 -2.8476169123666316e-13 -2.7578278327191659e-13 -2.6325209131747891e-15 -4.4024208238161990e-14 -2.8476169123666316e-13 -1.9852992492733172e-13 -9.6675577687670908e-14
10000 10 51 3.9194905343005978e-13 -6.0632185697623070e-13 6.2419122574966554e-14 -4.4983522382546058e-13 4.6889501142609288e-13 1.0461156973292433e-13 2.2718408800251317e-13 -5.2807854040084564e-13 4.6889501142609288e-13 1.0461156973292433e-13 3.0775439581037300e-13 -3.1718183702292229e-13
10000 10 52 -5.7922025606471414e-13 -1.2322773864379609e-12 8.4974775347587524e-13 1.9068498447203218e-12 6.0420738327396597e-13 -9.2740065590266779e-13 1.3526374870558055e-13 3.3728622914118049e-13 6.0420738327396597e-13 -9.2740065590266779e-13 2.9157829356170900e-13 -8.4276065873435595e-14
10000 10 53 -4.6792512178523678e-13 1.3961193351431079e-12 -2.1868471975938921e-12 -5.1478249583770479e-13 -6.0227514347426346e-13 3.2924789754941753e-12 -1.3273861596895645e-12 4.4066841965270156e-13 -6.0227514347426346e-13 3.2924789754941753e-12 -1.0856824876177974e-12 1.3912719382665261e-12
10000 10 54 -4.3509097666305687e-12 -8.5704577750750805e-12 1.9772507098145911e-12 8.9113265970871919e-13 1.5054679330325161e-11 4.8064336384371591e-12 -1.1868295284079888e-12 -3.8396625576831804e-12 1.5054679330325161e-11 4.8064336384371591e-12 4.2270067578363944e-12 -9.5763049230973387e-13
10000 10 55 2.2282335582716362e-12 -1.0125032813472381e-11 -2.7420954732412923e-11 -1.8482570461917711e-11 -9.0379609943919781e-12 1.1788350888845201e-11 -1.2596360587070643e-11 -1.4303801637695046e-11 -9.0379609943919781e-12 1.1788350888845201e-11 -1.1410227389511089e-11 -5.6064174621816300e-12
10000 10 56 -1.7127554371508879e-11 6.9952076014077617e-11 -1.6581029767815991e-11 2.5059447219375807e-11 -5.3135783868687578e-11 8.2211918951382339e-11 -1.6854292069662435e-11 4.7505761616726712e-11 -5.3135783868687578e-11 8.2211918951382339e-11 -2.8948122669337484e-11 5.9074480728278592e-11
10000 10 57 -8.4634089329621947e-11 5.5291797430180461e-11 -2.5366544216855693e-10 1.0538210733421551e-10 -5.1357048207618378e-11 -8.8459324933079255e-11 -1.6914976574908943e-10 8.0336952382197990e-11 -5.1357048207618378e-11 -8.8459324933079255e-11 -1.2988552656859906e-10 2.4071526610438906e-11
10000 10 58 3.8914057230551172e-10 1.9230530685239830e-10 3.2998333178338980e-10 -6.2581611475798792e-10 1.7432682656586247e-10 -4.4342112551853719e-10 3.5956195204445076e-10 -2.1675540395279481e-10 1.7432682656586247e-10 -4.4342112551853719e-10 2.9781691021825465e-10 -2.9231064447470896e-10
10000 10 59 1.0316192930272068e-10 -4.0776227651499266e-10 2.5344449015734195e-10 4.4831015096579724e-10 5.8853379104030107e-10 6.1028713081225228e-11 1.7830320973003133e-10 2.0273937225402286e-11 5.8853379104030107e-10 6.1028713081225228e-11 3.1504673683345461e-10 3.3858862510676600e-11
10000 10 60 -2.0666438612311475e-09 -1.4561028534612079e-09 -6.9565139702531180e-10 -3.1053996486955150e-09 8.9999089618439305e-10 2.0766703988231331e-10 -1.3811476291282297e-09 -2.2807512510783614e-09 8.9999089618439305e-10 2.0766703988231331e-10 -6.2076812069068880e-10 -1.4512784874248030e-09
10000 10 61 -3.0172113358942017e-09 -1.9513293692379690e-09 -2.1216352384409602e-09 2.7076764967033054e-10 3.7416662306158859e-10 -1.4450234993478532e-09 -2.5694232871675809e-09 -8.4028085978381927e-10 3.7416662306158859e-10 -1.4450234993478532e-09 -1.5882266504245244e-09 -1.0418617396384971e-09
10000 10 62 1.6283305461629061e-09 1.4154713805800933e-10 -2.8630649847132091e-09 -2.0595159002669052e-08 -7.6256789938234723e-09 2.3604584506560227e-09 -6.1736721927515149e-10 -1.0226805932305521e-08 -7.6256789938234723e-09 2.3604584506560227e-09 -2.9534711441245916e-09 -6.0310511379850065e-09
10000 10 63 -1.0612395295118562e-08 -2.9656878714599226e-08 4.4737335925251133e-09 -5.3280756694166222e-09 -4.3769304494946059e-10 -1.7112892545462690e-09 -3.0693308512967244e-09 -1.7492477192007925e-08 -4.3769304494946059e-10 -1.7112892545462690e-09 -2.1921182491809695e-09 -1.2232081212854039e-08
10000 10 64 2.0711060961222806e-09 1.6879229321587141e-08 -1.3710406581581929e-09 4.4519051116520277e-08 -6.2296590728172923e-09 4.0085181146481020e-08 3.5003271898204383e-10 3.0699140219053712e-08 -6.2296590728172923e-09 4.0085181146481020e-08 -1.8431978782844014e-09 3.3827820528196146e-08
10000 10 65 -5.6808900967697698e-09 -7.4264292280160508e-09 5.3961532906809320e-09 -1.4386975643685890e-08 1.6082516419015064e-07 -2.6992466199725910e-07 -1.4236840304441891e-10 -1.0906702435850971e-08 1.6082516419015064e-07 -2.6992466199725910e-07 5.3513475794687264e-08 -9.7246022289653686e-08
10000 10 66 4.0933713991337377e-07 -9.2479401575367964e-08 4.4040494022929158e-07 -4.1953747382902365e-07 3.4270725359826812e-07 -5.9094428678035743e-07 4.2487104007133270e-07 -2.5600843770219579e-07 3.4270725359826812e-07 -5.9094428678035743e-07 3.9748311124697781e-07 -3.6765372072824969e-07
10000 10 67 -4.7816501925697969e-08 -6.4780599523064305e-07 -8.8588430984665157e-07 -8.6639831069873366e-07 1.3355493192224940e-06 9.7225728871538900e-09 -4.6685040588617478e-07 -7.5710215296468836e-07 1.3355493192224940e-06 9.7225728871538900e-09 1.3394950248338148e-07 -5.0149391101407422e-07
10000 10 68 1.1903036208976600e-06 4.0286298713881248e-07 3.5737922849220766e-07 2.3687164509959359e-06 3.4486182974622903e-06 1.5631802511463086e-06 7.7384142469493381e-07 1.3857897190673743e-06 3.4486182974622903e-06 1.5631802511463086e-06 1.6654337156173860e-06 1.4449198964270191e-06
10000 10 69 3.1331529956387571e-07 1.1825496995440667e-06 3.6713591868466849e-06 7.3799663341235124e-06 7.2174529157599549e-06 5.1589081868068875e-06 1.9923372432052802e-06 4.2812580168337897e-06 7.2174529157599549e-06 5.1589081868068875e-06 3.7340424673901715e-06 4.5738080734914884e-06
10000 10 70 -4.5501540039453965e-06 1.7775871667346867e-07 -8.6529378183030950e-06 -1.0993719553841803e-06 8.4938715486055936e-06 -1.1756855203745765e-05 -6.6015459111242458e-06 -4.6080661935535581e-07 8.4938715486055936e-06 -1.1756855203745765e-05 -1.5697400912142992e-06 -4.2261561474854919e-06
10000 10 71 -2.4529066067847983e-06 -8.6382015211240518e-06 9.6152494953132289e-06 5.0623487656868382e-06 1.4786188803351070e-05 2.2912721084872324e-06 3.5811714442642153e-06 -1.7879263777186068e-06 1.4786188803351070e-05 2.2912721084872324e-06 7.3161772306264996e-06 -4.2819354898332704e-07
